entity,reference,name,dataset,period-start-date,period-end-date,local-planning-authorities,mineral-planning-authorities,waste-planning-authorities,local-plan-process,documentation-url,document-url,entry-date,start-date,end-date,notes
4220152,LP-SHA-2019,Plymouth and South West Devon Joint Local Plan,local-plan,,2034,local-authority:SHA,,,adopted,https://www.southhams.gov.uk/your-council/council-plans-policies-and-reports/policies/planning-policies/plymouth-and-south-west,https://www.southhams.gov.uk/sites/default/files/2023-05/Plymouth%20and%20South%20West%20Devon%20Joint%20Local%20Plan%20%28March%202019%29.pdf,2025-12-03,,,
4220153,LP-WOX-2018,West Oxfordshire Local Plan 2031,local-plan,2011,2031,local-authority:WOX,,,adopted,https://www.westoxon.gov.uk/planning-and-building/planning-policy/local-plan-2031/,https://www.westoxon.gov.uk/media/feyjmpen/local-plan.pdf,2025-12-03,,,
4220154,LP-WOX-2025,West Oxfordshire Local Plan 2043,local-plan,,2043,local-authority:WOX,,,regulation-18,https://www.westoxon.gov.uk/planning-and-building/planning-policy/local-plan-2043/,https://www.westoxon.gov.uk/media/bhffgzji/local-plan-preferred-options-consultation-october-2025.pdf,2025-12-03,,,
4220155,LP-WAW-2017,Warwick District Local Plan 2011-2029,local-plan,2011,2029,local-authority:WAW,,,adopted,https://www.warwickdc.gov.uk/info/20410/local_plan,https://www.warwickdc.gov.uk/download/downloads/id/4623/new_local_plan.pdf,2025-12-03,,,
4220156,LP-RIC-2024,Richmond upon Thames Local Plan,local-plan,,,local-authority:RIC,,,adopted,https://www.richmond.gov.uk/services/planning/planning_policy/local_plan,,2025-12-03,,,
4220157,LP-NNO-2025,North Norfolk Local Plan,local-plan,,2040,local-authority:NNO,,,examination,https://www.north-norfolk.gov.uk/localplan,https://www.north-norfolk.gov.uk/media/9377/north-norfolk-local-plan-proposed-submission-version-publication-stage-regulation-19-january-2022.pdf,2025-12-03,,,
4220158,LP-NNO-2019,First Draft Local Plan,local-plan,,,local-authority:NNO,,,regulation-18,https://www.north-norfolk.gov.uk/tasks/planning-policy/local-plan-consultation-frequently-asked-questions/,https://www.north-norfolk.gov.uk/media/5033/first-draft-local-plan-may-2019.pdf,2025-12-03,,,
4220159,LP-TUN-2024,New Borough Local Plan,local-plan,,,local-authority:TUN,,,examination,https://www.tunbridgewells.gov.uk/planning/planning-policy/local-plan,,2025-12-03,,,
4220160,,,local-plan,,,local-authority:MAV,,,,,,2025-12-03,,,
4220161,LP-CHS-2025,New Local Plan 2025,local-plan,,,local-authority:CHS,,,regulation-18,https://www.chesterfield.gov.uk/newlocalplan,https://www.chesterfield.gov.uk/media/egxnzkql/local-plan-consultation-pdf-version.pdf,2025-12-03,,,
4220162,LP-KIR-2019,Kirklees Local Plan,local-plan,,,local-authority:KIR,,,adopted,https://www.kirklees.gov.uk/localplan,https://www.kirklees.gov.uk/beta/planning-policy/pdf/local-plan-strategy-and-policies.pdf,2025-12-03,,,
4220163,NDP-KIR-2021,Holme Valley Neighbourhood Development Plan,local-plan,2021,2031,local-authority:KIR,,,adopted,https://www.kirklees.gov.uk/localplan,https://www.kirklees.gov.uk/beta/planning-policy/pdf/holme-valley-NDP-made-plan.pdf,2025-12-03,,,
4220164,LP-KIR-2024,Emerging Kirklees Local Plan,local-plan,2024,2043,local-authority:KIR,,,regulation-18,https://www.kirklees.gov.uk/beta/planning-policy/emerging-kirklees-local-plan.aspx,,2025-12-03,,,
4220165,LP-CAB-2018,Cambridge Local Plan 2018,local-plan,2018,2031,local-authority:CAB,,,adopted,https://www.cambridge.gov.uk/local-plan-2018,https://www.cambridge.gov.uk/media/6890/local-plan-2018.pdf,2025-12-03,,,
4220166,LP-CAB-2025,Greater Cambridge Local Plan,local-plan,2024,2045,local-authority:CAB,,,draft,https://www.greatercambridgeplanning.org/emerging-plans-and-guidance/greater-cambridge-local-plan/,,2025-12-03,,,
4220167,LP-CAB-2006,Cambridge Local Plan 2006,local-plan,,,local-authority:CAB,,,adopted,https://www.cambridge.gov.uk/planning-policy-publications,https://www.cambridge.gov.uk/media/5752/ccc-local-plan-2006-inspectors-report.pdf,2025-12-03,,,
4220168,LP-BRD-2017,Core Strategy DPD,local-plan,,,local-authority:BRD,,,adopted,https://www.bradford.gov.uk/planning-and-building-control/planning-policy/core-strategy-dpd/,,2025-12-03,,,
4220169,LP-BRD-2005,Replacement Unitary Development Plan (RUDP) for the Bradford District,local-plan,,,local-authority:BRD,,,adopted,https://www.bradford.gov.uk/planning-and-building-control/planning-policy/replacement-unitary-development-plan/,,2025-12-03,,,
4220170,LP-BRD-2021,Draft Bradford District Local Plan - Preferred Options (Regulation 18),local-plan,,,local-authority:BRD,,,regulation-18,https://www.bradford.gov.uk/planning-and-building-control/planning-policy/bradford-district-local-plan/?Folder=Reg18,,2025-12-03,,,
4220171,LP-BRD-WM,Waste Management DPD,local-plan,,,local-authority:BRD,,,adopted,https://www.bradford.gov.uk/planning-and-building-control/planning-policy/adopted-local-plan/,,2025-12-03,,,
4220172,LP-BRD-SA,Allocations DPD,local-plan,,,local-authority:BRD,,,draft,https://www.bradford.gov.uk/planning-and-building-control/planning-policy/emerging-local-plan/,,2025-12-03,,,
4220173,LP-BRD-SCI-2025,Statement of Community Involvement 2025,local-plan,,,local-authority:BRD,,,consultation,https://bradford.oc2.uk/,,2025-12-03,,,
4220174,NP-BRD-BINGLEY,Bingley Neighbourhood Development Plan,local-plan,,,local-authority:BRD,,,consultation,https://bradford.oc2.uk/,,2025-12-03,,,
4220175,LP-MOL-2024,Mole Valley Local Plan 2020-2039,local-plan,2020,2039,local-authority:MOL,,,adopted,https://www.molevalley.gov.uk/local-plan,,2025-12-03,,,
4220176,LP-HRW-2012,Harrow Local Plan Core Strategy,local-plan,,2026,local-authority:HRW,,,adopted,https://www.harrow.gov.uk/localplan,http://www.harrow.gov.uk/downloads/file/26426/local-plan-core-strategy.pdf,2025-12-03,,,
4220177,LP-HRW-2013-DMP,Development Management Policies Local Plan,local-plan,,,local-authority:HRW,,,adopted,https://www.harrow.gov.uk/localplan,http://www.harrow.gov.uk/downloads/file/23258/local-plan-development-management-policies.pdf,2025-12-03,,,
4220178,LP-HRW-2013-SA,Site Allocations Local Plan,local-plan,,,local-authority:HRW,,,adopted,https://www.harrow.gov.uk/localplan,http://www.harrow.gov.uk/downloads/file/23269/local-plan-site-allocations.pdf,2025-12-03,,,
4220179,LP-HRW-2013-AAP,Harrow and Wealdstone Area Action Plan,local-plan,,,local-authority:HRW,,,adopted,https://www.harrow.gov.uk/localplan,http://www.harrow.gov.uk/downloads/file/23239/harrow-wealdstone-area-action-plan.pdf,2025-12-03,,,
4220180,LP-TES-2016,Test Valley Borough Revised Local Plan 2011-2029,local-plan,2011,2029,local-authority:TES,,,adopted,https://testvalley.gov.uk/planning-services/planningpolicy/local-development-framework/dpd,https://testvalley.gov.uk/assets/attach/2446/Adopted-Local-Plan-2011-2029.pdf,2025-12-03,,,
4220181,LP-WDE-2019,Plymouth and South West Devon Joint Local Plan,local-plan,,2034,local-authority:WDE,,,adopted,https://www.westdevon.gov.uk/your-council/council-plans-policies-and-reports/policies/planning-policies/plymouth-and-south-west,https://www.westdevon.gov.uk/sites/default/files/2023-07/Plymouth%20and%20South%20West%20Devon%20Joint%20Local%20Plan%20%28March%202019%29.pdf,2025-12-03,,,
4220182,LP-BAS-2023,"Local Plan (Core Strategy, Placemaking Plan and Local Plan Partial Update)",local-plan,,,local-authority:BAS,,,adopted,https://www.bathnes.gov.uk/local-plan,,2025-12-03,,,
4220183,LP-BAS-2027,Emerging Local Plan 2022-2042,local-plan,2022,2042,local-authority:BAS,,,regulation-18,https://www.bathnes.gov.uk/emerging-local-plan,,2025-12-03,,,
4220184,LP-MRT-2024,Merton Local Plan,local-plan,,,local-authority:MRT,,,adopted,https://www.merton.gov.uk/newlocalplan,,2025-12-03,,,
4220185,LP-MRT-2018,Merton Estates Local Plan,local-plan,,,local-authority:MRT,,,adopted,https://www.merton.gov.uk/planning-and-buildings/planning/local-estates-plan,,2025-12-03,,,
4220186,LP-MRT-2011,Merton Core Planning Strategy,local-plan,2011,2026,local-authority:MRT,,,adopted,https://www.merton.gov.uk/local-plan,https://www.merton.gov.uk/assets/Documents/0328_merton_core_strategy_adopted.pdf,2025-12-03,,,
4220187,LP-MRT-2022-WASTE,South London Waste Plan,local-plan,2022,2037,local-authority:MRT,,,adopted,https://www.merton.gov.uk/local-plan,https://www.merton.gov.uk/system/files/Adopted%20South%20London%20Waste%20Plan%202022-2037.pdf,2025-12-03,,,
4220188,LP-MRT-2012-WASTE,South London Waste Plan 2012-2022,local-plan,2012,2022,local-authority:MRT,,,adopted,https://www.merton.gov.uk/local-plan,https://www.merton.gov.uk/assets/Documents/0328%20south_london_waste_plan_adopted.pdf,2025-12-03,,,
4220189,LP-SST-2013,Adopted South Staffordshire Local Plan,local-plan,,,local-authority:SST,,,adopted,https://www.sstaffs.gov.uk/planning/planning-policy/adopted-south-staffordshire-local-plan,,2025-12-03,,,
4220190,LP-SST-2024,South Staffordshire Local Plan Review,local-plan,,,local-authority:SST,,,submitted,https://www.sstaffs.gov.uk/planning/planning-policy-and-local-plans/local-plan-review,,2025-12-03,,,
4220191,LP-RUH-2019,Rushmoor Local Plan,local-plan,,2032,local-authority:RUH,,,adopted,https://www.rushmoor.gov.uk/planning-and-building-control/planning-policies/the-rushmoor-local-plan/,https://www.rushmoor.gov.uk/media/uwbafz5t/final_rushmoor_local_plan_web_version.pdf,2025-12-03,,,
4220192,LP-RUH-2011,Rushmoor Core Strategy,local-plan,,,local-authority:RUH,,,adopted,https://www.rushmoor.gov.uk/planning-and-building-control/planning-policies/former-local-plans-and-policies/,https://www.rushmoor.gov.uk/media/jrzm4u0b/core_strategy_on-line.pdf,2025-12-03,,,
4220193,LP-RUH-2000,Local Plan Review 1996-2011,local-plan,1996,2011,local-authority:RUH,,,adopted,https://www.rushmoor.gov.uk/planning-and-building-control/planning-policies/former-local-plans-and-policies/,https://www.rushmoor.gov.uk/media/es5fdhi4/consolidated_lpr_-with_adoption_of_cs.pdf,2025-12-03,,,
4220194,LP-NBL-2016,Northumberland Local Plan 2016-2036,local-plan,2016,2036,local-authority:NBL,,,adopted,https://www.northumberland.gov.uk/planning-and-building/planning-policy,,2025-12-03,,,
4220195,LP-IPS-2025,New Ipswich Local Plan,local-plan,2025,2044,local-authority:IPS,,,draft,https://www.ipswich.gov.uk/planning-and-building-control/planning-policy/new-ipswich-local-plan,,2025-12-03,,,
4220196,LP-IPS-2022,Ipswich Local Plan 2018-2036,local-plan,2018,2036,local-authority:IPS,,,adopted,https://www.ipswich.gov.uk/planning-and-building-control/planning-policy/ipswich-local-plan/adopted-ipswich-local-plan-2018,,2025-12-03,,,
4220197,LP-ADU-2017,Adur Local Plan 2017,local-plan,,2032,local-authority:WOT,,,adopted,https://www.adur-worthing.gov.uk/adur-local-plan,"https://www.adur-worthing.gov.uk/media/Media,159572,smxx.pdf",2025-12-03,,,
4220198,LP-CRY-2018,Croydon Local Plan 2018,local-plan,,,local-authority:CRY,,,adopted,https://www.croydon.gov.uk/planning-and-regeneration/planning-policy/croydons-development-plan/local-plan-2018,https://www.croydon.gov.uk/sites/default/files/Planning/Regeneration/Croydon_Local_Plan_2018.pdf,2025-12-03,,,
4220199,LP-CRY-2012,South London Waste Development Plan,local-plan,,,local-authority:CRY,,,adopted,https://www.croydon.gov.uk/planning-and-regeneration/planning-policy/croydons-development-plan/local-plan-2018,https://www.croydon.gov.uk/sites/default/files/Planning/Adopted_SLWP_2012.pdf,2025-12-03,,,
4220200,LP-SOS-2015,Southend-on-Sea Adopted Local Plan,local-plan,,,local-authority:SOS,,,adopted,https://planningpolicy.southend.gov.uk/adopted-plans,,2025-12-03,,,
4220201,LP-SOS-2024,Southend New Local Plan,local-plan,,,local-authority:SOS,,,regulation-18,https://localplan.southend.gov.uk,,2025-12-03,,,
4220202,LP-DOV-2024,Dover District Local Plan to 2040,local-plan,,2040,local-authority:DOV,,,adopted,https://www.doverdistrictlocalplan.co.uk/about,https://www.doverdistrictlocalplan.co.uk/uploads/Adopted-Local-Plan-Documents/V2-Dover-District-Local-Plan-to-2040-Low-Resolution-for-viewing-7.68-MB.pdf,2025-12-03,,,
4220203,NP-DOV-ASH-2021,Ash Neighbourhood Plan,local-plan,,,local-authority:DOV,,,adopted,https://www.dover.gov.uk/Planning/Planning-Policy/Neighbourhood-Planning/Ash-Neighbourhood-Plan-Consultation.aspx,https://www.dover.gov.uk/Planning/Planning-Policy/PDF/Ash-NDP-Plan-Final-Sept-2021.pdf,2025-12-03,,,
4220204,,,local-plan,,,local-authority:WIL,,,,,,2025-12-03,,,
4220205,LP-CAN-2025,Cannock Chase Local Plan 2018-2040,local-plan,2018,2040,local-authority:CAN,,,examination,https://www.cannockchasedc.gov.uk/residents/planning-and-building-control/planning-policy/cannock-chase-local-plan,https://www.cannockchasedc.gov.uk/sites/default/files/document-library/Cannock%20Chase%20Local%20Plan%20Pre%20Submission%20Reg%2019.pdf,2025-12-03,,,
4220206,LP-CAN-2014,Cannock Chase Local Plan (Part 1) 2014,local-plan,,,local-authority:CAN,,,adopted,https://www.cannockchasedc.gov.uk/residents/planning-and-building-control/planning-policy/cannock-chase-local-plan,https://www.cannockchasedc.gov.uk/sites/default/files/site-old/local_plan_part_1_09.04.14_low_res.pdf,2025-12-03,,,
4220207,LP-EPS-2025,Epsom and Ewell Local Plan 2022-2040,local-plan,2022,2040,local-authority:EPS,,,examination,https://www.epsom-ewell.gov.uk/local-plan,,2025-12-03,,,
4220208,LP-ISL-2023,Islington Local Plan,local-plan,,,local-authority:ISL,,,adopted,https://www.islington.gov.uk/planning/planning-policy/islington-local-plan,https://www.islington.gov.uk:443/-/media/sharepoint-lists/public-records/planningandbuildingcontrol/publicity/publicconsultation/20232024/islington-council-local-plan-strategic-and-development-management-policies.pdf?la=en&hash=87580E35EA21B2221918960F570CD1CC3CEFFE6B,2025-12-03,,,
4220209,LP-SWL-2017,Adopted Local Plan for Swale,local-plan,,,local-authority:SWL,,,adopted,https://www.swale.gov.uk/planning-and-regeneration/local-plans,,2025-12-03,,,
4220210,LP-SWL-REVIEW,Local Plan Review,local-plan,,,local-authority:SWL,,,draft,https://www.swale.gov.uk/planning-and-regeneration/local-plans,,2025-12-03,,,
4220211,LP-WRL-2025,Wirral Local Plan 2022 to 2040,local-plan,2022,2040,local-authority:WRL,,,adopted,https://www.wirral.gov.uk/newlocalplan,https://www.wirral.gov.uk/files/wirral-local-plan-2022-2040-written-statement.pdf/download?inline,2025-12-03,,,
4220212,LP-ELM-2015,Core Strategy and Development Management Plan,local-plan,,,local-authority:ELM,,,adopted,https://www.elmbridge.gov.uk/planning/planning-policy-and-guidance-0/current-adopted-development-plan,,2025-12-03,,,
4220213,LP-ELM-2024,New Local Plan,local-plan,,,local-authority:ELM,,,draft,https://www.elmbridge.gov.uk/planning/planning-policy-and-guidance-0/new-local-plan,,2025-12-03,,,
4220214,LP-BUC-2025,Local Plan for Buckinghamshire,local-plan,,2045,local-authority:BUC,,,regulation-18,https://www.buckinghamshire.gov.uk/local-plan,https://www.buckinghamshire.gov.uk/documents/38759/Part_A_Spatial_Strategy_Draft_Local_Plan_for_Buckinghamshire__4z9Ug3B.pdf,2025-12-03,,,
4220215,LP-HIN-2022,Hinckley and Bosworth Local Plan 2024-2045,local-plan,2024,2045,local-authority:HIN,,,regulation-19,https://www.hinckley-bosworth.gov.uk/downloads/200398/local_plan_review_2024_to_2045,https://www.hinckley-bosworth.gov.uk/downloads/file/8527/hbbc_regulation_19_local_plan_2025,2025-12-03,,,
4220216,LP-HIN-2018,Strategic Growth Plan,local-plan,,,local-authority:HIN,,,adopted,https://www.hinckley-bosworth.gov.uk/downloads/file/6356/final_adopted_strategic_growth_plan,https://www.hinckley-bosworth.gov.uk/download/downloads/id/6356/final_adopted_strategic_growth_plan.pdf,2025-12-03,,,
4220217,LP-GOS-2014,Gosport Borough Local Plan 2011-2029,local-plan,2011,2029,local-authority:GOS,,,adopted,https://www.gosport.gov.uk/article/1587/Planning-Policy,,2025-12-03,,,
4220218,LP-GOS-2040,Gosport Borough Local Plan 2040,local-plan,,2040,local-authority:GOS,,,draft,https://www.gosport.gov.uk/article/1587/Planning-Policy,,2025-12-03,,,
4220219,LP-COT-2024,Cotswold District Local Plan 2025-2043,local-plan,2025,2043,local-authority:COT,,,regulation-18,https://www.cotswold.gov.uk/localplan,https://www.cotswold.gov.uk/media/gdspmaj4/c2-1-2-draft-policies-with-tracked-changes.pdf,2025-12-03,,,
4220220,LP-COT-2022,Cotswold District Local Plan Partial Update Issues and Options,local-plan,,2041,local-authority:COT,,,regulation-18,https://www.cotswold.gov.uk/localplan,https://www.cotswold.gov.uk/media/vdhfssej/c1-1-1-regulation-18-issues-and-options-consultation-document-feb-2022.pdf,2025-12-03,,,
4220221,,,local-plan,,,national-park-authority:Q4972284,,,,,,2025-12-03,,,
4220222,LP-KWL-2016,Knowsley Local Plan Core Strategy,local-plan,,,local-authority:KWL,,,adopted,https://www.knowsley.gov.uk/planning-and-development/planning-policy/adopted-documents/,https://www.knowsley.gov.uk/sites/default/files/2023-11/knowsley-local-plan-adopted-core-strategy.pdf,2025-12-03,,,
4220223,LP-KWL-2006,Knowsley Replacement Unitary Development Plan,local-plan,,,local-authority:KWL,,,adopted,https://www.knowsley.gov.uk/planning-and-development/planning-policy/adopted-documents/,https://www.knowsley.gov.uk/sites/default/files/2023-11/Knowsley%20UDP%202006.pdf,2025-12-03,,,
4220224,LP-KWL-2013,Merseyside and Halton Joint Waste Local Plan,local-plan,,2027,local-authority:KWL,,,adopted,https://www.knowsley.gov.uk/planning-and-development/planning-policy/adopted-documents/,https://www.knowsley.gov.uk/sites/default/files/2023-11/JointMerseyside-and-HaltonWasteLocalPlan2013.pdf,2025-12-03,,,
4220225,LP-STF-2020,Staffordshire Moorlands Local Plan 2014-2033,local-plan,2014,2033,local-authority:STF,,,adopted,https://www.staffsmoorlands.gov.uk/localplan,https://www.staffsmoorlands.gov.uk/media/6155/Adopted-Local-Plan/pdf/c0Adopted_Local_Plan.pdf?m=1601645140880,2025-12-03,,,
4220226,,,local-plan,,,local-authority:HAL,,,,,,2025-12-03,,,
4220227,LP-NLN-2003,North Lincolnshire Local Plan,local-plan,,,local-authority:NLN,,,adopted,https://www.northlincs.gov.uk/localplan,https://www.northlincs.gov.uk/wp-content/uploads/2024/11/Saved-2003-Local-Plan-Policies-October-2024.pdf,2025-12-03,,,
4220228,LP-DUD-2025,Dudley Local Plan 2041,local-plan,,2041,local-authority:DUD,,,submitted,https://www.dudley.gov.uk/residents/planning/planning-policy/dudley-local-plan/,https://www.dudley.gov.uk/media/h4qnv1ug/dudley-local-plan-summary-document.pdf,2025-12-03,,,
4220229,LP-DUD-2005,Dudley Unitary Development Plan,local-plan,,,local-authority:DUD,,,withdrawn,https://www.dudley.gov.uk/residents/planning/planning-policy/,https://www.dudley.gov.uk/media/10327/udp-revocation-statement-3.pdf,2025-12-03,,,
4220230,LP-KHL-2017,Hull Local Plan 2016 to 2032,local-plan,2016,2032,local-authority:KHL,,,adopted,https://www.hull.gov.uk/downloads/download/15/local-plan,https://www.hull.gov.uk/downloads/file/101/hull-local-plan-2016-to-2032,2025-12-03,,,
4220231,LP-ROC-2025,New Local Plan 2025-2040,local-plan,2025,2040,local-authority:ROC,,,draft,https://www.rochford.gov.uk/new-local-plan,,2025-12-03,,,
4220232,LP-UTT-2005,Uttlesford Local Plan 2005,local-plan,,,local-authority:UTT,,,adopted,https://www.uttlesford.gov.uk/local-plan-2005,,2025-12-03,,,
4220233,LP-UTT-2019,Uttlesford Local Plan 2019 (Draft),local-plan,,,local-authority:UTT,,,withdrawn,https://uttlesford.gov.uk/article/4878/Planning-Policy-and-the-Local-Plan,,2025-12-03,,,
4220234,LP-UTT-2024,New Uttlesford Local Plan,local-plan,,,local-authority:UTT,,,draft,https://www.uttlesford.gov.uk/new-local-plan,,2025-12-03,,,
4220235,LP-SUA-2029,Somerset Local Plan 2045,local-plan,2023,2045,local-authority:SUA,,,regulation-18,https://www.somerset.gov.uk/planning-buildings-and-land/somerset-local-plan/,,2025-12-03,,,
4220236,LNRS-SUA-2026,Somerset's Local Nature Recovery Strategy,local-plan,,,local-authority:SUA,,,draft,https://www.somerset.gov.uk/planning-buildings-and-land/somersets-nature-recovery-strategy-consultation/,,2025-12-03,,,
4220237,MWP-SUA-2019,Minerals Local Plan – Identifying and Mapping the Mendip Hills Ecological Network,local-plan,,,local-authority:SUA,,,adopted,https://www.somerset.gov.uk/planning-buildings-and-land/ecological-networks/,,2025-12-03,,,
4220238,LP-MAN-2020,Manchester Local Plan,local-plan,,,local-authority:MAN,,,regulation-18,https://www.manchester.gov.uk/localplan,,2025-12-03,,,
4220239,LP-IOS-2021,Isles of Scilly Local Plan 2015-2030,local-plan,2015,2030,local-authority:IOS,,,adopted,https://www.scilly.gov.uk/planning/planning-policy/local-plan-2015-2030,https://www.scilly.gov.uk/sites/default/files/planning-apps/Adopted%20Local%20Plan%202015-2030%20Website%20Version_0.pdf,2025-12-03,,,
4220240,LP-WYE-2022,Wyre Forest District Local Plan (2016-2036),local-plan,2016,2036,local-authority:WYE,,,adopted,https://www.wyreforestdc.gov.uk/localplan,,2025-12-03,,,
4220241,LP-EXE-2012,Exeter Core Strategy,local-plan,,2026,local-authority:EXE,,,adopted,https://www.exeter.gov.uk/planning-services/current-policy/current-local-plan/,https://www.exeter.gov.uk/media/1636/adopted-core-strategy.pdf,2025-12-03,,,
4220242,LP-EXE-2005,Exeter Local Plan First Review,local-plan,1995,2011,local-authority:EXE,,,adopted,https://www.exeter.gov.uk/planning-services/current-policy/current-local-plan/,,2025-12-03,,,
4220243,LP-EXE-2025,Exeter Plan,local-plan,2021,2041,local-authority:EXE,,,submitted,https://exeter.gov.uk/planning-services/emerging-planning-policy/exeter-plan-submission-and-examination/,,2025-12-03,,,
4220244,LP-OPDC-2022,OPDC Local Plan,local-plan,,,development-corporation:Q20648596,,,adopted,https://www.london.gov.uk/local-plan,https://www.london.gov.uk/sites/default/files/opdc_local_plan_2022_june_2022_including_appendix_0.pdf,2025-12-03,,,
4220245,LP-STR-2031,Core Strategy,local-plan,,2031,local-authority:STR,,,adopted,https://www.stratford.gov.uk/planning-building/core-strategy.cfm,,2025-12-03,,,
4220246,LP-STR-2022,Site Allocations Plan,local-plan,,,local-authority:STR,,,regulation-18,https://www.stratford.gov.uk/planning-building/site-allocations-plan.cfm,https://www.stratford.gov.uk/doc/211256/name/REVISED%20PREFERRED%20OPTIONS%20SAP%20JUNE%202022%20.pdf,2025-12-03,,,
4220247,LP-STR-2025,South Warwickshire Local Plan,local-plan,,,local-authority:STR,,,regulation-18,https://www.southwarwickshire.org.uk/swlp/preferred-options.cfm,https://www.southwarwickshire.org.uk/doc/213277/name/Preferred%20Options%202025%20WEB.pdf,2025-12-03,,,
4220248,LP-WSK-2024,West Suffolk Local Plan 2024-2041,local-plan,2024,2041,local-authority:WSK,,,draft,https://www.westsuffolk.gov.uk/planning/Planning_Policies/local_plans/,,2025-12-03,,,
4220249,LP-HAA-2025,Building a Better Future Plan,local-plan,,,local-authority:HAA,,,regulation-18,https://www.havant.gov.uk/local-plan,https://www.havant.gov.uk/sites/default/files/2025-05/Draft%20Building%20a%20Better%20Future%20Plan%20Web.pdf,2025-12-03,,,
4220250,LP-HAA-2014,Core Strategy and Allocations Plan,local-plan,2011,2026,local-authority:HAA,,,adopted,https://www.havant.gov.uk/planning-services/planning-policy/local-plan/core-strategy-and-allocations-plan-adopted-local-plan,,2025-12-03,,,
4220251,LP-OXO-2020,Oxford Local Plan 2016-2036,local-plan,2016,2036,local-authority:OXO,,,adopted,https://www.oxford.gov.uk/localplan,https://www.oxford.gov.uk/downloads/file/1825/oxford-local-plan-2036-inspectors-report,2025-12-03,,,
4220252,LP-OXO-2025,Oxford Local Plan 2045,local-plan,2025,2045,local-authority:OXO,,,regulation-18,https://www.oxford.gov.uk/oxford-local-plan-2045,,2025-12-03,,,
4220253,LP-OXO-2024,Oxford Local Plan 2040,local-plan,2025,2040,local-authority:OXO,,,withdrawn,https://www.oxford.gov.uk/local-plan/oxford-local-plan-2040-examination,https://www.oxford.gov.uk/downloads/file/3600/exam-20---inspectors-post-hearings-letter-to-council-september-2024,2025-12-03,,,
4220254,AAP-OXO-2012,Barton Area Action Plan,local-plan,,,local-authority:OXO,,,adopted,https://www.oxford.gov.uk/localplan,,2025-12-03,,,
4220255,AAP-OXO-2015,Northern Gateway Area Action Plan,local-plan,,,local-authority:OXO,,,adopted,https://www.oxford.gov.uk/localplan,,2025-12-03,,,
4220256,SPD-OXO-2013,Community Infrastructure Levy (CIL) Charging Schedule,local-plan,,,local-authority:OXO,,,adopted,https://www.oxford.gov.uk/localplan,https://www.oxford.gov.uk/downloads/file/1566/cil-final-charging-schedule,2025-12-03,,,
4220257,SPD-OXO-WE,Oxford West End Design Guide,local-plan,,,local-authority:OXO,,,adopted,https://www.oxford.gov.uk/localplan,https://www.oxford.gov.uk/downloads/file/1598/oxford-west-end-design-guide,2025-12-03,,,
4220258,LP-EST-2015,East Staffordshire Local Plan 2012-2031,local-plan,2012,2031,local-authority:EST,,,adopted,https://www.eaststaffsbc.gov.uk/planning/planning-policy/local-plan-2012-2031,,2025-12-03,,,
4220259,LP-EST-2006,East Staffordshire Local Plan 2006-2011,local-plan,2006,2011,local-authority:EST,,,withdrawn,https://www.eaststaffsbc.gov.uk/adopted-local-plan,https://www.eaststaffsbc.gov.uk/sites/default/files/docs/planning/planningpolicy/localplan2006/AdoptedLocalPlan2006-2011.pdf,2025-12-03,,,
4220260,LP-WNUA-2024,West Northamptonshire Local Plan 2043,local-plan,,2043,local-authority:WNUA,,,regulation-18,https://www.westnorthants.gov.uk/planning-policy/new-local-plan-west-northamptonshire,,2025-12-03,,,
4220261,LP-WNUA-2020-SOUTH,South Northamptonshire Local Plan Part 2 2011-2029,local-plan,2011,2029,local-authority:WNUA,,,adopted,https://www.westnorthants.gov.uk/planning-policy/south-northamptonshire-local-plan-part-2,,2025-12-03,,,
4220262,LP-WNUA-2023-NORTH,Northampton Local Plan Part 2 2011-2029,local-plan,2011,2029,local-authority:WNUA,,,adopted,https://www.westnorthants.gov.uk/planning-policy/northampton-local-plan-part-2,,2025-12-03,,,
4220263,LP-WNUA-2020-DAVENTRY,Settlements and Countryside (Part 2) Local Plan 2011-2029,local-plan,2011,2029,local-authority:WNUA,,,adopted,https://www.westnorthants.gov.uk/planning-policy/daventry-local-plan-part-2,,2025-12-03,,,
4220264,CS-WNUA-2014,West Northamptonshire Joint Core Strategy,local-plan,,,local-authority:WNUA,,,adopted,https://www.westnorthants.gov.uk/west-northamptonshire-joint-core-strategy,,2025-12-03,,,
4220265,LP-WRT-2023,Warrington Local Plan 2021/22 – 2038/39,local-plan,2021,2038,local-authority:WRT,,,adopted,https://www.warrington.gov.uk/localplan,https://www.warrington.gov.uk/sites/default/files/2023-12/Warrington%20local%20plan%20-%202021-22%20-%202038-39%20-%20Adopted%20December%202023.pdf,2025-12-03,,,
4220266,LP-WRT-2014,Warrington Local Plan Core Strategy 2014,local-plan,,,local-authority:WRT,,,adopted,https://www.warrington.gov.uk/localplan,,2025-12-03,,,
4220267,LP-MDE-2020,Mid Devon Local Plan Review 2013-2033,local-plan,2013,2033,local-authority:MDE,,,adopted,https://www.middevon.gov.uk/residents/planning-policy/adopted-local-plan-and-policies-maps/,https://www.middevon.gov.uk/media/354365/local-plan-review-2013-2033-adopted-11112022-accessible.pdf,2025-12-03,,,
4220268,LP-MDE-2023,Non-Statutory Interim Planning Policy Statement: Climate Emergency,local-plan,,,local-authority:MDE,,,adopted,https://www.middevon.gov.uk/residents/planning-policy/interim-climate-change-statement/,https://www.middevon.gov.uk/media/354982/non_statutory_interim_pp_statement_climate_emergency_accessible.pdf,2025-12-03,,,
4220269,LP-MSS-2017,Mid Sussex District Plan 2014-2031,local-plan,2014,2031,local-authority:MSS,,,adopted,https://www.midsussex.gov.uk/planning-building/planning-policy/,,2025-12-03,,,
4220270,LP-MSS-2021,District Plan Review 2021-2039,local-plan,2021,2039,local-authority:MSS,,,regulation-18,https://www.midsussex.gov.uk/planning-building/planning-policy/,,2025-12-03,,,
4220271,LP-MSS-2022,Site Allocations Development Plan Document,local-plan,,2031,local-authority:MSS,,,adopted,https://www.midsussex.gov.uk/planning-building/development-plan-documents/,,2025-12-03,,,
4220272,LP-MSS-2008,Small Scale Housing Allocations Development Plan Document,local-plan,,,local-authority:MSS,,,adopted,https://www.midsussex.gov.uk/planning-building/development-plan-documents/,,2025-12-03,,,
4220273,LP-MSS-2004,Mid Sussex Local Plan 2004,local-plan,,,local-authority:MSS,,,adopted,https://www.midsussex.gov.uk/planning-building/local-plan-2004/,,2025-12-03,,,
4220274,LP-ARU-2018,Arun Local Plan 2011-2031,local-plan,2011,2031,local-authority:ARU,,,adopted,https://www.arun.gov.uk/adopted-local-plan,https://www.arun.gov.uk/download.cfm?doc=docm93jijm4n12844.pdf&ver=12984,2025-12-03,,,
4220275,LP-WSX-2014,West Sussex Waste Local Plan,local-plan,2014,2031,local-authority:WSX,,,adopted,https://www.westsussex.gov.uk/about-the-council/policies-and-reports/environment-planning-and-waste-policy-and-reports/minerals-and-waste-policy/waste-local-plan/,,2025-12-03,,,
4220276,LP-WSX-2018,West Sussex Joint Minerals Local Plan,local-plan,2018,2033,local-authority:WSX,,,adopted,https://www.westsussex.gov.uk/about-the-council/policies-and-reports/environment-planning-and-waste-policy-and-reports/minerals-and-waste-policy/joint-minerals-local-plan/,https://www.westsussex.gov.uk/media/11736/mlp_adoption.pdf,2025-12-03,,,
4220277,LP-BRE-2023,Breckland Local Plan,local-plan,,,local-authority:BRE,,,adopted,https://www.breckland.gov.uk/local-plan,https://www.breckland.gov.uk/media/16659/Adopted-Breckland-Local-Plan/pdf/Appendix_4_-_Breckland_District_Council_Local_Plan.pdf?m=1704795365193,2025-12-03,,,
4220278,LP-BRE-2012,Site Specific Policies and Proposals DPD,local-plan,,2026,local-authority:BRE,,,adopted,https://www.breckland.gov.uk/local-plan/site-specific-policies,,2025-12-03,,,
4220279,LP-RDG-2019,Reading Borough Local Plan 2019-2036,local-plan,2019,2036,local-authority:RDG,,,adopted,https://www.reading.gov.uk/planning-and-building-control/planning-policy/local-plan/,https://images.reading.gov.uk/2019/12/Local_Plan_Adopted_November_2019.pdf,2025-12-03,,,
4220280,LP-COL-2022,Colchester Local Plan 2017-2033,local-plan,2017,2033,local-authority:COL,,,adopted,https://www.colchester.gov.uk/local-plan,,2025-12-03,,,
4220281,LP-COL-2025,Tendring Colchester Borders Garden Community Development Plan Document,local-plan,,,local-authority:COL,,,adopted,https://www.colchester.gov.uk/local-plan/tendring-colchester-borders/,https://legacy.tendringdc.gov.uk/sites/default/files/documents/planning/Planning_Policy/Garden_Community/Development%20Plan%20Document%20%28DPD%29.pdf,2025-12-03,,,
4220282,LP-COL-2025-REV,Colchester Local Plan Review,local-plan,,,local-authority:COL,,,regulation-18,https://www.colchester.gov.uk/newlocalplan,,2025-12-03,,,
4220283,LP-BUN-2023,Burnley Local Plan,local-plan,,,local-authority:BUN,,,adopted,https://www.burnley.gov.uk/planning,,2025-12-03,,,
4220284,LP-CHR-2015,Cherwell Local Plan 2011-2031 (Part 1),local-plan,2011,2031,local-authority:CHR,,,adopted,https://www.cherwell-dc.gov.uk/downloads/download/45/adopted-cherwell-local-plan-2011-2031-part-1-incorporating-policy-bicester-13-re-adopted-on-19-december-2016,https://www.cherwell.gov.uk/download/downloads/id/8144/final-adopted-local-plan-2011-2031-incorporating-re-adopted-policy-bicester-13.pdf,2025-12-03,,,
4220285,LP-CHR-2020,Cherwell Local Plan 2011-2031 (Part 1) Partial Review - Oxford's Unmet Housing Need,local-plan,2011,2031,local-authority:CHR,,,adopted,https://www.cherwell.gov.uk/downloads/83/local-plans,https://www.cherwell.gov.uk/download/downloads/id/115/adopted-cherwell-local-plan-2011-2031-part-1-partial-review-web-reduced.pdf,2025-12-03,,,
4220286,LP-CHR-2040,Cherwell Local Plan Review 2040,local-plan,2020,2040,local-authority:CHR,,,regulation-18,https://www.cherwell.gov.uk/downloads/83/local-plans,https://www.cherwell.gov.uk/download/downloads/id/9677/cherwell-local-plan-review-2040-final-web.pdf,2025-12-03,,,
4220287,LP-CHR-1996,Cherwell Local Plan 1996,local-plan,,,local-authority:CHR,,,adopted,https://www.cherwell.gov.uk/downloads/83/local-plans,https://www.cherwell.gov.uk/download/downloads/id/3794/adopted-local-plan-1996-excluding-plans.pdf,2025-12-03,,,
4220288,LP-WEW-2023,Welwyn Hatfield Local Plan 2016-2036,local-plan,2016,2036,local-authority:WEW,,,adopted,https://www.welhat.gov.uk/developmentplan,https://www.welhat.gov.uk/downloads/file/876/welwyn-hatfield-local-plan-2016-2036,2025-12-03,,,
4220289,LP-WGN-2013,Wigan Local Plan Core Strategy,local-plan,,2026,local-authority:WGN,,,adopted,https://www.wigan.gov.uk/Council/Strategies-Plans-and-Policies/Planning/Local-plan/CoreStrategy.aspx,https://www.wigan.gov.uk/Docs/PDF/Council/Strategies-Plans-and-Policies/Planning/Adopted-Core-Strategy.pdf,2025-12-03,,,
4220290,LP-WGN-2006,Wigan Unitary Development Plan,local-plan,,,local-authority:WGN,,,adopted,https://www.wigan.gov.uk/Council/Strategies-Plans-and-Policies/Planning/Local-plan/ReplacementWiganUDP.aspx,https://www.wigan.gov.uk/Docs/PDF/Council/Strategies-Plans-and-Policies/Planning/Latest-Remaining-Policies-UDP-April-2006.pdf,2025-12-03,,,
4220291,LP-WGN-WASTE-2012,Greater Manchester Joint Waste Plan,local-plan,,2027,local-authority:WGN,,,adopted,https://www.wigan.gov.uk/Council/Strategies-Plans-and-Policies/Planning/Local-plan/JointWastePlan.aspx,https://www.greatermanchester-ca.gov.uk/media/1994/greater_manchester_waste_plan_opt.pdf,2025-12-03,,,
4220292,LP-WGN-MINERALS-2013,Greater Manchester Joint Minerals Plan,local-plan,,,local-authority:WGN,,,adopted,https://www.wigan.gov.uk/Council/Strategies-Plans-and-Policies/Planning/Local-plan/GM-Joint-Minerals-Development-Plan.aspx,https://www.greatermanchester-ca.gov.uk/media/1995/the_minerals_plan_april_2013_final.pdf,2025-12-03,,,
4220293,LP-ASF-2019,Ashford Local Plan 2030,local-plan,,2030,local-authority:ASF,,,adopted,https://www.ashford.gov.uk/local-plan,https://www.ashford.gov.uk/media/jw3nbvq1/adopted-ashford-local-plan-2030.pdf,2025-12-03,,,
4220294,LP-ASF-2013,Chilmington Green Area Action Plan,local-plan,,,local-authority:ASF,,,adopted,https://www.ashford.gov.uk/planning-and-development/our-planning-policies/current-local-plans/chilmington-green-area-action-plan/,https://www.ashford.gov.uk/media/4h5oxnxg/chilmington-green-area-action-plan.pdf,2025-12-03,,,
4220295,LP-ASF-2008,Core Strategy,local-plan,,,local-authority:ASF,,,adopted,https://www.ashford.gov.uk/planning-and-development/our-planning-policies/current-local-plans/chilmington-green-area-action-plan/,https://www.ashford.gov.uk/media/jynn2k0p/adopted_core_strategy.pdf,2025-12-03,,,
4220296,LP-ASF-2025,Emerging Local Plan and Design Code,local-plan,,,local-authority:ASF,,,regulation-18,https://www.ashford.gov.uk/planning-and-development/our-planning-policies/emerging-local-plan-and-design-code/,,2025-12-03,,,
4220297,LP-HAT-2032,Hart Local Plan (Strategy and Sites) 2032,local-plan,,2032,local-authority:HAT,,,adopted,https://www.hart.gov.uk/planning-and-building-control/planning-policy/new-hart-local-plan,https://gbr01.safelinks.protection.outlook.com/?url=https%3A%2F%2Fwww.hart.gov.uk%2Fsites%2Fdefault%2Ffiles%2F2024-08%2FHart-Local-Plan-strategy-and-Sites-2032.pdf&data=05%7C02%7CIan.Wallis%40hart.gov.uk%7C61a29e912cc34e76508a08ddd4e5c42b%7C437487d01c5f47b6bd4ea482ae3b011e%7C0%7C0%7C638900805506127463%7CUnknown%7CTWFpbGZsb3d8eyJFbXB0eU1hcGkiOnRydWUsIlYiOiIwLjAuMDAwMCIsIlAiOiJXaW4zMiIsIkFOIjoiTWFpbCIsIldUIjoyfQ%3D%3D%7C0%7C%7C%7C&sdata=bqlOdEWd3FZjMFrn2p69z4hnf5VcGJD%2FkeRpdClPPh8%3D&reserved=0,2025-12-03,,,
4220298,LP-HAT-2006,Hart Local Plan (Replacement) 1996-2006,local-plan,1996,2006,local-authority:HAT,,,adopted,https://www.hart.gov.uk/planning-and-building-control/planning-policy/new-hart-local-plan,https://gbr01.safelinks.protection.outlook.com/?url=https%3A%2F%2Fwww.hart.gov.uk%2Fsites%2Fdefault%2Ffiles%2F2023-07%2FHart-Local-Plan-Replacement%2529-1996-to-2006-saved-policies.pdf&data=05%7C02%7CIan.Wallis%40hart.gov.uk%7C61a29e912cc34e76508a08ddd4e5c42b%7C437487d01c5f47b6bd4ea482ae3b011e%7C0%7C0%7C638900805506158035%7CUnknown%7CTWFpbGZsb3d8eyJFbXB0eU1hcGkiOnRydWUsIlYiOiIwLjAuMDAwMCIsIlAiOiJXaW4zMiIsIkFOIjoiTWFpbCIsIldUIjoyfQ%3D%3D%7C0%7C%7C%7C&sdata=jdcSfRgpRg2FQESqVgTAiQizVGqHm6NLRd%2F%2FGQGd%2Bp4%3D&reserved=0,2025-12-03,,,
4220299,LP-HAT-2025,New Hart Local Plan,local-plan,,,local-authority:HAT,,,draft,https://www.hart.gov.uk/planning-and-building-control/planning-policy/new-hart-local-plan,https://www.hart.gov.uk/sites/default/files/2025-09/Local-Development-Scheme-September-2025.pdf,2025-12-03,,,
4220300,LP-RIB-2022,Ribble Valley Local Plan Review,local-plan,,2038,local-authority:RIB,,,regulation-18,https://www.ribblevalley.gov.uk/localplan,https://www.ribblevalley.gov.uk/downloads/file/3076/regulation-18-strategic-matters-consultation-document,2025-12-03,,,
4220301,LP-RIB-2014,Central Lancashire Core Strategy,local-plan,,,local-authority:RIB,,,adopted,https://www.ribblevalley.gov.uk/downloads/download/335/core-strategy-examination-documents,https://www.ribblevalley.gov.uk/downloads/file/1903/adopted-central-lancashire-core-strategy-july-2012,2025-12-03,,,
4220302,LP-RIB-2013,Joint Lancashire Minerals and Waste Local Plan,local-plan,,,local-authority:RIB,,,adopted,https://www.ribblevalley.gov.uk/downloads/download/335/core-strategy-examination-documents,https://www.ribblevalley.gov.uk/downloads/file/1882/joint-lancashire-minerals-and-waste-local-plan-site-allocation-and-development-management-policies-part-1-sept-2013,2025-12-03,,,
4220303,LP-EHA-2014,Joint Core Strategy,local-plan,,,local-authority:EHA,,,adopted,https://www.easthants.gov.uk/planning-services/planning-policy/local-plan/adopted-local-plan,,2025-12-03,,,
4220304,LP-EHA-2016,Local Plan (Part 2): Housing and Employment Allocations,local-plan,,,local-authority:EHA,,,adopted,https://www.easthants.gov.uk/planning-services/planning-policy/local-plan/adopted-local-plan,,2025-12-03,,,
4220305,LP-EHA-2006,Local Plan Second Review,local-plan,,,local-authority:EHA,,,adopted,https://www.easthants.gov.uk/planning-services/planning-policy/local-plan/adopted-local-plan,,2025-12-03,,,
4220306,LP-EHA-EMERGING,Emerging Local Plan,local-plan,,,local-authority:EHA,,,draft,https://www.easthants.gov.uk/planning-services/planning-policy/local-plan/emerging-local-plan,,2025-12-03,,,
4220307,LP-NUN-2024,Borough Plan Review,local-plan,2021,2039,local-authority:NUN,,,examination,https://www.nuneatonandbedworth.gov.uk/adopted-borough-plan/planning-policy-consultations,https://www.nuneatonandbedworth.gov.uk/downloads/file/1689/schedule-of-main-modifications,2025-12-03,,,
4220308,LP-NUN-2024-2,Gypsy and Traveller Site Allocations Development Plan Document,local-plan,2021,2037,local-authority:NUN,,,adopted,https://www.nuneatonandbedworth.gov.uk/adopted-borough-plan/gypsy-traveller-site-allocations-dpd,,2025-12-03,,,
4220309,LP-TAM-2024,Places for Everyone plan,local-plan,,,local-authority:TAM,,,adopted,https://www.tameside.gov.uk/strategicplanning,,2025-12-03,,,
4220310,LP-TAM-UDP,Unitary Development Plan,local-plan,,,local-authority:TAM,,,adopted,https://www.tameside.gov.uk/strategicplanning,,2025-12-03,,,
4220311,LP-TAM-WASTE,Greater Manchester Joint Waste Development Plan,local-plan,,,local-authority:TAM,,,adopted,https://www.tameside.gov.uk/strategicplanning,,2025-12-03,,,
4220312,LP-TAM-MINERALS,Greater Manchester Joint Minerals Development Plan,local-plan,,,local-authority:TAM,,,adopted,https://www.tameside.gov.uk/strategicplanning,,2025-12-03,,,
4220313,LP-TAM-HSP,"Homes, Spaces, Places",local-plan,,,local-authority:TAM,,,draft,https://www.tameside.gov.uk/strategicplanning,,2025-12-03,,,
4220314,LP-TAM-HS-2021,Housing Strategy 2021-2026,local-plan,2021,2026,local-authority:TAM,,,adopted,https://www.tameside.gov.uk/planning,https://www.tameside.gov.uk/TamesideMBC/media/Planning/2-Housing-Strategy-2021-26-LANDSCAPE-Final-14-02-22.pdf,2025-12-03,,,
4220315,LP-TOB-2015,Torbay Local Plan 2012-2030,local-plan,2012,2030,local-authority:TOB,,,adopted,https://www.torbay.gov.uk/newlocalplan,https://www.torbay.gov.uk/media/16942/2012to2030torbaylocalplanweb18may16.pdf,2025-12-03,,,
4220316,LP-PTE-2019,Peterborough Local Plan,local-plan,,2036,local-authority:PTE,,,adopted,https://www.peterborough.gov.uk/localplan,,2025-12-03,,,
4220317,LP-PTE-2025,Draft Local Plan 2024-2044,local-plan,2024,2044,local-authority:PTE,,,regulation-18,https://www.peterborough.gov.uk/council/planning-and-development/planning-policies/local-plan-review,,2025-12-03,,,
4220318,MWLP-PTE-2021,Cambridgeshire and Peterborough Minerals and Waste Local Plan,local-plan,,2036,local-authority:PTE,,,adopted,https://www.peterborough.gov.uk/localplan,,2025-12-03,,,
4220319,LP-MIK-2019,Plan:MK,local-plan,,2031,local-authority:MIK,,,adopted,https://www.milton-keynes.gov.uk/planning-and-building/developingmk/planmk,https://www.milton-keynes.gov.uk/sites/default/files/2022-05/PlanMK%20Adoption%20Version%20%28March%202019%29.pdf,2025-12-03,,,
4220320,LP-MIK-2025,Milton Keynes City Plan 2050,local-plan,,2050,local-authority:MIK,,,regulation-19,https://www.milton-keynes.gov.uk/consultations/proposed-submission-milton-keynes-city-plan-2050-regulation-19,,2025-12-03,,,
4220321,LP-CUA-2025,Cumberland Consolidated Planning Policy Framework,local-plan,,,local-authority:CUA,,,adopted,https://www.cumberland.gov.uk/planning-and-building-control/planning-policy/local-plan,https://www.cumberland.gov.uk/sites/default/files/2025-03/Cumberland%20Consolidated%20Planning%20Policy%20Framework%20-%20March%202025.pdf,2025-12-03,,,
4220322,LP-CUA-2021,Copeland Local Plan 2021-2039,local-plan,2021,2039,local-authority:CUA,,,adopted,https://www.copeland.gov.uk/content/copeland-local-plan,,2025-12-03,,,
4220323,LP-CUA-2017,Cumbria Minerals and Waste Local Plan 2015-2030,local-plan,2015,2030,local-authority:CUA,,,adopted,https://www.cumberland.gov.uk/planning-and-building-control/planning-policy/minerals-and-waste-local-plan,https://www.cumberland.gov.uk/sites/default/files/2024-12/cumbria_minerals_and_waste_local_plan_2015_to_2030.pdf,2025-12-03,,,
4220324,LP-BNE-2024,Barnet Local Plan 2021-2036,local-plan,2021,2036,local-authority:BNE,,,adopted,https://www.barnet.gov.uk/planning-and-building-control/planning-policies-and-local-plan/barnet-local-plan-2021-2036,https://www.barnet.gov.uk/sites/default/files/024574_-_bc4796_-_barnet_local_plan_2021-2036_-_web2.pdf,2025-12-03,,,
4220325,NLWP-2022,North London Waste Plan,local-plan,,2031,local-authority:BNE,,,adopted,https://www.walthamforest.gov.uk/planning-and-building-control/planning-policy/local-plan/north-london-waste-plan,,2025-12-03,,,
4220326,LP-ALL-2025,Cumberland Consolidated Planning Policy Framework - 2025,local-plan,,,local-authority:ALL,,,adopted,https://www.cumberland.gov.uk/planning-and-building-control/planning-policy/local-plan,https://www.cumberland.gov.uk/sites/default/files/2025-03/Cumberland%20Consolidated%20Planning%20Policy%20Framework%20-%20March%202025.pdf,2025-12-03,,,
4220327,LP-ALL-2023,Cumberland Local Plan,local-plan,,,local-authority:ALL,,,regulation-18,https://www.cumberland.gov.uk/planning-and-building-control/planning-policy/cumberland-local-plan,,2025-12-03,,,
4220328,LP-ALL-2017,Cumbria Minerals and Waste Local Plan 2015 to 2030,local-plan,2015,2030,local-authority:ALL,,,adopted,https://www.cumberland.gov.uk/planning-and-building-control/planning-policy/minerals-and-waste-local-plan,https://www.cumberland.gov.uk/sites/default/files/2024-12/cumbria_minerals_and_waste_local_plan_2015_to_2030.pdf,2025-12-03,,,
4220329,LP-COP-2023,Copeland Local Plan 2021-2039,local-plan,2021,2039,local-authority:COP,,,adopted,https://www.copeland.gov.uk/content/copeland-local-plan,https://www.copeland.gov.uk/attachments/copeland-local-plan-document,2025-12-03,,,
4220330,LP-CHL-2020,Chelmsford Local Plan 2013-2036,local-plan,2013,2036,local-authority:CHL,,,adopted,https://www.chelmsford.gov.uk/localplan,https://www.chelmsford.gov.uk/media/id1jmniz/chelmsford-local-plan-may-2020-includes-a1-plans.pdf,2025-12-03,,,
4220331,LP-CHL-2025,Chelmsford Local Plan Review 2025-2041,local-plan,2025,2041,local-authority:CHL,,,regulation-19,https://www.chelmsford.gov.uk/new-local-plan,https://www.chelmsford.gov.uk/media/3pomrel4/pre-submission-regulation-19-local-plan-february-2025.pdf,2025-12-03,,,
4220332,LP-MAI-2021,Adopted Local Plan Review 2021-2038,local-plan,2021,2038,local-authority:MAI,,,adopted,https://localplan.maidstone.gov.uk/home/local-plan-review,,2025-12-03,,,
4220333,LP-MAI-2024,New Local Plan,local-plan,,,local-authority:MAI,,,draft,https://localplan.maidstone.gov.uk/home/new-local-plan,,2025-12-03,,,
4220334,DPD-MAI-2024,"Maidstone Gypsy, Traveller and Travelling Showpeople DPD",local-plan,,,local-authority:MAI,,,draft,https://localplan.maidstone.gov.uk/home/gypsy-traveller-development-plan-document,,2025-12-03,,,
4220335,LP-WKF-2024,Wakefield District Local Plan 2036,local-plan,2024,2036,local-authority:WKF,,,adopted,https://www.wakefield.gov.uk/localplan,https://www.wakefield.gov.uk/media/cezexgd0/volume-1-development-strategy-strategic-and-local-policies.pdf,2025-12-03,,,
4220336,LP-TWH-2020,Tower Hamlets Local Plan 2031: Managing Growth and Sharing Benefits,local-plan,,2031,local-authority:TWH,,,adopted,https://www.towerhamlets.gov.uk/lgnl/planning_and_building_control/planning_policy_guidance/Local_plan/local_plan.aspx,https://www.towerhamlets.gov.uk/Documents/Planning-and-building-control/Strategic-Planning/Local-Plan/TH_Local_Plan_2031_accessibility_checked.pdf,2025-12-03,,,
4220337,LP-TWH-2025,Emerging Draft Local Plan,local-plan,,,local-authority:TWH,,,regulation-19,https://www.towerhamlets.gov.uk/lgnl/planning_and_building_control/planning_policy_guidance/Emerging-Draft-Local-Plan.aspx,,2025-12-03,,,
4220338,LP-VAL-2016,Vale of White Horse Local Plan 2031 Part 1: Strategic Sites and Policies,local-plan,2011,2031,local-authority:VAL,,,adopted,https://www.whitehorsedc.gov.uk/vale-of-white-horse-district-council/planning-and-development/local-plan-and-planning-policies/local-plan-2031/,https://www.whitehorsedc.gov.uk/wp-content/uploads/sites/3/2020/10/Local-Plan-2031-Part-1.pdf,2025-12-03,,,
4220339,LP-VAL-2019,Vale of White Horse Local Plan 2031 Part 2: Detailed Policies and Additional Sites,local-plan,2011,2031,local-authority:VAL,,,adopted,https://www.whitehorsedc.gov.uk/vale-of-white-horse-district-council/planning-and-development/local-plan-and-planning-policies/local-plan-2031/,https://www.whitehorsedc.gov.uk/wp-content/uploads/sites/3/2021/03/VOWHDC-Master-1.pdf,2025-12-03,,,
4220340,LP-VAL-2041,Joint Local Plan 2041,local-plan,2021,2041,local-authority:VAL,,,submitted,https://www.whitehorsedc.gov.uk/vale-of-white-horse-district-council/planning-and-development/local-plan-and-planning-policies/local-plan-2041/,,2025-12-03,,,
4220341,LP-BEX-2023,Bexley Local Plan,local-plan,,,local-authority:BEX,,,adopted,https://www.bexley.gov.uk/local-plan,https://www.bexley.gov.uk/sites/default/files/2023-07/bexley-local-plan-adopted-26-april-2023.pdf,2025-12-03,,,
4220342,,,local-plan,,,local-authority:ERY,,,,,,2025-12-03,,,
4220343,LP-LND-2015,City of London Local Plan 2015,local-plan,,2026,local-authority:LND,,,adopted,https://www.cityoflondon.gov.uk/services/planning/planning-policy/local-plan-2015,https://www.cityoflondon.gov.uk/assets/Services-Environment/planning-local-plan-adopted-2015.pdf,2025-12-03,,,
4220344,LP-DNC-2021,Doncaster Local Plan 2015-2035,local-plan,2015,2035,local-authority:DNC,,,adopted,https://www.doncaster.gov.uk/localplan,https://dmbcwebstolive01.blob.core.windows.net:443/media/Default/Planning/Documents/Local%20Plan/Submission/Doncaster%20Local%20Plan%20Adopted%2023%20Sept%202021.pdf,2025-12-03,,,
4220345,LP-DER-2025,Derby Local Plan 2023-2043,local-plan,2023,2043,local-authority:DER,,,draft,https://www.derby.gov.uk/news/2025/november/new-local-plan-to-shape-derbys-growth-for-the-next-20-years/,,2025-12-03,,,
4220346,LP-DER-2017,Adopted Local Plan,local-plan,,2028,local-authority:DER,,,adopted,https://derby.gov.uk/environment-and-planning/planning/local-plan/part-1/,,2025-12-03,,,
4220347,LP-DER-EMERGING,Emerging Local Plan for Derby (LPD),local-plan,,,local-authority:DER,,,draft,https://derby.gov.uk/environment-and-planning/planning/local-plan/emerging/,,2025-12-03,,,
4220348,MLP-DER-2020,Minerals Local Plan,local-plan,,,local-authority:DER,,,adopted,https://derby.gov.uk/environment-and-planning/planning/local-plan/minerals-local-plan/,,2025-12-03,,,
4220349,WLP-DER-2020,Waste Local Plan,local-plan,,,local-authority:DER,,,adopted,https://derby.gov.uk/environment-and-planning/planning/local-plan/waste-local-plan/,,2025-12-03,,,
4220350,LP-NEA-2019,Newark and Sherwood Amended Core Strategy,local-plan,,,local-authority:NEA,,,adopted,https://www.newark-sherwooddc.gov.uk/localplan/,https://www.newark-sherwooddc.gov.uk/media/nsdc-redesign/documents-and-images/your-council/planning-policy/local-development-framework/amended-core-strategy-dpd/making-of-the-core-strategy/report-on-the-examination-of-the-amended-core-strategy.pdf,2025-12-03,,,
4220351,LP-BDG-2024,Barking and Dagenham 2037 Local Plan,local-plan,2021,2037,local-authority:BDG,,,adopted,https://www.lbbd.gov.uk/planning-building-control-and-local-land-charges/planning-guidance-and-policies/local-plan,https://www.lbbd.gov.uk/sites/default/files/2024-10/B%26D_LocalPlan_A4_SEP24_digital.pdf,2025-12-03,,,
4220352,LP-BDG-2021,Regulation 19 (2) Draft Local Plan,local-plan,2021,2037,local-authority:BDG,,,regulation-19,https://www.lbbd.gov.uk/planning-building-control-and-local-land-charges/planning-guidance-and-policies/local-plan,,2025-12-03,,,
4220353,LP-BDG-2019,Barking and Dagenham Draft Local Plan Regulation 18 Consultation version,local-plan,,,local-authority:BDG,,,regulation-18,https://www.lbbd.gov.uk/planning-building-control-and-local-land-charges/planning-guidance-and-policies/local-plan,https://www.lbbd.gov.uk/sites/default/files/2022-09/LBBD-Draft-Local-Plan-Reg-18-Consultation-version_121219.pdf,2025-12-03,,,
4220354,LP-STY-2024,South Tyneside Local Plan,local-plan,,,local-authority:STY,,,examination,https://www.southtyneside.gov.uk/article/3663/Local-Plan,,2025-12-03,,,
4220355,AAP-STY-IAMP,International Advanced Manufacturing Park (IAMP) Area Action Plan,local-plan,,,local-authority:STY,,,adopted,https://www.southtyneside.gov.uk/planning,,2025-12-03,,,
4220356,LP-OAD-2019,Oadby and Wigston Borough Local Plan,local-plan,,,local-authority:OAD,,,adopted,https://oadby-wigston.gov.uk/pages/borough_local_plan,,2025-12-03,,,
4220357,LP-OAD-2025,New Oadby and Wigston Local Plan 2020-2041,local-plan,2020,2041,local-authority:OAD,,,regulation-19,https://oadby-wigston.gov.uk/newlocalplan,https://oadby-wigston.gov.uk/files/documents/regulation_19_pre_submission_draft_local_plan_n_january_2025/Regulation%2019%20Pre-Submission%20Draft%20Local%20Plan%20-%20January%202025.pdf,2025-12-03,,,
4220358,LP-TON-2027,Tonbridge and Malling Local Plan 2025-2042,local-plan,2025,2042,local-authority:TON,,,regulation-18,https://www.tmbc.gov.uk/local-plan,,2025-12-03,,,
4220359,LP-TON-2007,Tonbridge and Malling Core Strategy,local-plan,,,local-authority:TON,,,adopted,https://www.tmbc.gov.uk/developmentplan,https://www.tmbc.gov.uk/downloads/file/276/core-strategy,2025-12-03,,,
4220360,LP-GRT-2019,Guildford Local Plan: Strategy and Sites 2019,local-plan,,,local-authority:GRT,,,adopted,https://www.guildford.gov.uk/guildfordlocalplan,,2025-12-03,,,
4220361,LP-GRT-2024,Guildford Local Plan Update,local-plan,,,local-authority:GRT,,,regulation-18,https://www.guildford.gov.uk/article/27061/Update-to-the-Local-Plan-agreed,,2025-12-03,,,
4220362,LP-HAS-2025,Draft New Local Plan,local-plan,,,local-authority:HAS,,,draft,https://www.hastings.gov.uk/planning/policy/new-local-plan/,,2025-12-03,,,
4220363,LP-HAS-ADOPTED,Current Adopted Local Plan,local-plan,,,local-authority:HAS,,,adopted,https://www.hastings.gov.uk/planning/policy/adoptedlocalplan/,,2025-12-03,,,
4220364,LP-LDS-2019,Leeds Core Strategy,local-plan,,2028,local-authority:LDS,,,adopted,https://www.leeds.gov.uk/planning/planning-policy/adopted-local-plan/core-strategy-introduction,https://www.leeds.gov.uk/sites/default/files/files-imported/2f1fb7967571ff329ad57bc4f5d99e8be244e0167d10c92825a7016edeb15907.pdf,2025-12-03,,,
4220365,LP-LDS-2025,Leeds Local Plan 2022-2042,local-plan,2022,2042,local-authority:LDS,,,regulation-18,https://www.leeds.gov.uk/planning/planning-policy/emerging-local-plan/leeds-local-plan-consultation,https://s3webstaticfiles.s3.eu-west-2.amazonaws.com/Documents/Leeds+Local+Plan+2025+Exec+Summary.pdf,2025-12-03,,,
4220366,LP-SLF-2023,Salford Local Plan: Development Management Policies and Designations,local-plan,,,local-authority:SLF,,,adopted,https://www.salford.gov.uk/planning-building-and-regeneration/planning-policies/local-planning-policy/salfords-development-plan/salford-local-plan/part-one-salford-local-plan/salford-local-plan-adoption-2023/,https://www.salford.gov.uk/media/398824/salford-local-plan-development-management-policies-and-designations.pdf,2025-12-03,,,
4220367,LP-SLF-2027,Salford Local Plan: Core Strategy and Allocations,local-plan,,2042,local-authority:SLF,,,regulation-18,https://www.salford.gov.uk/planning-building-and-regeneration/planning-policies/local-planning-policy/salfords-development-plan/salford-local-plan/part-two-salford-local-plan/,,2025-12-03,,,
4220368,LP-SLF-2006,The City of Salford Unitary Development Plan 2004 to 2016,local-plan,2004,2016,local-authority:SLF,,,withdrawn,https://www.salford.gov.uk/planning-building-and-regeneration/planning-policies/local-planning-policy/archived-planning-policy-documents/,https://www.salford.gov.uk/media/386576/udp-final.pdf,2025-12-03,,,
4220369,LP-LIC-2023,Central Lincolnshire Local Plan,local-plan,2023,2040,local-authority:LIC,,,adopted,https://www.lincoln.gov.uk/planning/planning-building-policies-publications-1/,,2025-12-03,,,
4220370,LP-BRW-2022,Brentwood Local Plan 2016-2033,local-plan,2016,2033,local-authority:BRW,,,adopted,https://www.brentwood.gov.uk/adopted-local-plan,https://www.brentwood.gov.uk/sites/default/files/documents/20124/533660/Brentwood+Local+Plan+2016-2033+Adopted+March+2022.pdf,2025-12-03,,,
4220371,LP-WLA-2012,West Lancashire Local Plan 2012-2027,local-plan,2012,2027,local-authority:WLA,,,adopted,https://www.westlancs.gov.uk/planning/planning-policy,,2025-12-03,,,
4220372,LP-WLA-2023,West Lancashire Local Plan 2023-2040,local-plan,2023,2040,local-authority:WLA,,,regulation-18,http://www.westlancs.gov.uk/planning/planning-policy/the-local-plan/the-local-plan-2023-2040.aspx,http://www.westlancs.gov.uk/media/547534/lp-io-document-2021-11-18.pdf,2025-12-03,,,
4220373,LP-HER-2024,Hertsmere Local Plan 2024,local-plan,2024,2040,local-authority:HER,,,regulation-18,https://www.hertsmere.gov.uk/newlocalplan,https://www.hertsmere.gov.uk/asset-library/imported-assets/09-Planning-Building-Control/Planning-Policy/Local-Plan/hertsmere-local-plan-regulation-18-consultation-document-2024-compressed-pdf-9.56-mb.pdf,2025-12-03,,,
4220374,LP-HER-2013,Hertsmere Local Plan 2012-2027,local-plan,2012,2027,local-authority:HER,,,adopted,https://www.hertsmere.gov.uk/local-plan,https://www.hertsmere.gov.uk/asset-library/imported-assets/09-Planning-Building-Control/Planning-Policy/Local-Development-Framework/core-strategy-dpd-2013.pdf,2025-12-03,,,
4220375,LP-MDW-2003,Medway Local Plan 2003,local-plan,,,local-authority:MDW,,,adopted,https://www.medway.gov.uk/info/200149/planning_policy/146/current_planning_policies/3,https://www.medway.gov.uk/download/downloads/id/2400/medway_local_plan_2003.pdf,2025-12-03,,,
4220376,LP-MDW-2041,Medway Local Plan 2041,local-plan,,2041,local-authority:MDW,,,regulation-19,https://www.medway.gov.uk/info/200542/medway_local_plan_2041,,2025-12-03,,,
4220377,LP-LIV-2022,Liverpool Local Plan 2013-2033,local-plan,2013,2033,local-authority:LIV,,,adopted,https://www.liverpool.gov.uk/localplan,https://www.liverpool.gov.uk/media/1tkbedcv/01-liverpool-local-plan-main-document.pdf,2025-12-03,,,
4220378,WLP-LIV-2013,Joint Merseyside and Halton Waste Local Plan,local-plan,,,local-authority:LIV,,,adopted,https://www.liverpool.gov.uk/planning-and-building-control/plan-making-in-liverpool/local-plan-supplementary-documents-and-guidance/joint-waste-plan/,,2025-12-03,,,
4220379,LP-WFUA-2024,Westmorland and Furness Local Plan,local-plan,,,local-authority:WFUA,,,regulation-18,https://www.westmorlandandfurness.gov.uk/localplan,https://www.westmorlandandfurness.gov.uk/sites/default/files/2025-08/Westmorland%20and%20Furness%20LDS%20February%202025_2.pdf,2025-12-03,,,
4220380,LP-WFUA-SL-2019,South Lakeland Local Plan,local-plan,,,local-authority:WFUA,,,adopted,https://www.westmorlandandfurness.gov.uk/planning-and-building-control/planning-policy/local-plans-0/south-lakeland-local-plan,,2025-12-03,,,
4220381,LP-WFUA-BR-2018,Barrow Borough Local Plan,local-plan,,,local-authority:WFUA,,,adopted,https://www.westmorlandandfurness.gov.uk/planning-and-building-control/planning-policy/local-plans-0/barrow-local-plan,,2025-12-03,,,
4220382,LP-WFUA-ED-2017,Eden Local Plan,local-plan,,,local-authority:WFUA,,,adopted,https://www.westmorlandandfurness.gov.uk/planning-and-building-control/planning-policy/local-plans-0/eden-local-plan,,2025-12-03,,,
4220383,MWP-WFUA-2015,Cumbria County Council Minerals and Waste Local Plan 2015 to 2030,local-plan,2015,2030,local-authority:WFUA,,,adopted,https://www.westmorlandandfurness.gov.uk/planning-and-building-control/planning/planning-policy/legacy-local-plans/minerals-and-waste-local-plan,,2025-12-03,,,
4220384,LP-MDB-2025,Middlesbrough Publication Local Plan,local-plan,,,local-authority:MDB,,,submitted,https://www.middlesbrough.gov.uk/planning-and-development/planning-policy/publication-local-plan/,,2025-12-03,,,
4220385,LP-ROH-2006,Rother District Local Plan 2006,local-plan,2006,2011,local-authority:ROH,,,adopted,https://www.rother.gov.uk/planning-and-building-control/planning-policy/local-plan/2006-local-plan-supplementary-planning-documents-spd/,https://rdcpublic.blob.core.windows.net/website-uploads/2020/01/local-plan_1.pdf,2025-12-03,,,
4220386,LP-ROH-2024,Draft Local Plan Review 2020-2040,local-plan,2020,2040,local-authority:ROH,,,regulation-18,https://www.rother.gov.uk/emerging-local-plan,,2025-12-03,,,
4220387,LP-WNM-2022,Borough Local Plan 2013-2033,local-plan,2013,2033,local-authority:WNM,,,adopted,https://www.rbwm.gov.uk/planning-and-building-control/planning-policy/development-plan/adopted-local-plan,,2025-12-03,,,
4220388,LP-WNM-2009,LDF Options Paper March 2009,local-plan,,2026,local-authority:WNM,,,withdrawn,https://www.rbwm.gov.uk/planning-and-building-control/planning-policy/archived-core-strategy,https://www.rbwm.gov.uk/sites/default/files/2024-06/pp_ldf_options_march09_part1_paper.pdf,2025-12-03,,,
4220389,LP-WOK-2024,Wokingham Borough Local Plan Update 2023-2040,local-plan,2023,2040,local-authority:WOK,,,examination,https://www.wokingham.gov.uk/planning-policy/emerging-local-plan-update,,2025-12-03,,,
4220390,LP-SHR-2026,Shropshire Local Plan,local-plan,,,local-authority:SHR,,,adopted,https://www.shropshire.gov.uk/planning-policy/adopted-local-plan/,,2025-12-03,,,
4220391,LP-SHR-NEXT,Next Local Plan,local-plan,,,local-authority:SHR,,,regulation-18,https://www.shropshire.gov.uk/planning-policy/next-local-plan/,,2025-12-03,,,
4220392,LP-SHR-WITHDRAWN,Withdrawn Local Plan,local-plan,,,local-authority:SHR,,,withdrawn,https://www.shropshire.gov.uk/planning-policy/archive-including-information-on-the-withdrawn-local-plan/,,2025-12-03,,,
4220393,LP-FAR-2021,Fareham Local Plan,local-plan,,,local-authority:FAR,,,adopted,https://www.fareham.gov.uk/planning/localplan.aspx,,2025-12-03,,,
4220394,LP-FAR-PREV,Previous Local Plan Parts 1 & 2,local-plan,,,local-authority:FAR,,,adopted,https://www.fareham.gov.uk/planning/oldlocalplan.aspx,,2025-12-03,,,
4220395,LP-NET-2020,Development and Allocations Plan 2015-2030,local-plan,2015,2030,local-authority:NET,,,adopted,https://newcastle.gov.uk/newcastleplan,https://www.newcastle.gov.uk/sites/default/files/2020-06/DAP%20FINAL%20Adoption%20-%20Online%20Version.pdf,2025-12-03,,,
4220396,LP-NET-2015,Core Strategy and Urban Core Plan for Gateshead and Newcastle upon Tyne 2010-2030,local-plan,2010,2030,local-authority:NET,,,adopted,https://newcastle.gov.uk/newcastleplan,https://www.newcastle.gov.uk/sites/default/files/2019-01/planning_for_the_future_core_strategy_and_urban_core_plan_2010-2030.pdf,2025-12-03,,,
4220397,LP-NGM-2014,Nottingham City Aligned Core Strategy,local-plan,,,local-authority:NGM,,,adopted,https://www.nottinghamcity.gov.uk/localplan,https://www.nottinghamcity.gov.uk/media/kyhhfdx4/the-nottingham-city-aligned-core-strategy-acs.pdf,2025-12-03,,,
4220398,LP-NGM-2020,Land and Planning Policies Document,local-plan,,,local-authority:NGM,,,adopted,https://www.nottinghamcity.gov.uk/localplan,https://www.nottinghamcity.gov.uk/media/blqmbjvu/land-and-planning-policies-document-lapp-2020.pdf,2025-12-03,,,
4220399,LP-NGM-2041,Greater Nottingham Strategic Plan,local-plan,,2041,local-authority:NGM,,,regulation-19,https://www.nottinghamcity.gov.uk/localplan,,2025-12-03,,,
4220400,LP-GRA-2014,Gravesham Local Plan Core Strategy,local-plan,,,local-authority:GRA,,,adopted,https://www.gravesham.gov.uk/localplan,,2025-12-03,,,
4220401,LP-GRA-1994,Gravesham Local Plan First Review,local-plan,,,local-authority:GRA,,,adopted,https://www.gravesham.gov.uk/localplan,https://www.gravesham.gov.uk/downloads/file/1024/gravesham-local-plan-first-review-saved-and-deleted-policies-version-september-2014-,2025-12-03,,,
4220402,LP-GRA-2025-MW,Kent Minerals and Waste Local Plan 2024-30,local-plan,2024,2030,local-authority:GRA,,,adopted,https://www.gravesham.gov.uk/localplan,,2025-12-03,,,
4220403,LP-EDE-2025,East Devon Local Plan 2020-2042,local-plan,2020,2042,local-authority:EDE,,,regulation-19,https://eastdevon.gov.uk/local-plan,https://eastdevon.gov.uk/media/gtimzhle/regulation-19-plan.pdf,2025-12-03,,,
4220404,LP-EDE-2021,East Devon Local Plan Issues and Options 2021-2040,local-plan,2021,2040,local-authority:EDE,,,draft,https://eastdevon.gov.uk/newlocalplan,https://eastdevon.gov.uk/media/3721875/issuesandoptionsreport-jan2021.pdf,2025-12-03,,,
4220405,LP-SOL-2013,Solihull Local Plan: Shaping a Sustainable Future,local-plan,,,local-authority:SOL,,,adopted,https://www.solihull.gov.uk/planning-and-building-control/solihull-local-plan,https://www.solihull.gov.uk/sites/default/files/migrated/Planning_LDF_Local_Plan_Final.pdf,2025-12-03,,,
4220406,LP-SOL-2024,Solihull Local Plan Review,local-plan,,,local-authority:SOL,,,withdrawn,https://www.solihull.gov.uk/planning-and-building-control/solihull-local-plan-examination-public,https://www.solihull.gov.uk/sites/default/files/2024-10/Solihull-Local-Plan-Withdrawal-Notice.pdf,2025-12-03,,,
4220407,GT-SOL-2014,Gypsy and Traveller Site Allocations Plan,local-plan,,,local-authority:SOL,,,adopted,https://www.solihull.gov.uk/planning-and-building-control/gypsy-and-traveller-development-plan-document,https://www.solihull.gov.uk/sites/default/files/migrated/Planning_Gypsy_Gypsy_and_Traveller_Site_Allocations_Plan.pdf,2025-12-03,,,
4220408,LP-THE-2013,Three Rivers Development Plan (Current Local Plan),local-plan,,,local-authority:THE,,,adopted,https://www.threerivers.gov.uk/services/planning/planning-policy/development-plan,,2025-12-03,,,
4220409,LP-THE-2025,Three Rivers New Local Plan,local-plan,,2041,local-authority:THE,,,regulation-18,https://www.threerivers.gov.uk/services/planning/planning-policy/new-local-plan,,2025-12-03,,,
4220410,LP-RUN-2020,Runnymede 2030 Local Plan,local-plan,,2030,local-authority:RUN,,,adopted,https://www.runnymede.gov.uk/planning-policy/runnymede-2030-local-plan,,2025-12-03,,,
4220411,LP-WAE-2025,Waverley Local Plan 2023 to 2043,local-plan,2023,2043,local-authority:WAE,,,regulation-18,https://www.waverley.gov.uk/newlocalplan,,2025-12-03,,,
4220412,LP-WAE-2002,Waverley Local Plan 2002,local-plan,,,local-authority:WAE,,,adopted,https://www.waverley.gov.uk/Services/Planning-and-building/Planning-strategies-and-policies/Local-plan/Local-Plan-2002,,2025-12-03,,,
4220413,LP-SDE-2013,South Derbyshire Draft Local Plan Part 1,local-plan,,,local-authority:SDE,,,draft,https://www.southderbyshire.gov.uk/localplan,https://www.southderbyshire.gov.uk/assets/attach/1723/South-Derbyshire-Draft-Local-Plan-Chapters-1-to-9.pdf,2025-12-03,,,
4220414,LP-NHE-2022,North Hertfordshire Local Plan 2011-2031,local-plan,2011,2031,local-authority:NHE,,,adopted,https://www.north-herts.gov.uk/local-plan-2011-2031,https://www.north-herts.gov.uk/sites/default/files/Proposed%20Submission%20Local%20Plan.pdf,2025-12-03,,,
4220415,LP-HUN-2025,Preferred Options Draft Local Plan to 2046,local-plan,,2046,local-authority:HUN,,,regulation-18,https://huntingdonshire.gov.uk/planning/local-plan-update/preferred-options/,https://huntingdonshire.gov.uk/media/u55dwlck/final-preferred-options-draft-local-plan-to-2046.pdf,2025-12-03,,,
4220416,LP-HUN-2019,Local Plan to 2036,local-plan,,2036,local-authority:HUN,,,adopted,https://www.huntingdonshire.gov.uk/planning/local-plan-to-2036/,,2025-12-03,,,
4220417,LP-HEF-2015,Herefordshire Local Plan Core Strategy 2011-2031,local-plan,2011,2031,local-authority:HEF,,,adopted,https://www.herefordshire.gov.uk/planning-and-building-control/local-plan/local-plan-core-strategy/,,2025-12-03,,,
4220418,LP-HEF-2024,Herefordshire Local Plan 2021-2041,local-plan,2021,2041,local-authority:HEF,,,withdrawn,https://www.herefordshire.gov.uk/planning-and-building-control/local-plan/local-plan-2021-2041/,,2025-12-03,,,
4220419,LP-CHA-2037,Charnwood Local Plan 2021-37,local-plan,2021,2037,local-authority:CHA,,,examination,https://www.charnwood.gov.uk/localplan,,2025-12-03,,,
4220420,LP-CHA-2015,Charnwood Local Plan 2011 to 2028 Core Strategy,local-plan,2011,2028,local-authority:CHA,,,adopted,https://www.charnwood.gov.uk/pages/local_plan,,2025-12-03,,,
4220421,LP-CHA-2004,Borough of Charnwood Local Plan (2004) saved policies,local-plan,,,local-authority:CHA,,,adopted,https://www.charnwood.gov.uk/pages/local_plan,,2025-12-03,,,
4220422,LP-MSU-2023,Babergh and Mid Suffolk Joint Local Plan Part 1 2018-2037,local-plan,2018,2037,local-authority:MSU,,,adopted,https://www.midsuffolk.gov.uk/joint-local-plan,https://www.midsuffolk.gov.uk/documents/d/asset-library-54706/babergh-and-mid-suffolk-joint-local-plan-part-1-nov-2023,2025-12-03,,,
4220423,LP-BRC-2024,Bracknell Forest Local Plan 2024 to 2037,local-plan,2024,2037,local-authority:BRC,,,adopted,https://www.bracknell-forest.gov.uk/planning-and-building-control/planning/planning-policy/development-plan/bracknell-forest-local-plan,,2025-12-03,,,
4220424,LP-BRC-2013,Site Allocations Local Plan,local-plan,,,local-authority:BRC,,,adopted,https://www.bracknell-forest.gov.uk/planning-and-building-control/planning/planning-policy/development-plan/site-allocations-local-plan,,2025-12-03,,,
4220425,LP-PRE-2024,Preston Local Plan,local-plan,,,local-authority:PRE,,,draft,https://www.preston.gov.uk/article/928/Planning-policy,,2025-12-03,,,
4220426,LP-PRE-2024-JOINT,Central Lancashire Local Plan,local-plan,,,local-authority:PRE,,,draft,https://www.preston.gov.uk/article/928/Planning-policy,,2025-12-03,,,
4220427,CS-PRE-2012,Central Lancashire Core Strategy,local-plan,2010,2026,local-authority:PRE,,,adopted,https://www.preston.gov.uk/article/928/Planning-policy,,2025-12-03,,,
4220428,LP-FYL-2018,Fylde Local Plan to 2032,local-plan,2011,2032,local-authority:FYL,,,adopted,https://new.fylde.gov.uk/adopted-local-plan,https://new.fylde.gov.uk/wp-content/uploads/2021/12/Fylde-Local-Plan-to-2032-incorporating-Partial-Review-adopted.pdf,2025-12-03,,,
4220429,LP-KEC-2024,New Local Plan July 2024,local-plan,,,local-authority:KEC,,,adopted,https://www.rbkc.gov.uk/localplan,https://www.rbkc.gov.uk/sites/default/files/media/documents/AA_24-09-03%20Local%20Plan%202024_Final%20Clean%20Version%20_02.pdf,2025-12-03,,,
4220430,LP-KEC-2019,Local Plan 2019,local-plan,,,local-authority:KEC,,,adopted,https://www.rbkc.gov.uk/localplan,https://www.rbkc.gov.uk/sites/default/files/media/documents/Local%20plan%202019%20%28full%20document%29.pdf,2025-12-03,,,
4220431,LP-SEV-2019,Sevenoaks Local Plan (Withdrawn),local-plan,,,local-authority:SEV,,,withdrawn,http://www.sevenoaks.gov.uk/info/20014/planning_policy,,2025-12-03,,,
4220432,LP-SEV-CURRENT,Sevenoaks Adopted Local Plan,local-plan,,,local-authority:SEV,,,adopted,http://www.sevenoaks.gov.uk/info/20014/planning_policy,,2025-12-03,,,
4220433,LP-SEV-EMERGING,Sevenoaks Emerging Local Plan,local-plan,,,local-authority:SEV,,,draft,http://www.sevenoaks.gov.uk/info/20014/planning_policy,,2025-12-03,,,
4220434,LP-BNH-2016,Brighton & Hove City Plan Part One,local-plan,,2030,local-authority:BNH,,,adopted,https://www.brighton-hove.gov.uk/planning/planning-policy/city-plan-part-one,https://www.brighton-hove.gov.uk/sites/default/files/2021-05/CD01-City%20Plan%20Part%20One%20%28adopted%20March%202016%29.pdf,2025-12-03,,,
4220435,LP-BNH-2022,Brighton & Hove City Plan Part Two,local-plan,,,local-authority:BNH,,,adopted,https://www.brighton-hove.gov.uk/planning/planning-policy/development-plans,,2025-12-03,,,
4220436,LP-BNH-2041,City Plan 2041,local-plan,,2041,local-authority:BNH,,,regulation-18,https://www.brighton-hove.gov.uk/planning/planning-policy/development-plans,,2025-12-03,,,
4220437,LP-BNH-WM-2024,"East Sussex, South Downs and Brighton & Hove Waste and Minerals Local Plan - Revised Policies",local-plan,,,local-authority:BNH,,,adopted,https://www.brighton-hove.gov.uk/planning/planning-policy/waste-and-minerals,https://www.eastsussex.gov.uk/media/1r0l2t3z/r-lpm08-policies-map-amendments-document-2024-10-24.pdf,2025-12-03,,,
4220438,LP-BNH-SH-2019,Shoreham Harbour Joint Area Action Plan,local-plan,,,local-authority:BNH,,,adopted,https://www.brighton-hove.gov.uk/planning/planning-policy/development-plans,,2025-12-03,,,
4220439,LP-BNH-SCI-2015,Statement of Community Involvement,local-plan,,,local-authority:BNH,,,adopted,https://www.brighton-hove.gov.uk/planning/planning-policy/statement-community-involvement,https://www.brighton-hove.gov.uk/sites/default/files/migrated/article/inline/FINALSCIADOPTED12thMarch2015.pdf,2025-12-03,,,
4220440,LP-CHT-2017,Joint Core Strategy 2011-2031,local-plan,2011,2031,local-authority:CHT,,,adopted,https://strategiclocalplan.org/adopted-jcs/,https://strategiclocalplan.org/wp-content/uploads/2024/06/jcs-plan.pdf,2025-12-03,,,
4220441,LP-CHT-2020,Cheltenham Plan 2020,local-plan,,,local-authority:CHT,,,adopted,https://www.cheltenham.gov.uk/localplan,https://www.cheltenham.gov.uk/downloads/file/8169/cheltenham_plan,2025-12-03,,,
4220442,LP-SLG-2010,Slough Core Strategy,local-plan,,,local-authority:SLG,,,adopted,https://www.slough.gov.uk/planning-policy/local-development-plan-slough,,2025-12-03,,,
4220443,LP-SLG-2026,Slough Local Plan 2025-2045,local-plan,2025,2045,local-authority:SLG,,,regulation-18,https://www.slough.gov.uk/planning-policy/new-local-plan-slough,,2025-12-03,,,
4220444,LP-DAR-2024,The Dartford Plan to 2037,local-plan,,2037,local-authority:DAR,,,adopted,https://www.dartford.gov.uk/policy-1/dartford-plan-2024/1,https://www.dartford.gov.uk/downloads/file/2709/the-dartford-plan,2025-12-03,,,
4220445,LP-NFNPA-2019,New Forest National Park Local Plan 2016-2036,local-plan,2016,2036,national-park-authority:Q72617158,,,adopted,https://www.newforestnpa.gov.uk/localplan,https://www.newforestnpa.gov.uk/app/uploads/2019/09/Local-Plan-2016-2036-finalforweb.pdf,2025-12-03,,,
4220446,CS-NFNPA-2010,Core Strategy,local-plan,,,national-park-authority:Q72617158,,,adopted,https://www.newforestnpa.gov.uk/localplan,https://www.newforestnpa.gov.uk/app/uploads/2018/03/finalCoreStrategyDec2010_TOWEB_1.pdf,2025-12-03,,,
4220447,LP-HCK-2020,Hackney Local Plan 2033 (LP33),local-plan,,2033,local-authority:HCK,,,adopted,https://hackney.gov.uk/lp33,,2025-12-03,,,
4220448,LP-HCK-2016,Site Allocations Local Plan,local-plan,,,local-authority:HCK,,,adopted,https://www.hackney.gov.uk/planning-policy,,2025-12-03,,,
4220449,LP-HCK-2010,Core Strategy,local-plan,,,local-authority:HCK,,,adopted,https://hackney.gov.uk/lp33,,2025-12-03,,,
4220450,LP-HCK-2015,Development Management Local Plan,local-plan,,,local-authority:HCK,,,adopted,https://hackney.gov.uk/lp33,,2025-12-03,,,
4220451,LP-HAR-2020,Harlow Local Plan,local-plan,,,local-authority:HAR,,,adopted,https://www.harlow.gov.uk/planning-and-building-control/planning-policy/local-plan,,2025-12-03,,,
4220452,LP-HAR-2006,Adopted Replacement Local Plan,local-plan,,,local-authority:HAR,,,adopted,https://www.harlow.gov.uk/planning-and-building-control/planning-policy/adopted-replacement-local-plan,https://www.harlow.gov.uk/sites/default/files/documents/Adopted%20Replacement%20Harlow%20Local%20Plan.pdf,2025-12-03,,,
4220453,LP-SOX-2020,South Oxfordshire Local Plan 2035,local-plan,,2035,local-authority:SOX,,,adopted,https://www.southoxon.gov.uk/south-oxfordshire-district-council/planning-and-development/local-plan-and-planning-policies/local-plan-2035/adopted-local-plan-2035/,https://www.southoxon.gov.uk/wp-content/uploads/sites/2/2021/02/SODC-LP2035-Publication-Feb-2021.pdf,2025-12-03,,,
4220454,LP-SOX-2041,Joint Local Plan 2041,local-plan,,2041,local-authority:SOX,,,submitted,https://www.southoxon.gov.uk/south-oxfordshire-district-council/planning-and-development/local-plan-and-planning-policies/local-plan-2041/,,2025-12-03,,,
4220455,LP-SAW-2024,Sandwell Local Plan 2024-2041,local-plan,2024,2041,local-authority:SAW,,,examination,https://www.sandwell.gov.uk/localplan,,2025-12-03,,,
4220456,LP-BDF-2030,Bedford Local Plan 2030,local-plan,,2030,local-authority:BDF,,,adopted,https://www.bedford.gov.uk/planning-and-building-control/planning-policy/local-plan-2030,,2025-12-03,,,
4220457,LP-BDF-2040,Bedford Local Plan 2040,local-plan,,2040,local-authority:BDF,,,examination,https://www.bedford.gov.uk/planning-and-building-control/planning-policy/local-plan-2040,https://edrms.bedford.gov.uk/OpenDocument.aspx?id=xivh8bP%2bAJZXEaq26SnEFQ%3d%3d&name=PLAN%20FOR%20SUBMISSION.pdf,2025-12-03,,,
4220458,LP-SHF-2025,Sheffield Plan,local-plan,,,local-authority:SHF,,,examination,https://www.sheffield.gov.uk/planning-development/sheffield-plan-examination,,2025-12-03,,,
4220459,LP-YOR-2025,City of York Local Plan,local-plan,,2033,local-authority:YOR,,,adopted,https://www.york.gov.uk/AdoptedLocalPlan,https://www.york.gov.uk/downloads/file/1314/cd001-city-of-york-local-plan-publication-draft-regulation-19-consultation-february-2018-,2025-12-03,,,
4220460,LP-KTT-2024,Kingston Local Plan 2019-2041,local-plan,2019,2041,local-authority:KTT,,,regulation-18,https://www.kingston.gov.uk/new-local-plan,,2025-12-03,,,
4220461,LP-KTT-2012,Kingston Core Strategy 2012,local-plan,,2027,local-authority:KTT,,,adopted,https://www.kingston.gov.uk/new-local-plan,https://www.kingston.gov.uk/sites/default/files/downloads/Core_Strategy.pdf,2025-12-03,,,
4220462,LP-KTT-2008,Kingston Town Centre Area Action Plan 2008,local-plan,,2020,local-authority:KTT,,,adopted,https://www.kingston.gov.uk/new-local-plan,,2025-12-03,,,
4220463,LP-KTT-2022,South London Waste Plan 2022-2037,local-plan,2022,2037,local-authority:KTT,,,adopted,https://www.kingston.gov.uk/planning-and-building-control/planning-policy/adopted-south-london-waste-plan-2022-2037,,2025-12-03,,,
4220464,LP-STA-2025,New Local Plan 2025 to 2045,local-plan,2025,2045,local-authority:STA,,,draft,https://www.staffordbc.gov.uk/local-plan,,2025-12-03,,,
4220465,LP-STA-2022,Stafford Borough Local Plan 2020-2040,local-plan,2020,2040,local-authority:STA,,,withdrawn,https://www.staffordbc.gov.uk/local-plan,,2025-12-03,,,
4220466,LP-STA-2014,The Plan for Stafford Borough 2011-2031,local-plan,2011,2031,local-authority:STA,,,adopted,https://www.staffordbc.gov.uk/local-plan,,2025-12-03,,,
4220467,LP-ENF-2024,Enfield Local Plan (Regulation 24) 2024,local-plan,,,local-authority:ENF,,,examination,https://www.enfield.gov.uk/localplan,,2025-12-03,,,
4220468,LP-BRO-2024,Greater Norwich Local Plan 2018-2038,local-plan,2018,2038,local-authority:BRO,,,adopted,https://www.gnlp.org.uk,https://www.gnlp.org.uk/sites/gnlp/files/2024-12/Adopted_GNLP_2024_STRATEGY_final_24-10-18_0.pdf,2025-12-03,,,
4220469,LP-BRO-2014,"Joint Core Strategy for Broadland, Norwich and South Norfolk",local-plan,2008,2026,local-authority:BRO,,,adopted,https://www.gnlp.org.uk/node/30,https://www.gnlp.org.uk/sites/gnlp/files/2021-01/JCS-adopted-doc-2014.pdf,2025-12-03,,,
4220470,LP-NOW-2024,Greater Norwich Local Plan 2018-2038,local-plan,2018,2038,local-authority:NOW,,,adopted,https://www.gnlp.org.uk,https://www.gnlp.org.uk/sites/gnlp/files/2024-12/Adopted_GNLP_2024_STRATEGY_final_24-10-18_0.pdf,2025-12-03,,,
4220471,LP-NOW-2014,"Joint Core Strategy for Broadland, Norwich and South Norfolk",local-plan,2008,2026,local-authority:NOW,,,adopted,https://www.gnlp.org.uk/node/30,https://www.gnlp.org.uk/sites/gnlp/files/2021-01/JCS-adopted-doc-2014.pdf,2025-12-03,,,
4220472,LP-WLL-2025,Walsall Borough Local Plan (WBLP),local-plan,,,local-authority:WLL,,,regulation-18,https://www.walsall.gov.uk/planning-and-building-control/planning-policy/future-planning-policy,,2025-12-03,,,
4220473,LP-WLL-2011,Black Country Core Strategy (BCCS),local-plan,,,local-authority:WLL,,,adopted,https://www.walsall.gov.uk/planning-and-building-control/planning-policy/current-planning-policy,,2025-12-03,,,
4220474,LP-WLL-2019,Walsall Site Allocations Document,local-plan,,,local-authority:WLL,,,adopted,https://www.walsall.gov.uk/planning-and-building-control/planning-policy/current-planning-policy,,2025-12-03,,,
4220475,LP-WLL-UDP,Unitary Development Plan,local-plan,,,local-authority:WLL,,,adopted,https://www.walsall.gov.uk/planning-and-building-control/planning-policy/current-planning-policy,,2025-12-03,,,
4220476,LP-WLL-AAP,Walsall Town Centre Area Action Plan,local-plan,,,local-authority:WLL,,,adopted,https://www.walsall.gov.uk/planning-and-building-control/planning-policy/current-planning-policy,,2025-12-03,,,
4220477,LP-SGC-2025,South Gloucestershire New Local Plan,local-plan,,,local-authority:SGC,,,regulation-19,https://www.southglos.gov.uk/newlocalplan,https://beta.southglos.gov.uk/static/ceed9365341546cfcbadc6849ff0e770/New_Local_Plan_Phase_3_towards_a_preferred_strategy_FULL_web.pdf,2025-12-03,,,
4220478,SPD-SGC-2025,Houses in Multiple Occupation Guidance for New Developments,local-plan,,,local-authority:SGC,,,regulation-18,https://www.southglos.gov.uk/newlocalplan,https://www.southglos.gov.uk/static/1341dd64c9a593d9886218a6c84c985c/Houses-in-Multiple-Occupation-SPD.pdf,2025-12-03,,,
4220479,LP-SUR-2025,Surrey Heath Local Plan 2019-2038,local-plan,2019,2038,local-authority:SUR,,,examination,https://www.surreyheath.gov.uk/newlocalplan,https://www.surreyheath.gov.uk/sites/default/files/2024-12/Submission%20Statement%20of%20Fact%2C%20December%202024.pdf,2025-12-03,,,
4220480,LP-SWK-2022,Southwark Plan 2022,local-plan,2019,2036,local-authority:SWK,,,adopted,https://www.southwark.gov.uk/planning-environment-and-building-control/planning/planning-policy-and-guidance/southwark-plan-2022,https://www.southwark.gov.uk/sites/default/files/2024-09/Southwark%20Plan%202022%20reduced%201.pdf,2025-12-03,,,
4220481,LP-BPC-2024,BCP Local Plan,local-plan,,,local-authority:BPC,,,withdrawn,https://www.bcpcouncil.gov.uk/planning-and-building-control/planning-policy/bcp-local-plan-and-community-infrastructure-levy-cil/withdrawn-draft-local-plan-and-cil-draft-charging-schedule-2024,,2025-12-03,,,
4220482,LP-BPC-2025,BCP Local Plan (New),local-plan,,,local-authority:BPC,,,draft,https://www.bcpcouncil.gov.uk/planning-and-building-control/planning-policy/bcp-local-plan-and-community-infrastructure-levy-cil,,2025-12-03,,,
4220483,,South Worcestershire Development Plan 2016,local-plan,2006,2030,local-authority:WYC,,,adopted,https://www.swdevelopmentplan.org/swdp-2016,https://www.swdevelopmentplan.org/component/fileman/?view=file&routed=1&name=The-Adopted-SWDP-February-2016.pdf&folder=Documents/South%20Worcestershire%20Development%20Plan/SWDP%202016&container=fileman-files,2025-12-03,,,
4220484,LP-GRY-2024,Great Yarmouth Local Plan,local-plan,,,local-authority:GRY,,,regulation-19,https://www.great-yarmouth.gov.uk/planning-and-building-control,,2025-12-03,,,
4220485,,,local-plan,,,national-park-authority:Q27159704,,,,,,2025-12-03,,,
4220486,LP-NYUA-2025,North Yorkshire Local Plan,local-plan,,2045,local-authority:NYUA,,,regulation-18,https://www.northyorks.gov.uk/localplan,https://www.northyorks.gov.uk/sites/default/files/2025-03/Local%20Development%20Scheme%20March%202025%20Final.pdf,2025-12-03,,,
4220487,LP-NYUA-CONSOLIDATED,North Yorkshire Consolidated Planning Policy Framework,local-plan,,,local-authority:NYUA,,,adopted,https://www.northyorks.gov.uk/planning-and-conservation/planning-policy/consolidated-planning-policy-framework-and-schedule-evidence,https://www.northyorks.gov.uk/sites/default/files/2025-10/NY%20Consolidated%20Planning%20Policy%20Framework%20-%20update%20October%202025.pdf,2025-12-03,,,
4220488,LP-FOE-2018,Forest of Dean Allocations Plan,local-plan,,2026,local-authority:FOE,,,adopted,https://www.fdean.gov.uk/adopted-local-plan,https://www.fdean.gov.uk/media/ruscm3s1/allocations-plan.pdf,2025-12-03,,,
4220489,LP-FOE-2012,Forest of Dean Core Strategy,local-plan,,,local-authority:FOE,,,adopted,https://www.fdean.gov.uk/adopted-local-plan,https://www.fdean.gov.uk/media/szzpnzxj/core-strategy.pdf,2025-12-03,,,
4220490,LP-FOE-2012-AAP,Cinderford Northern Quarter Area Action Plan,local-plan,,,local-authority:FOE,,,adopted,https://www.fdean.gov.uk/adopted-local-plan,https://www.fdean.gov.uk/media/eg1djl4j/cinderford-northern-quarter-adopted-area-action-plan.pdf,2025-12-03,,,
4220491,LP-FOE-2041-DRAFT,Forest of Dean Local Plan 2021-2043,local-plan,2021,2043,local-authority:FOE,,,regulation-18,https://www.fdean.gov.uk/emerging-local-plan,,2025-12-03,,,
4220492,LP-ESK-2029,East Suffolk Local Plan,local-plan,,2044,local-authority:ESK,,,draft,https://www.eastsuffolk.gov.uk/new-local-plan,https://www.eastsuffolk.gov.uk/assets/Planning/Planning-Policy-and-Local-Plans/Local-Plans/Call-for-sites-submission-form.pdf,2025-12-03,,,
4220493,LP-NEL-2018,North East Lincolnshire Local Plan,local-plan,,,local-authority:NEL,,,adopted,https://www.nelincs.gov.uk/planning-and-building-control/planning-policy/the-local-plan/,,2025-12-03,,,
4220494,LP-NEL-2024,North East Lincolnshire Local Plan Review - Draft Plan with Options,local-plan,,,local-authority:NEL,,,regulation-18,https://www.nelincs.gov.uk/draft-plan,https://www.nelincs.gov.uk/assets/uploads/2024/01/2023-LocalPlanReview-DraftPlanWithOptions-Accessible.pdf,2025-12-03,,,
4220495,LP-WSM-2021,Westminster City Plan 2019-2040,local-plan,2019,2040,local-authority:WSM,,,adopted,https://www.westminster.gov.uk/planning-policy,https://www.westminster.gov.uk/sites/default/files/media/documents/City%20Plan%202019-2040%20-%20April%202021.pdf,2025-12-03,,,
4220496,LP-WSM-2016,Westminster City Plan 2016,local-plan,,,local-authority:WSM,,,adopted,https://www.westminster.gov.uk/planning-policy,https://www.westminster.gov.uk/sites/default/files/media/documents/core_020_-_adopted_westminster_city_plan_2016_0.pdf,2025-12-03,,,
4220497,LP-WSM-UDP,Westminster Unitary Development Plan,local-plan,,,local-authority:WSM,,,adopted,https://www.westminster.gov.uk/planning-policy,https://www.westminster.gov.uk/sites/default/files/media/documents/UDP_Introduction.pdf,2025-12-03,,,
4220498,LP-STT-2019,Stockton-on-Tees Local Plan 2019,local-plan,,2032,local-authority:STT,,,adopted,https://www.stockton.gov.uk/local-plan,https://www.stockton.gov.uk/media/2518/Local-Plan-2019/pdf/Local_Plan_2019.pdf?m=1645450086087,2025-12-03,,,
4220499,LP-WFT-2024,Local Plan Part 1: Shaping the Borough 2020-2035,local-plan,2020,2035,local-authority:WFT,,,adopted,https://www.walthamforest.gov.uk/localplan,https://www.walthamforest.gov.uk/sites/default/files/2024-02/LBWF_LocalPlan_LP1_Feb2024_compressed.pdf,2025-12-03,,,
4220500,LP-WFT-2022,North London Waste Plan,local-plan,,2031,local-authority:WFT,,,adopted,https://www.walthamforest.gov.uk/planning-and-building-control/planning-policy/local-plan/north-london-waste-plan,,2025-12-03,,,
4220501,LP-BOT-2019,South East Lincolnshire Local Plan 2011-2036,local-plan,2011,2036,local-authority:BOT,,,adopted,https://southeastlincslocalplan.org/article/20102/Adopted-Plan,https://southeastlincslocalplan.org/media/21941/South-East-Lincolnshire-Local-Plan-2011-2036/pdf/Local-Plan-text-March-2019.pdf?m=1720710748483,2025-12-03,,,
4220502,,,local-plan,,,local-authority:POR,,,,,,2025-12-03,,,
4220503,LP-EAL-2021,The London Plan 2021,local-plan,2021,2041,local-authority:EAL,,,adopted,https://www.ealing.gov.uk/info/201164/local_plan/3125/new_local_plan/3,https://www.london.gov.uk/sites/default/files/the_london_plan_2021.pdf,2025-12-03,,,
4220504,LP-EAL-2024,Ealing New Local Plan 2024-2039,local-plan,2024,2039,local-authority:EAL,,,submitted,https://www.ealing.gov.uk/newlocalplan,,2025-12-03,,,
4220505,LP-BUR-2025,Bury Local Plan 2023-2043,local-plan,2023,2043,local-authority:BUR,,,regulation-18,https://www.bury.gov.uk/localplan,https://www.bury.gov.uk/asset-library/draft-local-plan-v7-cabinet.pdf,2025-12-03,,,
4220506,LP-BUR-1997,Bury Unitary Development Plan,local-plan,,,local-authority:BUR,,,adopted,https://www.bury.gov.uk/planning-building-control/policy-and-projects/planning-policy/bury-unitary-development-plan,https://www.bury.gov.uk/asset-library/unitary-development-plan-part-1-introduction.pdf,2025-12-03,,,
4220507,,,local-plan,,,local-authority:SND,,,,,,2025-12-03,,,
4220508,LP-BBD-2024,Blackburn with Darwen Local Plan 2021 to 2037,local-plan,2021,2037,local-authority:BBD,,,adopted,https://www.blackburn.gov.uk/planning/planning-policies/local-plan-2021-2037,https://blackburn-darwen.org.uk/wp-content/uploads/Blackburn-with-Darwen-Local-Plan-2021-2037.pdf,2025-12-03,,,
4220509,LP-ROS-2021,Rossendale Local Plan 2019 to 2036,local-plan,2019,2036,local-authority:ROS,,,adopted,https://www.rossendale.gov.uk/localplan,https://www.rossendale.gov.uk/downloads/file/17076/rossendale_local_plan_2019_to_2036_-_written_statement,2025-12-03,,,
4220510,LP-BRY-2019,Bromley Local Plan,local-plan,,,local-authority:BRY,,,adopted,https://www.bromley.gov.uk/localplan,https://www.bromley.gov.uk/downloads/file/51/bromley-local-plan,2025-12-03,,,
4220511,LP-TEN-2021,Tendring District Local Plan 2013-2033 and Beyond: North Essex Authorities Shared Strategic Section 1,local-plan,2013,2033,local-authority:TEN,,,adopted,https://www.tendringdc.gov.uk/localplan,https://www.tendringdc.gov.uk/sites/default/files/documents/planning/Planning_Policy/Section_1/Tendring%20District%20Local%20Plan%202013-2033%20and%20Beyond%20-%20Section%201_AC.pdf,2025-12-03,,,
4220512,LP-TEN-2022,Tendring District Local Plan 2013-2033 and Beyond: Section 2,local-plan,2013,2033,local-authority:TEN,,,adopted,https://www.tendringdc.gov.uk/localplan,https://www.tendringdc.gov.uk/sites/default/files/documents/planning/Planning_Policy/Section_2/Tendring%20District%20Local%20Plan%202013-2033%20and%20Beyond%20-%20Section%202_AC.pdf,2025-12-03,,,
4220513,LP-HOR-2015,Horsham District Planning Framework,local-plan,,,local-authority:HOR,,,adopted,https://horsham.gov.uk/planning/local-plan/read-the-current-local-plan,,2025-12-03,,,
4220514,LP-SCA-2024,Greater Cambridge Local Plan,local-plan,,,local-authority:SCA,,,regulation-18,https://www.greatercambridgeplanning.org/emerging-plans-and-guidance/,,2025-12-03,,,
4220515,AAP-SCA-2024,North East Cambridge Area Action Plan,local-plan,,,local-authority:SCA,,,regulation-18,https://www.greatercambridgeplanning.org/emerging-plans-and-guidance/,,2025-12-03,,,
4220516,LP-SCA-ADOPTED,The Adopted Development Plan,local-plan,,,local-authority:SCA,,,adopted,https://www.scambs.gov.uk/planning-and-building-control/local-plan-and-neighbourhood-planning,,2025-12-03,,,
4220517,,,local-plan,,,national-park-authority:Q72617784,,,,,,2025-12-03,,,
4220518,LP-BAN-2016,Adopted Local Plan 2011 to 2029,local-plan,2011,2029,local-authority:BAN,,,adopted,https://www.basingstoke.gov.uk/planningpolicy,https://www.basingstoke.gov.uk/content/doclib/1592.pdf,2025-12-03,,,
4220519,LP-RED-2017,Borough of Redditch Local Plan,local-plan,,,local-authority:RED,,,adopted,https://www.redditchbc.gov.uk/council/policy/planning-policy/,,2025-12-03,,,
4220520,LP-RED-REVIEW,Borough of Redditch Local Plan Review,local-plan,,,local-authority:RED,,,draft,https://www.redditchbc.gov.uk/council/policy/planning-policy/,,2025-12-03,,,
4220521,LP-STN-2018,Sutton Local Plan 2016-2031,local-plan,2016,2031,local-authority:STN,,,adopted,https://www.sutton.gov.uk/-/the-local-plan,https://www.sutton.gov.uk/documents/d/guest/sutton-local-plan-2018-,2025-12-03,,,
4220522,LP-STN-2024,New Sutton Local Plan 2024-2041,local-plan,2024,2041,local-authority:STN,,,regulation-18,https://www.sutton.gov.uk/-/localplanreview,https://www.sutton.gov.uk/documents/d/guest/local-plan-issues-and-preferred-options-2024-,2025-12-03,,,
4220523,LP-STN-2022,South London Waste Plan,local-plan,,,local-authority:STN,,,adopted,https://www.sutton.gov.uk/-/the-local-plan,https://www.sutton.gov.uk/documents/d/guest/south-london-waste-plan-2022-,2025-12-03,,,
4220524,LP-LAC-2025,Local Plan Part One: Strategic Policies and Land Allocations (climate emergency review) DPD,local-plan,2011,2031,local-authority:LAC,,,adopted,https://www.lancaster.gov.uk/planning/planning-policy/about-local-plan,,2025-12-03,,,
4220525,LP-LAC-2025-2,Local Plan Part Two: Development Management (climate emergency review) DPD,local-plan,2011,2031,local-authority:LAC,,,adopted,https://www.lancaster.gov.uk/planning/planning-policy/about-local-plan,,2025-12-03,,,
4220526,LP-LAC-2014,Morecambe Area Action Plan DPD,local-plan,,,local-authority:LAC,,,adopted,https://www.lancaster.gov.uk/planning/planning-policy/about-local-plan,,2025-12-03,,,
4220527,LP-LAC-2019,Arnside and Silverdale AONB DPD,local-plan,,,local-authority:LAC,,,adopted,https://www.lancaster.gov.uk/planning/planning-policy/about-local-plan,,2025-12-03,,,
4220528,LP-LAC-2025-3,New Local Plan for Lancaster District (Full Review),local-plan,,,local-authority:LAC,,,regulation-18,https://www.lancaster.gov.uk/planning/planning-policy/local-plan-review,,2025-12-03,,,
4220529,LP-WOI-2025,Woking Local Plan,local-plan,,,local-authority:WOI,,,regulation-18,https://www.woking.gov.uk/your-council/have-your-say/consultations/woking-local-plan-consultation,,2025-12-03,,,
4220530,LP-Q5225646-2018,Dartmoor Local Plan 2018-2036,local-plan,2018,2036,national-park-authority:Q5225646,,,adopted,https://www.dartmoor.gov.uk/localplan,https://www.dartmoor.gov.uk/__data/assets/pdf_file/0030/571827/Dartmoor-Local-Plan-20182036.pdf.pdf,2025-12-03,,,
4220531,LP-CAS-1998,Castle Point Local Plan,local-plan,,,local-authority:CAS,,,adopted,https://www.castlepoint.gov.uk/adopted-local-plan,https://www.castlepoint.gov.uk/download.cfm?doc=docm93jijm4n1267.pdf&ver=1498,2025-12-03,,,
4220532,LP-CAS-2025,Castle Point Plan 2026-2043,local-plan,2026,2043,local-authority:CAS,,,regulation-19,https://consultation.castlepoint.gov.uk/cpplan/,,2025-12-03,,,
4220533,LP-WLV-2025,Wolverhampton Local Plan,local-plan,,2042,local-authority:WLV,,,examination,https://www.wolverhampton.gov.uk/localplan,https://www.wolverhampton.gov.uk/sites/default/files/2024-11/Main%20Document%20WLP%20Reg%2019.pdf,2025-12-03,,,
4220534,LP-WLV-2011,Black Country Core Strategy,local-plan,,2026,local-authority:WLV,,,adopted,https://www.wolverhampton.gov.uk/planningpolicy,,2025-12-03,,,
4220535,LP-GAT-2015,"Planning for the Future - Core Strategy and Urban Core Plan for Gateshead and Newcastle Upon Tyne, 2010-2030",local-plan,2010,2030,local-authority:GAT,,,adopted,https://www.gateshead.gov.uk/article/3251/Core-Strategy-and-Urban-Core-Plan-for-Gateshead-and-Newcastle-2010-2030,https://www.gateshead.gov.uk/media/7765/Core-Strategy-and-Urban-Core-Plan-for-Gateshead-and-Newcastle/pdf/Core-Strategy-and-Urban-Core-Plan-for-Gateshead-and-Newcastle_SMALLER.pdf?m=1526313509250,2025-12-03,,,
4220536,LP-GAT-2025,Local Plan Review - March 2025,local-plan,,,local-authority:GAT,,,draft,https://www.gateshead.gov.uk/article/3001/Local-Plan,https://www.gateshead.gov.uk/media/45424/Gateshead-Local-Plan-Review-March-2025/pdf/Gateshead_Local_Plan_Review_31st_March_2025.pdf?m=1743446758253,2025-12-03,,,
4220537,LP-TEW-2025,Strategic and Local Plan (SLP),local-plan,,,local-authority:TEW,,,regulation-18,https://tewkesbury.gov.uk/services/planning/planning-policy/emerging-strategic-and-local-plan-slp/,,2025-12-03,,,
4220538,LP-RDB-2018,Redbridge Local Plan 2015-2030,local-plan,2015,2030,local-authority:RDB,,,adopted,https://www.redbridge.gov.uk/localplan,https://www.redbridge.gov.uk/media/oj3hxvhl/10-redbridgelocal-plan_070318_web-1_tp.pdf,2025-12-03,,,
4220539,LP-RDB-2012,Minerals Local Plan,local-plan,,,local-authority:RDB,,,adopted,https://www.redbridge.gov.uk/localplan,https://www.redbridge.gov.uk/media/jl4djynw/minerals-local-plan-sept-2012.pdf,2025-12-03,,,
4220540,LP-RDB-2012-WASTE,Joint East London Waste Plan,local-plan,,,local-authority:RDB,,,adopted,https://www.redbridge.gov.uk/localplan,https://www.redbridge.gov.uk/media/n3cnjxps/joint-waste-dpd-adopted-feb-2012.pdf,2025-12-03,,,
4220541,LP-HYN-1996,Hyndburn Local Plan 1996,local-plan,,,local-authority:HYN,,,adopted,https://www.hyndburnbc.gov.uk/planningpolicy/,,2025-12-03,,,
4220542,LP-SWD-2015,Swindon Borough Local Plan 2026,local-plan,,2026,local-authority:SWD,,,adopted,https://www.swindon.gov.uk/localplan,https://www.swindon.gov.uk/downloads/file/3988/swindon_borough_local_plan_2026,2025-12-03,,,
4220543,LP-SWD-2043,Swindon Local Plan 2043,local-plan,2023,2043,local-authority:SWD,,,regulation-18,https://www.swindon.gov.uk/newlocalplan,https://www.swindon.gov.uk/downloads/file/11660/0101_local_plan_2023_to_2043_regulation_18,2025-12-03,,,
4220544,LP-NDE-2018,North Devon and Torridge Local Plan 2011-2031,local-plan,2011,2031,local-authority:NDE,,,adopted,https://consult.torridge.gov.uk/portal/planning/localplan/adoption/,,2025-12-03,,,
4220545,LP-CHW-2025,Local Plan Issues and Options 2025,local-plan,,,local-authority:CHW,,,regulation-18,https://www.cheshirewestandchester.gov.uk/localplan,,2025-12-03,,,
4220546,LP-CHW-2019,Local Plan (Part Two) Land Allocations and Detailed Policies,local-plan,,,local-authority:CHW,,,adopted,https://www.cheshirewestandchester.gov.uk/your-council/policies-and-performance/council-plans-policies-and-strategies/planning-policy/local-plan/local-plan-part-two,,2025-12-03,,,
4220547,LP-CHW-2015,Local Plan (Part One) Strategic Policies,local-plan,,,local-authority:CHW,,,adopted,https://www.cheshirewestandchester.gov.uk/your-council/policies-and-performance/council-plans-policies-and-strategies/planning-policy/local-plan/local-plan-part-one,,2025-12-03,,,
4220548,LP-BPL-2023,Blackpool Local Plan Part 2: Site Allocations and Development Management Policies,local-plan,2012,2027,local-authority:BPL,,,adopted,https://www.blackpool.gov.uk/Residents/Planning-environment-and-community/Planning/Planning-policy/Blackpool-local-plan/Site-allocations-and-development-management-policies.aspx,https://www.blackpool.gov.uk/Residents/Planning-environment-and-community/Documents/LPP2-Adoption-Final-Feb-23.pdf,2025-12-03,,,
4220549,LP-BPL-2016,Blackpool Local Plan Part 1: Core Strategy 2012-2027,local-plan,2012,2027,local-authority:BPL,,,adopted,https://www.blackpool.gov.uk/Residents/Planning-environment-and-community/Planning/Planning-policy/Blackpool-local-plan/Core-strategy.aspx,https://www.blackpool.gov.uk/Residents/Planning-environment-and-community/Documents/J118003-107575-2016-updated-17-Feb-2016-High-Res.pdf,2025-12-03,,,
4220550,LP-BPL-2045,New Local Plan to 2045,local-plan,,2045,local-authority:BPL,,,draft,https://www.blackpool.gov.uk/Residents/Planning-environment-and-community/Planning/Planning-policy/Blackpool-local-plan/New-local-plan-to-2042/New-local-plan-to-2045.aspx,,2025-12-03,,,
4220551,LP-LLDC-2020,London Legacy Development Corporation Local Plan 2020-2036,local-plan,2020,2036,development-corporation:Q6670544,,,adopted,https://www.queenelizabetholympicpark.co.uk/planning-policy,https://live-qeop.pantheonsite.io/sites/default/files/attachments/LOCAL%20PLAN_web%20version-min.pdf,2025-12-03,,,
4220552,LP-LLDC-2015,London Legacy Development Corporation Local Plan 2015-2031,local-plan,2015,2031,development-corporation:Q6670544,,,adopted,https://www.queenelizabetholympicpark.co.uk/node/3360,,2025-12-03,,,
4220553,LP-LEW-2025,Lewisham Local Plan 2020-2040,local-plan,2020,2040,local-authority:LEW,,,adopted,https://www.lewisham.gov.uk/myservices/planning/policy/adopted-local-plan/adoption-of-the-local-plan,https://www.lewisham.gov.uk/-/media/services/planning/planning-policy/local-plan/local-plan-2020-2040/local-plan-final-word-copy-for-adoption_150725_final.pdf,2025-12-03,,,
4220554,LP-BAB-2023,Babergh and Mid Suffolk Joint Local Plan Part 1 2018-2037,local-plan,2018,2037,local-authority:BAB,,,adopted,https://www.midsuffolk.gov.uk/joint-local-plan,https://www.midsuffolk.gov.uk/documents/d/asset-library-54706/babergh-and-mid-suffolk-joint-local-plan-part-1-nov-2023,2025-12-03,,,
4220555,LP-BAB-2025,Babergh and Mid Suffolk Joint Local Plan Review,local-plan,,,local-authority:BAB,,,draft,https://www.midsuffolk.gov.uk/joint-local-plan,https://www.midsuffolk.gov.uk/documents/d/asset-library-54706/babergh-and-mid-suffolk-joint-local-plan-review,2025-12-03,,,
4220556,LP-THR-2024,New Local Plan for Thurrock,local-plan,,,local-authority:THR,,,regulation-18,https://www.thurrock.gov.uk/new-local-plan-for-thurrock/thurrock-local-plan,,2025-12-03,,,
4220557,LP-NEC-2025,Newcastle-under-Lyme Local Plan 2020-2040,local-plan,2020,2040,local-authority:NEC,,,examination,https://www.newcastle-staffs.gov.uk/localplan,,2025-12-03,,,
4220558,LP-NEC-STE-2007,Stoke-on-Trent and Newcastle-under-Lyme Joint Local Development Framework Core Spatial Strategy 2006-2026,local-plan,2006,2026,local-authority:NEC,,,adopted,https://www.stoke.gov.uk/directory_record/331603/sot_and_nul_local_development_framework_core_spatial_strategy_2006_to_2026/category/307/local_development_framework,https://www.stoke.gov.uk/download/downloads/id/441/sot_and_nul_local_development_framework_core_spatial_strategy_2006_to_2026.pdf,2025-12-03,,,
4220559,LP-NEC-2011,Newcastle-under-Lyme Local Plan 2011 (Saved Policies),local-plan,,,local-authority:NEC,,,adopted,https://www.newcastle-staffs.gov.uk/planning-policy/current-development-plan,,2025-12-03,,,
4220560,LP-STA-2017,Minerals Local Plan for Staffordshire 2015-2030,local-plan,2015,2030,local-authority:STA,,,adopted,https://www.staffordshire.gov.uk/environment/planning/policy/mineralslocalplan/mineralsLocalPlan.aspx,https://www.staffordshire.gov.uk/Environment/Planning/policy/mineralslocalplan/Documents/The-Minerals-Local-Plan-for-Staffordshire-2015-2030.PDF,2025-12-03,,,
4220561,LP-SHE-2022,Core Strategy Review 2022,local-plan,,2037,local-authority:SHE,,,adopted,https://www.folkestone-hythe.gov.uk/planning-policy/adopted-development-plan,https://www.folkestone-hythe.gov.uk/downloads/file/3593/core-strategy-review-2022,2025-12-03,,,
4220562,LP-SHE-2020,Places and Policies Local Plan,local-plan,,,local-authority:SHE,,,adopted,https://www.folkestone-hythe.gov.uk/planning-policy/adopted-development-plan,https://www.folkestone-hythe.gov.uk/downloads/file/3598/places-and-policies-local-plan,2025-12-03,,,
4220563,LP-SHE-2019,The St. Mary in the Marsh Neighbourhood Plan,local-plan,,,local-authority:SHE,,,adopted,https://www.folkestone-hythe.gov.uk/planning-policy/adopted-development-plan,https://www.folkestone-hythe.gov.uk/downloads/file/1177/st-mary-in-the-marsh-neighbourhood-plan,2025-12-03,,,
4220564,LP-ADU-2017,Adur Local Plan 2017,local-plan,,2032,local-authority:ADU,,,adopted,https://www.adur-worthing.gov.uk/adur-local-plan/,"https://www.adur-worthing.gov.uk/media/Media,159572,smxx.pdf",2025-12-03,,,
4220565,,,local-plan,,,local-authority:EAT,,,,,,2025-12-03,,,
4220566,LP-HMF-2018,Local Plan 2018-2035,local-plan,2018,2035,local-authority:HMF,,,adopted,https://www.lbhf.gov.uk/planning/planning-policy/local-plan,https://www.lbhf.gov.uk/sites/default/files/section_attachments/local_plan_2018_web_version.pdf,2025-12-03,,,
4220567,LP-HMF-2025,Local Plan Regulation 18 2025-2042,local-plan,2025,2042,local-authority:HMF,,,regulation-18,https://www.lbhf.gov.uk/localplan,,2025-12-03,,,
4220568,LP-EHE-2018,East Herts District Plan 2018,local-plan,2011,2033,local-authority:EHE,,,adopted,https://www.eastherts.gov.uk/planning-and-building/planning-policy/east-herts-district-plan-2018,https://www.eastherts.gov.uk/sites/default/files/documents/District_Plan_Publish_web_view.pdf,2025-12-03,,,
4220569,LP-EHE-2007,East Herts Local Plan Second Review 2007,local-plan,,,local-authority:EHE,,,adopted,https://www.eastherts.gov.uk/localplan,https://www.eastherts.gov.uk/sites/default/files/documents/Direction_Schedule_of_Saved_Policies-_Redacted.pdf,2025-12-03,,,
4220570,LP-BOL-2024,Places for Everyone Joint Development Plan,local-plan,,,local-authority:BOL,,,adopted,https://www.bolton.gov.uk/planning-policy-strategy/greater-manchester-spatial-framework-consultation,https://www.greatermanchester-ca.gov.uk/media/3ccbetc4/post-adoption-places-for-everyone-joint-development-plan.pdf,2025-12-03,,,
4220571,LP-BOL-2011,Core Strategy,local-plan,,2026,local-authority:BOL,,,adopted,https://www.bolton.gov.uk/planning-policy-strategy/core-strategy,https://www.bolton.gov.uk/downloads/file/666/core-strategy,2025-12-03,,,
4220572,LP-BOL-2025,Emerging Local Plan,local-plan,,,local-authority:BOL,,,regulation-18,https://www.bolton.gov.uk/planning/local-plan,,2025-12-03,,,
4220573,LP-BOL-2012,Greater Manchester Waste Plan,local-plan,,,local-authority:BOL,,,adopted,https://www.bolton.gov.uk/planning-policy-strategy/bolton-development-plan,https://www.bolton.gov.uk/downloads/file/6911/greater-manchester-waste-plan,2025-12-03,,,
4220574,LP-BOL-2013,Greater Manchester Minerals Plan,local-plan,,,local-authority:BOL,,,adopted,https://www.bolton.gov.uk/planning-policy-strategy/bolton-development-plan,https://www.bolton.gov.uk/downloads/file/6910/greater-manchester-minerals-plan,2025-12-03,,,
4220575,LP-MAS-2020,Mansfield District Local Plan 2013-2033,local-plan,2013,2033,local-authority:MAS,,,adopted,https://www.mansfield.gov.uk/local-plan/adopted-local-plan-2013-2033,https://www.mansfield.gov.uk/downloads/file/1645/mdc-adopted-local-plan-2020,2025-12-03,,,
4220576,LP-BRT-2014,Part 1 Local Plan: Core Strategy,local-plan,,,local-authority:BRT,,,adopted,https://www.broxtowe.gov.uk/for-you/planning/planning-policy/part-1-local-plan-core-strategy/,,2025-12-03,,,
4220577,LP-BRT-2019,Part 2 Local Plan,local-plan,,,local-authority:BRT,,,adopted,https://www.broxtowe.gov.uk/for-you/planning/planning-policy/part-2-local-plan/,,2025-12-03,,,
4220578,LP-HIG-2024,High Peak Local Plan,local-plan,,,local-authority:HIG,,,draft,https://www.highpeak.gov.uk/article/225/Planning-and-building-regulations-for-business,,2025-12-03,,,
4220579,LP-LBH-2021,Lambeth Local Plan 2021,local-plan,2020,2035,local-authority:LBH,,,adopted,https://www.lambeth.gov.uk/localplan,https://beta.lambeth.gov.uk/sites/default/files/2021-09/Lambeth%20Local%20Plan%202021.pdf,2025-12-03,,,
4220580,LP-LBH-2015,Lambeth Local Plan 2015,local-plan,,,local-authority:LBH,,,adopted,https://www.lambeth.gov.uk/planning-building-control/planning-policy-guidance/lambeth-local-plan-2021/archived-local-plans,https://beta.lambeth.gov.uk/sites/default/files/2021-09/Lambeth%20Local%20Plan%202015%20web.pdf,2025-12-03,,,
4220581,CS-LBH-2011,Core Strategy,local-plan,,,local-authority:LBH,,,adopted,https://www.lambeth.gov.uk/planning-building-control/planning-policy-guidance/lambeth-local-plan-2021/archived-local-plans,https://www.lambeth.gov.uk/sites/default/files/2021-07/pl-core-strategy-archive-version.pdf,2025-12-03,,,
4220582,UDP-LBH-UDP,Unitary Development Plan,local-plan,,,local-authority:LBH,,,adopted,https://www.lambeth.gov.uk/planning-building-control/planning-policy-guidance/lambeth-local-plan-2021/archived-local-plans,https://www.lambeth.gov.uk/sites/default/files/pl-udp-archive-version.pdf,2025-12-03,,,
4220583,LP-RCH-2012,Core Strategy,local-plan,,,local-authority:RCH,,,adopted,https://www.rochdale.gov.uk/local-planning-policy/core-strategy-local-plan,,2025-12-03,,,
4220584,LP-RCH-2024,Places for Everyone Plan,local-plan,,,local-authority:RCH,,,adopted,https://www.rochdale.gov.uk/local-planning-policy/places-for-everyone,,2025-12-03,,,
4220585,LP-RCH-1996,Rochdale Borough Unitary Development Plan,local-plan,1996,2016,local-authority:RCH,,,adopted,https://www.rochdale.gov.uk/local-planning-policy/local-plan,,2025-12-03,,,
4220586,LP-RCH-ALLOC,Allocations Plan,local-plan,,,local-authority:RCH,,,draft,https://www.rochdale.gov.uk/local-planning-policy/local-plan,,2025-12-03,,,
4220587,LP-RCH-WASTE,Greater Manchester Joint Waste Development Plan,local-plan,,,local-authority:RCH,,,adopted,https://www.rochdale.gov.uk/local-planning-policy/greater-manchester-joint-waste-development-plan,,2025-12-03,,,
4220588,LP-RCH-MINERALS,Greater Manchester Joint Minerals Development Plan,local-plan,,,local-authority:RCH,,,adopted,https://www.rochdale.gov.uk/local-planning-policy/greater-manchester-joint-minerals-development-plan,,2025-12-03,,,
4220589,LP-AYL-2021,Vale of Aylesbury Local Plan (VALP),local-plan,,,local-authority:AYL,,,adopted,https://www.buckinghamshire.gov.uk/planning-and-building-control/planning-policy/local-planning-guidance/local-development-plans,https://www.buckinghamshire.gov.uk/documents/9742/Aylesbury_local_plan_L46JWaT.pdf,2025-12-03,,,
4220590,MWP-AYL-2016,Buckinghamshire Minerals and Waste Local Plan 2016-2036,local-plan,2016,2036,local-authority:AYL,,,adopted,https://www.buckinghamshire.gov.uk/planning-and-building-control/planning-policy/local-planning-guidance/local-development-plans,https://www.buckinghamshire.gov.uk/documents/9727/buckinghamshire-minerals-and-waste-local-plan-2016-2036_yiYUGSb.pdf,2025-12-03,,,
4220591,LP-BRA-2022,Braintree District Local Plan,local-plan,,2033,local-authority:BRA,,,adopted,https://www.braintree.gov.uk/planning-building-control/local-plan-2033,,2025-12-03,,,
4220592,LP-BRA-2041,Braintree District Local Plan Review 2041,local-plan,,2041,local-authority:BRA,,,regulation-18,https://www.braintree.gov.uk/localplanreview,,2025-12-03,,,
4220593,LP-DST-2025,Dorset Council Local Plan 2026-2043,local-plan,2026,2043,local-authority:DST,,,regulation-18,https://www.dorsetcouncil.gov.uk/w/dorset-council-local-plan-options-consultation-2025,https://www.dorsetcouncil.gov.uk/documents/d/guest/dorset-council-local-plan-options-consultation-document-2025-printweb-final,2025-12-03,,,
4220594,LP-NTY-2017,North Tyneside Local Plan 2017-2032,local-plan,2017,2032,local-authority:NTY,,,adopted,https://www.northtyneside.gov.uk/residents/planning/planning-policy/local-plan,https://www.northtyneside.gov.uk/sites/default/files/2025-09/North%20Tyneside%20Local%20Plan%202017-2032%20%281%29.pdf,2025-12-03,,,
4220595,LP-CMD-2017,Camden Local Plan 2017,local-plan,,,local-authority:CMD,,,adopted,https://www.camden.gov.uk/localplan,,2025-12-03,,,
4220596,LP-CMD-2024,Camden Local Plan Review,local-plan,,,local-authority:CMD,,,draft,https://www.camden.gov.uk/local-plan-review,,2025-12-03,,,
4220597,SA-CMD-2013,Camden Site Allocations Plan,local-plan,,,local-authority:CMD,,,adopted,https://www.camden.gov.uk/local-plan-documents,,2025-12-03,,,
4220598,AAP-CMD-EUSTON,Euston Area Plan,local-plan,,,local-authority:CMD,,,adopted,https://www.camden.gov.uk/local-plan-documents,,2025-12-03,,,
4220599,AAP-CMD-FITZROVIA,Fitzrovia Area Action Plan,local-plan,,,local-authority:CMD,,,adopted,https://www.camden.gov.uk/local-plan-documents,,2025-12-03,,,
4220600,MWP-NL-2022,North London Waste Plan,local-plan,,,local-authority:CMD,,,adopted,https://www.camden.gov.uk/local-plan-documents,,2025-12-03,,,
4220601,LP-TAW-2016,Tamworth Borough Council Local Plan 2006-2031,local-plan,2006,2031,local-authority:TAW,,,adopted,https://www.tamworth.gov.uk/local-plans,https://www.tamworth.gov.uk/sites/default/files/planning_docs/Appendix-D-Monitoring-Framework.pdf,2025-12-03,,,
4220602,LP-TAW-2043,Local Plan 2022-2043,local-plan,2022,2043,local-authority:TAW,,,draft,https://www.tamworth.gov.uk/local-plans,,2025-12-03,,,
4220603,LP-NEW-2020,Local Plan 2016-2036 Part 1: Planning Strategy,local-plan,2016,2036,local-authority:NEW,,,adopted,https://www.newforest.gov.uk/article/1510/Local-Plan-2016-2036-part-1-Planning-strategy,https://www.newforest.gov.uk/media/705/Local-Plan-Document-2016-2036/pdf/Local_Plan_2016_2036FINAL_v2.pdf?m=637304853970400000,2025-12-03,,,
4220604,LP-NEW-2014,Local Plan Part 2: Sites and Development Management,local-plan,,,local-authority:NEW,,,adopted,https://www.newforest.gov.uk/developmentplan,https://www.newforest.gov.uk/media/713/Section-2-Development-Management-Policies/pdf/Section_2_Development_Management_Policies.pdf?m=637298093896870000,2025-12-03,,,
4220605,LP-NEW-2009,Local Plan Part 1: Core Strategy 2009,local-plan,,2026,local-authority:NEW,,,adopted,https://www.newforest.gov.uk/article/2808/The-Local-Plan-Part-1-Core-Strategy-2009,https://newforest.gov.uk/media/683/Core-Strategy-2009/pdf/Core_Strategy.pdf?m=637293905608770000,2025-12-03,,,
4220606,LP-NEW-2005,New Forest District Local Plan First Alteration 2005,local-plan,,,local-authority:NEW,,,adopted,https://www.newforest.gov.uk/developmentplan,https://newforest.gov.uk/media/788/-New-Forest-District-Local-Plan-First-Alteration-2005-/pdf/New_Forest_Local_Plan_First_Alteration_2005.pdf?m=637299684625230000,2025-12-03,,,
4220607,LP-Q72617988-2011,Peak District National Park Local Plan,local-plan,,,national-park-authority:Q72617988,,,adopted,https://www.peakdistrict.gov.uk/planning/planning-policies,,2025-12-03,,,
4220608,LP-STO-2015,Stroud District Local Plan,local-plan,,2031,local-authority:STO,,,adopted,https://www.stroud.gov.uk/localplan,https://www.stroud.gov.uk/media/2iqhaixj/stroud-district-local-plan_november-2015_low-res_for-web.pdf,2025-12-03,,,
4220609,LP-STV-2019,Stevenage Borough Local Plan 2011-2031,local-plan,2011,2031,local-authority:STV,,,adopted,https://www.stevenage.gov.uk/planning-and-building-control/planning-policy/local-plan,,2025-12-03,,,
4220610,LP-STV-PARTIAL,Stevenage Borough Local Plan Partial Update,local-plan,,,local-authority:STV,,,submitted,https://www.stevenage.gov.uk/planning-and-building-control/planning-policy/local-plan-partial-update,,2025-12-03,,,
4220611,LP-SDNPA-2019,South Downs Local Plan 2014-2033,local-plan,2014,2033,national-park-authority:Q20198711,,,adopted,https://www.southdowns.gov.uk/planning-policy/south-downs-local-plan/,,2025-12-03,,,
4220612,LP-SDNPA-2025,South Downs Local Plan Review,local-plan,,,national-park-authority:Q20198711,,,regulation-18,https://www.southdowns.gov.uk/planning-policy/the-south-downs-local-plan-review/,,2025-12-03,,,
4220613,LP-ECA-2015,East Cambridgeshire Local Plan 2015 (as amended 2023),local-plan,,2031,local-authority:ECA,,,adopted,https://www.eastcambs.gov.uk/planning-and-building-control/planning-policy-and-guidance/adopted-local-plan/local-plan,https://www.eastcambs.gov.uk/sites/default/files/2024-10/Local%20Plan%20adopted%2019%20October%202023%20-%20final%20with%20cover.pdf,2025-12-03,,,
4220614,LP-RUT-2025,Rutland Local Plan 2021-2041,local-plan,2021,2041,local-authority:RUT,,,submitted,https://www.rutland.gov.uk/planning-building-control/local-plan/submitted-local-plan/pre-submission-draft-local-plan-consultation-regulation-19,https://www.rutland.gov.uk/sites/default/files/2024-10/regulation_19_local_plan_v2.pdf,2025-12-03,,,
4220615,LP-RUT-2011,Core Strategy DPD 2011-2026,local-plan,2011,2026,local-authority:RUT,,,adopted,https://www.rutland.gov.uk/adopted-local-plan,https://www.rutland.gov.uk/sites/default/files/2022-09/Core%20Strategy%20DPD%20%28July%202011%29.pdf,2025-12-03,,,
4220616,LP-RUT-2014,Site Allocations and Policies DPD,local-plan,,,local-authority:RUT,,,adopted,https://www.rutland.gov.uk/adopted-local-plan,https://www.rutland.gov.uk/sites/default/files/2022-12/Site%20Allocations%20and%20Policies%20DPD%20%28October%202014%29.pdf,2025-12-03,,,
4220617,LP-RUT-2010,Minerals Core Strategy and Development Control Policies DPD,local-plan,,,local-authority:RUT,,,adopted,https://www.rutland.gov.uk/adopted-local-plan,https://www.rutland.gov.uk/sites/default/files/2022-10/LP14%20-%20Minerals%20Core%20Strategy%20and%20Development%20Control%20Policies%20DPD%20%28October%202010%29.pdf,2025-12-03,,,
4220618,LP-PLY-2019,Plymouth and South West Devon Joint Local Plan 2014-2034,local-plan,2014,2034,local-authority:PLY,,,adopted,https://www.plymouth.gov.uk/adopted-plymouth-and-south-west-devon-joint-local-plan,https://www.plymouth.gov.uk/sites/default/files/JLPAdoptedVersion.pdf,2025-12-03,,,
4220619,LP-PLY-2020,Local Green Space Development Plan Document,local-plan,,,local-authority:PLY,,,draft,https://www.plymouth.gov.uk/local-green-space-development-plan-document,https://www.plymouth.gov.uk/sites/default/files/LGSDPDDesignationCriteriaDocument.pdf,2025-12-03,,,
4220620,LP-BRX-2020,Broxbourne Local Plan 2018-2033,local-plan,2018,2033,local-authority:BRX,,,adopted,https://www.broxbourne.gov.uk/localplan,https://www.broxbourne.gov.uk/downloads/file/1813/local-plan-2018-2033,2025-12-03,,,
4220621,LP-BRX-2013,Full Adopted Local Plan 2001-2011,local-plan,2001,2011,local-authority:BRX,,,adopted,https://www.broxbourne.gov.uk/localplan,https://www.broxbourne.gov.uk/downloads/file/928/pp-2013-12-17-full-adopted-local-plan-2001-2011,2025-12-03,,,
4220622,LP-BEN-2022,Brent Local Plan 2019-2041,local-plan,2019,2041,local-authority:BEN,,,adopted,https://www.brent.gov.uk/localplan,https://www.brent.gov.uk/media/16420376/brent-local-plan-2019-2041.pdf,2025-12-03,,,
4220623,LP-BEN-WLWP-2031,West London Waste Plan,local-plan,,2031,local-authority:BEN,,,adopted,https://www.brent.gov.uk/localplan,https://www.brent.gov.uk/media/16402581/west-london-waste-plan.pdf,2025-12-03,,,
4220624,NP-BEN-HAR-2019,Harlesden Neighbourhood Plan,local-plan,,,local-authority:BEN,,,adopted,https://www.brent.gov.uk/localplan,https://www.brent.gov.uk/media/16412964/np-final-may-2019.pdf,2025-12-03,,,
4220625,LP-IOW-2024,Island Planning Strategy,local-plan,,,local-authority:IOW,,,examination,https://www.iow.gov.uk/environment-and-planning/planning/local-plan/draft-island-planning-strategy/,,2025-12-03,,,
4220626,LP-BNS-2019,Barnsley Local Plan,local-plan,,,local-authority:BNS,,,adopted,https://www.barnsley.gov.uk/localplan,https://www.barnsley.gov.uk/media/17249/local-plan-adopted.pdf,2025-12-03,,,
4220627,LP-BNS-2014,"Barnsley, Doncaster and Rotherham Joint Waste Plan",local-plan,,,local-authority:BNS,,,adopted,https://www.barnsley.gov.uk/planning-policy,https://www.barnsley.gov.uk/media/18273/barnsley-doncaster-and-rotherham-joint-waste-plan.pdf,2025-12-03,,,
4220628,LP-CHO-2015,Chorley Local Plan 2012-2026,local-plan,2012,2026,local-authority:CHO,,,adopted,https://www.chorley.gov.uk/planning-policy/local-plan,https://chorley.gov.uk/downloads/file/260/chorley-local-plan-2012-2026-adopted-2015-,2025-12-03,,,
4220629,LP-CHO-2012,Central Lancashire Core Strategy,local-plan,2012,2026,local-authority:CHO,,,adopted,https://www.chorley.gov.uk/planning-policy/local-plan,https://centrallocalplan.lancashire.gov.uk/media/1032/central-lancashire-core-strategy-july-2012-v1.pdf,2025-12-03,,,
4220630,LP-CHO-2041,Central Lancashire Local Plan 2023-2041,local-plan,2023,2041,local-authority:CHO,,,submitted,https://www.chorley.gov.uk/localplan,,2025-12-03,,,
4220631,LP-BRM-2023,Bromsgrove District Local Plan - Draft Development Strategy,local-plan,,,local-authority:BRM,,,regulation-18,https://www.bromsgrove.gov.uk/council/policy/planning-policies-and-other-information/bromsgrove-district-local-plan-draft-development-strategy-consultation/,,2025-12-03,,,
4220632,LP-BRM-ADOPTED,Adopted Local Development Plan,local-plan,,,local-authority:BRM,,,adopted,https://www.bromsgrove.gov.uk/council/policy/planning-policies-and-other-information/adopted-local-development-plan/,,2025-12-03,,,
4220633,LP-KIN-2025,King's Lynn and West Norfolk Local Plan 2021-2040,local-plan,2021,2040,local-authority:KIN,,,adopted,https://www.west-norfolk.gov.uk/info/20079/planning_policy_and_local_plan/1207/local_plan_2021-2040_adopted_march_2025,https://www.west-norfolk.gov.uk/download/downloads/id/9463/local_plan_2021-2040_-_july_2025.pdf,2025-12-03,,,
4220634,LP-REI-2019,Reigate and Banstead Local Plan 2012-2027,local-plan,2012,2027,local-authority:REI,,,adopted,https://www.reigate-banstead.gov.uk/info/20271/local_plan,,2025-12-03,,,
4220635,LP-SAL-2024,St Albans Local Plan 2041,local-plan,2025,2041,local-authority:SAL,,,examination,https://www.stalbans.gov.uk/new-local-plan,https://www.stalbans.gov.uk/sites/default/files/attachments/Planning%20Policy/R19/Reg%2019%20Local%20Plan%20Part%20A.pdf,2025-12-03,,,
4220636,LP-THA-2020,Thanet Local Plan,local-plan,,,local-authority:THA,,,adopted,https://www.thanet.gov.uk/info-pages/local-plan-updates/,,2025-12-03,,,
4220637,LP-THA-CDP,Cliftonville Development Plan Document,local-plan,,,local-authority:THA,,,draft,https://www.thanet.gov.uk/info-pages/cliftonville-development-plan-document/,,2025-12-03,,,
4220638,LP-GRE-2021,Woolwich Exchange Framework Relocation Strategy,local-plan,,,local-authority:GRE,,,adopted,https://www.royalgreenwich.gov.uk/downloads/file/5433/adopted_birmingham_development_plan_2031,https://www.royalgreenwich.gov.uk/download/downloads/id/5433/woolwich_exchange_framework_relocation_strategy.pdf,2025-12-03,,,
4220639,LP-STH-2015,Amended Core Strategy (including Core Strategy Partial Review),local-plan,2011,2026,local-authority:STH,,,adopted,https://www.southampton.gov.uk/planning/planning-policy/adopted-plans/adopted-core-strategy-2015/,https://www.southampton.gov.uk/media/io4midh4/amended-core-strategy-inc-cspr-final-13-03-2015_tcm63-371354.pdf,2025-12-03,,,
4220640,LP-NWA-2021,North Warwickshire Local Plan September 2021,local-plan,2021,2033,local-authority:NWA,,,adopted,https://www.northwarks.gov.uk/forward-planning/local-plan-north-warwickshire,https://www.northwarks.gov.uk/downloads/file/265/local-plan-adopted-2021-,2025-12-03,,,
4220641,LP-BLA-2019,Blaby District Local Plan (Delivery) DPD,local-plan,,,local-authority:BLA,,,adopted,https://www.blaby.gov.uk/planning-and-building/local-plan/local-plan-delivery-dpd/,https://www.blaby.gov.uk/media/15ebnxns/blaby-district-adoped-local-plan.pdf,2025-12-03,,,
4220642,LP-BLA-2013,Blaby District Local Plan Core Strategy,local-plan,,2029,local-authority:BLA,,,adopted,https://www.blaby.gov.uk/planning-and-building/local-plan/local-plan-core-strategy/,https://www.blaby.gov.uk/media/4107/adopted-core-strategy.pdf,2025-12-03,,,
4220643,LP-BLA-2026,New Local Plan,local-plan,,2042,local-authority:BLA,,,regulation-18,https://www.blaby.gov.uk/planning-and-building/local-plan/new-local-plan/,https://www.blaby.gov.uk/media/4560/bdc-new-local-plan-options-consultation-document.pdf,2025-12-03,,,
4220644,LP-HPL-2018,Hartlepool Local Plan 2016-2031,local-plan,2016,2031,local-authority:HPL,,,adopted,https://www.hartlepool.gov.uk/planning/local-plan,,2025-12-03,,,
4220645,NP-HPL-2018,Hartlepool Rural Neighbourhood Plan 2016-2031,local-plan,2016,2031,local-authority:HPL,,,adopted,https://www.hartlepool.gov.uk/planning/local-plan/2,,2025-12-03,,,
4220646,MWP-HPL-2011,Tees Valley Minerals and Waste Development Plan Documents,local-plan,,2026,local-authority:HPL,,,adopted,https://www.hartlepool.gov.uk/planning/local-plan/3,,2025-12-03,,,
4220647,LP-WEA-2016,Affordable Housing Delivery Local Plan,local-plan,,,local-authority:WEA,,,adopted,https://www.wealden.gov.uk/planning-and-building-control/planning-policy/adopted-local-plan-documents/,,2025-12-03,,,
4220648,LP-WEA-2013,Wealden District Core Strategy Local Plan,local-plan,,,local-authority:WEA,,,adopted,https://www.wealden.gov.uk/planning-and-building-control/planning-policy/adopted-local-plan-documents/,,2025-12-03,,,
4220649,LP-WEA-1998,Adopted Wealden Local Plan,local-plan,,,local-authority:WEA,,,adopted,https://www.wealden.gov.uk/planning-and-building-control/planning-policy/adopted-local-plan-documents/,,2025-12-03,,,
4220650,LP-WEA-2025,New Wealden Local Plan,local-plan,,2042,local-authority:WEA,,,regulation-18,https://www.wealden.gov.uk/new-local-plan,https://www.wealden.gov.uk/UploadedFiles/Wealden-Local-Plan-Direction-of-Travel-1.pdf,2025-12-03,,,
4220651,LP-MDC-2023,Tees Valley Net Zero Strategy,local-plan,,,development-corporation:Q117149370,,,adopted,https://teesvalley-ca.gov.uk/business/net-zero/,https://teesvalley-ca.gov.uk/business/wp-content/uploads/sites/3/2023/03/Net-Zero-strategy-Digital.pdf,2025-12-03,,,
4220652,LP-MDC-2020,Strategic Transport Plan 2020-2030,local-plan,2020,2030,development-corporation:Q117149370,,,adopted,https://teesvalley-ca.gov.uk/travel/,https://teesvalley-ca.gov.uk/about/wp-content/uploads/sites/2/2023/07/STP-Main-Report-Design-Jan20-4.pdf,2025-12-03,,,
4220653,LP-MDC-2023-DT,Digital Transport Delivery Plan,local-plan,,,development-corporation:Q117149370,,,adopted,https://teesvalley-ca.gov.uk/travel/,https://teesvalley-ca.gov.uk/travel/wp-content/uploads/sites/5/2023/09/TVCA-Digital-Transport-Delivery-Plan-Final-Issue.pdf,2025-12-03,,,
4220654,LP-AMB-2024,Amber Valley Borough Local Plan 2022-2040,local-plan,2022,2040,local-authority:AMB,,,examination,https://www.ambervalley.gov.uk/localplan,,2025-12-03,,,
4220655,LP-EAS-2013,Eastbourne Core Strategy,local-plan,,,local-authority:EAS,,,adopted,https://www.lewes-eastbourne.gov.uk/eastbourne-core-strategy,https://www.lewes-eastbourne.gov.uk/media/968/Eastbourne-Core-Strategy/pdf/Eastbourne_Core_Strategy.pdf?m=1675872825367,2025-12-03,,,
4220656,LP-EAS-2024,Eastbourne Houses in Multiple Occupation Development Plan Document,local-plan,,,local-authority:EAS,,,regulation-18,https://www.lewes-eastbourne.gov.uk/article/2833/Eastbourne-Houses-in-Multiple-Occupation-HMOs-policy-consultation,https://www.lewes-eastbourne.gov.uk/media/4032/Eastbourne-Houses-of-Multiple-Occupation-Development-Plan-Document-Reg-18-version-for-consultation-FINAL/pdf/Eastbourne_Houses_of_Multiple_Occupation_Development_Plan_Document_-_Reg_18_version_for_consultation.pdf?m=1722511363480,2025-12-03,,,
4220657,LP-CRW-2024,Crawley Borough Council Local Plan,local-plan,,,local-authority:CRW,,,adopted,https://www.crawley.gov.uk/planning/planning-policy/local-plan,,2025-12-03,,,
4220658,LP-NWM-2018,Newham Local Plan 2018,local-plan,,,local-authority:NWM,,,adopted,https://www.newham.gov.uk/localplan,https://www.newham.gov.uk/downloads/file/1111/newham-local-plan-2018-pdf-,2025-12-03,,,
4220659,LP-NWM-2017,Gypsy and Traveller Accommodation Development Plan Document,local-plan,,,local-authority:NWM,,,adopted,https://www.newham.gov.uk/localplan,https://www.newham.gov.uk/downloads/file/1039/gypsyandtravellerdpdadoptedversionsept2017,2025-12-03,,,
4220660,LP-NWM-2025,Newham Local Plan Review 2038,local-plan,,2038,local-authority:NWM,,,examination,https://www.newham.gov.uk/planning-development-conservation/newham-local-plan-refresh,,2025-12-03,,,
4220661,,South Worcestershire Development Plan 2016,local-plan,2006,2030,local-authority:WOC,,,adopted,https://www.swdevelopmentplan.org/swdp-2016,https://www.swdevelopmentplan.org/component/fileman/?view=file&routed=1&name=The-Adopted-SWDP-February-2016.pdf&folder=Documents/South%20Worcestershire%20Development%20Plan/SWDP%202016&container=fileman-files,2025-12-03,,,
4220662,LP-MEL-2018,Melton Local Plan,local-plan,,,local-authority:MEL,,,adopted,https://www.meltonplan.co.uk/,https://www.meltonplan.co.uk/_files/ugd/c2f881_c97073d23b924cfe85fb9014d2ab4e6b.pdf,2025-12-03,,,
4220663,LP-MEL-1999,Archived Melton Local Plan 1999,local-plan,,,local-authority:MEL,,,adopted,https://www.melton.gov.uk/planning-and-building/planning-policy/archived-melton-local-plan-1999/,https://www.meltonplan.co.uk/_files/ugd/2778e0_60e4cc43d0d1441b88a21e211833c490.pdf,2025-12-03,,,
4220664,LP-MEL-2024-UPDATE,Melton Local Plan Partial Update,local-plan,,,local-authority:MEL,,,regulation-19,https://www.meltonplan.co.uk/localplanupdate/pre-submission,,2025-12-03,,,
4220665,LP-CBF-2021,Central Bedfordshire Local Plan,local-plan,,,local-authority:CBF,,,adopted,https://www.centralbedfordshire.gov.uk/info/45/planning_policy,,2025-12-03,,,
4220666,LP-CBF-2050,Central Bedfordshire New Local Plan 2050,local-plan,,2050,local-authority:CBF,,,draft,https://www.centralbedfordshire.gov.uk/newlocalplan,,2025-12-03,,,
4220667,LP-SKE-2020,South Kesteven Local Plan 2011-2036,local-plan,2011,2036,local-authority:SKE,,,adopted,https://www.southkesteven.gov.uk/planning-building-control/planning-policy-local-plans/south-kesteven-local-plan,https://www.southkesteven.gov.uk/sites/default/files/2023-08/Local_Plan_2011-2036_%28Final_inc_covers%29%20%281%29.pdf,2025-12-03,,,
4220668,LP-SKE-2025,Local Plan Review 2025 (Regulation 18 - Site Allocations),local-plan,,2043,local-authority:SKE,,,regulation-18,https://www.southkesteven.gov.uk/localplanreview,https://www.southkesteven.gov.uk/sites/default/files/2025-07/Regulation%2018%20Local%20Plan%20-%20Proposed%20Housing%20and%20Mixed-Use%20Site%20Allocations.pdf,2025-12-03,,,
4220669,,,local-plan,,,national-park-authority:Q27178932,,,,,,2025-12-03,,,
4220670,LP-COV-2017,Coventry Local Plan 2011-2031,local-plan,2011,2031,local-authority:COV,,,adopted,https://www.coventry.gov.uk/localplan,https://www.coventry.gov.uk/downloads/file/25899/final_local_plan_december_2017,2025-12-03,,,
4220671,AAP-COV-2017,City Centre Area Action Plan 2011-2031,local-plan,2011,2031,local-authority:COV,,,adopted,https://www.coventry.gov.uk/planning-policy/coventry-local-plan-2011-2031/print,https://www.coventry.gov.uk/downloads/file/25900/final_aap_december_2017,2025-12-03,,,
4220672,LP-HRY-2025,Haringey Draft Local Plan,local-plan,,,local-authority:HRY,,,regulation-18,https://www.haringey.gov.uk/newlocalplan,,2025-12-03,,,
4220673,LP-SPE-2022,Spelthorne Local Plan 2022-2037,local-plan,2022,2037,local-authority:SPE,,,examination,https://www.spelthorne.gov.uk/localplan,https://www.spelthorne.gov.uk/sites/default/files/migration/media/25297/Pre-submission-Spelthorne-Local-Plan-2022-2037/pdf/Pre-submission_Spelthorne_Local_Plan_2022_-_2037-compressed.pdf,2025-12-03,,,
4220674,LP-HIL-2012,Hillingdon Local Plan Part 1: Strategic Policies,local-plan,,2026,local-authority:HIL,,,adopted,https://www.hillingdon.gov.uk/local-plan-documents,https://www.hillingdon.gov.uk/media/3080/Local-Plan-Part-1---Strategic-Policies/pdf/npLocal_Plan_Part_1_Strategic_Policies_15_feb_2013_a_1_1.pdf?m=1598370401647,2025-12-03,,,
4220675,LP-HIL-2020,Hillingdon Local Plan Part 2: Development Management Policies and Site Allocations,local-plan,,,local-authority:HIL,,,adopted,https://www.hillingdon.gov.uk/local-plan-documents,https://www.hillingdon.gov.uk/media/3084/Hillingdon-Local-Plan-Part-2-Development-Management-Policies/pdf/pdLPP2_Development_Management_Policies_-_ADOPTED_VERSION_JAN_2020_1.pdf?m=1598370641570,2025-12-03,,,
4220676,LP-HIL-2025,Hillingdon Local Plan Review,local-plan,,,local-authority:HIL,,,regulation-18,https://www.hillingdon.gov.uk/local-plan,,2025-12-03,,,
4220677,LP-SKP-2024,Stockport Local Plan,local-plan,,2042,local-authority:SKP,,,regulation-18,https://www.stockport.gov.uk/localplan,https://live-iag-static-assets.s3.eu-west-1.amazonaws.com/pdf/Local+Plan+evidence/LocalPlan.pdf,2025-12-03,,,
4220678,,,local-plan,,,national-park-authority:Q72617669,,,,,,2025-12-03,,,
4220679,LP-RCC-2018,Redcar and Cleveland Local Plan,local-plan,,,local-authority:RCC,,,adopted,https://www.redcar-cleveland.gov.uk/planning/local-plan/redcar-and-cleveland-local-plan,https://www.redcar-cleveland.gov.uk/sites/default/files/2022-04/Local%20Plan%20Adopted%20May%202018.pdf,2025-12-03,,,
4220680,LP-WLI-2023,Central Lincolnshire Local Plan 2018-2040,local-plan,2018,2040,local-authority:WLI,,,adopted,https://www.west-lindsey.gov.uk/planning-building-control/planning/planning-policy/central-lincolnshire-local-plan-2023,,2025-12-03,,,
4220681,LP-WLI-2006,West Lindsey Local Plan (First Review) 2006,local-plan,,,local-authority:WLI,,,adopted,https://www.west-lindsey.gov.uk/planning-building-control/planning/planning-policy/archived-west-lindsey-local-plan,,2025-12-03,,,
4220682,LP-WIN-2024,Winchester District Local Plan 2026 – 2044,local-plan,2026,2044,local-authority:WIN,,,examination,https://www.localplan.winchester.gov.uk/,,2025-12-03,,,
4220683,LP-WIN-2020,Winchester District Local Plan 2020 – 2040,local-plan,2020,2040,local-authority:WIN,,,examination,https://www.winchester.gov.uk/planning-policy/winchester-district-local-plan-2018-2038-emerging,,2025-12-03,,,
4220684,LP-WIN-2013,Winchester District Local Plan 2011-2036,local-plan,2011,2036,local-authority:WIN,,,adopted,https://www.winchester.gov.uk/planning-policy/winchester-district-local-plan-2011-2036-adopted,,2025-12-03,,,
4220685,LP-SRI-2041,Central Lancashire Local Plan 2023-2041,local-plan,2023,2041,local-authority:SRI,,,submitted,https://centrallocalplan.lancashire.gov.uk/,,2025-12-03,,,
4220686,LP-SRI-2015,South Ribble Local Plan 2015,local-plan,,,local-authority:SRI,,,adopted,https://forms.chorleysouthribble.gov.uk/south-ribble-council/planning-building-control/south-ribble-local-plan-2015,https://forms.chorleysouthribble.gov.uk/south-ribble-council/downloads/file/602/local-plan-adopted-july-2015,2025-12-03,,,
4220687,CS-SRI-2012,Central Lancashire Core Strategy DPD 2012,local-plan,,,local-authority:SRI,,,adopted,https://www.southribble.gov.uk/planning-policy,,2025-12-03,,,
4220688,LP-FEN-2014,Fenland Local Plan,local-plan,2011,2031,local-authority:FEN,,,adopted,https://www.fenland.gov.uk/developmentplan,https://www.fenland.gov.uk/media/10010/Fenland-Local-Plan-May-2014/pdf/Fenland_Local_Plan1.pdf?m=1590591524653,2025-12-03,,,
4220689,LP-FEN-2022,Emerging Local Plan,local-plan,,,local-authority:FEN,,,regulation-18,https://www.fenland.gov.uk/newlocalplan,https://www.fenland.gov.uk/media/18867/PE01-4-Sites-Evidence-Report/pdf/PE01-4__Sites_Evidence_Report_Aug_22.pdf?m=1661417434807,2025-12-03,,,
4220690,CS-FEN-2013,Core Strategy,local-plan,2011,2031,local-authority:FEN,,,submitted,https://www.fenland.gov.uk/article/15077/The-Planning-Policy-Library,https://www.fenland.gov.uk/media/8571/CD001-Submission-Core-Strategy-Sept-13-vfinal/pdf/CD001_-_Submission_Core_Strategy_-_Sept_13_vfinal.pdf?m=1591350986080,2025-12-03,,,
4220691,LP-NNUA-2016,North Northamptonshire Joint Core Strategy 2011-2031,local-plan,2011,2031,local-authority:NNUA,,,adopted,https://www.northnorthants.gov.uk/localplan,,2025-12-03,,,
4220692,LP-NNUA-2026,North Northamptonshire Local Plan Review 2045,local-plan,,2045,local-authority:NNUA,,,draft,https://www.northnorthants.gov.uk/localplan,,2025-12-03,,,
4220693,LP-NNUA-2021-CORBY,Part 2 Local Plan for Corby,local-plan,,,local-authority:NNUA,,,adopted,https://www.northnorthants.gov.uk/planning-strategies-and-plans/part-2-local-plan-corby,,2025-12-03,,,
4220694,LP-NNUA-2023-EN,East Northamptonshire Local Plan Part 2 2011-2031,local-plan,2011,2031,local-authority:NNUA,,,adopted,https://www.northnorthants.gov.uk/planning-strategies-and-plans/east-northamptonshire-local-plan-part-2,,2025-12-03,,,
4220695,LP-NNUA-2021-KETTERING,Kettering Site Specific Part 2 Local Plan,local-plan,,,local-authority:NNUA,,,adopted,https://www.northnorthants.gov.uk/planning-strategies-and-plans/kettering-site-specific-part-2-local-plan,,2025-12-03,,,
4220696,LP-TFW-2018,Telford & Wrekin Local Plan 2011-2031,local-plan,2011,2031,local-authority:TFW,,,adopted,https://www.telford.gov.uk/localplan,https://www.telford.gov.uk/media/zvodresh/telford_and_wrekin_local_plan_2011_2031_adopted_jan_2018.pdf,2025-12-03,,,
4220697,LP-TFW-2007,Core Strategy 2007,local-plan,,,local-authority:TFW,,,adopted,https://www.telford.gov.uk/localplan,https://www.telford.gov.uk/media/fn3cvxbg/twc_pc_corestrategydevelopmentplandocumentadopteddec2007.pdf,2025-12-03,,,
4220698,LP-TFW-2011,Central Telford Area Action Plan 2011,local-plan,,,local-authority:TFW,,,adopted,https://www.telford.gov.uk/localplan,https://www.telford.gov.uk/media/i4sdegyu/ctaap_final_resized.pdf,2025-12-03,,,
4220699,LP-TFW-2000,Shropshire and Telford & Wrekin Minerals Local Plan 2000,local-plan,,,local-authority:TFW,,,adopted,https://www.telford.gov.uk/localplan,https://www.telford.gov.uk/media/zvpllupr/twc_pc_shropshireandtelfordandwrekinmineralsmineralslocalplan_savedpolicies_11_2007.pdf,2025-12-03,,,
4220700,LP-TFW-2002,Shropshire and Telford & Wrekin Joint Structure Plan 2002,local-plan,,,local-authority:TFW,,,adopted,https://www.telford.gov.uk/localplan,https://www.telford.gov.uk/media/34eataxh/twc_pc_jointsavedstructure.pdf,2025-12-03,,,
4220701,LP-RUS-2014,Local Plan Part 1: Core Strategy,local-plan,,,local-authority:RUS,,,adopted,https://www.rushcliffe.gov.uk/planning-growth/planning-policy/local-plan/local-plan-part-1/,https://www.rushcliffe.gov.uk/media/y1pbquqz/local-plan-part-1-rushcliffe-core-strategy.pdf,2025-12-03,,,
4220702,LP-RUS-2019,Local Plan Part 2: Land and Planning Policies,local-plan,,,local-authority:RUS,,,adopted,https://www.rushcliffe.gov.uk/planning-growth/planning-policy/local-plan/local-plan-part-2/,https://www.rushcliffe.gov.uk/media/s3cezsuy/rushcliffe-local-plan-part-2_adoption-version.pdf,2025-12-03,,,
4220703,LP-SHO-2019,South East Lincolnshire Local Plan 2011-2036,local-plan,2011,2036,local-authority:SHO,,,adopted,https://southeastlincslocalplan.org/article/20102/Adopted-Plan,https://southeastlincslocalplan.org/media/21941/South-East-Lincolnshire-Local-Plan-2011-2036/pdf/Local-Plan-text-March-2019.pdf?m=1720710748483,2025-12-03,,,
4220704,LP-LCE-2023,Leicester Local Plan – Publication Draft 2020–2036,local-plan,2020,2036,local-authority:LCE,,,regulation-19,https://www.leicester.gov.uk/localplan,https://consultations.leicester.gov.uk/sec/local-plan/supporting_documents/Local%20Plan%20R19.pdf,2025-12-03,,,
4220705,LP-EDC-2024,Ebbsfleet Development Corporation Local Plan,local-plan,,2035,development-corporation:Q72463795,,,draft,https://ebbsfleetdc.org.uk,,2025-12-03,,,
4220706,LP-DUR-2020,County Durham Plan,local-plan,,2035,local-authority:DUR,,,adopted,https://www.durham.gov.uk/article/3266/Development-Plan-for-County-Durham,https://www.durham.gov.uk/media/34069/County-Durham-Plan/pdf/CountyDurhamPlanAdopted2020vDec2020.pdf?m=1732184551360,2025-12-03,,,
4220707,LP-SHN-2022,St Helens Borough Local Plan up to 2037,local-plan,,2037,local-authority:SHN,,,adopted,https://www.sthelens.gov.uk/article/3773/Consultations-and-latest-news,https://www.sthelens.gov.uk/media/4410/St-Helens-Borough-Local-Plan-up-to-2037/pdf/Local_Plan_Written_Statement_-_FINAL_adoption_version_16.06.2022_with_appendices.pdf?m=1657805845120,2025-12-03,,,
4220708,LP-BAI-2007,Basildon District Local Plan Saved Policies,local-plan,,,local-authority:BAI,,,adopted,https://www.basildon.gov.uk/adoptedplan,https://www.basildon.gov.uk/media/598/Basildon-District-Local-Plan-Saved-Policies-September-2007/pdf/Basildon_District_Local_Plan_Saved_Policies_-_September_2007.pdf?m=1540381932580,2025-12-03,,,
4220709,LP-BAI-EMERGING,Emerging Local Plan,local-plan,,,local-authority:BAI,,,draft,https://www.basildon.gov.uk/emerginglocalplan,,2025-12-03,,,
4220710,LP-ASH-2002,Ashfield Local Plan Review 2002,local-plan,,,local-authority:ASH,,,adopted,https://www.ashfield.gov.uk/planning-and-building-control/local-plan/current-development-plan/,,2025-12-03,,,
4220711,LP-ASH-2025,Ashfield Local Plan 2023-2040,local-plan,2023,2040,local-authority:ASH,,,examination,https://www.ashfield.gov.uk/planning-and-building-control/emerging-local-plan/ashfield-local-plan-2023-2040-regulation-22-submission-examination/,,2025-12-03,,,
4220712,LP-ASH-2016,Ashfield Local Plan 2016,local-plan,,,local-authority:ASH,,,withdrawn,https://www.ashfield.gov.uk/planning-and-building-control/local-plan/,,2025-12-03,,,
4220713,AAP-ASH-SUTTON-2019,Sutton town centre spatial masterplan,local-plan,,2029,local-authority:ASH,,,adopted,https://www.ashfield.gov.uk/planning-and-building-control/local-plan/sutton-town-centre-spatial-masterplan/,https://www.ashfield.gov.uk/media/jgajfuvo/sutton-town-centre-spatial-masterplan-2019.pdf,2025-12-03,,,
4220714,AAP-ASH-HUCKNALL-2022,Hucknall Town Centre Masterplan 2022,local-plan,,,local-authority:ASH,,,adopted,https://www.ashfield.gov.uk/planning-and-building-control/local-plan/hucknall-town-centre-masterplan/,https://www.ashfield.gov.uk/media/ad2nvt5v/hucknall-town-centre-masterplan-july-2022.docx,2025-12-03,,,
4220715,,,local-plan,,,local-authority:TEI,,,,,,2025-12-03,,,
4220716,LP-HNS-2025,Hounslow Local Plan 2020-2041,local-plan,2020,2041,local-authority:HNS,,,regulation-19,https://www.hounslow.gov.uk/local-plan/local-plan-1,,2025-12-03,,,
4220717,LP-HNS-2015,Hounslow Local Plan 2015-2030,local-plan,2015,2030,local-authority:HNS,,,adopted,https://www.hounslow.gov.uk/local-plan/local-plan-1,,2025-12-03,,,
4220718,LP-EPP-2023,Epping Forest District Local Plan 2011-2033,local-plan,2011,2033,local-authority:EPP,,,adopted,https://www.eppingforestdc.gov.uk/adopted-local-plan,https://www.eppingforestdc.gov.uk/app/uploads/2023/03/EFD-Local-Plan-2011-2033-Part-One.pdf,2025-12-03,,,
4220719,LP-EPP-2016,Epping Forest District Draft Local Plan 2016,local-plan,,,local-authority:EPP,,,regulation-18,https://www.eppingforestdc.gov.uk/planning-and-building/planning-policy/draft-local-plan-2016/,https://www.eppingforestdc.gov.uk/app/uploads/2019/01/Epping-Forest-Draft-Local-Plan-2016.pdf,2025-12-03,,,
4220720,LP-PEN-2025,Draft Pavement Licensing Policy 2025 - 2030,local-plan,2025,2030,local-authority:PEN,,,draft,https://www.pendle.gov.uk/info/20008/planning_and_development,https://www.pendle.gov.uk/downloads/file/12516/draft_pavement_licensing_policy_2025_-_2030,2025-12-03,,,
4220721,LP-PEN-DEVELOPMENT,Development Plan,local-plan,,,local-authority:PEN,,,adopted,https://www.pendle.gov.uk/homepage/133/planning_policy,,2025-12-03,,,
4220722,LP-ROT-2014,Rotherham Core Strategy,local-plan,,,local-authority:ROT,,,adopted,https://www.rotherham.gov.uk/planning-development/guide-local-plan/2,,2025-12-03,,,
4220723,LP-ROT-2018,Sites and Policies Document,local-plan,,,local-authority:ROT,,,adopted,https://www.rotherham.gov.uk/planning-development/guide-local-plan/1,,2025-12-03,,,
4220724,LP-ROT-2012,"Barnsley, Doncaster and Rotherham Joint Waste Plan",local-plan,,,local-authority:ROT,,,adopted,https://www.rotherham.gov.uk/planning-development/guide-local-plan/1,,2025-12-03,,,
4220725,LP-ROT-2021,Dinnington St John's Neighbourhood Plan,local-plan,,,local-authority:ROT,,,adopted,https://www.rotherham.gov.uk/planning-development/guide-local-plan/1,,2025-12-03,,,
4220726,LP-ROT-2022,Wickersley Neighbourhood Plan,local-plan,,,local-authority:ROT,,,adopted,https://www.rotherham.gov.uk/planning-development/guide-local-plan/1,,2025-12-03,,,
4220727,LP-ROT-2024,Maltby Neighbourhood Plan,local-plan,,,local-authority:ROT,,,adopted,https://www.rotherham.gov.uk/planning-development/guide-local-plan/1,,2025-12-03,,,
4220728,LP-WYR-2022,Wyre Local Plan (2011-2031) (incorporating partial update of 2022),local-plan,2011,2031,local-authority:WYR,,,adopted,https://www.wyre.gov.uk/planning-policy/local-plan-partial-review-2011-2031-1,,2025-12-03,,,
4220729,LP-WYR-2024,Wyre Local Plan Full Review,local-plan,,,local-authority:WYR,,,regulation-18,https://www.wyre.gov.uk/local-plan/local-plan-full-review/4,https://www.wyre.gov.uk/downloads/file/1977/wyre-local-plan-issues-and-options-july-24,2025-12-03,,,
4220730,LP-BUC-2020,Vale of Aylesbury Local Plan (VALP),local-plan,,,local-authority:BUC,,,adopted,https://www.buckinghamshire.gov.uk/planning-and-building-control/planning-policy/local-planning-guidance/local-development-plans,https://www.buckinghamshire.gov.uk/documents/9742/Aylesbury_local_plan_L46JWaT.pdf,2025-12-03,,,
4220731,LP-BUC-CHILTERN,Chiltern Local Plan,local-plan,,,local-authority:BUC,,,adopted,https://www.buckinghamshire.gov.uk/planning-and-building-control/planning-policy/local-planning-guidance/local-development-plans,https://www.buckinghamshire.gov.uk/documents/9745/Chiltern_local_plan_sNdNTQD.pdf,2025-12-03,,,
4220732,LP-BUC-SOUTHBUCKS,South Bucks Local Plan,local-plan,,,local-authority:BUC,,,adopted,https://www.buckinghamshire.gov.uk/planning-and-building-control/planning-policy/local-planning-guidance/local-development-plans,https://www.buckinghamshire.gov.uk/documents/9734/South_Bucks_local_plan_j4D6YG4.pdf,2025-12-03,,,
4220733,LP-BUC-WYCOMBE-2019,Wycombe District Local Plan,local-plan,,,local-authority:BUC,,,adopted,https://www.buckinghamshire.gov.uk/planning-and-building-control/planning-policy/local-planning-guidance/local-development-plans,https://www.buckinghamshire.gov.uk/documents/9736/Wycombe-District-Local-Plan-Adopted-August-2019-accessible.pdf,2025-12-03,,,
4220734,LP-BUC-MINERALS-2016,Buckinghamshire Minerals and Waste Local Plan 2016-2036,local-plan,2016,2036,local-authority:BUC,,,adopted,https://www.buckinghamshire.gov.uk/planning-and-building-control/planning-policy/local-planning-guidance/local-development-plans,https://www.buckinghamshire.gov.uk/documents/9727/buckinghamshire-minerals-and-waste-local-plan-2016-2036_yiYUGSb.pdf,2025-12-03,,,
4220735,LP-NSM-2025,North Somerset Local Plan 2040,local-plan,2025,2040,local-authority:NSM,,,regulation-19,https://www.n-somerset.gov.uk/my-services/planning-building-control/planning-policy/our-local-plan/local-plan-2040/pre-submission-plan-2040-reg-19-july-2024,,2025-12-03,,,
4220736,LP-NSM-2024,North Somerset Local Plan 2039,local-plan,2025,2039,local-authority:NSM,,,regulation-19,https://www.n-somerset.gov.uk/my-services/planning-building-control/planning-policy/our-local-plan/local-plan-2038/publication-version-2023,https://n-somerset.gov.uk/sites/default/files/2023-10/North%20Somerset%20Local%20Plan%202039%20-%20Pre-submission%20Plan%20%28Reg%2019%29.pdf,2025-12-03,,,
4220737,LP-NSM-2022,North Somerset Local Plan 2038 Preferred Options,local-plan,2025,2038,local-authority:NSM,,,regulation-18,https://www.n-somerset.gov.uk/my-services/planning-building-control/planning-policy/our-local-plan/local-plan-2039/preferred-options-consultation-2022,https://n-somerset.gov.uk/sites/default/files/2022-04/30907%20Local%20Plan%20Acc.pdf,2025-12-03,,,
4220738,,,local-plan,,,local-authority:MAL,,,,,,2025-12-03,,,
4220739,LP-WND-2022,Wandsworth Local Plan,local-plan,,,local-authority:WND,,,examination,https://www.wandsworth.gov.uk/local-plan,,2025-12-03,,,
4220740,LP-TOR-2018,North Devon and Torridge Local Plan 2011-2031,local-plan,2011,2031,local-authority:TOR,,,adopted,https://www.torridge.gov.uk/localplan,https://www.torridge.gov.uk/media/18801/Inspector-s-Report-on-the-examination-of-the-North-Devon-and-Torridge-Local-Plan/pdf/NDTLP_Final_Inspectors_Report_-_11-09-18.pdf?m=1536837947640,2025-12-03,,,
4220741,LP-STE-NEC-2007,Stoke-on-Trent and Newcastle-under-Lyme Joint Local Development Framework Core Spatial Strategy 2006-2026,local-plan,2006,2026,local-authority:STE,,,adopted,https://www.stoke.gov.uk/directory_record/331603/sot_and_nul_local_development_framework_core_spatial_strategy_2006_to_2026/category/307/local_development_framework,https://www.stoke.gov.uk/download/downloads/id/441/sot_and_nul_local_development_framework_core_spatial_strategy_2006_to_2026.pdf,2025-12-03,,,
4220742,LP-STE-2024,Draft Stoke-on-Trent Local Plan,local-plan,,,local-authority:STE,,,draft,https://www.stoke.gov.uk/info/20071/stoke-on-trent_local_plan,,2025-12-03,,,
4220743,LP-NWL-2017,North West Leicestershire Local Plan 2011-2031,local-plan,2011,2031,local-authority:NWL,,,adopted,https://www.nwleics.gov.uk/pages/local_plan_review,,2025-12-03,,,
4220744,LP-NWL-2025,New Local Plan,local-plan,,,local-authority:NWL,,,draft,https://www.nwleics.gov.uk/pages/local_plan_review,,2025-12-03,,,
4220745,LP-HDC-2023,Tees Valley Net Zero Strategy,local-plan,,,development-corporation:Q124604981,,,adopted,https://teesvalley-ca.gov.uk,https://teesvalley-ca.gov.uk/business/wp-content/uploads/sites/3/2023/03/Net-Zero-strategy-Digital.pdf,2025-12-03,,,
4220746,LP-HDC-2020,Strategic Transport Plan 2020-2030,local-plan,2020,2030,development-corporation:Q124604981,,,adopted,https://teesvalley-ca.gov.uk,https://teesvalley-ca.gov.uk/about/wp-content/uploads/sites/2/2023/07/STP-Main-Report-Design-Jan20-4.pdf,2025-12-03,,,
4220747,LP-SFT-2017,Sefton Local Plan 2015-2030,local-plan,2015,2030,local-authority:SFT,,,adopted,https://www.sefton.gov.uk/localplan,https://www.sefton.gov.uk/media/1133/a-local-plan-for-sefton-for-adoption-final.pdf,2025-12-03,,,
4220748,AAP-SFT-2025,"Our Future, Our Bootle - Bootle Area Action Plan",local-plan,,,local-authority:SFT,,,examination,https://www.sefton.gov.uk/planning-building-control/planning-policy-including-local-plan-and-neighbourhood-planning/bootle-area-action-plan/,https://www.sefton.gov.uk/media/qdfhtv5j/draft_bootle_aap_document_withmods.pdf,2025-12-03,,,
4220749,WLP-SFT-2013,Merseyside and Halton Waste Local Plan,local-plan,,2027,local-authority:SFT,,,adopted,https://www.sefton.gov.uk/planning-building-control/planning-policy-including-local-plan-and-neighbourhood-planning/merseyside-and-halton-waste-local-plan/,https://www.sefton.gov.uk/media/1798/mside-halton-waste-localplan2013.pdf,2025-12-03,,,
4220750,NP-SFT-2019,Formby And Little Altcar Neighbourhood Plan,local-plan,,,local-authority:SFT,,,adopted,https://www.sefton.gov.uk/localplan,https://www.sefton.gov.uk/media/5145/formby-little-altcar-nhood-plan-2019.pdf,2025-12-03,,,
4220751,,,local-plan,,,national-park-authority:Q72617890,,,,,,2025-12-03,,,
4220752,LP-BOS-2020,Local Plan for Bolsover District,local-plan,,,local-authority:BOS,,,adopted,https://www.bolsover.gov.uk/services/p/planning-policy/planning-policy-documents/development-plan,,2025-12-03,,,
4220753,LP-DER-2000,Derby and Derbyshire Minerals Local Plan,local-plan,,,local-authority:DER,,,adopted,https://www.derbyshire.gov.uk/environment/planning/planning-policy/minerals-waste-development-framework/minerals-and-waste-planning-policy.aspx,https://www.derbyshire.gov.uk/site-elements/documents/pdf/environment/planning/planning-policy/minerals-waste-development-framework/derby-and-derbyshire-minerals-local-plan-part-one.pdf,2025-12-03,,,
4220754,LP-DER-2005,Derby and Derbyshire Waste Local Plan,local-plan,,,local-authority:DER,,,adopted,https://www.derbyshire.gov.uk/environment/planning/planning-policy/minerals-waste-development-framework/minerals-and-waste-planning-policy.aspx,https://www.derbyshire.gov.uk/site-elements/documents/pdf/environment/planning/planning-policy/minerals-waste-development-framework/derby-and-derbyshire-waste-local-plan.pdf,2025-12-03,,,
4220755,LP-RUG-2025,Rugby Borough Local Plan Review - Preferred Options 2024-2045,local-plan,2024,2045,local-authority:RUG,,,regulation-18,https://www.rugby.gov.uk/localplan,https://rugby.gov.uk/documents/d/guest/local_plan_preferred_options_consultation_document-pdf?download=true,2025-12-03,,,
4220756,LP-RUG-2019,Rugby Borough Local Plan 2011-2031,local-plan,2011,2031,local-authority:RUG,,,adopted,https://www.rugby.gov.uk/w/local-plan-2011-2031,https://www.rugby.gov.uk/documents/d/guest/local_plan___publication_draft-pdf?download=true,2025-12-03,,,
4220757,LP-HAO-2019,Harborough Local Plan 2011-2031,local-plan,2011,2031,local-authority:HAO,,,adopted,https://www.harborough.gov.uk/local-plan,https://www.harborough.gov.uk/download/downloads/id/5714/harborough_local_plan_2011-2031_-_adopted_april_2019.pdf,2025-12-03,,,
4220758,LP-HAO-2025,Proposed Submission Draft Harborough Local Plan 2020-2041,local-plan,2020,2041,local-authority:HAO,,,regulation-19,https://www.harborough.gov.uk/localplan,,2025-12-03,,,
4220759,LP-WAT-2021,Watford Local Plan: A Sustainable Town 2021-2038,local-plan,2021,2038,local-authority:WAT,,,adopted,https://www.watford.gov.uk/localplan,https://www.watford.gov.uk/downloads/file/1264/watford-local-plan,2025-12-03,,,
4220760,LP-NED-2021,North East Derbyshire Local Plan 2014-2034,local-plan,2014,2034,local-authority:NED,,,adopted,https://www.ne-derbyshire.gov.uk/planning-and-local-plan/planning-policy-and-local-plan/development-plan,,2025-12-03,,,
4220761,LP-NED-2025,Emerging New Local Plan,local-plan,,,local-authority:NED,,,regulation-18,https://www.ne-derbyshire.gov.uk/planning-and-local-plan/planning-policy-and-local-plan/local-plan-review,,2025-12-03,,,
4220762,LP-BST-2014,Bristol Local Plan,local-plan,,,local-authority:BST,,,adopted,https://www.bristol.gov.uk/residents/planning-and-building-regulations/planning-policy-and-guidance/local-plan,,2025-12-03,,,
4220763,LP-BST-2025,Bristol Local Plan Review,local-plan,,,local-authority:BST,,,draft,https://www.bristol.gov.uk/residents/planning-and-building-regulations/planning-policy-and-guidance/local-plan/local-plan-review,,2025-12-03,,,
4220764,LP-HAV-2021,Havering Local Plan 2016-2031,local-plan,2016,2031,local-authority:HAV,,,adopted,https://www.havering.gov.uk/planning-3/planning-policy/2,,2025-12-03,,,
4220765,LP-HAV-2025,Havering Local Plan Update,local-plan,,,local-authority:HAV,,,draft,https://www.havering.gov.uk/localplan,,2025-12-03,,,
4220766,LP-BAE-2024,Bassetlaw Local Plan 2020-2038,local-plan,2020,2038,local-authority:BAE,,,adopted,https://www.bassetlaw.gov.uk/planning-and-building-control/planning-policy/bassetlaw-local-plan-2020-2038/bassetlaw-local-plan-2020-2038/,https://www.bassetlaw.gov.uk/media/gn1kjm1b/adopted-bassetlaw-local-plan-2020-2038.pdf,2025-12-03,,,
4220767,LP-LIF-2024,Lichfield District Local Plan 2043,local-plan,,2043,local-authority:LIF,,,regulation-18,https://www.lichfielddc.gov.uk/planning-policy/local-plan-review/1,https://www.lichfielddc.gov.uk/downloads/file/2659/local-plan-2043-issues-options,2025-12-03,,,
4220768,LP-LIF-2015,Lichfield District Local Plan Strategy,local-plan,2008,2029,local-authority:LIF,,,adopted,https://www.lichfielddc.gov.uk/planning-policy/adopted-local-plan,https://www.lichfielddc.gov.uk/downloads/file/235/local-plan-strategy,2025-12-03,,,
4220769,LP-LIF-2019,Lichfield District Local Plan Allocations 2008-2029,local-plan,2008,2029,local-authority:LIF,,,adopted,https://www.lichfielddc.gov.uk/performance-efficiency/adopted-local-plan/3,https://www.lichfielddc.gov.uk/downloads/file/1228/local-plan-allocations-adopted,2025-12-03,,,
4220770,LP-LIF-2023,Lichfield District Local Plan 2040,local-plan,,2040,local-authority:LIF,,,withdrawn,https://www.lichfielddc.gov.uk/planning-policy/local-plan-examination,https://www.lichfielddc.gov.uk/downloads/file/2407/local-plan-2040-withdrawal-statement,2025-12-03,,,
4220771,LP-WBK-2025,West Berkshire Local Plan Review 2023 to 2041,local-plan,2023,2041,local-authority:WBK,,,adopted,https://www.westberks.gov.uk/local-plan-review,https://www.westberks.gov.uk/media/64447/West-Berkshire-Local-Plan-Review-2023-2041/pdf/West_Berkshire_Local_Plan_Review_2023-2041_for_web_APPROVED.pdf?m=1756290556437,2025-12-03,,,
4220772,LP-WBK-2007,South East Plan Natural Resource Management Policy 6,local-plan,,,local-authority:WBK,,,adopted,https://www.westberks.gov.uk/current-development-plan,https://www.westberks.gov.uk/media/45126/South-East-Plan-Policy-NRM6/pdf/South_East_Plan_Policy_NRM6.pdf?m=1705655144750,2025-12-03,,,
4220773,LP-CON-2016,Cornwall Local Plan 2016,local-plan,2016,2030,local-authority:CON,,,adopted,https://www.cornwall.gov.uk/localplan,https://www.cornwall.gov.uk/media/ozhj5k0z/adopted-local-plan-strategic-policies-2016.pdf,2025-12-03,,,
4220774,LP-CON-2050,Cornwall Local Plan 2050,local-plan,,2050,local-authority:CON,,,regulation-18,https://www.cornwall.gov.uk/planning-and-building-control/planning-policy/cornwall-local-plan-2050/,,2025-12-03,,,
4220775,LP-ERE-2022,Erewash Core Strategy Review,local-plan,,,local-authority:ERE,,,examination,https://www.erewash.gov.uk/planning/planning-information/erewash-core-strategy-review,,2025-12-03,,,
4220776,LP-BIR-2017,Birmingham Development Plan 2031,local-plan,,2031,local-authority:BIR,,,adopted,https://www.birmingham.gov.uk/downloads/download/1139/adopted_birmingham_development_plan,https://www.birmingham.gov.uk/download/downloads/id/5433/adopted_birmingham_development_plan_2031.pdf,2025-12-03,,,
4220777,LP-BIR-BCP,Big City Plan,local-plan,,,local-authority:BIR,,,adopted,https://www.birmingham.gov.uk/downloads/20054/local_plan_documents,https://www.birmingham.gov.uk/download/downloads/id/1024/big_city_plan_part_1.pdf,2025-12-03,,,
4220778,LP-LEE-2016,Lewes District Core Strategy: Local Plan Part 1,local-plan,,2030,local-authority:LEE,,,adopted,https://www.lewes-eastbourne.gov.uk/article/1832/Lewes-District-Core-Strategy-Local-Plan-Part-1,https://www.lewes-eastbourne.gov.uk/media/1718/Adopted-Joint-Core-Strategy-2016/pdf/Adopted_Joint_Core_Strategy_2016.pdf?m=1682440920647,2025-12-03,,,
4220779,LP-LEE-2020,Lewes District Local Plan Part 2: Site allocations and development management policies,local-plan,,2030,local-authority:LEE,,,adopted,https://www.lewes-eastbourne.gov.uk/article/1833/Lewes-District-Local-Plan-Part-2-Site-allocations-and-development-management-policies,https://www.lewes-eastbourne.gov.uk/media/1739/Local-Plan-Part-2-2020/pdf/Local_Plan_Part_2_2020.pdf?m=1682441636643,2025-12-03,,,
4220780,LP-SNO-2024,Greater Norwich Local Plan,local-plan,2018,2038,local-authority:SNO,,,adopted,https://www.gnlp.org.uk,https://www.gnlp.org.uk/sites/gnlp/files/2024-12/Adopted_GNLP_2024_STRATEGY_final_24-10-18_0.pdf,2025-12-03,,,
4220781,LP-SNO-2014,"Joint Core Strategy for Broadland, Norwich and South Norfolk",local-plan,2008,2026,local-authority:SNO,,,adopted,https://www.gnlp.org.uk/node/30,https://www.gnlp.org.uk/sites/gnlp/files/2021-01/JCS-adopted-doc-2014.pdf,2025-12-03,,,
4220782,LP-CHE-2017,Cheshire East Local Plan Strategy,local-plan,2010,2030,local-authority:CHE,,,adopted,https://www.cheshireeast.gov.uk/localplan,,2025-12-03,,,
4220783,LP-CHE-2022,Site Allocations and Development Policies Document,local-plan,2010,2030,local-authority:CHE,,,adopted,https://www.cheshireeast.gov.uk/localplan,,2025-12-03,,,
4220784,LP-CHE-2007,Cheshire Replacement Waste Local Plan,local-plan,,,local-authority:CHE,,,adopted,https://www.cheshireeast.gov.uk/planning/spatial-planning/saved_and_other_policies/cheshire_waste_local_plan/cheshire_waste_local_plan.aspx,,2025-12-03,,,
4220785,LP-CHE-1999,Cheshire Minerals Local Plan,local-plan,,,local-authority:CHE,,,adopted,https://www.cheshireeast.gov.uk/localplan,,2025-12-03,,,
4220786,LP-CHE-2025,New Local Plan for Cheshire East,local-plan,,,local-authority:CHE,,,regulation-18,https://www.cheshireeast.gov.uk/newlocalplan,https://www.cheshireeast.gov.uk/pdf/planning/spatial-planning/issues-paper/new-local-plan-issues-paper.pdf,2025-12-03,,,
4220787,LP-TRF-2025,Draft Trafford Local Plan: Site Allocations and Designations,local-plan,,,local-authority:TRF,,,regulation-18,https://www.trafford.gov.uk/planning/strategic-planning/local-plan/trafford-local-plan.aspx,,2025-12-03,,,
4220788,LP-TRF-2025-2,Empress Conservation Area Regeneration Plan,local-plan,,,local-authority:TRF,,,draft,https://www.trafford.gov.uk/planning/strategic-planning/local-plan/Strategic-Planning-consultations.aspx,https://www.trafford.gov.uk/planning/strategic-planning/local-plan/Docs/Empress-Conservation-Area-Regeneration-Plan.pdf,2025-12-03,,,
4220789,LP-TRF-2025-3,Draft Warburton Neighbourhood Development Plan 2025-2039,local-plan,2025,2039,local-authority:TRF,,,draft,https://www.trafford.gov.uk/planning/strategic-planning/Development-Plan/Warburton-Neighbourhood-Plan.aspx,,2025-12-03,,,
4220790,LP-CAT-2017,Canterbury District Local Plan,local-plan,2017,2031,local-authority:CAT,,,adopted,https://www.canterbury.gov.uk/localplan,https://www.canterbury.gov.uk/sites/default/files/2022-10/Adopted%20Local%20Plan.pdf,2025-12-03,,,
4220791,LP-CAT-2026,Canterbury District Local Plan 2040,local-plan,,2040,local-authority:CAT,,,regulation-18,https://haveyoursay.canterbury.gov.uk/draft-canterbury-district-local-plan-focused-consultation-2025,,2025-12-03,,,
4220792,LP-OLD-2025,Oldham Local Plan,local-plan,,,local-authority:OLD,,,draft,https://www.oldham.gov.uk/downloads/20054/local_plan_documents,,2025-12-03,,,
4220793,LP-DEB-2017,Derbyshire Dales Local Plan 2017,local-plan,2013,2033,local-authority:DEB,,,adopted,https://www.derbyshiredales.gov.uk/planning/planning-policy-and-local-plan/local-plan/local-plan-information-and-adoption,,2025-12-03,,,
4220794,LP-DEB-2024,Derbyshire Dales Local Plan Review 2020-2045,local-plan,2020,2045,local-authority:DEB,,,regulation-18,https://www.derbyshiredales.gov.uk/localplan,,2025-12-03,,,
4220795,LP-DEB-2005,Adopted Local Plan 2005,local-plan,,,local-authority:DEB,,,adopted,https://www.derbyshiredales.gov.uk/planning/planning-policy-and-local-plan/local-plan/local-plan-archive,,2025-12-03,,,
4220796,LP-CLD-2023,Calderdale Local Plan 2018/19 to 2032/33,local-plan,2018,2033,local-authority:CLD,,,adopted,https://new.calderdale.gov.uk/planning-and-building-control/planning-policy/local-plan,https://new.calderdale.gov.uk/sites/default/files/2023-12/Local-Plan-Written-Statement.pdf,2025-12-03,,,
4220797,LP-CLD-2006,Replacement Calderdale Unitary Development Plan,local-plan,,,local-authority:CLD,,,adopted,https://new.calderdale.gov.uk/planning-and-building-control/planning-policy/unitary-development-plan,https://new.calderdale.gov.uk/sites/default/files/2023-06/replacement-unitary-development-plan.pdf,2025-12-03,,,
