reference,local-plan,local-plan-event,start-date,entry-date
adur-district-council-local-plan-2011-submit-plan-for-examination,adur-district-council-local-plan-2011,submit-plan-for-examination,2016-10-20,2026-02-09
adur-district-council-local-plan-2011-reg-19-publication-local-plan-published,adur-district-council-local-plan-2011,reg-19-publication-local-plan-published,2016-03-31,2026-02-09
adur-district-council-local-plan-2011-planning-inspectorate-found-sound,adur-district-council-local-plan-2011,planning-inspectorate-found-sound,2017-09-29,2026-02-09
adur-district-council-local-plan-2011-plan-adopted,adur-district-council-local-plan-2011,plan-adopted,2017-12-14,2026-02-09
aligned-core-strategies-part-1-local-plan-planning-inspectorate-found-sound,aligned-core-strategies-part-1-local-plan,planning-inspectorate-found-sound,2014-07-24,2026-02-09
aligned-core-strategies-part-1-local-plan-plan-adopted,aligned-core-strategies-part-1-local-plan,plan-adopted,2014-09-17,2026-02-09
aligned-core-strategies-part-1-local-plan-submit-plan-for-examination,aligned-core-strategies-part-1-local-plan,submit-plan-for-examination,2013-06-07,2026-02-09
aligned-core-strategies-part-1-local-plan-reg-19-publication-local-plan-published,aligned-core-strategies-part-1-local-plan,reg-19-publication-local-plan-published,2012-06-11,2026-02-09
allerdale-borough-council-local-plan-2011-plan-adopted,allerdale-borough-council-local-plan-2011,plan-adopted,2014-07-16,2026-02-09
allerdale-borough-council-local-plan-2011-planning-inspectorate-found-sound,allerdale-borough-council-local-plan-2011,planning-inspectorate-found-sound,2014-07-01,2026-02-09
allerdale-borough-council-local-plan-2011-reg-19-publication-local-plan-published,allerdale-borough-council-local-plan-2011,reg-19-publication-local-plan-published,2013-05-03,2026-02-09
allerdale-borough-council-local-plan-2011-submit-plan-for-examination,allerdale-borough-council-local-plan-2011,submit-plan-for-examination,2013-10-23,2026-02-09
amber-valley-borough-council-local-plan-2022-reg-19-publication-local-plan-published,amber-valley-borough-council-local-plan-2022,reg-19-publication-local-plan-published,2024-02-16,2026-02-09
amber-valley-borough-council-local-plan-2022-submit-plan-for-examination,amber-valley-borough-council-local-plan-2022,submit-plan-for-examination,2024-07-29,2026-02-09
arun-district-council-local-plan-2011-submit-plan-for-examination,arun-district-council-local-plan-2011,submit-plan-for-examination,2015-01-30,2026-02-09
arun-district-council-local-plan-2011-reg-19-publication-local-plan-published,arun-district-council-local-plan-2011,reg-19-publication-local-plan-published,2014-10-30,2026-02-09
arun-district-council-local-plan-2011-plan-adopted,arun-district-council-local-plan-2011,plan-adopted,2018-07-18,2026-02-09
arun-district-council-local-plan-2011-planning-inspectorate-found-sound,arun-district-council-local-plan-2011,planning-inspectorate-found-sound,2018-07-04,2026-02-09
ashfield-district-council-local-plan-2023-submit-plan-for-examination,ashfield-district-council-local-plan-2023,submit-plan-for-examination,2024-04-29,2026-02-09
ashfield-district-council-local-plan-2023-reg-19-publication-local-plan-published,ashfield-district-council-local-plan-2023,reg-19-publication-local-plan-published,2023-12-01,2026-02-09
ashford-borough-council-local-plan-2025-reg-18-consultation-start,ashford-borough-council-local-plan-2025,reg-18-consultation-start,2025-08-18,2026-02-09
ashford-borough-council-local-plan-2025-timetable-published,ashford-borough-council-local-plan-2025,timetable-published,2024-07-01,2026-02-09
ashford-borough-council-local-plan-2025-reg-18-consultation-end,ashford-borough-council-local-plan-2025,reg-18-consultation-end,2025-10-13,2026-02-09
ashford-borough-council-local-plan-2030-submit-plan-for-examination,ashford-borough-council-local-plan-2030,submit-plan-for-examination,2017-12-21,2026-02-09
ashford-borough-council-local-plan-2030-plan-adopted,ashford-borough-council-local-plan-2030,plan-adopted,2019-02-21,2026-02-09
ashford-borough-council-local-plan-2030-planning-inspectorate-found-sound,ashford-borough-council-local-plan-2030,planning-inspectorate-found-sound,2019-01-02,2026-02-09
ashford-borough-council-local-plan-2030-reg-19-publication-local-plan-published,ashford-borough-council-local-plan-2030,reg-19-publication-local-plan-published,2016-06-15,2026-02-09
aylesbury-vale-district-council-local-plan-planning-inspectorate-found-sound,aylesbury-vale-district-council-local-plan,planning-inspectorate-found-sound,2021-08-19,2026-02-09
aylesbury-vale-district-council-local-plan-submit-plan-for-examination,aylesbury-vale-district-council-local-plan,submit-plan-for-examination,2018-02-28,2026-02-09
aylesbury-vale-district-council-local-plan-reg-19-publication-local-plan-published,aylesbury-vale-district-council-local-plan,reg-19-publication-local-plan-published,2017-11-02,2026-02-09
aylesbury-vale-district-council-local-plan-plan-adopted,aylesbury-vale-district-council-local-plan,plan-adopted,2021-09-15,2026-02-09
barnsley-metropolitan-borough-council-local-plan-plan-adopted,barnsley-metropolitan-borough-council-local-plan,plan-adopted,2019-01-03,2026-02-09
barnsley-metropolitan-borough-council-local-plan-planning-inspectorate-found-sound,barnsley-metropolitan-borough-council-local-plan,planning-inspectorate-found-sound,2018-12-14,2026-02-09
barnsley-metropolitan-borough-council-local-plan-reg-19-publication-local-plan-published,barnsley-metropolitan-borough-council-local-plan,reg-19-publication-local-plan-published,2016-06-24,2026-02-09
barnsley-metropolitan-borough-council-local-plan-submit-plan-for-examination,barnsley-metropolitan-borough-council-local-plan,submit-plan-for-examination,2016-12-22,2026-02-09
barrow-borough-council-local-plan-2016-plan-adopted,barrow-borough-council-local-plan-2016,plan-adopted,2019-06-04,2026-02-09
barrow-borough-council-local-plan-2016-planning-inspectorate-found-sound,barrow-borough-council-local-plan-2016,planning-inspectorate-found-sound,2019-03-20,2026-02-09
barrow-borough-council-local-plan-2016-reg-19-publication-local-plan-published,barrow-borough-council-local-plan-2016,reg-19-publication-local-plan-published,2017-12-08,2026-02-09
barrow-borough-council-local-plan-2016-submit-plan-for-examination,barrow-borough-council-local-plan-2016,submit-plan-for-examination,2018-02-02,2026-02-09
basingstoke-and-deane-borough-council-local-plan-2011-reg-19-publication-local-plan-published,basingstoke-and-deane-borough-council-local-plan-2011,reg-19-publication-local-plan-published,2014-04-25,2026-02-09
basingstoke-and-deane-borough-council-local-plan-2011-submit-plan-for-examination,basingstoke-and-deane-borough-council-local-plan-2011,submit-plan-for-examination,2014-10-09,2026-02-09
basingstoke-and-deane-borough-council-local-plan-2011-plan-adopted,basingstoke-and-deane-borough-council-local-plan-2011,plan-adopted,2016-05-26,2026-02-09
basingstoke-and-deane-borough-council-local-plan-2011-planning-inspectorate-found-sound,basingstoke-and-deane-borough-council-local-plan-2011,planning-inspectorate-found-sound,2016-04-06,2026-02-09
bassetlaw-district-council-local-plan-2020-submit-plan-for-examination,bassetlaw-district-council-local-plan-2020,submit-plan-for-examination,2022-07-18,2026-02-09
bassetlaw-district-council-local-plan-2020-reg-19-publication-local-plan-published,bassetlaw-district-council-local-plan-2020,reg-19-publication-local-plan-published,2021-09-02,2026-02-09
bassetlaw-district-council-local-plan-2020-plan-adopted,bassetlaw-district-council-local-plan-2020,plan-adopted,2024-05-29,2026-02-09
bassetlaw-district-council-local-plan-2020-planning-inspectorate-found-sound,bassetlaw-district-council-local-plan-2020,planning-inspectorate-found-sound,2024-02-21,2026-02-09
bath-and-north-east-somerset-council-local-plan-2011-plan-adopted,bath-and-north-east-somerset-council-local-plan-2011,plan-adopted,2014-07-10,2026-02-09
bath-and-north-east-somerset-council-local-plan-2011-planning-inspectorate-found-sound,bath-and-north-east-somerset-council-local-plan-2011,planning-inspectorate-found-sound,2014-06-24,2026-02-09
bath-and-north-east-somerset-council-local-plan-2011-reg-19-publication-local-plan-published,bath-and-north-east-somerset-council-local-plan-2011,reg-19-publication-local-plan-published,2010-12-16,2026-02-09
bath-and-north-east-somerset-council-local-plan-2011-submit-plan-for-examination,bath-and-north-east-somerset-council-local-plan-2011,submit-plan-for-examination,2011-05-03,2026-02-09
bedford-borough-council-local-plan-2015-plan-adopted,bedford-borough-council-local-plan-2015,plan-adopted,2020-01-15,2026-02-09
bedford-borough-council-local-plan-2015-planning-inspectorate-found-sound,bedford-borough-council-local-plan-2015,planning-inspectorate-found-sound,2019-12-20,2026-02-09
bedford-borough-council-local-plan-2015-reg-19-publication-local-plan-published,bedford-borough-council-local-plan-2015,reg-19-publication-local-plan-published,2018-09-18,2026-02-09
bedford-borough-council-local-plan-2015-submit-plan-for-examination,bedford-borough-council-local-plan-2015,submit-plan-for-examination,2018-12-14,2026-02-09
bedford-borough-council-local-plan-2040-reg-19-publication-local-plan-published,bedford-borough-council-local-plan-2040,reg-19-publication-local-plan-published,2022-06-15,2026-02-09
bedford-borough-council-local-plan-2040-submit-plan-for-examination,bedford-borough-council-local-plan-2040,submit-plan-for-examination,2023-01-12,2026-02-09
birmingham-city-council-local-plan-2011-submit-plan-for-examination,birmingham-city-council-local-plan-2011,submit-plan-for-examination,2014-07-01,2026-02-09
birmingham-city-council-local-plan-2011-reg-19-publication-local-plan-published,birmingham-city-council-local-plan-2011,reg-19-publication-local-plan-published,2014-01-06,2026-02-09
birmingham-city-council-local-plan-2011-planning-inspectorate-found-sound,birmingham-city-council-local-plan-2011,planning-inspectorate-found-sound,2016-03-11,2026-02-09
birmingham-city-council-local-plan-2011-plan-adopted,birmingham-city-council-local-plan-2011,plan-adopted,2017-01-10,2026-02-09
birmingham-city-council-local-plan-2020-reg-18-consultation-end,birmingham-city-council-local-plan-2020,reg-18-consultation-end,2025-12-19,2026-02-09
birmingham-city-council-local-plan-2020-reg-18-consultation-start,birmingham-city-council-local-plan-2020,reg-18-consultation-start,2022-10-24,2026-02-09
birmingham-city-council-local-plan-2020-timetable-published,birmingham-city-council-local-plan-2020,timetable-published,2025-02-01,2026-02-09
blaby-district-council-local-plan-2029-submit-plan-for-examination,blaby-district-council-local-plan-2029,submit-plan-for-examination,2012-06-08,2026-02-09
blaby-district-council-local-plan-2029-reg-19-publication-local-plan-published,blaby-district-council-local-plan-2029,reg-19-publication-local-plan-published,2012-01-19,2026-02-09
blaby-district-council-local-plan-2029-planning-inspectorate-found-sound,blaby-district-council-local-plan-2029,planning-inspectorate-found-sound,2013-02-12,2026-02-09
blaby-district-council-local-plan-2029-plan-adopted,blaby-district-council-local-plan-2029,plan-adopted,2013-02-21,2026-02-09
blaby-district-council-local-plan-2042-reg-18-consultation-end,blaby-district-council-local-plan-2042,reg-18-consultation-end,2021-03-01,2026-02-09
blaby-district-council-local-plan-2042-reg-18-consultation-start,blaby-district-council-local-plan-2042,reg-18-consultation-start,2019-07-01,2026-02-09
blaby-district-council-local-plan-2042-timetable-published,blaby-district-council-local-plan-2042,timetable-published,2025-03-01,2026-02-09
black-country-core-strategy-planning-inspectorate-found-sound,black-country-core-strategy,planning-inspectorate-found-sound,2010-10-15,2026-02-09
black-country-core-strategy-submit-plan-for-examination,black-country-core-strategy,submit-plan-for-examination,2010-02-26,2026-02-09
black-country-core-strategy-reg-19-publication-local-plan-published,black-country-core-strategy,reg-19-publication-local-plan-published,2009-11-30,2026-02-09
black-country-core-strategy-plan-adopted,black-country-core-strategy,plan-adopted,2011-02-03,2026-02-09
blackburn-with-darwen-borough-council-local-plan-2021-plan-adopted,blackburn-with-darwen-borough-council-local-plan-2021,plan-adopted,2024-01-25,2026-02-09
blackburn-with-darwen-borough-council-local-plan-2021-planning-inspectorate-found-sound,blackburn-with-darwen-borough-council-local-plan-2021,planning-inspectorate-found-sound,2023-12-11,2026-02-09
blackburn-with-darwen-borough-council-local-plan-2021-reg-19-publication-local-plan-published,blackburn-with-darwen-borough-council-local-plan-2021,reg-19-publication-local-plan-published,2022-02-04,2026-02-09
blackburn-with-darwen-borough-council-local-plan-2021-submit-plan-for-examination,blackburn-with-darwen-borough-council-local-plan-2021,submit-plan-for-examination,2022-08-05,2026-02-09
blackpool-borough-council-local-plan-2012-reg-19-publication-local-plan-published,blackpool-borough-council-local-plan-2012,reg-19-publication-local-plan-published,2014-07-04,2026-02-09
blackpool-borough-council-local-plan-2012-planning-inspectorate-found-sound,blackpool-borough-council-local-plan-2012,planning-inspectorate-found-sound,2015-11-23,2026-02-09
blackpool-borough-council-local-plan-2012-plan-adopted,blackpool-borough-council-local-plan-2012,plan-adopted,2016-01-20,2026-02-09
blackpool-borough-council-local-plan-2012-submit-plan-for-examination,blackpool-borough-council-local-plan-2012,submit-plan-for-examination,2014-12-18,2026-02-09
bolsover-district-council-local-plan-2014-submit-plan-for-examination,bolsover-district-council-local-plan-2014,submit-plan-for-examination,2018-08-31,2026-02-09
bolsover-district-council-local-plan-2014-planning-inspectorate-found-sound,bolsover-district-council-local-plan-2014,planning-inspectorate-found-sound,2020-01-15,2026-02-09
bolsover-district-council-local-plan-2014-reg-19-publication-local-plan-published,bolsover-district-council-local-plan-2014,reg-19-publication-local-plan-published,2018-05-02,2026-02-09
bolsover-district-council-local-plan-2014-plan-adopted,bolsover-district-council-local-plan-2014,plan-adopted,2020-03-04,2026-02-09
borough-council-of-kings-lynn-and-west-norfolk-local-plan-2021-reg-19-publication-local-plan-published,borough-council-of-kings-lynn-and-west-norfolk-local-plan-2021,reg-19-publication-local-plan-published,2021-08-02,2026-02-09
borough-council-of-kings-lynn-and-west-norfolk-local-plan-2021-planning-inspectorate-found-sound,borough-council-of-kings-lynn-and-west-norfolk-local-plan-2021,planning-inspectorate-found-sound,2025-02-21,2026-02-09
borough-council-of-kings-lynn-and-west-norfolk-local-plan-2021-plan-adopted,borough-council-of-kings-lynn-and-west-norfolk-local-plan-2021,plan-adopted,2025-03-27,2026-02-09
borough-council-of-kings-lynn-and-west-norfolk-local-plan-2021-submit-plan-for-examination,borough-council-of-kings-lynn-and-west-norfolk-local-plan-2021,submit-plan-for-examination,2022-03-29,2026-02-09
borough-of-poole-local-plan-2018-reg-19-publication-local-plan-published,borough-of-poole-local-plan-2018,reg-19-publication-local-plan-published,2017-07-31,2026-02-09
borough-of-poole-local-plan-2018-plan-adopted,borough-of-poole-local-plan-2018,plan-adopted,2018-11-13,2026-02-09
borough-of-poole-local-plan-2018-planning-inspectorate-found-sound,borough-of-poole-local-plan-2018,planning-inspectorate-found-sound,2018-10-24,2026-02-09
borough-of-poole-local-plan-2018-submit-plan-for-examination,borough-of-poole-local-plan-2018,submit-plan-for-examination,2017-11-24,2026-02-09
bournemouth-borough-council-local-plan-2006-plan-adopted,bournemouth-borough-council-local-plan-2006,plan-adopted,2012-10-30,2026-02-09
bournemouth-borough-council-local-plan-2006-submit-plan-for-examination,bournemouth-borough-council-local-plan-2006,submit-plan-for-examination,2011-11-16,2026-02-09
bournemouth-borough-council-local-plan-2006-reg-19-publication-local-plan-published,bournemouth-borough-council-local-plan-2006,reg-19-publication-local-plan-published,2011-08-31,2026-02-09
bournemouth-borough-council-local-plan-2006-planning-inspectorate-found-sound,bournemouth-borough-council-local-plan-2006,planning-inspectorate-found-sound,2012-08-30,2026-02-09
bournemouth-christchurch-and-poole-council-local-plan-2024-submit-plan-for-examination,bournemouth-christchurch-and-poole-council-local-plan-2024,submit-plan-for-examination,2024-06-27,2026-02-09
bournemouth-christchurch-and-poole-council-local-plan-2024-reg-19-publication-local-plan-published,bournemouth-christchurch-and-poole-council-local-plan-2024,reg-19-publication-local-plan-published,2024-03-20,2026-02-09
bracknell-forest-council-local-plan-2020-reg-19-publication-local-plan-published,bracknell-forest-council-local-plan-2020,reg-19-publication-local-plan-published,2021-03-23,2026-02-09
bracknell-forest-council-local-plan-2020-plan-adopted,bracknell-forest-council-local-plan-2020,plan-adopted,2024-03-19,2026-02-09
bracknell-forest-council-local-plan-2020-planning-inspectorate-found-sound,bracknell-forest-council-local-plan-2020,planning-inspectorate-found-sound,2024-03-01,2026-02-09
bracknell-forest-council-local-plan-2020-submit-plan-for-examination,bracknell-forest-council-local-plan-2020,submit-plan-for-examination,2021-12-20,2026-02-09
braintree-district-council-local-plan-2013-plan-adopted,braintree-district-council-local-plan-2013,plan-adopted,2021-02-22,2026-02-09
braintree-district-council-local-plan-2013-planning-inspectorate-found-sound,braintree-district-council-local-plan-2013,planning-inspectorate-found-sound,2020-12-10,2026-02-09
braintree-district-council-local-plan-2013-reg-19-publication-local-plan-published,braintree-district-council-local-plan-2013,reg-19-publication-local-plan-published,2017-06-16,2026-02-09
braintree-district-council-local-plan-2013-submit-plan-for-examination,braintree-district-council-local-plan-2013,submit-plan-for-examination,2017-10-09,2026-02-09
breckland-district-council-local-plan-2011-plan-adopted,breckland-district-council-local-plan-2011,plan-adopted,2019-11-28,2026-02-09
breckland-district-council-local-plan-2011-submit-plan-for-examination,breckland-district-council-local-plan-2011,submit-plan-for-examination,2017-11-30,2026-02-09
breckland-district-council-local-plan-2011-planning-inspectorate-found-sound,breckland-district-council-local-plan-2011,planning-inspectorate-found-sound,2019-10-25,2026-02-09
breckland-district-council-local-plan-2011-reg-19-publication-local-plan-published,breckland-district-council-local-plan-2011,reg-19-publication-local-plan-published,2017-08-21,2026-02-09
brentwood-borough-council-local-plan-2016-submit-plan-for-examination,brentwood-borough-council-local-plan-2016,submit-plan-for-examination,2020-02-14,2026-02-09
brentwood-borough-council-local-plan-2016-reg-19-publication-local-plan-published,brentwood-borough-council-local-plan-2016,reg-19-publication-local-plan-published,2019-02-05,2026-02-09
brentwood-borough-council-local-plan-2016-planning-inspectorate-found-sound,brentwood-borough-council-local-plan-2016,planning-inspectorate-found-sound,2022-02-23,2026-02-09
brentwood-borough-council-local-plan-2016-plan-adopted,brentwood-borough-council-local-plan-2016,plan-adopted,2022-03-23,2026-02-09
brighton-and-hove-city-council-local-plan-2030-planning-inspectorate-found-sound,brighton-and-hove-city-council-local-plan-2030,planning-inspectorate-found-sound,2016-02-05,2026-02-09
brighton-and-hove-city-council-local-plan-2030-plan-adopted,brighton-and-hove-city-council-local-plan-2030,plan-adopted,2016-03-24,2026-02-09
brighton-and-hove-city-council-local-plan-2030-submit-plan-for-examination,brighton-and-hove-city-council-local-plan-2030,submit-plan-for-examination,2013-06-27,2026-02-09
brighton-and-hove-city-council-local-plan-2030-reg-19-publication-local-plan-published,brighton-and-hove-city-council-local-plan-2030,reg-19-publication-local-plan-published,2013-02-25,2026-02-09
bristol-city-council-local-plan-2006-plan-adopted,bristol-city-council-local-plan-2006,plan-adopted,2011-06-21,2026-02-09
bristol-city-council-local-plan-2006-planning-inspectorate-found-sound,bristol-city-council-local-plan-2006,planning-inspectorate-found-sound,2011-04-05,2026-02-09
bristol-city-council-local-plan-2006-reg-19-publication-local-plan-published,bristol-city-council-local-plan-2006,reg-19-publication-local-plan-published,2009-11-27,2026-02-09
bristol-city-council-local-plan-2006-submit-plan-for-examination,bristol-city-council-local-plan-2006,submit-plan-for-examination,2010-03-15,2026-02-09
bristol-city-council-local-plan-2022-reg-19-publication-local-plan-published,bristol-city-council-local-plan-2022,reg-19-publication-local-plan-published,2023-11-21,2026-02-09
bristol-city-council-local-plan-2022-submit-plan-for-examination,bristol-city-council-local-plan-2022,submit-plan-for-examination,2024-04-25,2026-02-09
broads-authority-local-plan-2015-plan-adopted,broads-authority-local-plan-2015,plan-adopted,2019-05-17,2026-02-09
broads-authority-local-plan-2015-planning-inspectorate-found-sound,broads-authority-local-plan-2015,planning-inspectorate-found-sound,2019-04-15,2026-02-09
broads-authority-local-plan-2015-submit-plan-for-examination,broads-authority-local-plan-2015,submit-plan-for-examination,2018-03-20,2026-02-09
broads-authority-local-plan-2015-reg-19-publication-local-plan-published,broads-authority-local-plan-2015,reg-19-publication-local-plan-published,2017-11-09,2026-02-09
broads-authority-local-plan-2021-reg-19-publication-local-plan-published,broads-authority-local-plan-2021,reg-19-publication-local-plan-published,2025-11-28,2026-02-09
bromsgrove-district-council-local-plan-2011-submit-plan-for-examination,bromsgrove-district-council-local-plan-2011,submit-plan-for-examination,2014-03-12,2026-02-09
bromsgrove-district-council-local-plan-2011-plan-adopted,bromsgrove-district-council-local-plan-2011,plan-adopted,2017-01-25,2026-02-09
bromsgrove-district-council-local-plan-2011-planning-inspectorate-found-sound,bromsgrove-district-council-local-plan-2011,planning-inspectorate-found-sound,2016-12-16,2026-02-09
bromsgrove-district-council-local-plan-2011-reg-19-publication-local-plan-published,bromsgrove-district-council-local-plan-2011,reg-19-publication-local-plan-published,2013-09-30,2026-02-09
broxbourne-borough-council-local-plan-2016-plan-adopted,broxbourne-borough-council-local-plan-2016,plan-adopted,2020-06-23,2026-02-09
broxbourne-borough-council-local-plan-2016-submit-plan-for-examination,broxbourne-borough-council-local-plan-2016,submit-plan-for-examination,2018-03-15,2026-02-09
broxbourne-borough-council-local-plan-2016-planning-inspectorate-found-sound,broxbourne-borough-council-local-plan-2016,planning-inspectorate-found-sound,2020-04-14,2026-02-09
broxbourne-borough-council-local-plan-2016-reg-19-publication-local-plan-published,broxbourne-borough-council-local-plan-2016,reg-19-publication-local-plan-published,2017-11-09,2026-02-09
burnley-borough-council-local-plan-2012-plan-adopted,burnley-borough-council-local-plan-2012,plan-adopted,2018-07-31,2026-02-09
burnley-borough-council-local-plan-2012-planning-inspectorate-found-sound,burnley-borough-council-local-plan-2012,planning-inspectorate-found-sound,2018-07-09,2026-02-09
burnley-borough-council-local-plan-2012-reg-19-publication-local-plan-published,burnley-borough-council-local-plan-2012,reg-19-publication-local-plan-published,2017-04-12,2026-02-09
burnley-borough-council-local-plan-2012-submit-plan-for-examination,burnley-borough-council-local-plan-2012,submit-plan-for-examination,2017-07-20,2026-02-09
calderdale-metropolitan-borough-council-local-plan-2018-timetable-published,calderdale-metropolitan-borough-council-local-plan-2018,timetable-published,2023-11-01,2026-02-09
calderdale-metropolitan-borough-council-local-plan-2018-submit-plan-for-examination,calderdale-metropolitan-borough-council-local-plan-2018,submit-plan-for-examination,2019-01-11,2026-02-09
calderdale-metropolitan-borough-council-local-plan-2018-reg-19-publication-local-plan-published,calderdale-metropolitan-borough-council-local-plan-2018,reg-19-publication-local-plan-published,2018-08-10,2026-02-09
calderdale-metropolitan-borough-council-local-plan-2018-reg-18-consultation-start,calderdale-metropolitan-borough-council-local-plan-2018,reg-18-consultation-start,2026-04-01,2026-02-09
calderdale-metropolitan-borough-council-local-plan-2018-planning-inspectorate-found-sound,calderdale-metropolitan-borough-council-local-plan-2018,planning-inspectorate-found-sound,2023-01-26,2026-02-09
calderdale-metropolitan-borough-council-local-plan-2018-plan-adopted,calderdale-metropolitan-borough-council-local-plan-2018,plan-adopted,2023-03-22,2026-02-09
cambridge-city-council-local-plan-2018-plan-adopted,cambridge-city-council-local-plan-2018,plan-adopted,2018-10-18,2026-02-09
cambridge-city-council-local-plan-2018-planning-inspectorate-found-sound,cambridge-city-council-local-plan-2018,planning-inspectorate-found-sound,2018-08-29,2026-02-09
cambridge-city-council-local-plan-2018-reg-19-publication-local-plan-published,cambridge-city-council-local-plan-2018,reg-19-publication-local-plan-published,2013-07-19,2026-02-09
cambridge-city-council-local-plan-2018-submit-plan-for-examination,cambridge-city-council-local-plan-2018,submit-plan-for-examination,2014-03-28,2026-02-09
cannock-chase-district-council-local-plan-2006-reg-19-publication-local-plan-published,cannock-chase-district-council-local-plan-2006,reg-19-publication-local-plan-published,2013-02-14,2026-02-09
cannock-chase-district-council-local-plan-2006-plan-adopted,cannock-chase-district-council-local-plan-2006,plan-adopted,2014-06-11,2026-02-09
cannock-chase-district-council-local-plan-2006-planning-inspectorate-found-sound,cannock-chase-district-council-local-plan-2006,planning-inspectorate-found-sound,2014-02-14,2026-02-09
cannock-chase-district-council-local-plan-2006-submit-plan-for-examination,cannock-chase-district-council-local-plan-2006,submit-plan-for-examination,2013-05-31,2026-02-09
cannock-chase-district-council-local-plan-2018-reg-19-publication-local-plan-published,cannock-chase-district-council-local-plan-2018,reg-19-publication-local-plan-published,2024-02-05,2026-02-09
cannock-chase-district-council-local-plan-2018-submit-plan-for-examination,cannock-chase-district-council-local-plan-2018,submit-plan-for-examination,2024-11-29,2026-02-09
canterbury-city-council-local-plan-2017-planning-inspectorate-found-sound,canterbury-city-council-local-plan-2017,planning-inspectorate-found-sound,2017-06-15,2026-02-09
canterbury-city-council-local-plan-2017-submit-plan-for-examination,canterbury-city-council-local-plan-2017,submit-plan-for-examination,2014-11-21,2026-02-09
canterbury-city-council-local-plan-2017-reg-19-publication-local-plan-published,canterbury-city-council-local-plan-2017,reg-19-publication-local-plan-published,2014-06-05,2026-02-09
canterbury-city-council-local-plan-2017-plan-adopted,canterbury-city-council-local-plan-2017,plan-adopted,2017-07-13,2026-02-09
canterbury-city-council-local-plan-2040-reg-18-consultation-start,canterbury-city-council-local-plan-2040,reg-18-consultation-start,2020-07-01,2026-02-09
canterbury-city-council-local-plan-2040-timetable-published,canterbury-city-council-local-plan-2040,timetable-published,2025-06-01,2026-02-09
canterbury-city-council-local-plan-2040-reg-18-consultation-end,canterbury-city-council-local-plan-2040,reg-18-consultation-end,2024-06-03,2026-02-09
carlisle-city-council-local-plan-2013-plan-adopted,carlisle-city-council-local-plan-2013,plan-adopted,2016-11-08,2026-02-09
carlisle-city-council-local-plan-2013-planning-inspectorate-found-sound,carlisle-city-council-local-plan-2013,planning-inspectorate-found-sound,2016-07-25,2026-02-09
carlisle-city-council-local-plan-2013-reg-19-publication-local-plan-published,carlisle-city-council-local-plan-2013,reg-19-publication-local-plan-published,2015-03-04,2026-02-09
carlisle-city-council-local-plan-2013-submit-plan-for-examination,carlisle-city-council-local-plan-2013,submit-plan-for-examination,2015-06-19,2026-02-09
castle-point-borough-council-local-plan-2026-reg-19-publication-local-plan-published,castle-point-borough-council-local-plan-2026,reg-19-publication-local-plan-published,2025-08-01,2026-02-09
castle-point-borough-council-local-plan-2026-submit-plan-for-examination,castle-point-borough-council-local-plan-2026,submit-plan-for-examination,2026-01-31,2026-02-09
central-bedfordshire-council-local-plan-2015-planning-inspectorate-found-sound,central-bedfordshire-council-local-plan-2015,planning-inspectorate-found-sound,2021-07-15,2026-02-09
central-bedfordshire-council-local-plan-2015-reg-19-publication-local-plan-published,central-bedfordshire-council-local-plan-2015,reg-19-publication-local-plan-published,2018-01-11,2026-02-09
central-bedfordshire-council-local-plan-2015-plan-adopted,central-bedfordshire-council-local-plan-2015,plan-adopted,2021-07-22,2026-02-09
central-bedfordshire-council-local-plan-2015-submit-plan-for-examination,central-bedfordshire-council-local-plan-2015,submit-plan-for-examination,2018-04-30,2026-02-09
central-lincolnshire-local-plan-submit-plan-for-examination,central-lincolnshire-local-plan,submit-plan-for-examination,2022-07-08,2026-02-09
central-lincolnshire-local-plan-planning-inspectorate-found-sound,central-lincolnshire-local-plan,planning-inspectorate-found-sound,2023-03-28,2026-02-09
central-lincolnshire-local-plan-plan-adopted,central-lincolnshire-local-plan,plan-adopted,2023-04-13,2026-02-09
central-lincolnshire-local-plan-reg-19-publication-local-plan-published,central-lincolnshire-local-plan,reg-19-publication-local-plan-published,2022-03-16,2026-02-09
charnwood-borough-council-local-plan-2021-plan-adopted,charnwood-borough-council-local-plan-2021,plan-adopted,2026-01-19,2026-02-09
charnwood-borough-council-local-plan-2021-planning-inspectorate-found-sound,charnwood-borough-council-local-plan-2021,planning-inspectorate-found-sound,2026-01-13,2026-02-09
charnwood-borough-council-local-plan-2021-reg-19-publication-local-plan-published,charnwood-borough-council-local-plan-2021,reg-19-publication-local-plan-published,2021-07-12,2026-02-09
charnwood-borough-council-local-plan-2021-submit-plan-for-examination,charnwood-borough-council-local-plan-2021,submit-plan-for-examination,2021-12-03,2026-02-09
chelmsford-city-council-local-plan-2013-plan-adopted,chelmsford-city-council-local-plan-2013,plan-adopted,2020-05-27,2026-02-09
chelmsford-city-council-local-plan-2013-planning-inspectorate-found-sound,chelmsford-city-council-local-plan-2013,planning-inspectorate-found-sound,2020-02-25,2026-02-09
chelmsford-city-council-local-plan-2013-submit-plan-for-examination,chelmsford-city-council-local-plan-2013,submit-plan-for-examination,2018-06-29,2026-02-09
chelmsford-city-council-local-plan-2013-reg-19-publication-local-plan-published,chelmsford-city-council-local-plan-2013,reg-19-publication-local-plan-published,2018-01-31,2026-02-09
chelmsford-city-council-local-plan-2025-reg-19-publication-local-plan-published,chelmsford-city-council-local-plan-2025,reg-19-publication-local-plan-published,2025-02-04,2026-02-09
cherwell-district-council-local-plan-2011-reg-19-publication-local-plan-published,cherwell-district-council-local-plan-2011,reg-19-publication-local-plan-published,2013-08-29,2026-02-09
cherwell-district-council-local-plan-2011-plan-adopted,cherwell-district-council-local-plan-2011,plan-adopted,2015-07-20,2026-02-09
cherwell-district-council-local-plan-2011-planning-inspectorate-found-sound,cherwell-district-council-local-plan-2011,planning-inspectorate-found-sound,2015-06-09,2026-02-09
cherwell-district-council-local-plan-2011-submit-plan-for-examination,cherwell-district-council-local-plan-2011,submit-plan-for-examination,2014-01-31,2026-02-09
cherwell-district-council-local-plan-2020-timetable-published,cherwell-district-council-local-plan-2020,timetable-published,2025-07-01,2026-02-09
cherwell-district-council-local-plan-2020-submit-plan-for-examination,cherwell-district-council-local-plan-2020,submit-plan-for-examination,2025-07-31,2026-02-09
cherwell-district-council-local-plan-2020-reg-18-consultation-end,cherwell-district-council-local-plan-2020,reg-18-consultation-end,2023-11-03,2026-02-09
cherwell-district-council-local-plan-2020-reg-18-consultation-start,cherwell-district-council-local-plan-2020,reg-18-consultation-start,2020-07-31,2026-02-09
cherwell-district-council-local-plan-2020-reg-19-publication-local-plan-published,cherwell-district-council-local-plan-2020,reg-19-publication-local-plan-published,2024-12-19,2026-02-09
cheshire-east-council-local-plan-2010-submit-plan-for-examination,cheshire-east-council-local-plan-2010,submit-plan-for-examination,2014-05-19,2026-02-09
cheshire-east-council-local-plan-2010-reg-19-publication-local-plan-published,cheshire-east-council-local-plan-2010,reg-19-publication-local-plan-published,2014-03-14,2026-02-09
cheshire-east-council-local-plan-2010-planning-inspectorate-found-sound,cheshire-east-council-local-plan-2010,planning-inspectorate-found-sound,2017-06-20,2026-02-09
cheshire-east-council-local-plan-2010-plan-adopted,cheshire-east-council-local-plan-2010,plan-adopted,2017-07-27,2026-02-09
cheshire-west-and-chester-council-local-plan-2010-planning-inspectorate-found-sound,cheshire-west-and-chester-council-local-plan-2010,planning-inspectorate-found-sound,2014-12-15,2026-02-09
cheshire-west-and-chester-council-local-plan-2010-plan-adopted,cheshire-west-and-chester-council-local-plan-2010,plan-adopted,2015-01-29,2026-02-09
cheshire-west-and-chester-council-local-plan-2010-timetable-published,cheshire-west-and-chester-council-local-plan-2010,timetable-published,2025-05-01,2026-02-09
cheshire-west-and-chester-council-local-plan-2010-submit-plan-for-examination,cheshire-west-and-chester-council-local-plan-2010,submit-plan-for-examination,2013-12-23,2026-02-09
cheshire-west-and-chester-council-local-plan-2010-reg-19-publication-local-plan-published,cheshire-west-and-chester-council-local-plan-2010,reg-19-publication-local-plan-published,2013-09-06,2026-02-09
chesterfield-borough-council-local-plan-2018-submit-plan-for-examination,chesterfield-borough-council-local-plan-2018,submit-plan-for-examination,2019-06-28,2026-02-09
chesterfield-borough-council-local-plan-2018-reg-19-publication-local-plan-published,chesterfield-borough-council-local-plan-2018,reg-19-publication-local-plan-published,2019-01-14,2026-02-09
chesterfield-borough-council-local-plan-2018-planning-inspectorate-found-sound,chesterfield-borough-council-local-plan-2018,planning-inspectorate-found-sound,2020-05-27,2026-02-09
chesterfield-borough-council-local-plan-2018-plan-adopted,chesterfield-borough-council-local-plan-2018,plan-adopted,2020-07-15,2026-02-09
chichester-district-council-local-plan-2021-reg-19-publication-local-plan-published,chichester-district-council-local-plan-2021,reg-19-publication-local-plan-published,2023-02-03,2026-02-09
chichester-district-council-local-plan-2021-plan-adopted,chichester-district-council-local-plan-2021,plan-adopted,2025-08-19,2026-02-09
chichester-district-council-local-plan-2021-submit-plan-for-examination,chichester-district-council-local-plan-2021,submit-plan-for-examination,2024-05-03,2026-02-09
chichester-district-council-local-plan-2021-planning-inspectorate-found-sound,chichester-district-council-local-plan-2021,planning-inspectorate-found-sound,2025-07-21,2026-02-09
chiltern-district-council-local-plan-2006-plan-adopted,chiltern-district-council-local-plan-2006,plan-adopted,2011-11-15,2026-02-09
chiltern-district-council-local-plan-2006-planning-inspectorate-found-sound,chiltern-district-council-local-plan-2006,planning-inspectorate-found-sound,2011-10-06,2026-02-09
chiltern-district-council-local-plan-2006-reg-19-publication-local-plan-published,chiltern-district-council-local-plan-2006,reg-19-publication-local-plan-published,2010-10-14,2026-02-09
chiltern-district-council-local-plan-2006-submit-plan-for-examination,chiltern-district-council-local-plan-2006,submit-plan-for-examination,2011-01-13,2026-02-09
chorley-borough-council-local-plan-2012-reg-19-publication-local-plan-published,chorley-borough-council-local-plan-2012,reg-19-publication-local-plan-published,2010-12-08,2026-02-09
chorley-borough-council-local-plan-2012-planning-inspectorate-found-sound,chorley-borough-council-local-plan-2012,planning-inspectorate-found-sound,2012-06-07,2026-02-09
chorley-borough-council-local-plan-2012-plan-adopted,chorley-borough-council-local-plan-2012,plan-adopted,2012-07-18,2026-02-09
chorley-borough-council-local-plan-2012-submit-plan-for-examination,chorley-borough-council-local-plan-2012,submit-plan-for-examination,2011-03-31,2026-02-09
chorley-borough-council-local-plan-2023-reg-19-publication-local-plan-published,chorley-borough-council-local-plan-2023,reg-19-publication-local-plan-published,2025-02-24,2026-02-09
chorley-borough-council-local-plan-2023-submit-plan-for-examination,chorley-borough-council-local-plan-2023,submit-plan-for-examination,2025-06-30,2026-02-09
christchurch-and-east-dorset-local-plan-part-1-core-strategy-planning-inspectorate-found-sound,christchurch-and-east-dorset-local-plan-part-1-core-strategy,planning-inspectorate-found-sound,2014-03-21,2026-02-09
christchurch-and-east-dorset-local-plan-part-1-core-strategy-plan-adopted,christchurch-and-east-dorset-local-plan-part-1-core-strategy,plan-adopted,2014-04-28,2026-02-09
christchurch-and-east-dorset-local-plan-part-1-core-strategy-reg-19-publication-local-plan-published,christchurch-and-east-dorset-local-plan-part-1-core-strategy,reg-19-publication-local-plan-published,2012-04-02,2026-02-09
christchurch-and-east-dorset-local-plan-part-1-core-strategy-submit-plan-for-examination,christchurch-and-east-dorset-local-plan-part-1-core-strategy,submit-plan-for-examination,2013-03-15,2026-02-09
city-of-bradford-metropolitan-district-council-local-plan-2013-plan-adopted,city-of-bradford-metropolitan-district-council-local-plan-2013,plan-adopted,2017-07-18,2026-02-09
city-of-bradford-metropolitan-district-council-local-plan-2013-reg-19-publication-local-plan-published,city-of-bradford-metropolitan-district-council-local-plan-2013,reg-19-publication-local-plan-published,2014-02-17,2026-02-09
city-of-bradford-metropolitan-district-council-local-plan-2013-submit-plan-for-examination,city-of-bradford-metropolitan-district-council-local-plan-2013,submit-plan-for-examination,2014-12-15,2026-02-09
city-of-bradford-metropolitan-district-council-local-plan-2013-planning-inspectorate-found-sound,city-of-bradford-metropolitan-district-council-local-plan-2013,planning-inspectorate-found-sound,2016-08-22,2026-02-09
city-of-london-corporation-local-plan-2025-planning-inspectorate-examination-start,city-of-london-corporation-local-plan-2025,planning-inspectorate-examination-start,2025-03-25,2026-02-09
city-of-london-corporation-local-plan-2025-timetable-published,city-of-london-corporation-local-plan-2025,timetable-published,2025-02-01,2026-02-09
city-of-london-corporation-local-plan-2025-submit-plan-for-examination,city-of-london-corporation-local-plan-2025,submit-plan-for-examination,2024-08-29,2026-02-09
city-of-london-corporation-local-plan-2025-reg-18-consultation-start,city-of-london-corporation-local-plan-2025,reg-18-consultation-start,2016-09-19,2026-02-09
city-of-london-corporation-local-plan-2025-reg-18-consultation-end,city-of-london-corporation-local-plan-2025,reg-18-consultation-end,2019-02-28,2026-02-09
city-of-london-corporation-local-plan-2025-reg-19-publication-local-plan-published,city-of-london-corporation-local-plan-2025,reg-19-publication-local-plan-published,2024-04-18,2026-02-09
city-of-london-corporation-local-plan-2026-plan-adopted,city-of-london-corporation-local-plan-2026,plan-adopted,2015-01-15,2026-02-09
city-of-london-corporation-local-plan-2026-planning-inspectorate-found-sound,city-of-london-corporation-local-plan-2026,planning-inspectorate-found-sound,2014-11-12,2026-02-09
city-of-london-corporation-local-plan-2026-reg-19-publication-local-plan-published,city-of-london-corporation-local-plan-2026,reg-19-publication-local-plan-published,2013-12-16,2026-02-09
city-of-london-corporation-local-plan-2026-submit-plan-for-examination,city-of-london-corporation-local-plan-2026,submit-plan-for-examination,2014-05-21,2026-02-09
city-of-westminster-local-plan-2019-reg-19-publication-local-plan-published,city-of-westminster-local-plan-2019,reg-19-publication-local-plan-published,2019-06-19,2026-02-09
city-of-westminster-local-plan-2019-planning-inspectorate-found-sound,city-of-westminster-local-plan-2019,planning-inspectorate-found-sound,2021-03-19,2026-02-09
city-of-westminster-local-plan-2019-plan-adopted,city-of-westminster-local-plan-2019,plan-adopted,2021-04-21,2026-02-09
city-of-westminster-local-plan-2019-submit-plan-for-examination,city-of-westminster-local-plan-2019,submit-plan-for-examination,2019-11-19,2026-02-09
city-of-wolverhampton-council-local-plan-2042-planning-inspectorate-examination-start,city-of-wolverhampton-council-local-plan-2042,planning-inspectorate-examination-start,2025-12-16,2026-02-09
city-of-wolverhampton-council-local-plan-2042-submit-plan-for-examination,city-of-wolverhampton-council-local-plan-2042,submit-plan-for-examination,2025-03-07,2026-02-09
city-of-wolverhampton-council-local-plan-2042-reg-19-publication-local-plan-published,city-of-wolverhampton-council-local-plan-2042,reg-19-publication-local-plan-published,2024-11-25,2026-02-09
city-of-wolverhampton-council-local-plan-2042-reg-18-consultation-start,city-of-wolverhampton-council-local-plan-2042,reg-18-consultation-start,2024-02-26,2026-02-09
city-of-wolverhampton-council-local-plan-2042-timetable-published,city-of-wolverhampton-council-local-plan-2042,timetable-published,2025-02-01,2026-02-09
city-of-wolverhampton-council-local-plan-2042-reg-18-consultation-end,city-of-wolverhampton-council-local-plan-2042,reg-18-consultation-end,2024-04-10,2026-02-09
city-of-york-council-local-plan-2017-plan-adopted,city-of-york-council-local-plan-2017,plan-adopted,2025-02-27,2026-02-09
city-of-york-council-local-plan-2017-planning-inspectorate-found-sound,city-of-york-council-local-plan-2017,planning-inspectorate-found-sound,2025-02-14,2026-02-09
city-of-york-council-local-plan-2017-reg-19-publication-local-plan-published,city-of-york-council-local-plan-2017,reg-19-publication-local-plan-published,2018-02-21,2026-02-09
city-of-york-council-local-plan-2017-submit-plan-for-examination,city-of-york-council-local-plan-2017,submit-plan-for-examination,2018-05-25,2026-02-09
city-of-york-council-local-plan-2017-timetable-published,city-of-york-council-local-plan-2017,timetable-published,2025-04-01,2026-02-09
copeland-borough-council-local-plan-2021-submit-plan-for-examination,copeland-borough-council-local-plan-2021,submit-plan-for-examination,2022-09-16,2026-02-09
copeland-borough-council-local-plan-2021-reg-19-publication-local-plan-published,copeland-borough-council-local-plan-2021,reg-19-publication-local-plan-published,2022-01-10,2026-02-09
copeland-borough-council-local-plan-2021-plan-adopted,copeland-borough-council-local-plan-2021,plan-adopted,2024-11-05,2026-02-09
copeland-borough-council-local-plan-2021-planning-inspectorate-found-sound,copeland-borough-council-local-plan-2021,planning-inspectorate-found-sound,2024-09-23,2026-02-09
cornwall-council-local-plan-2016-reg-19-publication-local-plan-published,cornwall-council-local-plan-2016,reg-19-publication-local-plan-published,2014-03-17,2026-02-09
cornwall-council-local-plan-2016-planning-inspectorate-found-sound,cornwall-council-local-plan-2016,planning-inspectorate-found-sound,2016-09-23,2026-02-09
cornwall-council-local-plan-2016-plan-adopted,cornwall-council-local-plan-2016,plan-adopted,2016-11-22,2026-02-09
cornwall-council-local-plan-2016-submit-plan-for-examination,cornwall-council-local-plan-2016,submit-plan-for-examination,2015-02-05,2026-02-09
cotswold-district-council-local-plan-2011-plan-adopted,cotswold-district-council-local-plan-2011,plan-adopted,2018-08-03,2026-02-09
cotswold-district-council-local-plan-2011-planning-inspectorate-found-sound,cotswold-district-council-local-plan-2011,planning-inspectorate-found-sound,2018-06-05,2026-02-09
cotswold-district-council-local-plan-2011-submit-plan-for-examination,cotswold-district-council-local-plan-2011,submit-plan-for-examination,2017-07-07,2026-02-09
cotswold-district-council-local-plan-2011-reg-19-publication-local-plan-published,cotswold-district-council-local-plan-2011,reg-19-publication-local-plan-published,2016-06-27,2026-02-09
cotswold-district-council-local-plan-2025-timetable-published,cotswold-district-council-local-plan-2025,timetable-published,2025-10-01,2026-02-09
cotswold-district-council-local-plan-2025-reg-18-consultation-start,cotswold-district-council-local-plan-2025,reg-18-consultation-start,2022-02-04,2026-02-09
cotswold-district-council-local-plan-2025-reg-18-consultation-end,cotswold-district-council-local-plan-2025,reg-18-consultation-end,2026-01-02,2026-02-09
council-of-the-isles-of-scilly-local-plan-2015-plan-adopted,council-of-the-isles-of-scilly-local-plan-2015,plan-adopted,2021-03-25,2026-02-09
council-of-the-isles-of-scilly-local-plan-2015-planning-inspectorate-found-sound,council-of-the-isles-of-scilly-local-plan-2015,planning-inspectorate-found-sound,2021-02-23,2026-02-09
council-of-the-isles-of-scilly-local-plan-2015-reg-19-publication-local-plan-published,council-of-the-isles-of-scilly-local-plan-2015,reg-19-publication-local-plan-published,2019-02-22,2026-02-09
council-of-the-isles-of-scilly-local-plan-2015-submit-plan-for-examination,council-of-the-isles-of-scilly-local-plan-2015,submit-plan-for-examination,2019-09-30,2026-02-09
coventry-city-council-local-plan-2011-reg-19-publication-local-plan-published,coventry-city-council-local-plan-2011,reg-19-publication-local-plan-published,2016-01-18,2026-02-09
coventry-city-council-local-plan-2011-submit-plan-for-examination,coventry-city-council-local-plan-2011,submit-plan-for-examination,2016-04-01,2026-02-09
coventry-city-council-local-plan-2011-planning-inspectorate-found-sound,coventry-city-council-local-plan-2011,planning-inspectorate-found-sound,2017-10-13,2026-02-09
coventry-city-council-local-plan-2011-plan-adopted,coventry-city-council-local-plan-2011,plan-adopted,2017-12-06,2026-02-09
coventry-city-council-local-plan-2021-reg-19-publication-local-plan-published,coventry-city-council-local-plan-2021,reg-19-publication-local-plan-published,2025-01-20,2026-02-09
coventry-city-council-local-plan-2021-submit-plan-for-examination,coventry-city-council-local-plan-2021,submit-plan-for-examination,2025-09-09,2026-02-09
craven-district-council-local-plan-2012-submit-plan-for-examination,craven-district-council-local-plan-2012,submit-plan-for-examination,2018-03-27,2026-02-09
craven-district-council-local-plan-2012-reg-19-publication-local-plan-published,craven-district-council-local-plan-2012,reg-19-publication-local-plan-published,2018-01-02,2026-02-09
craven-district-council-local-plan-2012-planning-inspectorate-found-sound,craven-district-council-local-plan-2012,planning-inspectorate-found-sound,2019-10-09,2026-02-09
craven-district-council-local-plan-2012-plan-adopted,craven-district-council-local-plan-2012,plan-adopted,2019-11-12,2026-02-09
crawley-borough-council-local-plan-2023-reg-19-publication-local-plan-published,crawley-borough-council-local-plan-2023,reg-19-publication-local-plan-published,2021-01-06,2026-02-09
crawley-borough-council-local-plan-2023-planning-inspectorate-found-sound,crawley-borough-council-local-plan-2023,planning-inspectorate-found-sound,2024-09-06,2026-02-09
crawley-borough-council-local-plan-2023-plan-adopted,crawley-borough-council-local-plan-2023,plan-adopted,2024-10-16,2026-02-09
crawley-borough-council-local-plan-2023-submit-plan-for-examination,crawley-borough-council-local-plan-2023,submit-plan-for-examination,2023-07-31,2026-02-09
dacorum-borough-council-local-plan-2006-submit-plan-for-examination,dacorum-borough-council-local-plan-2006,submit-plan-for-examination,2012-06-22,2026-02-09
dacorum-borough-council-local-plan-2006-reg-19-publication-local-plan-published,dacorum-borough-council-local-plan-2006,reg-19-publication-local-plan-published,2011-10-26,2026-02-09
dacorum-borough-council-local-plan-2006-planning-inspectorate-found-sound,dacorum-borough-council-local-plan-2006,planning-inspectorate-found-sound,2013-07-09,2026-02-09
dacorum-borough-council-local-plan-2006-plan-adopted,dacorum-borough-council-local-plan-2006,plan-adopted,2013-09-25,2026-02-09
dacorum-borough-council-local-plan-2026-submit-plan-for-examination,dacorum-borough-council-local-plan-2026,submit-plan-for-examination,2025-03-11,2026-02-09
dacorum-borough-council-local-plan-2026-reg-19-publication-local-plan-published,dacorum-borough-council-local-plan-2026,reg-19-publication-local-plan-published,2024-11-04,2026-02-09
darlington-borough-council-local-plan-2016-reg-19-publication-local-plan-published,darlington-borough-council-local-plan-2016,reg-19-publication-local-plan-published,2020-08-06,2026-02-09
darlington-borough-council-local-plan-2016-submit-plan-for-examination,darlington-borough-council-local-plan-2016,submit-plan-for-examination,2020-12-22,2026-02-09
darlington-borough-council-local-plan-2016-plan-adopted,darlington-borough-council-local-plan-2016,plan-adopted,2022-02-17,2026-02-09
darlington-borough-council-local-plan-2016-planning-inspectorate-found-sound,darlington-borough-council-local-plan-2016,planning-inspectorate-found-sound,2022-01-28,2026-02-09
dartford-borough-council-local-plan-2037-submit-plan-for-examination,dartford-borough-council-local-plan-2037,submit-plan-for-examination,2021-12-13,2026-02-09
dartford-borough-council-local-plan-2037-plan-adopted,dartford-borough-council-local-plan-2037,plan-adopted,2024-04-22,2026-02-09
dartford-borough-council-local-plan-2037-planning-inspectorate-found-sound,dartford-borough-council-local-plan-2037,planning-inspectorate-found-sound,2024-02-05,2026-02-09
dartford-borough-council-local-plan-2037-reg-19-publication-local-plan-published,dartford-borough-council-local-plan-2037,reg-19-publication-local-plan-published,2021-09-15,2026-02-09
dartmoor-national-park-authority-local-plan-2018-plan-adopted,dartmoor-national-park-authority-local-plan-2018,plan-adopted,2021-12-03,2026-02-09
dartmoor-national-park-authority-local-plan-2018-reg-19-publication-local-plan-published,dartmoor-national-park-authority-local-plan-2018,reg-19-publication-local-plan-published,2019-09-16,2026-02-09
dartmoor-national-park-authority-local-plan-2018-planning-inspectorate-found-sound,dartmoor-national-park-authority-local-plan-2018,planning-inspectorate-found-sound,2021-11-01,2026-02-09
dartmoor-national-park-authority-local-plan-2018-submit-plan-for-examination,dartmoor-national-park-authority-local-plan-2018,submit-plan-for-examination,2020-09-21,2026-02-09
derby-city-council-local-plan-2011-plan-adopted,derby-city-council-local-plan-2011,plan-adopted,2017-01-25,2026-02-09
derby-city-council-local-plan-2011-planning-inspectorate-found-sound,derby-city-council-local-plan-2011,planning-inspectorate-found-sound,2016-12-05,2026-02-09
derby-city-council-local-plan-2011-submit-plan-for-examination,derby-city-council-local-plan-2011,submit-plan-for-examination,2015-12-18,2026-02-09
derby-city-council-local-plan-2011-reg-19-publication-local-plan-published,derby-city-council-local-plan-2011,reg-19-publication-local-plan-published,2015-08-26,2026-02-09
derbyshire-dales-district-council-local-plan-2013-plan-adopted,derbyshire-dales-district-council-local-plan-2013,plan-adopted,2017-12-07,2026-02-09
derbyshire-dales-district-council-local-plan-2013-planning-inspectorate-found-sound,derbyshire-dales-district-council-local-plan-2013,planning-inspectorate-found-sound,2017-11-13,2026-02-09
derbyshire-dales-district-council-local-plan-2013-reg-19-publication-local-plan-published,derbyshire-dales-district-council-local-plan-2013,reg-19-publication-local-plan-published,2016-08-11,2026-02-09
derbyshire-dales-district-council-local-plan-2013-submit-plan-for-examination,derbyshire-dales-district-council-local-plan-2013,submit-plan-for-examination,2016-12-20,2026-02-09
doncaster-metropolitan-borough-council-local-plan-2015-plan-adopted,doncaster-metropolitan-borough-council-local-plan-2015,plan-adopted,2021-09-23,2026-02-09
doncaster-metropolitan-borough-council-local-plan-2015-reg-19-publication-local-plan-published,doncaster-metropolitan-borough-council-local-plan-2015,reg-19-publication-local-plan-published,2019-08-12,2026-02-09
doncaster-metropolitan-borough-council-local-plan-2015-planning-inspectorate-found-sound,doncaster-metropolitan-borough-council-local-plan-2015,planning-inspectorate-found-sound,2021-06-30,2026-02-09
doncaster-metropolitan-borough-council-local-plan-2015-submit-plan-for-examination,doncaster-metropolitan-borough-council-local-plan-2015,submit-plan-for-examination,2020-03-04,2026-02-09
dorset-council-local-plan-2026-timetable-published,dorset-council-local-plan-2026,timetable-published,2025-03-01,2026-02-09
dorset-council-local-plan-2026-reg-18-consultation-start,dorset-council-local-plan-2026,reg-18-consultation-start,2021-01-01,2026-02-09
dorset-council-local-plan-2026-reg-18-consultation-end,dorset-council-local-plan-2026,reg-18-consultation-end,2025-10-13,2026-02-09
dover-district-council-local-plan-2040-planning-inspectorate-found-sound,dover-district-council-local-plan-2040,planning-inspectorate-found-sound,2024-09-20,2026-02-09
dover-district-council-local-plan-2040-reg-19-publication-local-plan-published,dover-district-council-local-plan-2040,reg-19-publication-local-plan-published,2022-10-21,2026-02-09
dover-district-council-local-plan-2040-submit-plan-for-examination,dover-district-council-local-plan-2040,submit-plan-for-examination,2023-03-31,2026-02-09
dover-district-council-local-plan-2040-plan-adopted,dover-district-council-local-plan-2040,plan-adopted,2024-10-16,2026-02-09
draft-stoke-on-trent-local-plan-timetable-published,draft-stoke-on-trent-local-plan,timetable-published,2025-07-01,2026-02-09
draft-stoke-on-trent-local-plan-reg-18-consultation-end,draft-stoke-on-trent-local-plan,reg-18-consultation-end,2025-10-20,2026-02-09
draft-stoke-on-trent-local-plan-reg-18-consultation-start,draft-stoke-on-trent-local-plan,reg-18-consultation-start,2021-05-10,2026-02-09
dudley-metropolitan-borough-council-local-plan-2041-reg-19-publication-local-plan-published,dudley-metropolitan-borough-council-local-plan-2041,reg-19-publication-local-plan-published,2024-10-18,2026-02-09
dudley-metropolitan-borough-council-local-plan-2041-submit-plan-for-examination,dudley-metropolitan-borough-council-local-plan-2041,submit-plan-for-examination,2025-02-14,2026-02-09
durham-county-council-local-plan-2016-plan-adopted,durham-county-council-local-plan-2016,plan-adopted,2020-10-21,2026-02-09
durham-county-council-local-plan-2016-planning-inspectorate-found-sound,durham-county-council-local-plan-2016,planning-inspectorate-found-sound,2020-09-17,2026-02-09
durham-county-council-local-plan-2016-reg-19-publication-local-plan-published,durham-county-council-local-plan-2016,reg-19-publication-local-plan-published,2019-01-25,2026-02-09
durham-county-council-local-plan-2016-submit-plan-for-examination,durham-county-council-local-plan-2016,submit-plan-for-examination,2019-06-28,2026-02-09
east-cambridgeshire-district-council-local-plan-2011-planning-inspectorate-found-sound,east-cambridgeshire-district-council-local-plan-2011,planning-inspectorate-found-sound,2015-03-09,2026-02-09
east-cambridgeshire-district-council-local-plan-2011-reg-19-publication-local-plan-published,east-cambridgeshire-district-council-local-plan-2011,reg-19-publication-local-plan-published,2013-02-11,2026-02-09
east-cambridgeshire-district-council-local-plan-2011-submit-plan-for-examination,east-cambridgeshire-district-council-local-plan-2011,submit-plan-for-examination,2013-08-29,2026-02-09
east-cambridgeshire-district-council-local-plan-2011-plan-adopted,east-cambridgeshire-district-council-local-plan-2011,plan-adopted,2015-04-21,2026-02-09
east-cambridgeshire-district-council-local-plan-2011-planning-inspectorate-found-sound,east-cambridgeshire-district-council-local-plan-2011,planning-inspectorate-found-sound,2023-10-05,2026-02-09
east-cambridgeshire-district-council-local-plan-2011-reg-19-publication-local-plan-published,east-cambridgeshire-district-council-local-plan-2011,reg-19-publication-local-plan-published,2022-05-03,2026-02-09
east-cambridgeshire-district-council-local-plan-2011-plan-adopted,east-cambridgeshire-district-council-local-plan-2011,plan-adopted,2023-10-19,2026-02-09
east-cambridgeshire-district-council-local-plan-2011-submit-plan-for-examination,east-cambridgeshire-district-council-local-plan-2011,submit-plan-for-examination,2022-07-19,2026-02-09
east-devon-district-council-local-plan-2013-reg-19-publication-local-plan-published,east-devon-district-council-local-plan-2013,reg-19-publication-local-plan-published,2012-11-16,2026-02-09
east-devon-district-council-local-plan-2013-plan-adopted,east-devon-district-council-local-plan-2013,plan-adopted,2016-01-28,2026-02-09
east-devon-district-council-local-plan-2013-planning-inspectorate-found-sound,east-devon-district-council-local-plan-2013,planning-inspectorate-found-sound,2016-01-15,2026-02-09
east-devon-district-council-local-plan-2013-submit-plan-for-examination,east-devon-district-council-local-plan-2013,submit-plan-for-examination,2013-08-02,2026-02-09
east-devon-district-council-local-plan-2020-reg-19-publication-local-plan-published,east-devon-district-council-local-plan-2020,reg-19-publication-local-plan-published,2025-11-28,2026-02-09
east-hampshire-district-council-local-plan-2014-plan-adopted,east-hampshire-district-council-local-plan-2014,plan-adopted,2014-05-08,2026-02-09
east-hampshire-district-council-local-plan-2014-planning-inspectorate-found-sound,east-hampshire-district-council-local-plan-2014,planning-inspectorate-found-sound,2014-04-15,2026-02-09
east-hampshire-district-council-local-plan-2014-reg-19-publication-local-plan-published,east-hampshire-district-council-local-plan-2014,reg-19-publication-local-plan-published,2012-02-03,2026-02-09
east-hampshire-district-council-local-plan-2014-submit-plan-for-examination,east-hampshire-district-council-local-plan-2014,submit-plan-for-examination,2012-05-25,2026-02-09
east-hertfordshire-district-council-local-plan-2011-planning-inspectorate-found-sound,east-hertfordshire-district-council-local-plan-2011,planning-inspectorate-found-sound,2018-07-10,2026-02-09
east-hertfordshire-district-council-local-plan-2011-plan-adopted,east-hertfordshire-district-council-local-plan-2011,plan-adopted,2018-10-23,2026-02-09
east-hertfordshire-district-council-local-plan-2011-submit-plan-for-examination,east-hertfordshire-district-council-local-plan-2011,submit-plan-for-examination,2017-03-31,2026-02-09
east-hertfordshire-district-council-local-plan-2011-reg-19-publication-local-plan-published,east-hertfordshire-district-council-local-plan-2011,reg-19-publication-local-plan-published,2016-11-03,2026-02-09
east-lindsey-district-council-local-plan-2012-submit-plan-for-examination,east-lindsey-district-council-local-plan-2012,submit-plan-for-examination,2017-04-18,2026-02-09
east-lindsey-district-council-local-plan-2012-plan-adopted,east-lindsey-district-council-local-plan-2012,plan-adopted,2018-07-18,2026-02-09
east-lindsey-district-council-local-plan-2012-reg-19-publication-local-plan-published,east-lindsey-district-council-local-plan-2012,reg-19-publication-local-plan-published,2016-11-30,2026-02-09
east-lindsey-district-council-local-plan-2012-planning-inspectorate-found-sound,east-lindsey-district-council-local-plan-2012,planning-inspectorate-found-sound,2018-05-03,2026-02-09
east-riding-of-yorkshire-council-local-plan-2020-plan-adopted,east-riding-of-yorkshire-council-local-plan-2020,plan-adopted,2025-04-02,2026-02-09
east-riding-of-yorkshire-council-local-plan-2020-planning-inspectorate-found-sound,east-riding-of-yorkshire-council-local-plan-2020,planning-inspectorate-found-sound,2024-12-30,2026-02-09
east-riding-of-yorkshire-council-local-plan-2020-submit-plan-for-examination,east-riding-of-yorkshire-council-local-plan-2020,submit-plan-for-examination,2023-03-31,2026-02-09
east-riding-of-yorkshire-council-local-plan-2020-reg-19-publication-local-plan-published,east-riding-of-yorkshire-council-local-plan-2020,reg-19-publication-local-plan-published,2022-10-24,2026-02-09
east-staffordshire-borough-council-local-plan-2012-plan-adopted,east-staffordshire-borough-council-local-plan-2012,plan-adopted,2015-10-15,2026-02-09
east-staffordshire-borough-council-local-plan-2012-submit-plan-for-examination,east-staffordshire-borough-council-local-plan-2012,submit-plan-for-examination,2014-04-11,2026-02-09
east-staffordshire-borough-council-local-plan-2012-reg-19-publication-local-plan-published,east-staffordshire-borough-council-local-plan-2012,reg-19-publication-local-plan-published,2013-10-18,2026-02-09
east-staffordshire-borough-council-local-plan-2012-planning-inspectorate-found-sound,east-staffordshire-borough-council-local-plan-2012,planning-inspectorate-found-sound,2015-10-07,2026-02-09
eastbourne-core-strategy-submit-plan-for-examination,eastbourne-core-strategy,submit-plan-for-examination,2012-01-31,2026-02-09
eastbourne-core-strategy-reg-19-publication-local-plan-published,eastbourne-core-strategy,reg-19-publication-local-plan-published,2011-09-16,2026-02-09
eastbourne-core-strategy-planning-inspectorate-found-sound,eastbourne-core-strategy,planning-inspectorate-found-sound,2012-11-21,2026-02-09
eastbourne-core-strategy-plan-adopted,eastbourne-core-strategy,plan-adopted,2013-02-20,2026-02-09
eastleigh-borough-council-local-plan-2016-planning-inspectorate-found-sound,eastleigh-borough-council-local-plan-2016,planning-inspectorate-found-sound,2022-03-14,2026-02-09
eastleigh-borough-council-local-plan-2016-submit-plan-for-examination,eastleigh-borough-council-local-plan-2016,submit-plan-for-examination,2018-10-31,2026-02-09
eastleigh-borough-council-local-plan-2016-plan-adopted,eastleigh-borough-council-local-plan-2016,plan-adopted,2022-04-25,2026-02-09
eastleigh-borough-council-local-plan-2016-reg-19-publication-local-plan-published,eastleigh-borough-council-local-plan-2016,reg-19-publication-local-plan-published,2018-06-25,2026-02-09
eden-district-council-local-plan-2014-plan-adopted,eden-district-council-local-plan-2014,plan-adopted,2018-10-11,2026-02-09
eden-district-council-local-plan-2014-planning-inspectorate-found-sound,eden-district-council-local-plan-2014,planning-inspectorate-found-sound,2018-08-30,2026-02-09
eden-district-council-local-plan-2014-reg-19-publication-local-plan-published,eden-district-council-local-plan-2014,reg-19-publication-local-plan-published,2015-10-06,2026-02-09
eden-district-council-local-plan-2014-submit-plan-for-examination,eden-district-council-local-plan-2014,submit-plan-for-examination,2015-12-23,2026-02-09
elmbridge-borough-council-local-plan-2011-planning-inspectorate-found-sound,elmbridge-borough-council-local-plan-2011,planning-inspectorate-found-sound,2011-06-13,2026-02-09
elmbridge-borough-council-local-plan-2011-plan-adopted,elmbridge-borough-council-local-plan-2011,plan-adopted,2011-07-20,2026-02-09
elmbridge-borough-council-local-plan-2011-reg-19-publication-local-plan-published,elmbridge-borough-council-local-plan-2011,reg-19-publication-local-plan-published,2010-01-11,2026-02-09
elmbridge-borough-council-local-plan-2011-submit-plan-for-examination,elmbridge-borough-council-local-plan-2011,submit-plan-for-examination,2010-03-31,2026-02-09
elmbridge-borough-council-local-plan-2021-reg-19-publication-local-plan-published,elmbridge-borough-council-local-plan-2021,reg-19-publication-local-plan-published,2022-06-17,2026-02-09
elmbridge-borough-council-local-plan-2021-submit-plan-for-examination,elmbridge-borough-council-local-plan-2021,submit-plan-for-examination,2023-08-10,2026-02-09
epping-forest-district-council-local-plan-2011-timetable-published,epping-forest-district-council-local-plan-2011,timetable-published,2025-03-01,2026-02-09
epping-forest-district-council-local-plan-2011-submit-plan-for-examination,epping-forest-district-council-local-plan-2011,submit-plan-for-examination,2018-09-21,2026-02-09
epping-forest-district-council-local-plan-2011-planning-inspectorate-found-sound,epping-forest-district-council-local-plan-2011,planning-inspectorate-found-sound,2023-02-09,2026-02-09
epping-forest-district-council-local-plan-2011-reg-19-publication-local-plan-published,epping-forest-district-council-local-plan-2011,reg-19-publication-local-plan-published,2017-12-18,2026-02-09
epping-forest-district-council-local-plan-2011-plan-adopted,epping-forest-district-council-local-plan-2011,plan-adopted,2023-03-06,2026-02-09
epsom-and-ewell-borough-council-local-plan-2007-planning-inspectorate-found-sound,epsom-and-ewell-borough-council-local-plan-2007,planning-inspectorate-found-sound,2007-05-16,2026-02-09
epsom-and-ewell-borough-council-local-plan-2007-reg-19-publication-local-plan-published,epsom-and-ewell-borough-council-local-plan-2007,reg-19-publication-local-plan-published,2006-06-01,2026-02-09
epsom-and-ewell-borough-council-local-plan-2007-submit-plan-for-examination,epsom-and-ewell-borough-council-local-plan-2007,submit-plan-for-examination,2006-07-05,2026-02-09
epsom-and-ewell-borough-council-local-plan-2007-plan-adopted,epsom-and-ewell-borough-council-local-plan-2007,plan-adopted,2007-07-24,2026-02-09
epsom-and-ewell-borough-council-local-plan-2022-reg-19-publication-local-plan-published,epsom-and-ewell-borough-council-local-plan-2022,reg-19-publication-local-plan-published,2024-12-20,2026-02-09
epsom-and-ewell-borough-council-local-plan-2022-submit-plan-for-examination,epsom-and-ewell-borough-council-local-plan-2022,submit-plan-for-examination,2025-03-10,2026-02-09
erewash-borough-council-local-plan-2011-plan-adopted,erewash-borough-council-local-plan-2011,plan-adopted,2014-03-06,2026-02-09
erewash-borough-council-local-plan-2011-planning-inspectorate-found-sound,erewash-borough-council-local-plan-2011,planning-inspectorate-found-sound,2014-01-14,2026-02-09
erewash-borough-council-local-plan-2011-reg-19-publication-local-plan-published,erewash-borough-council-local-plan-2011,reg-19-publication-local-plan-published,2012-06-28,2026-02-09
erewash-borough-council-local-plan-2011-submit-plan-for-examination,erewash-borough-council-local-plan-2011,submit-plan-for-examination,2012-11-30,2026-02-09
erewash-borough-council-local-plan-2022-reg-19-publication-local-plan-published,erewash-borough-council-local-plan-2022,reg-19-publication-local-plan-published,2022-03-14,2026-02-09
erewash-borough-council-local-plan-2022-submit-plan-for-examination,erewash-borough-council-local-plan-2022,submit-plan-for-examination,2022-11-30,2026-02-09
exeter-city-council-local-plan-2006-planning-inspectorate-found-sound,exeter-city-council-local-plan-2006,planning-inspectorate-found-sound,2011-11-22,2026-02-09
exeter-city-council-local-plan-2006-submit-plan-for-examination,exeter-city-council-local-plan-2006,submit-plan-for-examination,2011-02-28,2026-02-09
exeter-city-council-local-plan-2006-plan-adopted,exeter-city-council-local-plan-2006,plan-adopted,2012-02-21,2026-02-09
exeter-city-council-local-plan-2006-reg-19-publication-local-plan-published,exeter-city-council-local-plan-2006,reg-19-publication-local-plan-published,2010-07-29,2026-02-09
exeter-city-council-local-plan-2021-reg-18-consultation-end,exeter-city-council-local-plan-2021,reg-18-consultation-end,2024-01-15,2026-02-09
exeter-city-council-local-plan-2021-reg-18-consultation-start,exeter-city-council-local-plan-2021,reg-18-consultation-start,2021-09-20,2026-02-09
exeter-city-council-local-plan-2021-reg-19-publication-local-plan-published,exeter-city-council-local-plan-2021,reg-19-publication-local-plan-published,2024-12-12,2026-02-09
exeter-city-council-local-plan-2021-submit-plan-for-examination,exeter-city-council-local-plan-2021,submit-plan-for-examination,2025-09-26,2026-02-09
exeter-city-council-local-plan-2021-timetable-published,exeter-city-council-local-plan-2021,timetable-published,2024-09-01,2026-02-09
exmoor-national-park-authority-local-plan-2011-timetable-published,exmoor-national-park-authority-local-plan-2011,timetable-published,2025-03-01,2026-02-09
exmoor-national-park-authority-local-plan-2011-submit-plan-for-examination,exmoor-national-park-authority-local-plan-2011,submit-plan-for-examination,2016-05-06,2026-02-09
exmoor-national-park-authority-local-plan-2011-reg-19-publication-local-plan-published,exmoor-national-park-authority-local-plan-2011,reg-19-publication-local-plan-published,2015-06-15,2026-02-09
exmoor-national-park-authority-local-plan-2011-planning-inspectorate-found-sound,exmoor-national-park-authority-local-plan-2011,planning-inspectorate-found-sound,2017-06-15,2026-02-09
exmoor-national-park-authority-local-plan-2011-plan-adopted,exmoor-national-park-authority-local-plan-2011,plan-adopted,2017-07-04,2026-02-09
fareham-borough-council-local-plan-2021-submit-plan-for-examination,fareham-borough-council-local-plan-2021,submit-plan-for-examination,2021-09-30,2026-02-09
fareham-borough-council-local-plan-2021-reg-19-publication-local-plan-published,fareham-borough-council-local-plan-2021,reg-19-publication-local-plan-published,2020-11-06,2026-02-09
fareham-borough-council-local-plan-2021-planning-inspectorate-found-sound,fareham-borough-council-local-plan-2021,planning-inspectorate-found-sound,2023-03-23,2026-02-09
fareham-borough-council-local-plan-2021-plan-adopted,fareham-borough-council-local-plan-2021,plan-adopted,2023-04-05,2026-02-09
fenland-district-council-local-plan-2011-timetable-published,fenland-district-council-local-plan-2011,timetable-published,2025-03-01,2026-02-09
fenland-district-council-local-plan-2011-submit-plan-for-examination,fenland-district-council-local-plan-2011,submit-plan-for-examination,2013-09-04,2026-02-09
fenland-district-council-local-plan-2011-reg-19-publication-local-plan-published,fenland-district-council-local-plan-2011,reg-19-publication-local-plan-published,2013-02-28,2026-02-09
fenland-district-council-local-plan-2011-reg-18-consultation-start,fenland-district-council-local-plan-2011,reg-18-consultation-start,2019-10-11,2026-02-09
fenland-district-council-local-plan-2011-reg-18-consultation-end,fenland-district-council-local-plan-2011,reg-18-consultation-end,2022-10-19,2026-02-09
fenland-district-council-local-plan-2011-planning-inspectorate-found-sound,fenland-district-council-local-plan-2011,planning-inspectorate-found-sound,2014-04-09,2026-02-09
fenland-district-council-local-plan-2011-plan-withdrawn,fenland-district-council-local-plan-2011,plan-withdrawn,2025-12-15,2026-02-09
fenland-district-council-local-plan-2011-plan-adopted,fenland-district-council-local-plan-2011,plan-adopted,2014-05-08,2026-02-09
folkestone-and-hythe-council-local-plan-2037-reg-19-publication-local-plan-published,folkestone-and-hythe-council-local-plan-2037,reg-19-publication-local-plan-published,2019-01-25,2026-02-09
folkestone-and-hythe-council-local-plan-2037-plan-adopted,folkestone-and-hythe-council-local-plan-2037,plan-adopted,2022-03-30,2026-02-09
folkestone-and-hythe-council-local-plan-2037-submit-plan-for-examination,folkestone-and-hythe-council-local-plan-2037,submit-plan-for-examination,2020-03-10,2026-02-09
folkestone-and-hythe-council-local-plan-2037-planning-inspectorate-found-sound,folkestone-and-hythe-council-local-plan-2037,planning-inspectorate-found-sound,2022-02-23,2026-02-09
forest-of-dean-district-council-local-plan-2006-reg-19-publication-local-plan-published,forest-of-dean-district-council-local-plan-2006,reg-19-publication-local-plan-published,2011-03-21,2026-02-09
forest-of-dean-district-council-local-plan-2006-submit-plan-for-examination,forest-of-dean-district-council-local-plan-2006,submit-plan-for-examination,2011-07-26,2026-02-09
forest-of-dean-district-council-local-plan-2006-planning-inspectorate-found-sound,forest-of-dean-district-council-local-plan-2006,planning-inspectorate-found-sound,2011-12-21,2026-02-09
forest-of-dean-district-council-local-plan-2006-plan-adopted,forest-of-dean-district-council-local-plan-2006,plan-adopted,2012-02-23,2026-02-09
forest-of-dean-district-council-local-plan-2021-reg-18-consultation-end,forest-of-dean-district-council-local-plan-2021,reg-18-consultation-end,2024-08-19,2026-02-09
forest-of-dean-district-council-local-plan-2021-timetable-published,forest-of-dean-district-council-local-plan-2021,timetable-published,2025-10-01,2026-02-09
forest-of-dean-district-council-local-plan-2021-reg-18-consultation-start,forest-of-dean-district-council-local-plan-2021,reg-18-consultation-start,2019-09-17,2026-02-09
fylde-borough-council-local-plan-2019-plan-adopted,fylde-borough-council-local-plan-2019,plan-adopted,2021-12-06,2026-02-09
fylde-borough-council-local-plan-2019-submit-plan-for-examination,fylde-borough-council-local-plan-2019,submit-plan-for-examination,2020-10-21,2026-02-09
fylde-borough-council-local-plan-2019-planning-inspectorate-found-sound,fylde-borough-council-local-plan-2019,planning-inspectorate-found-sound,2021-10-21,2026-02-09
fylde-borough-council-local-plan-2019-reg-19-publication-local-plan-published,fylde-borough-council-local-plan-2019,reg-19-publication-local-plan-published,2020-07-23,2026-02-09
gedling-borough-council-local-plan-2025-timetable-published,gedling-borough-council-local-plan-2025,timetable-published,2025-02-01,2026-02-09
gedling-borough-council-local-plan-2025-reg-18-consultation-start,gedling-borough-council-local-plan-2025,reg-18-consultation-start,2025-07-21,2026-02-09
gedling-borough-council-local-plan-2025-reg-18-consultation-end,gedling-borough-council-local-plan-2025,reg-18-consultation-end,2025-09-01,2026-02-09
gloucester-cheltenham-and-tewkesbury-joint-core-strategy-2011-2031-planning-inspectorate-found-sound,gloucester-cheltenham-and-tewkesbury-joint-core-strategy-2011-2031,planning-inspectorate-found-sound,2017-10-26,2026-02-09
gloucester-cheltenham-and-tewkesbury-joint-core-strategy-2011-2031-plan-adopted,gloucester-cheltenham-and-tewkesbury-joint-core-strategy-2011-2031,plan-adopted,2017-12-11,2026-02-09
gloucester-cheltenham-and-tewkesbury-joint-core-strategy-2011-2031-reg-19-publication-local-plan-published,gloucester-cheltenham-and-tewkesbury-joint-core-strategy-2011-2031,reg-19-publication-local-plan-published,2014-06-30,2026-02-09
gloucester-cheltenham-and-tewkesbury-joint-core-strategy-2011-2031-submit-plan-for-examination,gloucester-cheltenham-and-tewkesbury-joint-core-strategy-2011-2031,submit-plan-for-examination,2014-11-20,2026-02-09
gosport-borough-council-local-plan-2011-submit-plan-for-examination,gosport-borough-council-local-plan-2011,submit-plan-for-examination,2014-11-27,2026-02-09
gosport-borough-council-local-plan-2011-reg-19-publication-local-plan-published,gosport-borough-council-local-plan-2011,reg-19-publication-local-plan-published,2014-08-12,2026-02-09
gosport-borough-council-local-plan-2011-planning-inspectorate-found-sound,gosport-borough-council-local-plan-2011,planning-inspectorate-found-sound,2015-09-07,2026-02-09
gosport-borough-council-local-plan-2011-plan-adopted,gosport-borough-council-local-plan-2011,plan-adopted,2015-10-14,2026-02-09
gravesham-borough-council-local-plan-2011-plan-adopted,gravesham-borough-council-local-plan-2011,plan-adopted,2014-09-30,2026-02-09
gravesham-borough-council-local-plan-2011-planning-inspectorate-found-sound,gravesham-borough-council-local-plan-2011,planning-inspectorate-found-sound,2014-07-22,2026-02-09
gravesham-borough-council-local-plan-2011-submit-plan-for-examination,gravesham-borough-council-local-plan-2011,submit-plan-for-examination,2013-05-22,2026-02-09
gravesham-borough-council-local-plan-2011-reg-19-publication-local-plan-published,gravesham-borough-council-local-plan-2011,reg-19-publication-local-plan-published,2012-12-18,2026-02-09
great-yarmouth-borough-council-local-plan-2013-submit-plan-for-examination,great-yarmouth-borough-council-local-plan-2013,submit-plan-for-examination,2014-03-31,2026-02-09
great-yarmouth-borough-council-local-plan-2013-reg-19-publication-local-plan-published,great-yarmouth-borough-council-local-plan-2013,reg-19-publication-local-plan-published,2013-09-27,2026-02-09
great-yarmouth-borough-council-local-plan-2013-planning-inspectorate-found-sound,great-yarmouth-borough-council-local-plan-2013,planning-inspectorate-found-sound,2015-11-30,2026-02-09
great-yarmouth-borough-council-local-plan-2013-plan-adopted,great-yarmouth-borough-council-local-plan-2013,plan-adopted,2015-12-21,2026-02-09
great-yarmouth-borough-council-local-plan-2024-submit-plan-for-examination,great-yarmouth-borough-council-local-plan-2024,submit-plan-for-examination,2025-02-24,2026-02-09
great-yarmouth-borough-council-local-plan-2024-reg-19-publication-local-plan-published,great-yarmouth-borough-council-local-plan-2024,reg-19-publication-local-plan-published,2024-12-06,2026-02-09
greater-norwich-local-plan-submit-plan-for-examination,greater-norwich-local-plan,submit-plan-for-examination,2021-07-30,2026-02-09
greater-norwich-local-plan-reg-19-publication-local-plan-published,greater-norwich-local-plan,reg-19-publication-local-plan-published,2021-02-01,2026-02-09
greater-norwich-local-plan-planning-inspectorate-found-sound,greater-norwich-local-plan,planning-inspectorate-found-sound,2024-02-19,2026-02-09
greater-norwich-local-plan-plan-adopted,greater-norwich-local-plan,plan-adopted,2024-03-28,2026-02-09
guildford-borough-council-local-plan-2015-submit-plan-for-examination,guildford-borough-council-local-plan-2015,submit-plan-for-examination,2017-12-14,2026-02-09
guildford-borough-council-local-plan-2015-plan-adopted,guildford-borough-council-local-plan-2015,plan-adopted,2019-04-25,2026-02-09
guildford-borough-council-local-plan-2015-planning-inspectorate-found-sound,guildford-borough-council-local-plan-2015,planning-inspectorate-found-sound,2019-03-27,2026-02-09
guildford-borough-council-local-plan-2015-reg-19-publication-local-plan-published,guildford-borough-council-local-plan-2015,reg-19-publication-local-plan-published,2016-06-06,2026-02-09
halton-borough-council-local-plan-2014-submit-plan-for-examination,halton-borough-council-local-plan-2014,submit-plan-for-examination,2020-03-05,2026-02-09
halton-borough-council-local-plan-2014-reg-19-publication-local-plan-published,halton-borough-council-local-plan-2014,reg-19-publication-local-plan-published,2019-07-25,2026-02-09
halton-borough-council-local-plan-2014-planning-inspectorate-found-sound,halton-borough-council-local-plan-2014,planning-inspectorate-found-sound,2022-02-22,2026-02-09
halton-borough-council-local-plan-2014-plan-adopted,halton-borough-council-local-plan-2014,plan-adopted,2022-03-02,2026-02-09
hambleton-district-council-local-plan-2014-planning-inspectorate-found-sound,hambleton-district-council-local-plan-2014,planning-inspectorate-found-sound,2022-01-19,2026-02-09
hambleton-district-council-local-plan-2014-plan-adopted,hambleton-district-council-local-plan-2014,plan-adopted,2022-02-22,2026-02-09
hambleton-district-council-local-plan-2014-submit-plan-for-examination,hambleton-district-council-local-plan-2014,submit-plan-for-examination,2020-03-31,2026-02-09
hambleton-district-council-local-plan-2014-reg-19-publication-local-plan-published,hambleton-district-council-local-plan-2014,reg-19-publication-local-plan-published,2019-07-30,2026-02-09
harborough-district-council-local-plan-2011-plan-adopted,harborough-district-council-local-plan-2011,plan-adopted,2019-04-30,2026-02-09
harborough-district-council-local-plan-2011-planning-inspectorate-found-sound,harborough-district-council-local-plan-2011,planning-inspectorate-found-sound,2019-04-08,2026-02-09
harborough-district-council-local-plan-2011-submit-plan-for-examination,harborough-district-council-local-plan-2011,submit-plan-for-examination,2018-03-16,2026-02-09
harborough-district-council-local-plan-2011-reg-19-publication-local-plan-published,harborough-district-council-local-plan-2011,reg-19-publication-local-plan-published,2017-09-22,2026-02-09
harborough-district-council-local-plan-2020-reg-19-publication-local-plan-published,harborough-district-council-local-plan-2020,reg-19-publication-local-plan-published,2025-03-10,2026-02-09
harlow-district-council-local-plan-2011-plan-adopted,harlow-district-council-local-plan-2011,plan-adopted,2020-12-10,2026-02-09
harlow-district-council-local-plan-2011-planning-inspectorate-found-sound,harlow-district-council-local-plan-2011,planning-inspectorate-found-sound,2020-11-05,2026-02-09
harlow-district-council-local-plan-2011-reg-19-publication-local-plan-published,harlow-district-council-local-plan-2011,reg-19-publication-local-plan-published,2018-05-24,2026-02-09
harlow-district-council-local-plan-2011-submit-plan-for-examination,harlow-district-council-local-plan-2011,submit-plan-for-examination,2018-10-19,2026-02-09
harrogate-borough-council-local-plan-2014-reg-19-publication-local-plan-published,harrogate-borough-council-local-plan-2014,reg-19-publication-local-plan-published,2018-01-26,2026-02-09
harrogate-borough-council-local-plan-2014-plan-adopted,harrogate-borough-council-local-plan-2014,plan-adopted,2020-03-04,2026-02-09
harrogate-borough-council-local-plan-2014-submit-plan-for-examination,harrogate-borough-council-local-plan-2014,submit-plan-for-examination,2018-08-31,2026-02-09
harrogate-borough-council-local-plan-2014-planning-inspectorate-found-sound,harrogate-borough-council-local-plan-2014,planning-inspectorate-found-sound,2020-01-30,2026-02-09
hart-district-council-local-plan-2032-submit-plan-for-examination,hart-district-council-local-plan-2032,submit-plan-for-examination,2018-06-18,2026-02-09
hart-district-council-local-plan-2032-reg-19-publication-local-plan-published,hart-district-council-local-plan-2032,reg-19-publication-local-plan-published,2018-02-09,2026-02-09
hart-district-council-local-plan-2032-planning-inspectorate-found-sound,hart-district-council-local-plan-2032,planning-inspectorate-found-sound,2020-02-10,2026-02-09
hart-district-council-local-plan-2032-plan-adopted,hart-district-council-local-plan-2032,plan-adopted,2020-04-30,2026-02-09
hartlepool-borough-council-local-plan-2016-reg-19-publication-local-plan-published,hartlepool-borough-council-local-plan-2016,reg-19-publication-local-plan-published,2016-12-09,2026-02-09
hartlepool-borough-council-local-plan-2016-planning-inspectorate-found-sound,hartlepool-borough-council-local-plan-2016,planning-inspectorate-found-sound,2018-04-13,2026-02-09
hartlepool-borough-council-local-plan-2016-plan-adopted,hartlepool-borough-council-local-plan-2016,plan-adopted,2018-05-22,2026-02-09
hartlepool-borough-council-local-plan-2016-timetable-published,hartlepool-borough-council-local-plan-2016,timetable-published,2025-02-01,2026-02-09
hartlepool-borough-council-local-plan-2016-submit-plan-for-examination,hartlepool-borough-council-local-plan-2016,submit-plan-for-examination,2017-03-23,2026-02-09
hastings-borough-council-local-plan-2011-planning-inspectorate-found-sound,hastings-borough-council-local-plan-2011,planning-inspectorate-found-sound,2013-10-21,2026-02-09
hastings-borough-council-local-plan-2011-reg-19-publication-local-plan-published,hastings-borough-council-local-plan-2011,reg-19-publication-local-plan-published,2012-05-25,2026-02-09
hastings-borough-council-local-plan-2011-submit-plan-for-examination,hastings-borough-council-local-plan-2011,submit-plan-for-examination,2012-10-31,2026-02-09
hastings-borough-council-local-plan-2011-plan-adopted,hastings-borough-council-local-plan-2011,plan-adopted,2014-02-19,2026-02-09
havant-borough-council-local-plan-2006-planning-inspectorate-found-sound,havant-borough-council-local-plan-2006,planning-inspectorate-found-sound,2010-12-29,2026-02-09
havant-borough-council-local-plan-2006-plan-adopted,havant-borough-council-local-plan-2006,plan-adopted,2011-03-01,2026-02-09
havant-borough-council-local-plan-2006-reg-19-publication-local-plan-published,havant-borough-council-local-plan-2006,reg-19-publication-local-plan-published,2010-03-31,2026-02-09
havant-borough-council-local-plan-2006-submit-plan-for-examination,havant-borough-council-local-plan-2006,submit-plan-for-examination,2010-06-02,2026-02-09
herefordshire-council-local-plan-2011-planning-inspectorate-found-sound,herefordshire-council-local-plan-2011,planning-inspectorate-found-sound,2015-09-29,2026-02-09
herefordshire-council-local-plan-2011-reg-19-publication-local-plan-published,herefordshire-council-local-plan-2011,reg-19-publication-local-plan-published,2014-05-22,2026-02-09
herefordshire-council-local-plan-2011-submit-plan-for-examination,herefordshire-council-local-plan-2011,submit-plan-for-examination,2014-09-23,2026-02-09
herefordshire-council-local-plan-2011-plan-adopted,herefordshire-council-local-plan-2011,plan-adopted,2015-10-16,2026-02-09
herefordshire-council-local-plan-2021-reg-18-consultation-start,herefordshire-council-local-plan-2021,reg-18-consultation-start,2022-01-17,2026-02-09
herefordshire-council-local-plan-2021-reg-18-consultation-end,herefordshire-council-local-plan-2021,reg-18-consultation-end,2024-05-20,2026-02-09
herefordshire-council-local-plan-2021-timetable-published,herefordshire-council-local-plan-2021,timetable-published,2025-03-01,2026-02-09
hertsmere-borough-council-local-plan-2012-plan-adopted,hertsmere-borough-council-local-plan-2012,plan-adopted,2013-01-16,2026-02-09
hertsmere-borough-council-local-plan-2012-planning-inspectorate-found-sound,hertsmere-borough-council-local-plan-2012,planning-inspectorate-found-sound,2012-12-05,2026-02-09
hertsmere-borough-council-local-plan-2012-reg-19-publication-local-plan-published,hertsmere-borough-council-local-plan-2012,reg-19-publication-local-plan-published,2011-11-28,2026-02-09
hertsmere-borough-council-local-plan-2012-submit-plan-for-examination,hertsmere-borough-council-local-plan-2012,submit-plan-for-examination,2012-02-10,2026-02-09
hertsmere-borough-council-local-plan-2025-reg-18-consultation-start,hertsmere-borough-council-local-plan-2025,reg-18-consultation-start,2024-04-03,2026-02-09
hertsmere-borough-council-local-plan-2025-timetable-published,hertsmere-borough-council-local-plan-2025,timetable-published,2025-03-01,2026-02-09
hertsmere-borough-council-local-plan-2025-reg-18-consultation-end,hertsmere-borough-council-local-plan-2025,reg-18-consultation-end,2024-05-29,2026-02-09
high-peak-borough-council-local-plan-2011-plan-adopted,high-peak-borough-council-local-plan-2011,plan-adopted,2016-04-14,2026-02-09
high-peak-borough-council-local-plan-2011-planning-inspectorate-found-sound,high-peak-borough-council-local-plan-2011,planning-inspectorate-found-sound,2016-03-24,2026-02-09
high-peak-borough-council-local-plan-2011-reg-19-publication-local-plan-published,high-peak-borough-council-local-plan-2011,reg-19-publication-local-plan-published,2014-04-23,2026-02-09
high-peak-borough-council-local-plan-2011-submit-plan-for-examination,high-peak-borough-council-local-plan-2011,submit-plan-for-examination,2014-08-28,2026-02-09
hinckley-and-bosworth-borough-council-local-plan-2006-planning-inspectorate-found-sound,hinckley-and-bosworth-borough-council-local-plan-2006,planning-inspectorate-found-sound,2009-11-27,2026-02-09
hinckley-and-bosworth-borough-council-local-plan-2006-plan-adopted,hinckley-and-bosworth-borough-council-local-plan-2006,plan-adopted,2009-12-15,2026-02-09
hinckley-and-bosworth-borough-council-local-plan-2006-submit-plan-for-examination,hinckley-and-bosworth-borough-council-local-plan-2006,submit-plan-for-examination,2009-01-30,2026-02-09
hinckley-and-bosworth-borough-council-local-plan-2006-reg-19-publication-local-plan-published,hinckley-and-bosworth-borough-council-local-plan-2006,reg-19-publication-local-plan-published,2008-10-31,2026-02-09
hinckley-and-bosworth-borough-council-local-plan-2020-reg-19-publication-local-plan-published,hinckley-and-bosworth-borough-council-local-plan-2020,reg-19-publication-local-plan-published,2022-02-09,2026-02-09
horsham-district-council-local-plan-2011-plan-adopted,horsham-district-council-local-plan-2011,plan-adopted,2015-11-27,2026-02-09
horsham-district-council-local-plan-2011-planning-inspectorate-found-sound,horsham-district-council-local-plan-2011,planning-inspectorate-found-sound,2015-10-08,2026-02-09
horsham-district-council-local-plan-2011-reg-19-publication-local-plan-published,horsham-district-council-local-plan-2011,reg-19-publication-local-plan-published,2014-05-16,2026-02-09
horsham-district-council-local-plan-2011-submit-plan-for-examination,horsham-district-council-local-plan-2011,submit-plan-for-examination,2014-08-08,2026-02-09
horsham-district-council-local-plan-2023-reg-19-publication-local-plan-published,horsham-district-council-local-plan-2023,reg-19-publication-local-plan-published,2024-01-19,2026-02-09
horsham-district-council-local-plan-2023-submit-plan-for-examination,horsham-district-council-local-plan-2023,submit-plan-for-examination,2024-07-26,2026-02-09
hull-city-council-local-plan-2016-plan-adopted,hull-city-council-local-plan-2016,plan-adopted,2017-11-23,2026-02-09
hull-city-council-local-plan-2016-planning-inspectorate-found-sound,hull-city-council-local-plan-2016,planning-inspectorate-found-sound,2017-10-04,2026-02-09
hull-city-council-local-plan-2016-reg-19-publication-local-plan-published,hull-city-council-local-plan-2016,reg-19-publication-local-plan-published,2016-06-20,2026-02-09
hull-city-council-local-plan-2016-submit-plan-for-examination,hull-city-council-local-plan-2016,submit-plan-for-examination,2016-12-16,2026-02-09
hull-city-council-local-plan-2025-reg-18-consultation-start,hull-city-council-local-plan-2025,reg-18-consultation-start,2025-03-01,2026-02-09
hull-city-council-local-plan-2025-timetable-published,hull-city-council-local-plan-2025,timetable-published,2024-04-01,2026-02-09
huntingdonshire-district-council-local-plan-2011-plan-adopted,huntingdonshire-district-council-local-plan-2011,plan-adopted,2019-05-15,2026-02-09
huntingdonshire-district-council-local-plan-2011-planning-inspectorate-found-sound,huntingdonshire-district-council-local-plan-2011,planning-inspectorate-found-sound,2019-04-29,2026-02-09
huntingdonshire-district-council-local-plan-2011-reg-19-publication-local-plan-published,huntingdonshire-district-council-local-plan-2011,reg-19-publication-local-plan-published,2017-12-18,2026-02-09
huntingdonshire-district-council-local-plan-2011-submit-plan-for-examination,huntingdonshire-district-council-local-plan-2011,submit-plan-for-examination,2018-03-28,2026-02-09
hyndburn-borough-council-local-plan-2011-planning-inspectorate-found-sound,hyndburn-borough-council-local-plan-2011,planning-inspectorate-found-sound,2011-12-14,2026-02-09
hyndburn-borough-council-local-plan-2011-plan-adopted,hyndburn-borough-council-local-plan-2011,plan-adopted,2012-01-19,2026-02-09
hyndburn-borough-council-local-plan-2011-reg-19-publication-local-plan-published,hyndburn-borough-council-local-plan-2011,reg-19-publication-local-plan-published,2010-08-16,2026-02-09
hyndburn-borough-council-local-plan-2011-submit-plan-for-examination,hyndburn-borough-council-local-plan-2011,submit-plan-for-examination,2011-05-19,2026-02-09
hyndburn-borough-council-local-plan-2021-submit-plan-for-examination,hyndburn-borough-council-local-plan-2021,submit-plan-for-examination,2025-03-10,2026-02-09
hyndburn-borough-council-local-plan-2021-reg-19-publication-local-plan-published,hyndburn-borough-council-local-plan-2021,reg-19-publication-local-plan-published,2024-02-12,2026-02-09
ipswich-borough-council-local-plan-2018-submit-plan-for-examination,ipswich-borough-council-local-plan-2018,submit-plan-for-examination,2020-06-10,2026-02-09
ipswich-borough-council-local-plan-2018-planning-inspectorate-found-sound,ipswich-borough-council-local-plan-2018,planning-inspectorate-found-sound,2022-02-17,2026-02-09
ipswich-borough-council-local-plan-2018-plan-adopted,ipswich-borough-council-local-plan-2018,plan-adopted,2022-03-23,2026-02-09
ipswich-borough-council-local-plan-2018-reg-19-publication-local-plan-published,ipswich-borough-council-local-plan-2018,reg-19-publication-local-plan-published,2020-01-15,2026-02-09
isle-of-wight-council-local-plan-2011-plan-adopted,isle-of-wight-council-local-plan-2011,plan-adopted,2012-03-21,2026-02-09
isle-of-wight-council-local-plan-2011-planning-inspectorate-found-sound,isle-of-wight-council-local-plan-2011,planning-inspectorate-found-sound,2011-12-14,2026-02-09
isle-of-wight-council-local-plan-2011-submit-plan-for-examination,isle-of-wight-council-local-plan-2011,submit-plan-for-examination,2011-06-24,2026-02-09
isle-of-wight-council-local-plan-2011-reg-19-publication-local-plan-published,isle-of-wight-council-local-plan-2011,reg-19-publication-local-plan-published,2011-04-14,2026-02-09
isle-of-wight-council-local-plan-2022-submit-plan-for-examination,isle-of-wight-council-local-plan-2022,submit-plan-for-examination,2024-10-31,2026-02-09
isle-of-wight-council-local-plan-2022-reg-19-publication-local-plan-published,isle-of-wight-council-local-plan-2022,reg-19-publication-local-plan-published,2024-07-08,2026-02-09
kirklees-council-local-plan-2021-submit-plan-for-examination,kirklees-council-local-plan-2021,submit-plan-for-examination,2017-04-24,2026-02-09
kirklees-council-local-plan-2021-planning-inspectorate-found-sound,kirklees-council-local-plan-2021,planning-inspectorate-found-sound,2019-01-30,2026-02-09
kirklees-council-local-plan-2021-reg-19-publication-local-plan-published,kirklees-council-local-plan-2021,reg-19-publication-local-plan-published,2016-11-07,2026-02-09
kirklees-council-local-plan-2021-plan-adopted,kirklees-council-local-plan-2021,plan-adopted,2019-02-27,2026-02-09
knowsley-metropolitan-borough-council-local-plan-submit-plan-for-examination,knowsley-metropolitan-borough-council-local-plan,submit-plan-for-examination,2013-07-19,2026-02-09
knowsley-metropolitan-borough-council-local-plan-plan-adopted,knowsley-metropolitan-borough-council-local-plan,plan-adopted,2016-01-06,2026-02-09
knowsley-metropolitan-borough-council-local-plan-reg-19-publication-local-plan-published,knowsley-metropolitan-borough-council-local-plan,reg-19-publication-local-plan-published,2012-11-08,2026-02-09
knowsley-metropolitan-borough-council-local-plan-planning-inspectorate-found-sound,knowsley-metropolitan-borough-council-local-plan,planning-inspectorate-found-sound,2015-11-24,2026-02-09
lake-district-national-park-authority-local-plan-2020-plan-adopted,lake-district-national-park-authority-local-plan-2020,plan-adopted,2021-05-19,2026-02-09
lake-district-national-park-authority-local-plan-2020-planning-inspectorate-found-sound,lake-district-national-park-authority-local-plan-2020,planning-inspectorate-found-sound,2021-03-15,2026-02-09
lake-district-national-park-authority-local-plan-2020-reg-19-publication-local-plan-published,lake-district-national-park-authority-local-plan-2020,reg-19-publication-local-plan-published,2019-04-08,2026-02-09
lake-district-national-park-authority-local-plan-2020-submit-plan-for-examination,lake-district-national-park-authority-local-plan-2020,submit-plan-for-examination,2019-08-01,2026-02-09
lancaster-city-council-local-plan-2011-reg-19-publication-local-plan-published,lancaster-city-council-local-plan-2011,reg-19-publication-local-plan-published,2018-02-09,2026-02-09
lancaster-city-council-local-plan-2011-plan-adopted,lancaster-city-council-local-plan-2011,plan-adopted,2020-07-29,2026-02-09
lancaster-city-council-local-plan-2011-submit-plan-for-examination,lancaster-city-council-local-plan-2011,submit-plan-for-examination,2018-05-15,2026-02-09
lancaster-city-council-local-plan-2011-planning-inspectorate-found-sound,lancaster-city-council-local-plan-2011,planning-inspectorate-found-sound,2020-06-12,2026-02-09
leeds-city-council-local-plan-2017-plan-adopted,leeds-city-council-local-plan-2017,plan-adopted,2019-09-11,2026-02-09
leeds-city-council-local-plan-2017-planning-inspectorate-found-sound,leeds-city-council-local-plan-2017,planning-inspectorate-found-sound,2019-08-27,2026-02-09
leeds-city-council-local-plan-2017-reg-19-publication-local-plan-published,leeds-city-council-local-plan-2017,reg-19-publication-local-plan-published,2018-02-09,2026-02-09
leeds-city-council-local-plan-2017-submit-plan-for-examination,leeds-city-council-local-plan-2017,submit-plan-for-examination,2018-08-09,2026-02-09
leicester-city-council-local-plan-2006-reg-19-publication-local-plan-published,leicester-city-council-local-plan-2006,reg-19-publication-local-plan-published,2012-09-01,2026-02-09
leicester-city-council-local-plan-2006-submit-plan-for-examination,leicester-city-council-local-plan-2006,submit-plan-for-examination,2013-11-26,2026-02-09
leicester-city-council-local-plan-2006-planning-inspectorate-found-sound,leicester-city-council-local-plan-2006,planning-inspectorate-found-sound,2014-03-26,2026-02-09
leicester-city-council-local-plan-2006-plan-adopted,leicester-city-council-local-plan-2006,plan-adopted,2014-06-19,2026-02-09
leicester-city-council-local-plan-2020-reg-19-publication-local-plan-published,leicester-city-council-local-plan-2020,reg-19-publication-local-plan-published,2023-01-16,2026-02-09
leicester-city-council-local-plan-2020-submit-plan-for-examination,leicester-city-council-local-plan-2020,submit-plan-for-examination,2023-09-26,2026-02-09
lewes-district-council-local-plan-2010-plan-adopted,lewes-district-council-local-plan-2010,plan-adopted,2016-05-11,2026-02-09
lewes-district-council-local-plan-2010-planning-inspectorate-found-sound,lewes-district-council-local-plan-2010,planning-inspectorate-found-sound,2016-03-22,2026-02-09
lewes-district-council-local-plan-2010-reg-19-publication-local-plan-published,lewes-district-council-local-plan-2010,reg-19-publication-local-plan-published,2014-05-16,2026-02-09
lewes-district-council-local-plan-2010-submit-plan-for-examination,lewes-district-council-local-plan-2010,submit-plan-for-examination,2014-09-16,2026-02-09
lichfield-district-council-local-plan-2008-submit-plan-for-examination,lichfield-district-council-local-plan-2008,submit-plan-for-examination,2013-03-22,2026-02-09
lichfield-district-council-local-plan-2008-reg-19-publication-local-plan-published,lichfield-district-council-local-plan-2008,reg-19-publication-local-plan-published,2012-07-30,2026-02-09
lichfield-district-council-local-plan-2008-plan-adopted,lichfield-district-council-local-plan-2008,plan-adopted,2015-02-17,2026-02-09
lichfield-district-council-local-plan-2008-planning-inspectorate-found-sound,lichfield-district-council-local-plan-2008,planning-inspectorate-found-sound,2015-01-16,2026-02-09
liverpool-city-council-local-plan-2013-plan-adopted,liverpool-city-council-local-plan-2013,plan-adopted,2022-01-26,2026-02-09
liverpool-city-council-local-plan-2013-planning-inspectorate-found-sound,liverpool-city-council-local-plan-2013,planning-inspectorate-found-sound,2021-10-20,2026-02-09
liverpool-city-council-local-plan-2013-reg-19-publication-local-plan-published,liverpool-city-council-local-plan-2013,reg-19-publication-local-plan-published,2018-01-26,2026-02-09
liverpool-city-council-local-plan-2013-submit-plan-for-examination,liverpool-city-council-local-plan-2013,submit-plan-for-examination,2018-05-18,2026-02-09
london-borough-of-barking-and-dagenham-local-plan-2020-planning-inspectorate-found-sound,london-borough-of-barking-and-dagenham-local-plan-2020,planning-inspectorate-found-sound,2024-08-15,2026-02-09
london-borough-of-barking-and-dagenham-local-plan-2020-plan-adopted,london-borough-of-barking-and-dagenham-local-plan-2020,plan-adopted,2024-09-18,2026-02-09
london-borough-of-barking-and-dagenham-local-plan-2020-reg-19-publication-local-plan-published,london-borough-of-barking-and-dagenham-local-plan-2020,reg-19-publication-local-plan-published,2020-10-05,2026-02-09
london-borough-of-barking-and-dagenham-local-plan-2020-submit-plan-for-examination,london-borough-of-barking-and-dagenham-local-plan-2020,submit-plan-for-examination,2021-12-20,2026-02-09
london-borough-of-barnet-local-plan-2021-planning-inspectorate-found-sound,london-borough-of-barnet-local-plan-2021,planning-inspectorate-found-sound,2024-11-06,2026-02-09
london-borough-of-barnet-local-plan-2021-submit-plan-for-examination,london-borough-of-barnet-local-plan-2021,submit-plan-for-examination,2021-11-26,2026-02-09
london-borough-of-barnet-local-plan-2021-plan-adopted,london-borough-of-barnet-local-plan-2021,plan-adopted,2025-03-04,2026-02-09
london-borough-of-barnet-local-plan-2021-reg-19-publication-local-plan-published,london-borough-of-barnet-local-plan-2021,reg-19-publication-local-plan-published,2021-06-28,2026-02-09
london-borough-of-bexley-local-plan-submit-plan-for-examination,london-borough-of-bexley-local-plan,submit-plan-for-examination,2021-11-30,2026-02-09
london-borough-of-bexley-local-plan-reg-19-publication-local-plan-published,london-borough-of-bexley-local-plan,reg-19-publication-local-plan-published,2021-05-28,2026-02-09
london-borough-of-bexley-local-plan-planning-inspectorate-found-sound,london-borough-of-bexley-local-plan,planning-inspectorate-found-sound,2023-02-28,2026-02-09
london-borough-of-bexley-local-plan-plan-adopted,london-borough-of-bexley-local-plan,plan-adopted,2023-04-26,2026-02-09
london-borough-of-bexley-local-plan-timetable-published,london-borough-of-bexley-local-plan,timetable-published,2025-03-01,2026-02-09
london-borough-of-brent-local-plan-2019-submit-plan-for-examination,london-borough-of-brent-local-plan-2019,submit-plan-for-examination,2020-03-17,2026-02-09
london-borough-of-brent-local-plan-2019-reg-19-publication-local-plan-published,london-borough-of-brent-local-plan-2019,reg-19-publication-local-plan-published,2019-10-24,2026-02-09
london-borough-of-brent-local-plan-2019-planning-inspectorate-found-sound,london-borough-of-brent-local-plan-2019,planning-inspectorate-found-sound,2022-01-17,2026-02-09
london-borough-of-brent-local-plan-2019-plan-adopted,london-borough-of-brent-local-plan-2019,plan-adopted,2022-02-24,2026-02-09
london-borough-of-bromley-local-plan-plan-adopted,london-borough-of-bromley-local-plan,plan-adopted,2019-01-16,2026-02-09
london-borough-of-bromley-local-plan-planning-inspectorate-found-sound,london-borough-of-bromley-local-plan,planning-inspectorate-found-sound,2018-12-11,2026-02-09
london-borough-of-bromley-local-plan-submit-plan-for-examination,london-borough-of-bromley-local-plan,submit-plan-for-examination,2017-08-11,2026-02-09
london-borough-of-bromley-local-plan-reg-19-publication-local-plan-published,london-borough-of-bromley-local-plan,reg-19-publication-local-plan-published,2016-11-14,2026-02-09
london-borough-of-bromley-local-plan-2023-timetable-published,london-borough-of-bromley-local-plan-2023,timetable-published,2025-01-01,2026-02-09
london-borough-of-bromley-local-plan-2023-reg-18-consultation-start,london-borough-of-bromley-local-plan-2023,reg-18-consultation-start,2023-04-01,2026-02-09
london-borough-of-bromley-local-plan-2023-reg-18-consultation-end,london-borough-of-bromley-local-plan-2023,reg-18-consultation-end,2025-09-26,2026-02-09
london-borough-of-camden-local-plan-2016-submit-plan-for-examination,london-borough-of-camden-local-plan-2016,submit-plan-for-examination,2016-06-24,2026-02-09
london-borough-of-camden-local-plan-2016-reg-19-publication-local-plan-published,london-borough-of-camden-local-plan-2016,reg-19-publication-local-plan-published,2016-02-08,2026-02-09
london-borough-of-camden-local-plan-2016-planning-inspectorate-found-sound,london-borough-of-camden-local-plan-2016,planning-inspectorate-found-sound,2017-05-10,2026-02-09
london-borough-of-camden-local-plan-2016-plan-adopted,london-borough-of-camden-local-plan-2016,plan-adopted,2017-07-03,2026-02-09
london-borough-of-camden-local-plan-2026-reg-18-consultation-end,london-borough-of-camden-local-plan-2026,reg-18-consultation-end,2024-03-13,2026-02-09
london-borough-of-camden-local-plan-2026-timetable-published,london-borough-of-camden-local-plan-2026,timetable-published,2025-09-01,2026-02-09
london-borough-of-camden-local-plan-2026-submit-plan-for-examination,london-borough-of-camden-local-plan-2026,submit-plan-for-examination,2025-10-03,2026-02-09
london-borough-of-camden-local-plan-2026-reg-19-publication-local-plan-published,london-borough-of-camden-local-plan-2026,reg-19-publication-local-plan-published,2025-05-01,2026-02-09
london-borough-of-camden-local-plan-2026-reg-18-consultation-start,london-borough-of-camden-local-plan-2026,reg-18-consultation-start,2022-11-04,2026-02-09
london-borough-of-croydon-local-plan-planning-inspectorate-found-sound,london-borough-of-croydon-local-plan,planning-inspectorate-found-sound,2018-01-16,2026-02-09
london-borough-of-croydon-local-plan-reg-19-publication-local-plan-published,london-borough-of-croydon-local-plan,reg-19-publication-local-plan-published,2016-09-05,2026-02-09
london-borough-of-croydon-local-plan-submit-plan-for-examination,london-borough-of-croydon-local-plan,submit-plan-for-examination,2017-02-02,2026-02-09
london-borough-of-croydon-local-plan-plan-adopted,london-borough-of-croydon-local-plan,plan-adopted,2018-02-27,2026-02-09
london-borough-of-croydon-local-plan-2019-reg-19-publication-local-plan-published,london-borough-of-croydon-local-plan-2019,reg-19-publication-local-plan-published,2024-07-01,2026-02-09
london-borough-of-croydon-local-plan-2019-submit-plan-for-examination,london-borough-of-croydon-local-plan-2019,submit-plan-for-examination,2024-11-29,2026-02-09
london-borough-of-ealing-local-plan-2011-submit-plan-for-examination,london-borough-of-ealing-local-plan-2011,submit-plan-for-examination,2011-07-21,2026-02-09
london-borough-of-ealing-local-plan-2011-plan-adopted,london-borough-of-ealing-local-plan-2011,plan-adopted,2012-04-03,2026-02-09
london-borough-of-ealing-local-plan-2011-reg-19-publication-local-plan-published,london-borough-of-ealing-local-plan-2011,reg-19-publication-local-plan-published,2010-09-17,2026-02-09
london-borough-of-ealing-local-plan-2011-planning-inspectorate-found-sound,london-borough-of-ealing-local-plan-2011,planning-inspectorate-found-sound,2012-02-06,2026-02-09
london-borough-of-ealing-local-plan-2024-submit-plan-for-examination,london-borough-of-ealing-local-plan-2024,submit-plan-for-examination,2024-11-18,2026-02-09
london-borough-of-ealing-local-plan-2024-reg-19-publication-local-plan-published,london-borough-of-ealing-local-plan-2024,reg-19-publication-local-plan-published,2024-02-28,2026-02-09
london-borough-of-enfield-local-plan-2010-planning-inspectorate-found-sound,london-borough-of-enfield-local-plan-2010,planning-inspectorate-found-sound,2010-09-20,2026-02-09
london-borough-of-enfield-local-plan-2010-plan-adopted,london-borough-of-enfield-local-plan-2010,plan-adopted,2010-11-10,2026-02-09
london-borough-of-enfield-local-plan-2010-reg-19-publication-local-plan-published,london-borough-of-enfield-local-plan-2010,reg-19-publication-local-plan-published,2009-12-14,2026-02-09
london-borough-of-enfield-local-plan-2010-submit-plan-for-examination,london-borough-of-enfield-local-plan-2010,submit-plan-for-examination,2010-03-15,2026-02-09
london-borough-of-enfield-local-plan-2019-submit-plan-for-examination,london-borough-of-enfield-local-plan-2019,submit-plan-for-examination,2024-08-06,2026-02-09
london-borough-of-enfield-local-plan-2019-reg-19-publication-local-plan-published,london-borough-of-enfield-local-plan-2019,reg-19-publication-local-plan-published,2024-03-28,2026-02-09
london-borough-of-hackney-local-plan-2018-planning-inspectorate-found-sound,london-borough-of-hackney-local-plan-2018,planning-inspectorate-found-sound,2020-06-10,2026-02-09
london-borough-of-hackney-local-plan-2018-reg-19-publication-local-plan-published,london-borough-of-hackney-local-plan-2018,reg-19-publication-local-plan-published,2018-11-19,2026-02-09
london-borough-of-hackney-local-plan-2018-submit-plan-for-examination,london-borough-of-hackney-local-plan-2018,submit-plan-for-examination,2019-01-23,2026-02-09
london-borough-of-hackney-local-plan-2018-plan-adopted,london-borough-of-hackney-local-plan-2018,plan-adopted,2020-07-22,2026-02-09
london-borough-of-hammersmith-and-fulham-local-plan-2018-plan-adopted,london-borough-of-hammersmith-and-fulham-local-plan-2018,plan-adopted,2018-02-28,2026-02-09
london-borough-of-hammersmith-and-fulham-local-plan-2018-planning-inspectorate-found-sound,london-borough-of-hammersmith-and-fulham-local-plan-2018,planning-inspectorate-found-sound,2017-12-19,2026-02-09
london-borough-of-hammersmith-and-fulham-local-plan-2018-reg-19-publication-local-plan-published,london-borough-of-hammersmith-and-fulham-local-plan-2018,reg-19-publication-local-plan-published,2016-09-15,2026-02-09
london-borough-of-hammersmith-and-fulham-local-plan-2018-submit-plan-for-examination,london-borough-of-hammersmith-and-fulham-local-plan-2018,submit-plan-for-examination,2017-02-28,2026-02-09
london-borough-of-haringey-local-plan-2013-plan-adopted,london-borough-of-haringey-local-plan-2013,plan-adopted,2017-07-24,2026-02-09
london-borough-of-haringey-local-plan-2013-submit-plan-for-examination,london-borough-of-haringey-local-plan-2013,submit-plan-for-examination,2016-05-24,2026-02-09
london-borough-of-haringey-local-plan-2013-planning-inspectorate-found-sound,london-borough-of-haringey-local-plan-2013,planning-inspectorate-found-sound,2017-04-28,2026-02-09
london-borough-of-haringey-local-plan-2013-reg-19-publication-local-plan-published,london-borough-of-haringey-local-plan-2013,reg-19-publication-local-plan-published,2016-01-08,2026-02-09
london-borough-of-harrow-local-plan-2009-plan-adopted,london-borough-of-harrow-local-plan-2009,plan-adopted,2012-02-16,2026-02-09
london-borough-of-harrow-local-plan-2009-planning-inspectorate-found-sound,london-borough-of-harrow-local-plan-2009,planning-inspectorate-found-sound,2011-12-13,2026-02-09
london-borough-of-harrow-local-plan-2009-reg-19-publication-local-plan-published,london-borough-of-harrow-local-plan-2009,reg-19-publication-local-plan-published,2011-04-04,2026-02-09
london-borough-of-harrow-local-plan-2009-submit-plan-for-examination,london-borough-of-harrow-local-plan-2009,submit-plan-for-examination,2011-06-24,2026-02-09
london-borough-of-harrow-local-plan-2021-submit-plan-for-examination,london-borough-of-harrow-local-plan-2021,submit-plan-for-examination,2025-02-26,2026-02-09
london-borough-of-harrow-local-plan-2021-reg-19-publication-local-plan-published,london-borough-of-harrow-local-plan-2021,reg-19-publication-local-plan-published,2024-11-04,2026-02-09
london-borough-of-havering-local-plan-2016-submit-plan-for-examination,london-borough-of-havering-local-plan-2016,submit-plan-for-examination,2018-03-27,2026-02-09
london-borough-of-havering-local-plan-2016-reg-19-publication-local-plan-published,london-borough-of-havering-local-plan-2016,reg-19-publication-local-plan-published,2017-08-07,2026-02-09
london-borough-of-havering-local-plan-2016-planning-inspectorate-found-sound,london-borough-of-havering-local-plan-2016,planning-inspectorate-found-sound,2021-10-14,2026-02-09
london-borough-of-havering-local-plan-2016-plan-adopted,london-borough-of-havering-local-plan-2016,plan-adopted,2021-11-17,2026-02-09
london-borough-of-hillingdon-local-plan-2011-submit-plan-for-examination,london-borough-of-hillingdon-local-plan-2011,submit-plan-for-examination,2011-10-31,2026-02-09
london-borough-of-hillingdon-local-plan-2011-reg-19-publication-local-plan-published,london-borough-of-hillingdon-local-plan-2011,reg-19-publication-local-plan-published,2011-02-09,2026-02-09
london-borough-of-hillingdon-local-plan-2011-planning-inspectorate-found-sound,london-borough-of-hillingdon-local-plan-2011,planning-inspectorate-found-sound,2012-07-26,2026-02-09
london-borough-of-hillingdon-local-plan-2011-plan-adopted,london-borough-of-hillingdon-local-plan-2011,plan-adopted,2012-11-08,2026-02-09
london-borough-of-hounslow-local-plan-2015-submit-plan-for-examination,london-borough-of-hounslow-local-plan-2015,submit-plan-for-examination,2014-08-20,2026-02-09
london-borough-of-hounslow-local-plan-2015-reg-19-publication-local-plan-published,london-borough-of-hounslow-local-plan-2015,reg-19-publication-local-plan-published,2014-03-07,2026-02-09
london-borough-of-hounslow-local-plan-2015-planning-inspectorate-found-sound,london-borough-of-hounslow-local-plan-2015,planning-inspectorate-found-sound,2015-07-31,2026-02-09
london-borough-of-hounslow-local-plan-2015-plan-adopted,london-borough-of-hounslow-local-plan-2015,plan-adopted,2015-09-15,2026-02-09
london-borough-of-hounslow-local-plan-2020-reg-19-publication-local-plan-published,london-borough-of-hounslow-local-plan-2020,reg-19-publication-local-plan-published,2024-09-06,2026-02-09
london-borough-of-hounslow-local-plan-2020-submit-plan-for-examination,london-borough-of-hounslow-local-plan-2020,submit-plan-for-examination,2025-06-23,2026-02-09
london-borough-of-islington-local-plan-2020-submit-plan-for-examination,london-borough-of-islington-local-plan-2020,submit-plan-for-examination,2020-02-12,2026-02-09
london-borough-of-islington-local-plan-2020-reg-19-publication-local-plan-published,london-borough-of-islington-local-plan-2020,reg-19-publication-local-plan-published,2019-09-05,2026-02-09
london-borough-of-islington-local-plan-2020-planning-inspectorate-found-sound,london-borough-of-islington-local-plan-2020,planning-inspectorate-found-sound,2023-07-05,2026-02-09
london-borough-of-islington-local-plan-2020-plan-adopted,london-borough-of-islington-local-plan-2020,plan-adopted,2023-09-28,2026-02-09
london-borough-of-lambeth-local-plan-2020-plan-adopted,london-borough-of-lambeth-local-plan-2020,plan-adopted,2021-09-22,2026-02-09
london-borough-of-lambeth-local-plan-2020-planning-inspectorate-found-sound,london-borough-of-lambeth-local-plan-2020,planning-inspectorate-found-sound,2021-07-22,2026-02-09
london-borough-of-lambeth-local-plan-2020-reg-19-publication-local-plan-published,london-borough-of-lambeth-local-plan-2020,reg-19-publication-local-plan-published,2020-01-31,2026-02-09
london-borough-of-lambeth-local-plan-2020-submit-plan-for-examination,london-borough-of-lambeth-local-plan-2020,submit-plan-for-examination,2020-05-22,2026-02-09
london-borough-of-lewisham-local-plan-2020-submit-plan-for-examination,london-borough-of-lewisham-local-plan-2020,submit-plan-for-examination,2023-11-03,2026-02-09
london-borough-of-lewisham-local-plan-2020-reg-19-publication-local-plan-published,london-borough-of-lewisham-local-plan-2020,reg-19-publication-local-plan-published,2023-03-01,2026-02-09
london-borough-of-lewisham-local-plan-2020-planning-inspectorate-found-sound,london-borough-of-lewisham-local-plan-2020,planning-inspectorate-found-sound,2025-06-25,2026-02-09
london-borough-of-lewisham-local-plan-2020-plan-adopted,london-borough-of-lewisham-local-plan-2020,plan-adopted,2025-07-16,2026-02-09
london-borough-of-merton-local-plan-2024-reg-19-publication-local-plan-published,london-borough-of-merton-local-plan-2024,reg-19-publication-local-plan-published,2021-07-22,2026-02-09
london-borough-of-merton-local-plan-2024-submit-plan-for-examination,london-borough-of-merton-local-plan-2024,submit-plan-for-examination,2021-12-02,2026-02-09
london-borough-of-merton-local-plan-2024-plan-adopted,london-borough-of-merton-local-plan-2024,plan-adopted,2024-11-20,2026-02-09
london-borough-of-merton-local-plan-2024-planning-inspectorate-found-sound,london-borough-of-merton-local-plan-2024,planning-inspectorate-found-sound,2024-10-04,2026-02-09
london-borough-of-newham-local-plan-plan-adopted,london-borough-of-newham-local-plan,plan-adopted,2018-12-10,2026-02-09
london-borough-of-newham-local-plan-planning-inspectorate-found-sound,london-borough-of-newham-local-plan,planning-inspectorate-found-sound,2018-11-26,2026-02-09
london-borough-of-newham-local-plan-reg-19-publication-local-plan-published,london-borough-of-newham-local-plan,reg-19-publication-local-plan-published,2017-11-28,2026-02-09
london-borough-of-newham-local-plan-submit-plan-for-examination,london-borough-of-newham-local-plan,submit-plan-for-examination,2018-02-28,2026-02-09
london-borough-of-newham-local-plan-2038-reg-19-publication-local-plan-published,london-borough-of-newham-local-plan-2038,reg-19-publication-local-plan-published,2024-07-19,2026-02-09
london-borough-of-newham-local-plan-2038-planning-inspectorate-examination-start,london-borough-of-newham-local-plan-2038,planning-inspectorate-examination-start,2025-12-02,2026-02-09
london-borough-of-newham-local-plan-2038-reg-18-consultation-end,london-borough-of-newham-local-plan-2038,reg-18-consultation-end,2023-02-20,2026-02-09
london-borough-of-newham-local-plan-2038-timetable-published,london-borough-of-newham-local-plan-2038,timetable-published,2025-05-01,2026-02-09
london-borough-of-newham-local-plan-2038-reg-18-consultation-start,london-borough-of-newham-local-plan-2038,reg-18-consultation-start,2021-10-18,2026-02-09
london-borough-of-newham-local-plan-2038-submit-plan-for-examination,london-borough-of-newham-local-plan-2038,submit-plan-for-examination,2025-07-18,2026-02-09
london-borough-of-redbridge-local-plan-2015-plan-adopted,london-borough-of-redbridge-local-plan-2015,plan-adopted,2018-03-15,2026-02-09
london-borough-of-redbridge-local-plan-2015-planning-inspectorate-found-sound,london-borough-of-redbridge-local-plan-2015,planning-inspectorate-found-sound,2018-01-24,2026-02-09
london-borough-of-redbridge-local-plan-2015-reg-19-publication-local-plan-published,london-borough-of-redbridge-local-plan-2015,reg-19-publication-local-plan-published,2016-07-28,2026-02-09
london-borough-of-redbridge-local-plan-2015-submit-plan-for-examination,london-borough-of-redbridge-local-plan-2015,submit-plan-for-examination,2017-03-03,2026-02-09
london-borough-of-richmond-upon-thames-local-plan-plan-adopted,london-borough-of-richmond-upon-thames-local-plan,plan-adopted,2025-10-07,2026-02-09
london-borough-of-richmond-upon-thames-local-plan-planning-inspectorate-found-sound,london-borough-of-richmond-upon-thames-local-plan,planning-inspectorate-found-sound,2025-08-19,2026-02-09
london-borough-of-richmond-upon-thames-local-plan-reg-19-publication-local-plan-published,london-borough-of-richmond-upon-thames-local-plan,reg-19-publication-local-plan-published,2023-06-09,2026-02-09
london-borough-of-richmond-upon-thames-local-plan-submit-plan-for-examination,london-borough-of-richmond-upon-thames-local-plan,submit-plan-for-examination,2024-01-19,2026-02-09
london-borough-of-southwark-local-plan-2019-plan-adopted,london-borough-of-southwark-local-plan-2019,plan-adopted,2022-02-23,2026-02-09
london-borough-of-southwark-local-plan-2019-submit-plan-for-examination,london-borough-of-southwark-local-plan-2019,submit-plan-for-examination,2020-01-16,2026-02-09
london-borough-of-southwark-local-plan-2019-reg-19-publication-local-plan-published,london-borough-of-southwark-local-plan-2019,reg-19-publication-local-plan-published,2018-01-02,2026-02-09
london-borough-of-southwark-local-plan-2019-planning-inspectorate-found-sound,london-borough-of-southwark-local-plan-2019,planning-inspectorate-found-sound,2021-11-17,2026-02-09
london-borough-of-sutton-local-plan-2016-plan-adopted,london-borough-of-sutton-local-plan-2016,plan-adopted,2018-02-26,2026-02-09
london-borough-of-sutton-local-plan-2016-planning-inspectorate-found-sound,london-borough-of-sutton-local-plan-2016,planning-inspectorate-found-sound,2018-01-30,2026-02-09
london-borough-of-sutton-local-plan-2016-reg-19-publication-local-plan-published,london-borough-of-sutton-local-plan-2016,reg-19-publication-local-plan-published,2017-01-09,2026-02-09
london-borough-of-sutton-local-plan-2016-submit-plan-for-examination,london-borough-of-sutton-local-plan-2016,submit-plan-for-examination,2017-04-12,2026-02-09
london-borough-of-tower-hamlets-local-plan-2023-timetable-published,london-borough-of-tower-hamlets-local-plan-2023,timetable-published,2025-02-01,2026-02-09
london-borough-of-tower-hamlets-local-plan-2023-reg-19-publication-local-plan-published,london-borough-of-tower-hamlets-local-plan-2023,reg-19-publication-local-plan-published,2025-06-20,2026-02-09
london-borough-of-tower-hamlets-local-plan-2023-reg-18-consultation-start,london-borough-of-tower-hamlets-local-plan-2023,reg-18-consultation-start,2023-11-06,2026-02-09
london-borough-of-tower-hamlets-local-plan-2023-reg-18-consultation-end,london-borough-of-tower-hamlets-local-plan-2023,reg-18-consultation-end,2023-12-18,2026-02-09
london-borough-of-tower-hamlets-local-plan-2031-planning-inspectorate-found-sound,london-borough-of-tower-hamlets-local-plan-2031,planning-inspectorate-found-sound,2019-09-20,2026-02-09
london-borough-of-tower-hamlets-local-plan-2031-reg-19-publication-local-plan-published,london-borough-of-tower-hamlets-local-plan-2031,reg-19-publication-local-plan-published,2017-10-02,2026-02-09
london-borough-of-tower-hamlets-local-plan-2031-plan-adopted,london-borough-of-tower-hamlets-local-plan-2031,plan-adopted,2020-01-15,2026-02-09
london-borough-of-tower-hamlets-local-plan-2031-submit-plan-for-examination,london-borough-of-tower-hamlets-local-plan-2031,submit-plan-for-examination,2018-02-28,2026-02-09
london-borough-of-waltham-forest-local-plan-2020-planning-inspectorate-found-sound,london-borough-of-waltham-forest-local-plan-2020,planning-inspectorate-found-sound,2024-01-08,2026-02-09
london-borough-of-waltham-forest-local-plan-2020-plan-adopted,london-borough-of-waltham-forest-local-plan-2020,plan-adopted,2024-02-29,2026-02-09
london-borough-of-waltham-forest-local-plan-2020-reg-19-publication-local-plan-published,london-borough-of-waltham-forest-local-plan-2020,reg-19-publication-local-plan-published,2020-10-26,2026-02-09
london-borough-of-waltham-forest-local-plan-2020-submit-plan-for-examination,london-borough-of-waltham-forest-local-plan-2020,submit-plan-for-examination,2021-04-30,2026-02-09
london-borough-of-wandsworth-local-plan-2023-submit-plan-for-examination,london-borough-of-wandsworth-local-plan-2023,submit-plan-for-examination,2022-04-29,2026-02-09
london-borough-of-wandsworth-local-plan-2023-reg-19-publication-local-plan-published,london-borough-of-wandsworth-local-plan-2023,reg-19-publication-local-plan-published,2022-01-10,2026-02-09
london-borough-of-wandsworth-local-plan-2023-planning-inspectorate-found-sound,london-borough-of-wandsworth-local-plan-2023,planning-inspectorate-found-sound,2023-06-23,2026-02-09
london-borough-of-wandsworth-local-plan-2023-plan-adopted,london-borough-of-wandsworth-local-plan-2023,plan-adopted,2023-07-19,2026-02-09
london-legacy-development-corporation-local-plan-2020-plan-adopted,london-legacy-development-corporation-local-plan-2020,plan-adopted,2020-07-21,2026-02-09
london-legacy-development-corporation-local-plan-2020-planning-inspectorate-found-sound,london-legacy-development-corporation-local-plan-2020,planning-inspectorate-found-sound,2020-04-25,2026-02-09
london-legacy-development-corporation-local-plan-2020-reg-19-publication-local-plan-published,london-legacy-development-corporation-local-plan-2020,reg-19-publication-local-plan-published,2018-11-05,2026-02-09
london-legacy-development-corporation-local-plan-2020-submit-plan-for-examination,london-legacy-development-corporation-local-plan-2020,submit-plan-for-examination,2019-03-08,2026-02-09
luton-borough-council-local-plan-2011-submit-plan-for-examination,luton-borough-council-local-plan-2011,submit-plan-for-examination,2016-04-22,2026-02-09
luton-borough-council-local-plan-2011-plan-adopted,luton-borough-council-local-plan-2011,plan-adopted,2017-11-07,2026-02-09
luton-borough-council-local-plan-2011-reg-19-publication-local-plan-published,luton-borough-council-local-plan-2011,reg-19-publication-local-plan-published,2015-10-26,2026-02-09
luton-borough-council-local-plan-2011-planning-inspectorate-found-sound,luton-borough-council-local-plan-2011,planning-inspectorate-found-sound,2017-08-01,2026-02-09
maidstone-borough-council-local-plan-2021-submit-plan-for-examination,maidstone-borough-council-local-plan-2021,submit-plan-for-examination,2022-03-31,2026-02-09
maidstone-borough-council-local-plan-2021-reg-19-publication-local-plan-published,maidstone-borough-council-local-plan-2021,reg-19-publication-local-plan-published,2021-10-29,2026-02-09
maidstone-borough-council-local-plan-2021-plan-adopted,maidstone-borough-council-local-plan-2021,plan-adopted,2024-03-20,2026-02-09
maidstone-borough-council-local-plan-2021-planning-inspectorate-found-sound,maidstone-borough-council-local-plan-2021,planning-inspectorate-found-sound,2024-03-08,2026-02-09
maldon-district-council-local-plan-2014-planning-inspectorate-found-sound,maldon-district-council-local-plan-2014,planning-inspectorate-found-sound,2017-07-21,2026-02-09
maldon-district-council-local-plan-2014-reg-19-publication-local-plan-published,maldon-district-council-local-plan-2014,reg-19-publication-local-plan-published,2014-01-22,2026-02-09
maldon-district-council-local-plan-2014-submit-plan-for-examination,maldon-district-council-local-plan-2014,submit-plan-for-examination,2014-04-25,2026-02-09
maldon-district-council-local-plan-2014-plan-adopted,maldon-district-council-local-plan-2014,plan-adopted,2017-07-21,2026-02-09
malvern-hills-district-council-local-plan-2021-reg-18-consultation-start,malvern-hills-district-council-local-plan-2021,reg-18-consultation-start,2018-11-05,2026-02-09
malvern-hills-district-council-local-plan-2021-planning-inspectorate-examination-start,malvern-hills-district-council-local-plan-2021,planning-inspectorate-examination-start,2025-03-04,2026-02-09
malvern-hills-district-council-local-plan-2021-reg-19-publication-local-plan-published,malvern-hills-district-council-local-plan-2021,reg-19-publication-local-plan-published,2022-11-01,2026-02-09
malvern-hills-district-council-local-plan-2021-reg-18-consultation-end,malvern-hills-district-council-local-plan-2021,reg-18-consultation-end,2021-04-19,2026-02-09
malvern-hills-district-council-local-plan-2021-timetable-published,malvern-hills-district-council-local-plan-2021,timetable-published,2025-12-01,2026-02-09
malvern-hills-district-council-local-plan-2021-submit-plan-for-examination,malvern-hills-district-council-local-plan-2021,submit-plan-for-examination,2023-09-27,2026-02-09
mansfield-district-council-local-plan-2013-plan-adopted,mansfield-district-council-local-plan-2013,plan-adopted,2020-09-08,2026-02-09
mansfield-district-council-local-plan-2013-planning-inspectorate-found-sound,mansfield-district-council-local-plan-2013,planning-inspectorate-found-sound,2020-03-31,2026-02-09
mansfield-district-council-local-plan-2013-reg-19-publication-local-plan-published,mansfield-district-council-local-plan-2013,reg-19-publication-local-plan-published,2018-09-20,2026-02-09
mansfield-district-council-local-plan-2013-submit-plan-for-examination,mansfield-district-council-local-plan-2013,submit-plan-for-examination,2018-12-21,2026-02-09
medway-council-local-plan-2041-reg-19-publication-local-plan-published,medway-council-local-plan-2041,reg-19-publication-local-plan-published,2025-06-30,2026-02-09
medway-council-local-plan-2041-submit-plan-for-examination,medway-council-local-plan-2041,submit-plan-for-examination,2025-12-18,2026-02-09
melton-borough-council-local-plan-2011-plan-adopted,melton-borough-council-local-plan-2011,plan-adopted,2018-10-10,2026-02-09
melton-borough-council-local-plan-2011-planning-inspectorate-found-sound,melton-borough-council-local-plan-2011,planning-inspectorate-found-sound,2018-09-14,2026-02-09
melton-borough-council-local-plan-2011-reg-19-publication-local-plan-published,melton-borough-council-local-plan-2011,reg-19-publication-local-plan-published,2016-11-08,2026-02-09
melton-borough-council-local-plan-2011-submit-plan-for-examination,melton-borough-council-local-plan-2011,submit-plan-for-examination,2017-10-04,2026-02-09
mendip-district-council-local-plan-2006-submit-plan-for-examination,mendip-district-council-local-plan-2006,submit-plan-for-examination,2013-12-09,2026-02-09
mendip-district-council-local-plan-2006-reg-19-publication-local-plan-published,mendip-district-council-local-plan-2006,reg-19-publication-local-plan-published,2012-11-29,2026-02-09
mendip-district-council-local-plan-2006-planning-inspectorate-found-sound,mendip-district-council-local-plan-2006,planning-inspectorate-found-sound,2014-10-02,2026-02-09
mendip-district-council-local-plan-2006-plan-adopted,mendip-district-council-local-plan-2006,plan-adopted,2014-12-15,2026-02-09
mid-devon-district-council-local-plan-2013-reg-19-publication-local-plan-published,mid-devon-district-council-local-plan-2013,reg-19-publication-local-plan-published,2015-02-09,2026-02-09
mid-devon-district-council-local-plan-2013-planning-inspectorate-found-sound,mid-devon-district-council-local-plan-2013,planning-inspectorate-found-sound,2020-06-27,2026-02-09
mid-devon-district-council-local-plan-2013-plan-adopted,mid-devon-district-council-local-plan-2013,plan-adopted,2020-07-29,2026-02-09
mid-devon-district-council-local-plan-2013-submit-plan-for-examination,mid-devon-district-council-local-plan-2013,submit-plan-for-examination,2017-03-31,2026-02-09
mid-sussex-district-council-local-plan-2014-planning-inspectorate-found-sound,mid-sussex-district-council-local-plan-2014,planning-inspectorate-found-sound,2018-03-12,2026-02-09
mid-sussex-district-council-local-plan-2014-plan-adopted,mid-sussex-district-council-local-plan-2014,plan-adopted,2018-03-28,2026-02-09
mid-sussex-district-council-local-plan-2014-submit-plan-for-examination,mid-sussex-district-council-local-plan-2014,submit-plan-for-examination,2016-08-17,2026-02-09
mid-sussex-district-council-local-plan-2014-reg-19-publication-local-plan-published,mid-sussex-district-council-local-plan-2014,reg-19-publication-local-plan-published,2015-06-12,2026-02-09
mid-sussex-district-council-local-plan-2021-submit-plan-for-examination,mid-sussex-district-council-local-plan-2021,submit-plan-for-examination,2024-07-08,2026-02-09
mid-sussex-district-council-local-plan-2021-reg-19-publication-local-plan-published,mid-sussex-district-council-local-plan-2021,reg-19-publication-local-plan-published,2024-01-12,2026-02-09
middlesbrough-borough-council-local-plan-2012-submit-plan-for-examination,middlesbrough-borough-council-local-plan-2012,submit-plan-for-examination,2014-03-21,2026-02-09
middlesbrough-borough-council-local-plan-2012-reg-19-publication-local-plan-published,middlesbrough-borough-council-local-plan-2012,reg-19-publication-local-plan-published,2013-11-04,2026-02-09
middlesbrough-borough-council-local-plan-2012-plan-adopted,middlesbrough-borough-council-local-plan-2012,plan-adopted,2014-11-26,2026-02-09
middlesbrough-borough-council-local-plan-2012-planning-inspectorate-found-sound,middlesbrough-borough-council-local-plan-2012,planning-inspectorate-found-sound,2014-10-31,2026-02-09
middlesbrough-borough-council-local-plan-2022-submit-plan-for-examination,middlesbrough-borough-council-local-plan-2022,submit-plan-for-examination,2025-09-30,2026-02-09
middlesbrough-borough-council-local-plan-2022-reg-18-consultation-start,middlesbrough-borough-council-local-plan-2022,reg-18-consultation-start,2022-12-05,2026-02-09
middlesbrough-borough-council-local-plan-2022-reg-18-consultation-end,middlesbrough-borough-council-local-plan-2022,reg-18-consultation-end,2024-03-15,2026-02-09
middlesbrough-borough-council-local-plan-2022-timetable-published,middlesbrough-borough-council-local-plan-2022,timetable-published,2025-07-01,2026-02-09
middlesbrough-borough-council-local-plan-2022-reg-19-publication-local-plan-published,middlesbrough-borough-council-local-plan-2022,reg-19-publication-local-plan-published,2025-03-11,2026-02-09
milton-keynes-city-council-local-plan-2031-submit-plan-for-examination,milton-keynes-city-council-local-plan-2031,submit-plan-for-examination,2018-03-29,2026-02-09
milton-keynes-city-council-local-plan-2031-reg-19-publication-local-plan-published,milton-keynes-city-council-local-plan-2031,reg-19-publication-local-plan-published,2017-11-08,2026-02-09
milton-keynes-city-council-local-plan-2031-planning-inspectorate-found-sound,milton-keynes-city-council-local-plan-2031,planning-inspectorate-found-sound,2019-02-12,2026-02-09
milton-keynes-city-council-local-plan-2031-plan-adopted,milton-keynes-city-council-local-plan-2031,plan-adopted,2019-03-20,2026-02-09
milton-keynes-city-council-local-plan-2050-reg-19-publication-local-plan-published,milton-keynes-city-council-local-plan-2050,reg-19-publication-local-plan-published,2025-11-07,2026-02-09
mole-valley-district-council-local-plan-2020-reg-19-publication-local-plan-published,mole-valley-district-council-local-plan-2020,reg-19-publication-local-plan-published,2021-09-20,2026-02-09
mole-valley-district-council-local-plan-2020-submit-plan-for-examination,mole-valley-district-council-local-plan-2020,submit-plan-for-examination,2022-02-14,2026-02-09
mole-valley-district-council-local-plan-2020-plan-adopted,mole-valley-district-council-local-plan-2020,plan-adopted,2024-10-15,2026-02-09
mole-valley-district-council-local-plan-2020-planning-inspectorate-found-sound,mole-valley-district-council-local-plan-2020,planning-inspectorate-found-sound,2024-09-18,2026-02-09
new-forest-district-council-local-plan-2016-planning-inspectorate-found-sound,new-forest-district-council-local-plan-2016,planning-inspectorate-found-sound,2020-03-25,2026-02-09
new-forest-district-council-local-plan-2016-submit-plan-for-examination,new-forest-district-council-local-plan-2016,submit-plan-for-examination,2018-11-01,2026-02-09
new-forest-district-council-local-plan-2016-reg-19-publication-local-plan-published,new-forest-district-council-local-plan-2016,reg-19-publication-local-plan-published,2018-06-29,2026-02-09
new-forest-district-council-local-plan-2016-plan-adopted,new-forest-district-council-local-plan-2016,plan-adopted,2020-07-06,2026-02-09
new-forest-national-park-authority-local-plan-2016-plan-adopted,new-forest-national-park-authority-local-plan-2016,plan-adopted,2019-08-29,2026-02-09
new-forest-national-park-authority-local-plan-2016-planning-inspectorate-found-sound,new-forest-national-park-authority-local-plan-2016,planning-inspectorate-found-sound,2019-07-24,2026-02-09
new-forest-national-park-authority-local-plan-2016-reg-19-publication-local-plan-published,new-forest-national-park-authority-local-plan-2016,reg-19-publication-local-plan-published,2018-01-17,2026-02-09
new-forest-national-park-authority-local-plan-2016-submit-plan-for-examination,new-forest-national-park-authority-local-plan-2016,submit-plan-for-examination,2018-05-14,2026-02-09
newark-and-sherwood-district-council-local-plan-2013-plan-adopted,newark-and-sherwood-district-council-local-plan-2013,plan-adopted,2019-03-07,2026-02-09
newark-and-sherwood-district-council-local-plan-2013-planning-inspectorate-found-sound,newark-and-sherwood-district-council-local-plan-2013,planning-inspectorate-found-sound,2019-02-25,2026-02-09
newark-and-sherwood-district-council-local-plan-2013-reg-19-publication-local-plan-published,newark-and-sherwood-district-council-local-plan-2013,reg-19-publication-local-plan-published,2017-07-17,2026-02-09
newark-and-sherwood-district-council-local-plan-2013-submit-plan-for-examination,newark-and-sherwood-district-council-local-plan-2013,submit-plan-for-examination,2017-09-29,2026-02-09
newcastle-under-lyme-borough-council-local-plan-2020-reg-19-publication-local-plan-published,newcastle-under-lyme-borough-council-local-plan-2020,reg-19-publication-local-plan-published,2024-08-12,2026-02-09
newcastle-under-lyme-borough-council-local-plan-2020-submit-plan-for-examination,newcastle-under-lyme-borough-council-local-plan-2020,submit-plan-for-examination,2024-12-20,2026-02-09
north-devon-and-torridge-local-plan-2011-2031-plan-adopted,north-devon-and-torridge-local-plan-2011-2031,plan-adopted,2018-10-29,2026-02-09
north-devon-and-torridge-local-plan-2011-2031-planning-inspectorate-found-sound,north-devon-and-torridge-local-plan-2011-2031,planning-inspectorate-found-sound,2018-09-11,2026-02-09
north-devon-and-torridge-local-plan-2011-2031-reg-19-publication-local-plan-published,north-devon-and-torridge-local-plan-2011-2031,reg-19-publication-local-plan-published,2014-06-26,2026-02-09
north-devon-and-torridge-local-plan-2011-2031-submit-plan-for-examination,north-devon-and-torridge-local-plan-2011-2031,submit-plan-for-examination,2016-06-10,2026-02-09
north-dorset-district-council-local-plan-2011-plan-adopted,north-dorset-district-council-local-plan-2011,plan-adopted,2016-01-15,2026-02-09
north-dorset-district-council-local-plan-2011-planning-inspectorate-found-sound,north-dorset-district-council-local-plan-2011,planning-inspectorate-found-sound,2015-12-17,2026-02-09
north-dorset-district-council-local-plan-2011-reg-19-publication-local-plan-published,north-dorset-district-council-local-plan-2011,reg-19-publication-local-plan-published,2013-11-29,2026-02-09
north-dorset-district-council-local-plan-2011-submit-plan-for-examination,north-dorset-district-council-local-plan-2011,submit-plan-for-examination,2014-12-05,2026-02-09
north-east-derbyshire-district-council-local-plan-2014-plan-adopted,north-east-derbyshire-district-council-local-plan-2014,plan-adopted,2021-11-29,2026-02-09
north-east-derbyshire-district-council-local-plan-2014-planning-inspectorate-found-sound,north-east-derbyshire-district-council-local-plan-2014,planning-inspectorate-found-sound,2021-07-19,2026-02-09
north-east-derbyshire-district-council-local-plan-2014-reg-19-publication-local-plan-published,north-east-derbyshire-district-council-local-plan-2014,reg-19-publication-local-plan-published,2018-02-21,2026-02-09
north-east-derbyshire-district-council-local-plan-2014-submit-plan-for-examination,north-east-derbyshire-district-council-local-plan-2014,submit-plan-for-examination,2018-05-24,2026-02-09
north-east-lincolnshire-council-local-plan-2013-plan-adopted,north-east-lincolnshire-council-local-plan-2013,plan-adopted,2018-03-22,2026-02-09
north-east-lincolnshire-council-local-plan-2013-planning-inspectorate-found-sound,north-east-lincolnshire-council-local-plan-2013,planning-inspectorate-found-sound,2018-02-07,2026-02-09
north-east-lincolnshire-council-local-plan-2013-submit-plan-for-examination,north-east-lincolnshire-council-local-plan-2013,submit-plan-for-examination,2016-12-21,2026-02-09
north-east-lincolnshire-council-local-plan-2013-reg-19-publication-local-plan-published,north-east-lincolnshire-council-local-plan-2013,reg-19-publication-local-plan-published,2016-02-29,2026-02-09
north-hertfordshire-district-council-local-plan-2011-plan-adopted,north-hertfordshire-district-council-local-plan-2011,plan-adopted,2022-11-08,2026-02-09
north-hertfordshire-district-council-local-plan-2011-reg-19-publication-local-plan-published,north-hertfordshire-district-council-local-plan-2011,reg-19-publication-local-plan-published,2016-10-19,2026-02-09
north-hertfordshire-district-council-local-plan-2011-submit-plan-for-examination,north-hertfordshire-district-council-local-plan-2011,submit-plan-for-examination,2017-06-09,2026-02-09
north-hertfordshire-district-council-local-plan-2011-planning-inspectorate-found-sound,north-hertfordshire-district-council-local-plan-2011,planning-inspectorate-found-sound,2022-09-08,2026-02-09
north-lincolnshire-council-local-plan-2004-planning-inspectorate-found-sound,north-lincolnshire-council-local-plan-2004,planning-inspectorate-found-sound,2011-05-17,2026-02-09
north-lincolnshire-council-local-plan-2004-submit-plan-for-examination,north-lincolnshire-council-local-plan-2004,submit-plan-for-examination,2010-08-25,2026-02-09
north-lincolnshire-council-local-plan-2004-plan-adopted,north-lincolnshire-council-local-plan-2004,plan-adopted,2011-06-28,2026-02-09
north-lincolnshire-council-local-plan-2004-reg-19-publication-local-plan-published,north-lincolnshire-council-local-plan-2004,reg-19-publication-local-plan-published,2010-05-21,2026-02-09
north-lincolnshire-council-local-plan-2020-reg-19-publication-local-plan-published,north-lincolnshire-council-local-plan-2020,reg-19-publication-local-plan-published,2021-10-15,2026-02-09
north-lincolnshire-council-local-plan-2020-submit-plan-for-examination,north-lincolnshire-council-local-plan-2020,submit-plan-for-examination,2022-11-11,2026-02-09
north-norfolk-district-council-local-plan-2024-timetable-published,north-norfolk-district-council-local-plan-2024,timetable-published,2025-02-01,2026-02-09
north-norfolk-district-council-local-plan-2024-submit-plan-for-examination,north-norfolk-district-council-local-plan-2024,submit-plan-for-examination,2023-05-11,2026-02-09
north-norfolk-district-council-local-plan-2024-reg-18-consultation-end,north-norfolk-district-council-local-plan-2024,reg-18-consultation-end,2019-06-28,2026-02-09
north-norfolk-district-council-local-plan-2024-reg-19-publication-local-plan-published,north-norfolk-district-council-local-plan-2024,reg-19-publication-local-plan-published,2022-01-17,2026-02-09
north-norfolk-district-council-local-plan-2024-planning-inspectorate-examination-start,north-norfolk-district-council-local-plan-2024,planning-inspectorate-examination-start,2024-01-23,2026-02-09
north-norfolk-district-council-local-plan-2024-planning-inspectorate-examination-end,north-norfolk-district-council-local-plan-2024,planning-inspectorate-examination-end,2025-04-10,2026-02-09
north-norfolk-district-council-local-plan-2024-plan-adopted,north-norfolk-district-council-local-plan-2024,plan-adopted,2025-12-17,2026-02-09
north-norfolk-district-council-local-plan-2024-planning-inspectorate-found-sound,north-norfolk-district-council-local-plan-2024,planning-inspectorate-found-sound,2025-10-31,2026-02-09
north-norfolk-district-council-local-plan-2024-reg-18-consultation-start,north-norfolk-district-council-local-plan-2024,reg-18-consultation-start,2015-08-03,2026-02-09
north-northamptonshire-council-local-plan-2021-timetable-published,north-northamptonshire-council-local-plan-2021,timetable-published,2025-03-01,2026-02-09
north-northamptonshire-council-local-plan-2021-reg-18-consultation-end,north-northamptonshire-council-local-plan-2021,reg-18-consultation-end,2022-05-23,2026-02-09
north-northamptonshire-council-local-plan-2021-reg-18-consultation-start,north-northamptonshire-council-local-plan-2021,reg-18-consultation-start,2022-03-28,2026-02-09
north-northamptonshire-joint-core-strategy-2011-2031-plan-adopted,north-northamptonshire-joint-core-strategy-2011-2031,plan-adopted,2016-07-14,2026-02-09
north-northamptonshire-joint-core-strategy-2011-2031-planning-inspectorate-found-sound,north-northamptonshire-joint-core-strategy-2011-2031,planning-inspectorate-found-sound,2016-06-22,2026-02-09
north-northamptonshire-joint-core-strategy-2011-2031-reg-19-publication-local-plan-published,north-northamptonshire-joint-core-strategy-2011-2031,reg-19-publication-local-plan-published,2015-01-26,2026-02-09
north-northamptonshire-joint-core-strategy-2011-2031-submit-plan-for-examination,north-northamptonshire-joint-core-strategy-2011-2031,submit-plan-for-examination,2015-07-31,2026-02-09
north-somerset-council-local-plan-2006-plan-adopted,north-somerset-council-local-plan-2006,plan-adopted,2017-01-10,2026-02-09
north-somerset-council-local-plan-2006-planning-inspectorate-found-sound,north-somerset-council-local-plan-2006,planning-inspectorate-found-sound,2016-11-08,2026-02-09
north-somerset-council-local-plan-2006-reg-19-publication-local-plan-published,north-somerset-council-local-plan-2006,reg-19-publication-local-plan-published,2016-01-08,2026-02-09
north-somerset-council-local-plan-2006-submit-plan-for-examination,north-somerset-council-local-plan-2006,submit-plan-for-examination,2016-01-08,2026-02-09
north-somerset-council-local-plan-2026-timetable-published,north-somerset-council-local-plan-2026,timetable-published,2025-12-01,2026-02-09
north-somerset-council-local-plan-2026-reg-19-publication-local-plan-published,north-somerset-council-local-plan-2026,reg-19-publication-local-plan-published,2025-10-30,2026-02-09
north-somerset-council-local-plan-2026-reg-18-consultation-start,north-somerset-council-local-plan-2026,reg-18-consultation-start,2020-03-01,2026-02-09
north-somerset-council-local-plan-2026-planning-inspectorate-examination-start,north-somerset-council-local-plan-2026,planning-inspectorate-examination-start,2019-07-02,2026-02-09
north-somerset-council-local-plan-2026-reg-18-consultation-end,north-somerset-council-local-plan-2026,reg-18-consultation-end,2022-04-01,2026-02-09
north-tyneside-council-local-plan-2017-submit-plan-for-examination,north-tyneside-council-local-plan-2017,submit-plan-for-examination,2016-06-30,2026-02-09
north-tyneside-council-local-plan-2017-plan-adopted,north-tyneside-council-local-plan-2017,plan-adopted,2017-07-20,2026-02-09
north-tyneside-council-local-plan-2017-planning-inspectorate-found-sound,north-tyneside-council-local-plan-2017,planning-inspectorate-found-sound,2017-05-09,2026-02-09
north-tyneside-council-local-plan-2017-reg-19-publication-local-plan-published,north-tyneside-council-local-plan-2017,reg-19-publication-local-plan-published,2015-11-02,2026-02-09
north-tyneside-council-local-plan-2025-reg-18-consultation-end,north-tyneside-council-local-plan-2025,reg-18-consultation-end,2026-02-25,2026-02-09
north-tyneside-council-local-plan-2025-timetable-published,north-tyneside-council-local-plan-2025,timetable-published,2025-02-01,2026-02-09
north-tyneside-council-local-plan-2025-reg-18-consultation-start,north-tyneside-council-local-plan-2025,reg-18-consultation-start,2025-08-01,2026-02-09
north-warwickshire-borough-council-local-plan-2021-plan-adopted,north-warwickshire-borough-council-local-plan-2021,plan-adopted,2021-09-29,2026-02-09
north-warwickshire-borough-council-local-plan-2021-planning-inspectorate-found-sound,north-warwickshire-borough-council-local-plan-2021,planning-inspectorate-found-sound,2021-07-16,2026-02-09
north-warwickshire-borough-council-local-plan-2021-reg-19-publication-local-plan-published,north-warwickshire-borough-council-local-plan-2021,reg-19-publication-local-plan-published,2017-11-10,2026-02-09
north-warwickshire-borough-council-local-plan-2021-submit-plan-for-examination,north-warwickshire-borough-council-local-plan-2021,submit-plan-for-examination,2018-03-27,2026-02-09
north-west-leicestershire-district-council-local-plan-2011-reg-19-publication-local-plan-published,north-west-leicestershire-district-council-local-plan-2011,reg-19-publication-local-plan-published,2016-07-04,2026-02-09
north-west-leicestershire-district-council-local-plan-2011-planning-inspectorate-found-sound,north-west-leicestershire-district-council-local-plan-2011,planning-inspectorate-found-sound,2017-10-12,2026-02-09
north-west-leicestershire-district-council-local-plan-2011-plan-adopted,north-west-leicestershire-district-council-local-plan-2011,plan-adopted,2017-11-21,2026-02-09
north-west-leicestershire-district-council-local-plan-2011-submit-plan-for-examination,north-west-leicestershire-district-council-local-plan-2011,submit-plan-for-examination,2016-10-04,2026-02-09
north-york-moors-national-park-authority-local-plan-2016-planning-inspectorate-found-sound,north-york-moors-national-park-authority-local-plan-2016,planning-inspectorate-found-sound,2020-05-15,2026-02-09
north-york-moors-national-park-authority-local-plan-2016-reg-19-publication-local-plan-published,north-york-moors-national-park-authority-local-plan-2016,reg-19-publication-local-plan-published,2019-04-10,2026-02-09
north-york-moors-national-park-authority-local-plan-2016-submit-plan-for-examination,north-york-moors-national-park-authority-local-plan-2016,submit-plan-for-examination,2019-07-02,2026-02-09
north-york-moors-national-park-authority-local-plan-2016-plan-adopted,north-york-moors-national-park-authority-local-plan-2016,plan-adopted,2020-07-27,2026-02-09
northumberland-county-council-local-plan-2016-reg-19-publication-local-plan-published,northumberland-county-council-local-plan-2016,reg-19-publication-local-plan-published,2019-01-30,2026-02-09
northumberland-county-council-local-plan-2016-submit-plan-for-examination,northumberland-county-council-local-plan-2016,submit-plan-for-examination,2019-05-29,2026-02-09
northumberland-county-council-local-plan-2016-plan-adopted,northumberland-county-council-local-plan-2016,plan-adopted,2022-03-31,2026-02-09
northumberland-county-council-local-plan-2016-planning-inspectorate-found-sound,northumberland-county-council-local-plan-2016,planning-inspectorate-found-sound,2022-01-26,2026-02-09
northumberland-national-park-authority-local-plan-2017-submit-plan-for-examination,northumberland-national-park-authority-local-plan-2017,submit-plan-for-examination,2019-09-30,2026-02-09
northumberland-national-park-authority-local-plan-2017-reg-19-publication-local-plan-published,northumberland-national-park-authority-local-plan-2017,reg-19-publication-local-plan-published,2019-05-31,2026-02-09
northumberland-national-park-authority-local-plan-2017-plan-adopted,northumberland-national-park-authority-local-plan-2017,plan-adopted,2020-07-15,2026-02-09
northumberland-national-park-authority-local-plan-2017-planning-inspectorate-found-sound,northumberland-national-park-authority-local-plan-2017,planning-inspectorate-found-sound,2020-06-17,2026-02-09
nottingham-city-council-local-plan-2041-submit-plan-for-examination,nottingham-city-council-local-plan-2041,submit-plan-for-examination,2025-12-22,2026-02-09
nottingham-city-council-local-plan-2041-timetable-published,nottingham-city-council-local-plan-2041,timetable-published,2025-12-01,2026-02-09
nottingham-city-council-local-plan-2041-reg-19-publication-local-plan-published,nottingham-city-council-local-plan-2041,reg-19-publication-local-plan-published,2025-03-12,2026-02-09
nottingham-city-council-local-plan-2041-reg-18-consultation-start,nottingham-city-council-local-plan-2041,reg-18-consultation-start,2020-07-06,2026-02-09
nottingham-city-council-local-plan-2041-reg-18-consultation-end,nottingham-city-council-local-plan-2041,reg-18-consultation-end,2023-11-07,2026-02-09
nuneaton-and-bedworth-borough-council-local-plan-2021-plan-adopted,nuneaton-and-bedworth-borough-council-local-plan-2021,plan-adopted,2025-12-10,2026-02-09
nuneaton-and-bedworth-borough-council-local-plan-2021-planning-inspectorate-found-sound,nuneaton-and-bedworth-borough-council-local-plan-2021,planning-inspectorate-found-sound,2025-10-08,2026-02-09
nuneaton-and-bedworth-borough-council-local-plan-2021-submit-plan-for-examination,nuneaton-and-bedworth-borough-council-local-plan-2021,submit-plan-for-examination,2024-02-12,2026-02-09
nuneaton-and-bedworth-borough-council-local-plan-2021-reg-19-publication-local-plan-published,nuneaton-and-bedworth-borough-council-local-plan-2021,reg-19-publication-local-plan-published,2023-09-04,2026-02-09
oadby-and-wigston-borough-council-local-plan-2011-reg-19-publication-local-plan-published,oadby-and-wigston-borough-council-local-plan-2011,reg-19-publication-local-plan-published,2017-11-06,2026-02-09
oadby-and-wigston-borough-council-local-plan-2011-planning-inspectorate-found-sound,oadby-and-wigston-borough-council-local-plan-2011,planning-inspectorate-found-sound,2019-03-25,2026-02-09
oadby-and-wigston-borough-council-local-plan-2011-submit-plan-for-examination,oadby-and-wigston-borough-council-local-plan-2011,submit-plan-for-examination,2018-01-29,2026-02-09
oadby-and-wigston-borough-council-local-plan-2011-plan-adopted,oadby-and-wigston-borough-council-local-plan-2011,plan-adopted,2019-04-16,2026-02-09
oadby-and-wigston-borough-council-local-plan-2020-timetable-published,oadby-and-wigston-borough-council-local-plan-2020,timetable-published,2025-02-01,2026-02-09
oadby-and-wigston-borough-council-local-plan-2020-reg-19-publication-local-plan-published,oadby-and-wigston-borough-council-local-plan-2020,reg-19-publication-local-plan-published,2025-01-10,2026-02-09
oadby-and-wigston-borough-council-local-plan-2020-reg-18-consultation-start,oadby-and-wigston-borough-council-local-plan-2020,reg-18-consultation-start,2021-09-03,2026-02-09
oadby-and-wigston-borough-council-local-plan-2020-reg-18-consultation-end,oadby-and-wigston-borough-council-local-plan-2020,reg-18-consultation-end,2025-07-01,2026-02-09
old-oak-and-park-royal-development-corporation-local-plan-plan-adopted,old-oak-and-park-royal-development-corporation-local-plan,plan-adopted,2022-06-22,2026-02-09
old-oak-and-park-royal-development-corporation-local-plan-submit-plan-for-examination,old-oak-and-park-royal-development-corporation-local-plan,submit-plan-for-examination,2018-10-04,2026-02-09
old-oak-and-park-royal-development-corporation-local-plan-reg-19-publication-local-plan-published,old-oak-and-park-royal-development-corporation-local-plan,reg-19-publication-local-plan-published,2018-06-14,2026-02-09
old-oak-and-park-royal-development-corporation-local-plan-planning-inspectorate-found-sound,old-oak-and-park-royal-development-corporation-local-plan,planning-inspectorate-found-sound,2022-04-01,2026-02-09
oxford-city-council-local-plan-2016-plan-adopted,oxford-city-council-local-plan-2016,plan-adopted,2020-06-08,2026-02-09
oxford-city-council-local-plan-2016-planning-inspectorate-found-sound,oxford-city-council-local-plan-2016,planning-inspectorate-found-sound,2020-05-15,2026-02-09
oxford-city-council-local-plan-2016-reg-19-publication-local-plan-published,oxford-city-council-local-plan-2016,reg-19-publication-local-plan-published,2018-11-01,2026-02-09
oxford-city-council-local-plan-2016-submit-plan-for-examination,oxford-city-council-local-plan-2016,submit-plan-for-examination,2019-03-22,2026-02-09
oxford-city-council-local-plan-2025-reg-18-consultation-start,oxford-city-council-local-plan-2025,reg-18-consultation-start,2025-06-27,2026-02-09
oxford-city-council-local-plan-2025-timetable-published,oxford-city-council-local-plan-2025,timetable-published,2025-12-01,2026-02-09
oxford-city-council-local-plan-2025-reg-18-consultation-end,oxford-city-council-local-plan-2025,reg-18-consultation-end,2025-08-08,2026-02-09
pendle-borough-council-local-plan-2021-plan-adopted,pendle-borough-council-local-plan-2021,plan-adopted,2025-12-18,2026-02-09
pendle-borough-council-local-plan-2021-submit-plan-for-examination,pendle-borough-council-local-plan-2021,submit-plan-for-examination,2025-02-18,2026-02-09
pendle-borough-council-local-plan-2021-planning-inspectorate-found-sound,pendle-borough-council-local-plan-2021,planning-inspectorate-found-sound,2025-11-20,2026-02-09
pendle-borough-council-local-plan-2021-reg-19-publication-local-plan-published,pendle-borough-council-local-plan-2021,reg-19-publication-local-plan-published,2024-10-25,2026-02-09
peterborough-city-council-local-plan-2016-submit-plan-for-examination,peterborough-city-council-local-plan-2016,submit-plan-for-examination,2018-03-26,2026-02-09
peterborough-city-council-local-plan-2016-reg-19-publication-local-plan-published,peterborough-city-council-local-plan-2016,reg-19-publication-local-plan-published,2018-01-08,2026-02-09
peterborough-city-council-local-plan-2016-planning-inspectorate-found-sound,peterborough-city-council-local-plan-2016,planning-inspectorate-found-sound,2019-04-16,2026-02-09
peterborough-city-council-local-plan-2016-plan-adopted,peterborough-city-council-local-plan-2016,plan-adopted,2019-07-24,2026-02-09
places-for-everyone-joint-development-plan-reg-19-publication-local-plan-published,places-for-everyone-joint-development-plan,reg-19-publication-local-plan-published,2021-08-09,2026-02-09
places-for-everyone-joint-development-plan-plan-adopted,places-for-everyone-joint-development-plan,plan-adopted,2024-03-21,2026-02-09
places-for-everyone-joint-development-plan-planning-inspectorate-found-sound,places-for-everyone-joint-development-plan,planning-inspectorate-found-sound,2024-02-14,2026-02-09
places-for-everyone-joint-development-plan-submit-plan-for-examination,places-for-everyone-joint-development-plan,submit-plan-for-examination,2022-02-14,2026-02-09
planning-for-the-future-core-strategy-and-urban-core-plan-for-gateshead-and-newcastle-upon-tyne-2010-2030-planning-inspectorate-found-sound,planning-for-the-future-core-strategy-and-urban-core-plan-for-gateshead-and-newcastle-upon-tyne-2010-2030,planning-inspectorate-found-sound,2015-02-24,2026-02-09
planning-for-the-future-core-strategy-and-urban-core-plan-for-gateshead-and-newcastle-upon-tyne-2010-2030-submit-plan-for-examination,planning-for-the-future-core-strategy-and-urban-core-plan-for-gateshead-and-newcastle-upon-tyne-2010-2030,submit-plan-for-examination,2014-02-24,2026-02-09
planning-for-the-future-core-strategy-and-urban-core-plan-for-gateshead-and-newcastle-upon-tyne-2010-2030-plan-adopted,planning-for-the-future-core-strategy-and-urban-core-plan-for-gateshead-and-newcastle-upon-tyne-2010-2030,plan-adopted,2015-03-26,2026-02-09
planning-for-the-future-core-strategy-and-urban-core-plan-for-gateshead-and-newcastle-upon-tyne-2010-2030-reg-19-publication-local-plan-published,planning-for-the-future-core-strategy-and-urban-core-plan-for-gateshead-and-newcastle-upon-tyne-2010-2030,reg-19-publication-local-plan-published,2013-09-09,2026-02-09
plymouth-and-south-west-devon-joint-local-plan-2014-2034-plan-adopted,plymouth-and-south-west-devon-joint-local-plan-2014-2034,plan-adopted,2019-03-26,2026-02-09
plymouth-and-south-west-devon-joint-local-plan-2014-2034-planning-inspectorate-found-sound,plymouth-and-south-west-devon-joint-local-plan-2014-2034,planning-inspectorate-found-sound,2019-03-18,2026-02-09
plymouth-and-south-west-devon-joint-local-plan-2014-2034-reg-19-publication-local-plan-published,plymouth-and-south-west-devon-joint-local-plan-2014-2034,reg-19-publication-local-plan-published,2017-03-15,2026-02-09
plymouth-and-south-west-devon-joint-local-plan-2014-2034-submit-plan-for-examination,plymouth-and-south-west-devon-joint-local-plan-2014-2034,submit-plan-for-examination,2017-07-31,2026-02-09
portsmouth-city-council-local-plan-2010-submit-plan-for-examination,portsmouth-city-council-local-plan-2010,submit-plan-for-examination,2011-07-21,2026-02-09
portsmouth-city-council-local-plan-2010-reg-19-publication-local-plan-published,portsmouth-city-council-local-plan-2010,reg-19-publication-local-plan-published,2011-04-04,2026-02-09
portsmouth-city-council-local-plan-2010-planning-inspectorate-found-sound,portsmouth-city-council-local-plan-2010,planning-inspectorate-found-sound,2012-01-10,2026-02-09
portsmouth-city-council-local-plan-2010-plan-adopted,portsmouth-city-council-local-plan-2010,plan-adopted,2012-01-24,2026-02-09
portsmouth-city-council-local-plan-2020-reg-19-publication-local-plan-published,portsmouth-city-council-local-plan-2020,reg-19-publication-local-plan-published,2024-07-09,2026-02-09
purbeck-district-council-local-plan-2018-plan-adopted,purbeck-district-council-local-plan-2018,plan-adopted,2024-07-18,2026-02-09
purbeck-district-council-local-plan-2018-planning-inspectorate-found-sound,purbeck-district-council-local-plan-2018,planning-inspectorate-found-sound,2024-05-07,2026-02-09
purbeck-district-council-local-plan-2018-reg-19-publication-local-plan-published,purbeck-district-council-local-plan-2018,reg-19-publication-local-plan-published,2018-10-22,2026-02-09
purbeck-district-council-local-plan-2018-submit-plan-for-examination,purbeck-district-council-local-plan-2018,submit-plan-for-examination,2019-01-28,2026-02-09
reading-borough-council-local-plan-2019-plan-adopted,reading-borough-council-local-plan-2019,plan-adopted,2019-11-04,2026-02-09
reading-borough-council-local-plan-2019-planning-inspectorate-found-sound,reading-borough-council-local-plan-2019,planning-inspectorate-found-sound,2019-09-24,2026-02-09
reading-borough-council-local-plan-2019-reg-19-publication-local-plan-published,reading-borough-council-local-plan-2019,reg-19-publication-local-plan-published,2017-11-30,2026-02-09
reading-borough-council-local-plan-2019-submit-plan-for-examination,reading-borough-council-local-plan-2019,submit-plan-for-examination,2018-03-29,2026-02-09
reading-borough-council-local-plan-2023-reg-19-publication-local-plan-published,reading-borough-council-local-plan-2023,reg-19-publication-local-plan-published,2024-11-07,2026-02-09
reading-borough-council-local-plan-2023-submit-plan-for-examination,reading-borough-council-local-plan-2023,submit-plan-for-examination,2025-05-09,2026-02-09
redcar-and-cleveland-borough-council-local-plan-reg-19-publication-local-plan-published,redcar-and-cleveland-borough-council-local-plan,reg-19-publication-local-plan-published,2016-12-06,2026-02-09
redcar-and-cleveland-borough-council-local-plan-planning-inspectorate-found-sound,redcar-and-cleveland-borough-council-local-plan,planning-inspectorate-found-sound,2018-03-23,2026-02-09
redcar-and-cleveland-borough-council-local-plan-submit-plan-for-examination,redcar-and-cleveland-borough-council-local-plan,submit-plan-for-examination,2017-04-18,2026-02-09
redcar-and-cleveland-borough-council-local-plan-plan-adopted,redcar-and-cleveland-borough-council-local-plan,plan-adopted,2018-05-24,2026-02-09
redditch-borough-council-local-plan-2011-plan-adopted,redditch-borough-council-local-plan-2011,plan-adopted,2017-01-30,2026-02-09
redditch-borough-council-local-plan-2011-planning-inspectorate-found-sound,redditch-borough-council-local-plan-2011,planning-inspectorate-found-sound,2016-12-16,2026-02-09
redditch-borough-council-local-plan-2011-reg-19-publication-local-plan-published,redditch-borough-council-local-plan-2011,reg-19-publication-local-plan-published,2013-09-30,2026-02-09
redditch-borough-council-local-plan-2011-submit-plan-for-examination,redditch-borough-council-local-plan-2011,submit-plan-for-examination,2014-03-12,2026-02-09
reigate-and-banstead-borough-council-local-plan-2012-submit-plan-for-examination,reigate-and-banstead-borough-council-local-plan-2012,submit-plan-for-examination,2012-05-21,2026-02-09
reigate-and-banstead-borough-council-local-plan-2012-reg-19-publication-local-plan-published,reigate-and-banstead-borough-council-local-plan-2012,reg-19-publication-local-plan-published,2012-03-02,2026-02-09
reigate-and-banstead-borough-council-local-plan-2012-planning-inspectorate-found-sound,reigate-and-banstead-borough-council-local-plan-2012,planning-inspectorate-found-sound,2014-01-31,2026-02-09
reigate-and-banstead-borough-council-local-plan-2012-plan-adopted,reigate-and-banstead-borough-council-local-plan-2012,plan-adopted,2014-07-03,2026-02-09
ribble-valley-borough-council-local-plan-2008-plan-adopted,ribble-valley-borough-council-local-plan-2008,plan-adopted,2014-12-16,2026-02-09
ribble-valley-borough-council-local-plan-2008-planning-inspectorate-found-sound,ribble-valley-borough-council-local-plan-2008,planning-inspectorate-found-sound,2014-11-25,2026-02-09
ribble-valley-borough-council-local-plan-2008-submit-plan-for-examination,ribble-valley-borough-council-local-plan-2008,submit-plan-for-examination,2012-09-28,2026-02-09
ribble-valley-borough-council-local-plan-2008-reg-19-publication-local-plan-published,ribble-valley-borough-council-local-plan-2008,reg-19-publication-local-plan-published,2012-05-03,2026-02-09
ribble-valley-borough-council-local-plan-2038-reg-18-consultation-end,ribble-valley-borough-council-local-plan-2038,reg-18-consultation-end,2022-07-06,2026-02-09
ribble-valley-borough-council-local-plan-2038-reg-18-consultation-start,ribble-valley-borough-council-local-plan-2038,reg-18-consultation-start,2022-05-27,2026-02-09
ribble-valley-borough-council-local-plan-2038-timetable-published,ribble-valley-borough-council-local-plan-2038,timetable-published,2025-11-01,2026-02-09
richmondshire-district-council-local-plan-2012-submit-plan-for-examination,richmondshire-district-council-local-plan-2012,submit-plan-for-examination,2013-02-25,2026-02-09
richmondshire-district-council-local-plan-2012-reg-19-publication-local-plan-published,richmondshire-district-council-local-plan-2012,reg-19-publication-local-plan-published,2012-08-03,2026-02-09
richmondshire-district-council-local-plan-2012-planning-inspectorate-found-sound,richmondshire-district-council-local-plan-2012,planning-inspectorate-found-sound,2014-10-20,2026-02-09
richmondshire-district-council-local-plan-2012-plan-adopted,richmondshire-district-council-local-plan-2012,plan-adopted,2014-12-09,2026-02-09
rochford-district-council-local-plan-2006-reg-19-publication-local-plan-published,rochford-district-council-local-plan-2006,reg-19-publication-local-plan-published,2009-09-21,2026-02-09
rochford-district-council-local-plan-2006-submit-plan-for-examination,rochford-district-council-local-plan-2006,submit-plan-for-examination,2010-01-14,2026-02-09
rochford-district-council-local-plan-2006-plan-adopted,rochford-district-council-local-plan-2006,plan-adopted,2011-12-13,2026-02-09
rochford-district-council-local-plan-2006-planning-inspectorate-found-sound,rochford-district-council-local-plan-2006,planning-inspectorate-found-sound,2011-10-27,2026-02-09
rossendale-borough-council-local-plan-2019-plan-adopted,rossendale-borough-council-local-plan-2019,plan-adopted,2021-12-15,2026-02-09
rossendale-borough-council-local-plan-2019-reg-19-publication-local-plan-published,rossendale-borough-council-local-plan-2019,reg-19-publication-local-plan-published,2018-08-23,2026-02-09
rossendale-borough-council-local-plan-2019-planning-inspectorate-found-sound,rossendale-borough-council-local-plan-2019,planning-inspectorate-found-sound,2021-11-19,2026-02-09
rossendale-borough-council-local-plan-2019-submit-plan-for-examination,rossendale-borough-council-local-plan-2019,submit-plan-for-examination,2019-03-25,2026-02-09
rossendale-borough-council-local-plan-2019-timetable-published,rossendale-borough-council-local-plan-2019,timetable-published,2019-12-01,2026-02-09
rother-district-council-local-plan-2011-planning-inspectorate-found-sound,rother-district-council-local-plan-2011,planning-inspectorate-found-sound,2014-07-10,2026-02-09
rother-district-council-local-plan-2011-plan-adopted,rother-district-council-local-plan-2011,plan-adopted,2014-09-29,2026-02-09
rother-district-council-local-plan-2011-reg-19-publication-local-plan-published,rother-district-council-local-plan-2011,reg-19-publication-local-plan-published,2011-08-19,2026-02-09
rother-district-council-local-plan-2011-submit-plan-for-examination,rother-district-council-local-plan-2011,submit-plan-for-examination,2012-07-12,2026-02-09
rotherham-metropolitan-borough-council-local-plan-2013-plan-adopted,rotherham-metropolitan-borough-council-local-plan-2013,plan-adopted,2014-09-10,2026-02-09
rotherham-metropolitan-borough-council-local-plan-2013-planning-inspectorate-found-sound,rotherham-metropolitan-borough-council-local-plan-2013,planning-inspectorate-found-sound,2014-06-30,2026-02-09
rotherham-metropolitan-borough-council-local-plan-2013-reg-19-publication-local-plan-published,rotherham-metropolitan-borough-council-local-plan-2013,reg-19-publication-local-plan-published,2012-06-25,2026-02-09
rotherham-metropolitan-borough-council-local-plan-2013-submit-plan-for-examination,rotherham-metropolitan-borough-council-local-plan-2013,submit-plan-for-examination,2013-06-06,2026-02-09
royal-borough-of-greenwich-local-plan-2013-reg-19-publication-local-plan-published,royal-borough-of-greenwich-local-plan-2013,reg-19-publication-local-plan-published,2013-02-19,2026-02-09
royal-borough-of-greenwich-local-plan-2013-planning-inspectorate-found-sound,royal-borough-of-greenwich-local-plan-2013,planning-inspectorate-found-sound,2014-05-13,2026-02-09
royal-borough-of-greenwich-local-plan-2013-plan-adopted,royal-borough-of-greenwich-local-plan-2013,plan-adopted,2014-07-30,2026-02-09
royal-borough-of-greenwich-local-plan-2013-submit-plan-for-examination,royal-borough-of-greenwich-local-plan-2013,submit-plan-for-examination,2013-09-09,2026-02-09
royal-borough-of-greenwich-local-plan-2022-reg-18-consultation-start,royal-borough-of-greenwich-local-plan-2022,reg-18-consultation-start,2023-07-11,2026-02-09
royal-borough-of-greenwich-local-plan-2022-timetable-published,royal-borough-of-greenwich-local-plan-2022,timetable-published,2025-12-01,2026-02-09
royal-borough-of-greenwich-local-plan-2022-reg-18-consultation-end,royal-borough-of-greenwich-local-plan-2022,reg-18-consultation-end,2026-02-08,2026-02-09
royal-borough-of-kensington-and-chelsea-local-plan-2024-plan-adopted,royal-borough-of-kensington-and-chelsea-local-plan-2024,plan-adopted,2024-07-24,2026-02-09
royal-borough-of-kensington-and-chelsea-local-plan-2024-submit-plan-for-examination,royal-borough-of-kensington-and-chelsea-local-plan-2024,submit-plan-for-examination,2023-02-08,2026-02-09
royal-borough-of-kensington-and-chelsea-local-plan-2024-reg-19-publication-local-plan-published,royal-borough-of-kensington-and-chelsea-local-plan-2024,reg-19-publication-local-plan-published,2022-10-27,2026-02-09
royal-borough-of-kensington-and-chelsea-local-plan-2024-planning-inspectorate-found-sound,royal-borough-of-kensington-and-chelsea-local-plan-2024,planning-inspectorate-found-sound,2024-07-05,2026-02-09
royal-borough-of-kingston-upon-thames-local-plan-2012-plan-adopted,royal-borough-of-kingston-upon-thames-local-plan-2012,plan-adopted,2012-04-17,2026-02-09
royal-borough-of-kingston-upon-thames-local-plan-2012-reg-19-publication-local-plan-published,royal-borough-of-kingston-upon-thames-local-plan-2012,reg-19-publication-local-plan-published,2011-01-31,2026-02-09
royal-borough-of-kingston-upon-thames-local-plan-2012-submit-plan-for-examination,royal-borough-of-kingston-upon-thames-local-plan-2012,submit-plan-for-examination,2011-05-26,2026-02-09
royal-borough-of-kingston-upon-thames-local-plan-2012-planning-inspectorate-found-sound,royal-borough-of-kingston-upon-thames-local-plan-2012,planning-inspectorate-found-sound,2011-12-08,2026-02-09
royal-borough-of-kingston-upon-thames-local-plan-2019-reg-18-consultation-end,royal-borough-of-kingston-upon-thames-local-plan-2019,reg-18-consultation-end,2023-02-28,2026-02-09
royal-borough-of-kingston-upon-thames-local-plan-2019-reg-18-consultation-start,royal-borough-of-kingston-upon-thames-local-plan-2019,reg-18-consultation-start,2019-05-01,2026-02-09
royal-borough-of-kingston-upon-thames-local-plan-2019-timetable-published,royal-borough-of-kingston-upon-thames-local-plan-2019,timetable-published,2025-02-01,2026-02-09
royal-borough-of-windsor-and-maidenhead-local-plan-2013-plan-adopted,royal-borough-of-windsor-and-maidenhead-local-plan-2013,plan-adopted,2022-02-08,2026-02-09
royal-borough-of-windsor-and-maidenhead-local-plan-2013-planning-inspectorate-found-sound,royal-borough-of-windsor-and-maidenhead-local-plan-2013,planning-inspectorate-found-sound,2022-01-26,2026-02-09
royal-borough-of-windsor-and-maidenhead-local-plan-2013-reg-19-publication-local-plan-published,royal-borough-of-windsor-and-maidenhead-local-plan-2013,reg-19-publication-local-plan-published,2017-06-30,2026-02-09
royal-borough-of-windsor-and-maidenhead-local-plan-2013-submit-plan-for-examination,royal-borough-of-windsor-and-maidenhead-local-plan-2013,submit-plan-for-examination,2018-01-31,2026-02-09
rugby-borough-council-local-plan-2011-planning-inspectorate-found-sound,rugby-borough-council-local-plan-2011,planning-inspectorate-found-sound,2019-03-27,2026-02-09
rugby-borough-council-local-plan-2011-plan-adopted,rugby-borough-council-local-plan-2011,plan-adopted,2019-06-04,2026-02-09
rugby-borough-council-local-plan-2011-reg-19-publication-local-plan-published,rugby-borough-council-local-plan-2011,reg-19-publication-local-plan-published,2016-09-26,2026-02-09
rugby-borough-council-local-plan-2011-submit-plan-for-examination,rugby-borough-council-local-plan-2011,submit-plan-for-examination,2017-07-14,2026-02-09
runnymede-borough-council-local-plan-2015-plan-adopted,runnymede-borough-council-local-plan-2015,plan-adopted,2020-07-16,2026-02-09
runnymede-borough-council-local-plan-2015-reg-19-publication-local-plan-published,runnymede-borough-council-local-plan-2015,reg-19-publication-local-plan-published,2018-05-18,2026-02-09
runnymede-borough-council-local-plan-2015-submit-plan-for-examination,runnymede-borough-council-local-plan-2015,submit-plan-for-examination,2018-07-31,2026-02-09
runnymede-borough-council-local-plan-2015-planning-inspectorate-found-sound,runnymede-borough-council-local-plan-2015,planning-inspectorate-found-sound,2020-05-28,2026-02-09
rushcliffe-borough-council-local-plan-2011-submit-plan-for-examination,rushcliffe-borough-council-local-plan-2011,submit-plan-for-examination,2012-10-31,2026-02-09
rushcliffe-borough-council-local-plan-2011-reg-19-publication-local-plan-published,rushcliffe-borough-council-local-plan-2011,reg-19-publication-local-plan-published,2012-03-23,2026-02-09
rushcliffe-borough-council-local-plan-2011-planning-inspectorate-found-sound,rushcliffe-borough-council-local-plan-2011,planning-inspectorate-found-sound,2014-12-08,2026-02-09
rushcliffe-borough-council-local-plan-2011-plan-adopted,rushcliffe-borough-council-local-plan-2011,plan-adopted,2014-12-22,2026-02-09
rushmoor-borough-council-local-plan-2032-plan-adopted,rushmoor-borough-council-local-plan-2032,plan-adopted,2019-02-21,2026-02-09
rushmoor-borough-council-local-plan-2032-planning-inspectorate-found-sound,rushmoor-borough-council-local-plan-2032,planning-inspectorate-found-sound,2019-01-14,2026-02-09
rushmoor-borough-council-local-plan-2032-reg-19-publication-local-plan-published,rushmoor-borough-council-local-plan-2032,reg-19-publication-local-plan-published,2017-06-09,2026-02-09
rushmoor-borough-council-local-plan-2032-submit-plan-for-examination,rushmoor-borough-council-local-plan-2032,submit-plan-for-examination,2018-02-02,2026-02-09
rutland-county-council-local-plan-2011-plan-adopted,rutland-county-council-local-plan-2011,plan-adopted,2011-07-11,2026-02-09
rutland-county-council-local-plan-2011-planning-inspectorate-found-sound,rutland-county-council-local-plan-2011,planning-inspectorate-found-sound,2011-05-26,2026-02-09
rutland-county-council-local-plan-2011-reg-19-publication-local-plan-published,rutland-county-council-local-plan-2011,reg-19-publication-local-plan-published,2010-08-12,2026-02-09
rutland-county-council-local-plan-2011-submit-plan-for-examination,rutland-county-council-local-plan-2011,submit-plan-for-examination,2010-11-29,2026-02-09
rutland-county-council-local-plan-2021-reg-19-publication-local-plan-published,rutland-county-council-local-plan-2021,reg-19-publication-local-plan-published,2024-10-21,2026-02-09
rutland-county-council-local-plan-2021-submit-plan-for-examination,rutland-county-council-local-plan-2021,submit-plan-for-examination,2025-02-28,2026-02-09
ryedale-district-council-local-plan-2012-planning-inspectorate-found-sound,ryedale-district-council-local-plan-2012,planning-inspectorate-found-sound,2013-08-14,2026-02-09
ryedale-district-council-local-plan-2012-reg-19-publication-local-plan-published,ryedale-district-council-local-plan-2012,reg-19-publication-local-plan-published,2012-01-25,2026-02-09
ryedale-district-council-local-plan-2012-submit-plan-for-examination,ryedale-district-council-local-plan-2012,submit-plan-for-examination,2012-05-21,2026-02-09
ryedale-district-council-local-plan-2012-plan-adopted,ryedale-district-council-local-plan-2012,plan-adopted,2013-09-05,2026-02-09
sandwell-metropolitan-borough-council-local-plan-2024-submit-plan-for-examination,sandwell-metropolitan-borough-council-local-plan-2024,submit-plan-for-examination,2024-12-11,2026-02-09
sandwell-metropolitan-borough-council-local-plan-2024-planning-inspectorate-examination-start,sandwell-metropolitan-borough-council-local-plan-2024,planning-inspectorate-examination-start,2025-07-15,2026-02-09
sandwell-metropolitan-borough-council-local-plan-2024-reg-18-consultation-end,sandwell-metropolitan-borough-council-local-plan-2024,reg-18-consultation-end,2023-12-18,2026-02-09
sandwell-metropolitan-borough-council-local-plan-2024-reg-18-consultation-start,sandwell-metropolitan-borough-council-local-plan-2024,reg-18-consultation-start,2023-02-01,2026-02-09
sandwell-metropolitan-borough-council-local-plan-2024-timetable-published,sandwell-metropolitan-borough-council-local-plan-2024,timetable-published,2024-12-01,2026-02-09
sandwell-metropolitan-borough-council-local-plan-2024-reg-19-publication-local-plan-published,sandwell-metropolitan-borough-council-local-plan-2024,reg-19-publication-local-plan-published,2024-09-23,2026-02-09
scarborough-borough-council-local-plan-2011-reg-19-publication-local-plan-published,scarborough-borough-council-local-plan-2011,reg-19-publication-local-plan-published,2015-11-06,2026-02-09
scarborough-borough-council-local-plan-2011-plan-adopted,scarborough-borough-council-local-plan-2011,plan-adopted,2017-07-03,2026-02-09
scarborough-borough-council-local-plan-2011-planning-inspectorate-found-sound,scarborough-borough-council-local-plan-2011,planning-inspectorate-found-sound,2017-02-09,2026-02-09
scarborough-borough-council-local-plan-2011-submit-plan-for-examination,scarborough-borough-council-local-plan-2011,submit-plan-for-examination,2016-05-09,2026-02-09
sedgemoor-district-council-local-plan-2011-submit-plan-for-examination,sedgemoor-district-council-local-plan-2011,submit-plan-for-examination,2017-08-01,2026-02-09
sedgemoor-district-council-local-plan-2011-reg-19-publication-local-plan-published,sedgemoor-district-council-local-plan-2011,reg-19-publication-local-plan-published,2017-01-30,2026-02-09
sedgemoor-district-council-local-plan-2011-plan-adopted,sedgemoor-district-council-local-plan-2011,plan-adopted,2019-02-20,2026-02-09
sedgemoor-district-council-local-plan-2011-planning-inspectorate-found-sound,sedgemoor-district-council-local-plan-2011,planning-inspectorate-found-sound,2019-01-10,2026-02-09
sefton-metropolitan-borough-council-local-plan-2015-plan-adopted,sefton-metropolitan-borough-council-local-plan-2015,plan-adopted,2017-04-20,2026-02-09
sefton-metropolitan-borough-council-local-plan-2015-planning-inspectorate-found-sound,sefton-metropolitan-borough-council-local-plan-2015,planning-inspectorate-found-sound,2017-03-14,2026-02-09
sefton-metropolitan-borough-council-local-plan-2015-reg-19-publication-local-plan-published,sefton-metropolitan-borough-council-local-plan-2015,reg-19-publication-local-plan-published,2015-01-30,2026-02-09
sefton-metropolitan-borough-council-local-plan-2015-submit-plan-for-examination,sefton-metropolitan-borough-council-local-plan-2015,submit-plan-for-examination,2015-08-03,2026-02-09
selby-district-council-local-plan-2011-submit-plan-for-examination,selby-district-council-local-plan-2011,submit-plan-for-examination,2011-05-05,2026-02-09
selby-district-council-local-plan-2011-reg-19-publication-local-plan-published,selby-district-council-local-plan-2011,reg-19-publication-local-plan-published,2011-01-10,2026-02-09
selby-district-council-local-plan-2011-planning-inspectorate-found-sound,selby-district-council-local-plan-2011,planning-inspectorate-found-sound,2013-06-20,2026-02-09
selby-district-council-local-plan-2011-plan-adopted,selby-district-council-local-plan-2011,plan-adopted,2013-10-22,2026-02-09
sevenoaks-district-council-local-plan-2006-plan-adopted,sevenoaks-district-council-local-plan-2006,plan-adopted,2011-02-22,2026-02-09
sevenoaks-district-council-local-plan-2006-submit-plan-for-examination,sevenoaks-district-council-local-plan-2006,submit-plan-for-examination,2010-06-02,2026-02-09
sevenoaks-district-council-local-plan-2006-reg-19-publication-local-plan-published,sevenoaks-district-council-local-plan-2006,reg-19-publication-local-plan-published,2010-02-11,2026-02-09
sevenoaks-district-council-local-plan-2006-planning-inspectorate-found-sound,sevenoaks-district-council-local-plan-2006,planning-inspectorate-found-sound,2011-01-18,2026-02-09
sheffield-city-council-local-plan-2004-reg-19-publication-local-plan-published,sheffield-city-council-local-plan-2004,reg-19-publication-local-plan-published,2007-09-28,2026-02-09
sheffield-city-council-local-plan-2004-planning-inspectorate-found-sound,sheffield-city-council-local-plan-2004,planning-inspectorate-found-sound,2009-02-10,2026-02-09
sheffield-city-council-local-plan-2004-plan-adopted,sheffield-city-council-local-plan-2004,plan-adopted,2009-03-04,2026-02-09
sheffield-city-council-local-plan-2004-submit-plan-for-examination,sheffield-city-council-local-plan-2004,submit-plan-for-examination,2007-09-28,2026-02-09
sheffield-city-council-local-plan-2022-reg-19-publication-local-plan-published,sheffield-city-council-local-plan-2022,reg-19-publication-local-plan-published,2023-01-09,2026-02-09
sheffield-city-council-local-plan-2022-submit-plan-for-examination,sheffield-city-council-local-plan-2022,submit-plan-for-examination,2023-10-06,2026-02-09
shropshire-council-local-plan-2006-planning-inspectorate-found-sound,shropshire-council-local-plan-2006,planning-inspectorate-found-sound,2011-02-07,2026-02-09
shropshire-council-local-plan-2006-reg-19-publication-local-plan-published,shropshire-council-local-plan-2006,reg-19-publication-local-plan-published,2010-02-15,2026-02-09
shropshire-council-local-plan-2006-submit-plan-for-examination,shropshire-council-local-plan-2006,submit-plan-for-examination,2010-07-30,2026-02-09
shropshire-council-local-plan-2006-plan-adopted,shropshire-council-local-plan-2006,plan-adopted,2011-02-24,2026-02-09
shropshire-council-local-plan-2016-reg-19-publication-local-plan-published,shropshire-council-local-plan-2016,reg-19-publication-local-plan-published,2020-12-18,2026-02-09
shropshire-council-local-plan-2016-submit-plan-for-examination,shropshire-council-local-plan-2016,submit-plan-for-examination,2021-09-03,2026-02-09
slough-borough-council-local-plan-2006-submit-plan-for-examination,slough-borough-council-local-plan-2006,submit-plan-for-examination,2007-11-12,2026-02-09
slough-borough-council-local-plan-2006-reg-19-publication-local-plan-published,slough-borough-council-local-plan-2006,reg-19-publication-local-plan-published,2007-11-12,2026-02-09
slough-borough-council-local-plan-2006-plan-adopted,slough-borough-council-local-plan-2006,plan-adopted,2008-12-16,2026-02-09
slough-borough-council-local-plan-2006-planning-inspectorate-found-sound,slough-borough-council-local-plan-2006,planning-inspectorate-found-sound,2008-08-22,2026-02-09
solihull-metropolitan-borough-council-local-plan-plan-adopted,solihull-metropolitan-borough-council-local-plan,plan-adopted,2013-12-03,2026-02-09
solihull-metropolitan-borough-council-local-plan-planning-inspectorate-found-sound,solihull-metropolitan-borough-council-local-plan,planning-inspectorate-found-sound,2013-11-14,2026-02-09
solihull-metropolitan-borough-council-local-plan-reg-19-publication-local-plan-published,solihull-metropolitan-borough-council-local-plan,reg-19-publication-local-plan-published,2012-01-23,2026-02-09
solihull-metropolitan-borough-council-local-plan-submit-plan-for-examination,solihull-metropolitan-borough-council-local-plan,submit-plan-for-examination,2012-09-14,2026-02-09
solihull-metropolitan-borough-council-local-plan-2020-reg-19-publication-local-plan-published,solihull-metropolitan-borough-council-local-plan-2020,reg-19-publication-local-plan-published,2020-10-30,2026-02-09
solihull-metropolitan-borough-council-local-plan-2020-submit-plan-for-examination,solihull-metropolitan-borough-council-local-plan-2020,submit-plan-for-examination,2021-05-13,2026-02-09
south-bucks-district-council-local-plan-2006-planning-inspectorate-found-sound,south-bucks-district-council-local-plan-2006,planning-inspectorate-found-sound,2011-01-31,2026-02-09
south-bucks-district-council-local-plan-2006-reg-19-publication-local-plan-published,south-bucks-district-council-local-plan-2006,reg-19-publication-local-plan-published,2010-03-31,2026-02-09
south-bucks-district-council-local-plan-2006-plan-adopted,south-bucks-district-council-local-plan-2006,plan-adopted,2011-02-22,2026-02-09
south-bucks-district-council-local-plan-2006-submit-plan-for-examination,south-bucks-district-council-local-plan-2006,submit-plan-for-examination,2010-07-21,2026-02-09
south-cambridgeshire-district-council-local-plan-2011-planning-inspectorate-found-sound,south-cambridgeshire-district-council-local-plan-2011,planning-inspectorate-found-sound,2018-08-29,2026-02-09
south-cambridgeshire-district-council-local-plan-2011-plan-adopted,south-cambridgeshire-district-council-local-plan-2011,plan-adopted,2018-09-27,2026-02-09
south-cambridgeshire-district-council-local-plan-2011-reg-19-publication-local-plan-published,south-cambridgeshire-district-council-local-plan-2011,reg-19-publication-local-plan-published,2013-07-19,2026-02-09
south-cambridgeshire-district-council-local-plan-2011-submit-plan-for-examination,south-cambridgeshire-district-council-local-plan-2011,submit-plan-for-examination,2014-03-28,2026-02-09
south-derbyshire-district-council-local-plan-2011-submit-plan-for-examination,south-derbyshire-district-council-local-plan-2011,submit-plan-for-examination,2014-08-08,2026-02-09
south-derbyshire-district-council-local-plan-2011-reg-19-publication-local-plan-published,south-derbyshire-district-council-local-plan-2011,reg-19-publication-local-plan-published,2014-03-10,2026-02-09
south-derbyshire-district-council-local-plan-2011-planning-inspectorate-found-sound,south-derbyshire-district-council-local-plan-2011,planning-inspectorate-found-sound,2016-05-10,2026-02-09
south-derbyshire-district-council-local-plan-2011-plan-adopted,south-derbyshire-district-council-local-plan-2011,plan-adopted,2016-06-13,2026-02-09
south-downs-national-park-authority-local-plan-2014-plan-adopted,south-downs-national-park-authority-local-plan-2014,plan-adopted,2019-07-02,2026-02-09
south-downs-national-park-authority-local-plan-2014-submit-plan-for-examination,south-downs-national-park-authority-local-plan-2014,submit-plan-for-examination,2018-04-27,2026-02-09
south-downs-national-park-authority-local-plan-2014-planning-inspectorate-found-sound,south-downs-national-park-authority-local-plan-2014,planning-inspectorate-found-sound,2019-06-18,2026-02-09
south-downs-national-park-authority-local-plan-2014-reg-19-publication-local-plan-published,south-downs-national-park-authority-local-plan-2014,reg-19-publication-local-plan-published,2017-09-26,2026-02-09
south-east-lincolnshire-local-plan-2011-2036-reg-19-publication-local-plan-published,south-east-lincolnshire-local-plan-2011-2036,reg-19-publication-local-plan-published,2017-04-10,2026-02-09
south-east-lincolnshire-local-plan-2011-2036-planning-inspectorate-found-sound,south-east-lincolnshire-local-plan-2011-2036,planning-inspectorate-found-sound,2019-01-29,2026-02-09
south-east-lincolnshire-local-plan-2011-2036-plan-adopted,south-east-lincolnshire-local-plan-2011-2036,plan-adopted,2019-03-08,2026-02-09
south-east-lincolnshire-local-plan-2011-2036-submit-plan-for-examination,south-east-lincolnshire-local-plan-2011-2036,submit-plan-for-examination,2017-06-23,2026-02-09
south-gloucestershire-council-local-plan-2006-submit-plan-for-examination,south-gloucestershire-council-local-plan-2006,submit-plan-for-examination,2011-03-31,2026-02-09
south-gloucestershire-council-local-plan-2006-plan-adopted,south-gloucestershire-council-local-plan-2006,plan-adopted,2013-12-11,2026-02-09
south-gloucestershire-council-local-plan-2006-planning-inspectorate-found-sound,south-gloucestershire-council-local-plan-2006,planning-inspectorate-found-sound,2013-11-15,2026-02-09
south-gloucestershire-council-local-plan-2006-reg-19-publication-local-plan-published,south-gloucestershire-council-local-plan-2006,reg-19-publication-local-plan-published,2010-06-01,2026-02-09
south-gloucestershire-council-local-plan-2026-reg-19-publication-local-plan-published,south-gloucestershire-council-local-plan-2026,reg-19-publication-local-plan-published,2025-02-28,2026-02-09
south-gloucestershire-council-local-plan-2026-submit-plan-for-examination,south-gloucestershire-council-local-plan-2026,submit-plan-for-examination,2025-10-24,2026-02-09
south-kesteven-district-council-local-plan-2011-plan-adopted,south-kesteven-district-council-local-plan-2011,plan-adopted,2020-01-30,2026-02-09
south-kesteven-district-council-local-plan-2011-planning-inspectorate-found-sound,south-kesteven-district-council-local-plan-2011,planning-inspectorate-found-sound,2020-01-06,2026-02-09
south-kesteven-district-council-local-plan-2011-reg-19-publication-local-plan-published,south-kesteven-district-council-local-plan-2011,reg-19-publication-local-plan-published,2018-06-11,2026-02-09
south-kesteven-district-council-local-plan-2011-submit-plan-for-examination,south-kesteven-district-council-local-plan-2011,submit-plan-for-examination,2019-01-14,2026-02-09
south-lakeland-district-council-local-plan-2003-submit-plan-for-examination,south-lakeland-district-council-local-plan-2003,submit-plan-for-examination,2009-11-26,2026-02-09
south-lakeland-district-council-local-plan-2003-reg-19-publication-local-plan-published,south-lakeland-district-council-local-plan-2003,reg-19-publication-local-plan-published,2009-08-26,2026-02-09
south-lakeland-district-council-local-plan-2003-planning-inspectorate-found-sound,south-lakeland-district-council-local-plan-2003,planning-inspectorate-found-sound,2010-08-31,2026-02-09
south-lakeland-district-council-local-plan-2003-plan-adopted,south-lakeland-district-council-local-plan-2003,plan-adopted,2010-10-20,2026-02-09
south-oxfordshire-district-council-local-plan-2035-planning-inspectorate-found-sound,south-oxfordshire-district-council-local-plan-2035,planning-inspectorate-found-sound,2020-11-27,2026-02-09
south-oxfordshire-district-council-local-plan-2035-submit-plan-for-examination,south-oxfordshire-district-council-local-plan-2035,submit-plan-for-examination,2019-03-29,2026-02-09
south-oxfordshire-district-council-local-plan-2035-plan-adopted,south-oxfordshire-district-council-local-plan-2035,plan-adopted,2020-12-10,2026-02-09
south-oxfordshire-district-council-local-plan-2035-reg-19-publication-local-plan-published,south-oxfordshire-district-council-local-plan-2035,reg-19-publication-local-plan-published,2019-01-07,2026-02-09
south-oxfordshire-district-council-local-plan-2041-reg-19-publication-local-plan-published,south-oxfordshire-district-council-local-plan-2041,reg-19-publication-local-plan-published,2024-10-01,2026-02-09
south-oxfordshire-district-council-local-plan-2041-reg-18-consultation-start,south-oxfordshire-district-council-local-plan-2041,reg-18-consultation-start,2022-05-12,2026-02-09
south-oxfordshire-district-council-local-plan-2041-reg-18-consultation-end,south-oxfordshire-district-council-local-plan-2041,reg-18-consultation-end,2024-02-26,2026-02-09
south-oxfordshire-district-council-local-plan-2041-submit-plan-for-examination,south-oxfordshire-district-council-local-plan-2041,submit-plan-for-examination,2024-12-09,2026-02-09
south-oxfordshire-district-council-local-plan-2041-timetable-published,south-oxfordshire-district-council-local-plan-2041,timetable-published,2024-08-01,2026-02-09
south-oxfordshire-district-council-local-plan-2041-planning-inspectorate-examination-start,south-oxfordshire-district-council-local-plan-2041,planning-inspectorate-examination-start,2025-06-03,2026-02-09
south-somerset-district-council-local-plan-2006-plan-adopted,south-somerset-district-council-local-plan-2006,plan-adopted,2015-03-05,2026-02-09
south-somerset-district-council-local-plan-2006-planning-inspectorate-found-sound,south-somerset-district-council-local-plan-2006,planning-inspectorate-found-sound,2015-01-08,2026-02-09
south-somerset-district-council-local-plan-2006-reg-19-publication-local-plan-published,south-somerset-district-council-local-plan-2006,reg-19-publication-local-plan-published,2012-06-28,2026-02-09
south-somerset-district-council-local-plan-2006-submit-plan-for-examination,south-somerset-district-council-local-plan-2006,submit-plan-for-examination,2013-01-21,2026-02-09
south-staffordshire-council-local-plan-2006-submit-plan-for-examination,south-staffordshire-council-local-plan-2006,submit-plan-for-examination,2011-09-08,2026-02-09
south-staffordshire-council-local-plan-2006-planning-inspectorate-found-sound,south-staffordshire-council-local-plan-2006,planning-inspectorate-found-sound,2012-10-17,2026-02-09
south-staffordshire-council-local-plan-2006-plan-adopted,south-staffordshire-council-local-plan-2006,plan-adopted,2012-12-11,2026-02-09
south-staffordshire-council-local-plan-2006-reg-19-publication-local-plan-published,south-staffordshire-council-local-plan-2006,reg-19-publication-local-plan-published,2011-03-14,2026-02-09
south-staffordshire-council-local-plan-2023-submit-plan-for-examination,south-staffordshire-council-local-plan-2023,submit-plan-for-examination,2024-12-11,2026-02-09
south-staffordshire-council-local-plan-2023-reg-19-publication-local-plan-published,south-staffordshire-council-local-plan-2023,reg-19-publication-local-plan-published,2024-04-18,2026-02-09
south-tyneside-council-local-plan-2004-plan-adopted,south-tyneside-council-local-plan-2004,plan-adopted,2007-06-28,2026-02-09
south-tyneside-council-local-plan-2004-planning-inspectorate-found-sound,south-tyneside-council-local-plan-2004,planning-inspectorate-found-sound,2007-04-25,2026-02-09
south-tyneside-council-local-plan-2004-reg-19-publication-local-plan-published,south-tyneside-council-local-plan-2004,reg-19-publication-local-plan-published,2006-03-24,2026-02-09
south-tyneside-council-local-plan-2004-submit-plan-for-examination,south-tyneside-council-local-plan-2004,submit-plan-for-examination,2006-03-24,2026-02-09
south-tyneside-council-local-plan-2023-reg-19-publication-local-plan-published,south-tyneside-council-local-plan-2023,reg-19-publication-local-plan-published,2024-01-15,2026-02-09
south-tyneside-council-local-plan-2023-submit-plan-for-examination,south-tyneside-council-local-plan-2023,submit-plan-for-examination,2025-03-11,2026-02-09
south-worcestershire-development-plan-2016-planning-inspectorate-found-sound,south-worcestershire-development-plan-2016,planning-inspectorate-found-sound,2016-02-04,2026-02-09
south-worcestershire-development-plan-2016-reg-19-publication-local-plan-published,south-worcestershire-development-plan-2016,reg-19-publication-local-plan-published,2013-01-11,2026-02-09
south-worcestershire-development-plan-2016-submit-plan-for-examination,south-worcestershire-development-plan-2016,submit-plan-for-examination,2013-05-28,2026-02-09
south-worcestershire-development-plan-2016-plan-adopted,south-worcestershire-development-plan-2016,plan-adopted,2016-02-25,2026-02-09
southampton-city-council-local-plan-2011-submit-plan-for-examination,southampton-city-council-local-plan-2011,submit-plan-for-examination,2013-12-19,2026-02-09
southampton-city-council-local-plan-2011-reg-19-publication-local-plan-published,southampton-city-council-local-plan-2011,reg-19-publication-local-plan-published,2013-09-06,2026-02-09
southampton-city-council-local-plan-2011-planning-inspectorate-found-sound,southampton-city-council-local-plan-2011,planning-inspectorate-found-sound,2014-12-01,2026-02-09
southampton-city-council-local-plan-2011-plan-adopted,southampton-city-council-local-plan-2011,plan-adopted,2015-03-18,2026-02-09
southend-on-sea-borough-council-local-plan-2004-planning-inspectorate-found-sound,southend-on-sea-borough-council-local-plan-2004,planning-inspectorate-found-sound,2007-10-04,2026-02-09
southend-on-sea-borough-council-local-plan-2004-reg-19-publication-local-plan-published,southend-on-sea-borough-council-local-plan-2004,reg-19-publication-local-plan-published,2006-08-31,2026-02-09
southend-on-sea-borough-council-local-plan-2004-submit-plan-for-examination,southend-on-sea-borough-council-local-plan-2004,submit-plan-for-examination,2006-08-31,2026-02-09
southend-on-sea-borough-council-local-plan-2004-plan-adopted,southend-on-sea-borough-council-local-plan-2004,plan-adopted,2007-12-13,2026-02-09
southend-on-sea-borough-council-local-plan-2025-reg-18-consultation-start,southend-on-sea-borough-council-local-plan-2025,reg-18-consultation-start,2019-02-01,2026-02-09
southend-on-sea-borough-council-local-plan-2025-reg-18-consultation-end,southend-on-sea-borough-council-local-plan-2025,reg-18-consultation-end,2025-09-30,2026-02-09
southend-on-sea-borough-council-local-plan-2025-timetable-published,southend-on-sea-borough-council-local-plan-2025,timetable-published,2025-01-01,2026-02-09
spelthorne-borough-council-local-plan-2006-plan-adopted,spelthorne-borough-council-local-plan-2006,plan-adopted,2009-02-26,2026-02-09
spelthorne-borough-council-local-plan-2006-submit-plan-for-examination,spelthorne-borough-council-local-plan-2006,submit-plan-for-examination,2007-06-14,2026-02-09
spelthorne-borough-council-local-plan-2006-planning-inspectorate-found-sound,spelthorne-borough-council-local-plan-2006,planning-inspectorate-found-sound,2008-12-19,2026-02-09
spelthorne-borough-council-local-plan-2006-reg-19-publication-local-plan-published,spelthorne-borough-council-local-plan-2006,reg-19-publication-local-plan-published,2007-06-14,2026-02-09
spelthorne-borough-council-local-plan-2022-reg-19-publication-local-plan-published,spelthorne-borough-council-local-plan-2022,reg-19-publication-local-plan-published,2022-06-15,2026-02-09
spelthorne-borough-council-local-plan-2022-submit-plan-for-examination,spelthorne-borough-council-local-plan-2022,submit-plan-for-examination,2022-11-25,2026-02-09
st-albans-city-and-district-council-local-plan-2025-submit-plan-for-examination,st-albans-city-and-district-council-local-plan-2025,submit-plan-for-examination,2024-11-29,2026-02-09
st-albans-city-and-district-council-local-plan-2025-reg-19-publication-local-plan-published,st-albans-city-and-district-council-local-plan-2025,reg-19-publication-local-plan-published,2024-09-26,2026-02-09
st-helens-council-local-plan-2037-reg-19-publication-local-plan-published,st-helens-council-local-plan-2037,reg-19-publication-local-plan-published,2019-01-17,2026-02-09
st-helens-council-local-plan-2037-submit-plan-for-examination,st-helens-council-local-plan-2037,submit-plan-for-examination,2020-10-29,2026-02-09
st-helens-council-local-plan-2037-plan-adopted,st-helens-council-local-plan-2037,plan-adopted,2022-07-12,2026-02-09
st-helens-council-local-plan-2037-planning-inspectorate-found-sound,st-helens-council-local-plan-2037,planning-inspectorate-found-sound,2022-05-18,2026-02-09
stafford-borough-council-local-plan-2011-plan-adopted,stafford-borough-council-local-plan-2011,plan-adopted,2014-06-19,2026-02-09
stafford-borough-council-local-plan-2011-submit-plan-for-examination,stafford-borough-council-local-plan-2011,submit-plan-for-examination,2013-08-20,2026-02-09
stafford-borough-council-local-plan-2011-planning-inspectorate-found-sound,stafford-borough-council-local-plan-2011,planning-inspectorate-found-sound,2014-06-11,2026-02-09
stafford-borough-council-local-plan-2011-reg-19-publication-local-plan-published,stafford-borough-council-local-plan-2011,reg-19-publication-local-plan-published,2013-01-15,2026-02-09
staffordshire-moorlands-district-council-local-plan-2014-timetable-published,staffordshire-moorlands-district-council-local-plan-2014,timetable-published,2025-02-01,2026-02-09
staffordshire-moorlands-district-council-local-plan-2014-submit-plan-for-examination,staffordshire-moorlands-district-council-local-plan-2014,submit-plan-for-examination,2018-06-29,2026-02-09
staffordshire-moorlands-district-council-local-plan-2014-reg-19-publication-local-plan-published,staffordshire-moorlands-district-council-local-plan-2014,reg-19-publication-local-plan-published,2018-02-27,2026-02-09
staffordshire-moorlands-district-council-local-plan-2014-reg-18-consultation-start,staffordshire-moorlands-district-council-local-plan-2014,reg-18-consultation-start,2025-10-01,2026-02-09
staffordshire-moorlands-district-council-local-plan-2014-planning-inspectorate-found-sound,staffordshire-moorlands-district-council-local-plan-2014,planning-inspectorate-found-sound,2020-06-18,2026-02-09
staffordshire-moorlands-district-council-local-plan-2014-plan-adopted,staffordshire-moorlands-district-council-local-plan-2014,plan-adopted,2020-09-09,2026-02-09
stevenage-borough-council-local-plan-2011-planning-inspectorate-found-sound,stevenage-borough-council-local-plan-2011,planning-inspectorate-found-sound,2017-10-18,2026-02-09
stevenage-borough-council-local-plan-2011-submit-plan-for-examination,stevenage-borough-council-local-plan-2011,submit-plan-for-examination,2016-07-22,2026-02-09
stevenage-borough-council-local-plan-2011-plan-adopted,stevenage-borough-council-local-plan-2011,plan-adopted,2019-05-22,2026-02-09
stevenage-borough-council-local-plan-2011-reg-19-publication-local-plan-published,stevenage-borough-council-local-plan-2011,reg-19-publication-local-plan-published,2016-01-06,2026-02-09
stockport-metropolitan-borough-council-local-plan-2011-planning-inspectorate-found-sound,stockport-metropolitan-borough-council-local-plan-2011,planning-inspectorate-found-sound,2011-02-02,2026-02-09
stockport-metropolitan-borough-council-local-plan-2011-reg-19-publication-local-plan-published,stockport-metropolitan-borough-council-local-plan-2011,reg-19-publication-local-plan-published,2010-06-07,2026-02-09
stockport-metropolitan-borough-council-local-plan-2011-submit-plan-for-examination,stockport-metropolitan-borough-council-local-plan-2011,submit-plan-for-examination,2010-08-20,2026-02-09
stockport-metropolitan-borough-council-local-plan-2011-plan-adopted,stockport-metropolitan-borough-council-local-plan-2011,plan-adopted,2011-03-17,2026-02-09
stockton-on-tees-borough-council-local-plan-2032-submit-plan-for-examination,stockton-on-tees-borough-council-local-plan-2032,submit-plan-for-examination,2017-12-21,2026-02-09
stockton-on-tees-borough-council-local-plan-2032-plan-adopted,stockton-on-tees-borough-council-local-plan-2032,plan-adopted,2019-01-30,2026-02-09
stockton-on-tees-borough-council-local-plan-2032-planning-inspectorate-found-sound,stockton-on-tees-borough-council-local-plan-2032,planning-inspectorate-found-sound,2018-12-17,2026-02-09
stockton-on-tees-borough-council-local-plan-2032-reg-19-publication-local-plan-published,stockton-on-tees-borough-council-local-plan-2032,reg-19-publication-local-plan-published,2017-09-25,2026-02-09
stoke-on-trent-and-newcastle-under-lyme-joint-local-development-framework-core-spatial-strategy-2006-2026-reg-19-publication-local-plan-published,stoke-on-trent-and-newcastle-under-lyme-joint-local-development-framework-core-spatial-strategy-2006-2026,reg-19-publication-local-plan-published,2008-08-29,2026-02-09
stoke-on-trent-and-newcastle-under-lyme-joint-local-development-framework-core-spatial-strategy-2006-2026-planning-inspectorate-found-sound,stoke-on-trent-and-newcastle-under-lyme-joint-local-development-framework-core-spatial-strategy-2006-2026,planning-inspectorate-found-sound,2009-06-23,2026-02-09
stoke-on-trent-and-newcastle-under-lyme-joint-local-development-framework-core-spatial-strategy-2006-2026-plan-adopted,stoke-on-trent-and-newcastle-under-lyme-joint-local-development-framework-core-spatial-strategy-2006-2026,plan-adopted,2009-10-28,2026-02-09
stoke-on-trent-and-newcastle-under-lyme-joint-local-development-framework-core-spatial-strategy-2006-2026-submit-plan-for-examination,stoke-on-trent-and-newcastle-under-lyme-joint-local-development-framework-core-spatial-strategy-2006-2026,submit-plan-for-examination,2008-12-22,2026-02-09
stratford-on-avon-district-council-local-plan-timetable-published,stratford-on-avon-district-council-local-plan,timetable-published,2025-03-01,2026-02-09
stratford-on-avon-district-council-local-plan-reg-18-consultation-start,stratford-on-avon-district-council-local-plan,reg-18-consultation-start,2021-05-10,2026-02-09
stratford-on-avon-district-council-local-plan-reg-18-consultation-end,stratford-on-avon-district-council-local-plan,reg-18-consultation-end,2025-03-07,2026-02-09
stratford-on-avon-district-council-local-plan-2011-reg-19-publication-local-plan-published,stratford-on-avon-district-council-local-plan-2011,reg-19-publication-local-plan-published,2014-06-05,2026-02-09
stratford-on-avon-district-council-local-plan-2011-planning-inspectorate-found-sound,stratford-on-avon-district-council-local-plan-2011,planning-inspectorate-found-sound,2016-06-20,2026-02-09
stratford-on-avon-district-council-local-plan-2011-plan-adopted,stratford-on-avon-district-council-local-plan-2011,plan-adopted,2016-07-11,2026-02-09
stratford-on-avon-district-council-local-plan-2011-submit-plan-for-examination,stratford-on-avon-district-council-local-plan-2011,submit-plan-for-examination,2014-09-30,2026-02-09
stroud-district-council-local-plan-2020-submit-plan-for-examination,stroud-district-council-local-plan-2020,submit-plan-for-examination,2021-10-25,2026-02-09
stroud-district-council-local-plan-2020-reg-19-publication-local-plan-published,stroud-district-council-local-plan-2020,reg-19-publication-local-plan-published,2021-05-26,2026-02-09
stroud-district-council-local-plan-2031-plan-adopted,stroud-district-council-local-plan-2031,plan-adopted,2015-11-19,2026-02-09
stroud-district-council-local-plan-2031-planning-inspectorate-found-sound,stroud-district-council-local-plan-2031,planning-inspectorate-found-sound,2015-11-02,2026-02-09
stroud-district-council-local-plan-2031-reg-19-publication-local-plan-published,stroud-district-council-local-plan-2031,reg-19-publication-local-plan-published,2013-09-04,2026-02-09
stroud-district-council-local-plan-2031-submit-plan-for-examination,stroud-district-council-local-plan-2031,submit-plan-for-examination,2013-12-18,2026-02-09
suffolk-coastal-district-council-local-plan-2018-reg-19-publication-local-plan-published,suffolk-coastal-district-council-local-plan-2018,reg-19-publication-local-plan-published,2019-01-14,2026-02-09
suffolk-coastal-district-council-local-plan-2018-plan-adopted,suffolk-coastal-district-council-local-plan-2018,plan-adopted,2020-09-23,2026-02-09
suffolk-coastal-district-council-local-plan-2018-planning-inspectorate-examination-end,suffolk-coastal-district-council-local-plan-2018,planning-inspectorate-examination-end,2019-09-20,2026-02-09
suffolk-coastal-district-council-local-plan-2018-submit-plan-for-examination,suffolk-coastal-district-council-local-plan-2018,submit-plan-for-examination,2019-03-29,2026-02-09
suffolk-coastal-district-council-local-plan-2018-planning-inspectorate-found-sound,suffolk-coastal-district-council-local-plan-2018,planning-inspectorate-found-sound,2020-09-08,2026-02-09
suffolk-coastal-district-council-local-plan-2018-planning-inspectorate-examination-start,suffolk-coastal-district-council-local-plan-2018,planning-inspectorate-examination-start,2019-08-20,2026-02-09
sunderland-city-council-local-plan-2015-reg-19-publication-local-plan-published,sunderland-city-council-local-plan-2015,reg-19-publication-local-plan-published,2018-06-15,2026-02-09
sunderland-city-council-local-plan-2015-planning-inspectorate-found-sound,sunderland-city-council-local-plan-2015,planning-inspectorate-found-sound,2020-01-07,2026-02-09
sunderland-city-council-local-plan-2015-plan-adopted,sunderland-city-council-local-plan-2015,plan-adopted,2020-01-30,2026-02-09
sunderland-city-council-local-plan-2015-submit-plan-for-examination,sunderland-city-council-local-plan-2015,submit-plan-for-examination,2018-12-21,2026-02-09
surrey-heath-borough-council-local-plan-2011-submit-plan-for-examination,surrey-heath-borough-council-local-plan-2011,submit-plan-for-examination,2010-10-27,2026-02-09
surrey-heath-borough-council-local-plan-2011-planning-inspectorate-found-sound,surrey-heath-borough-council-local-plan-2011,planning-inspectorate-found-sound,2012-01-04,2026-02-09
surrey-heath-borough-council-local-plan-2011-reg-19-publication-local-plan-published,surrey-heath-borough-council-local-plan-2011,reg-19-publication-local-plan-published,2010-08-04,2026-02-09
surrey-heath-borough-council-local-plan-2011-plan-adopted,surrey-heath-borough-council-local-plan-2011,plan-adopted,2012-02-01,2026-02-09
surrey-heath-borough-council-local-plan-2019-reg-19-publication-local-plan-published,surrey-heath-borough-council-local-plan-2019,reg-19-publication-local-plan-published,2024-08-07,2026-02-09
surrey-heath-borough-council-local-plan-2019-submit-plan-for-examination,surrey-heath-borough-council-local-plan-2019,submit-plan-for-examination,2024-12-10,2026-02-09
swale-borough-council-local-plan-2014-planning-inspectorate-found-sound,swale-borough-council-local-plan-2014,planning-inspectorate-found-sound,2017-06-20,2026-02-09
swale-borough-council-local-plan-2014-reg-19-publication-local-plan-published,swale-borough-council-local-plan-2014,reg-19-publication-local-plan-published,2014-12-19,2026-02-09
swale-borough-council-local-plan-2014-submit-plan-for-examination,swale-borough-council-local-plan-2014,submit-plan-for-examination,2015-04-20,2026-02-09
swale-borough-council-local-plan-2014-plan-adopted,swale-borough-council-local-plan-2014,plan-adopted,2017-07-26,2026-02-09
swale-borough-council-local-plan-2022-reg-19-publication-local-plan-published,swale-borough-council-local-plan-2022,reg-19-publication-local-plan-published,2021-02-08,2026-02-09
swindon-borough-council-local-plan-2026-reg-19-publication-local-plan-published,swindon-borough-council-local-plan-2026,reg-19-publication-local-plan-published,2012-12-20,2026-02-09
swindon-borough-council-local-plan-2026-plan-adopted,swindon-borough-council-local-plan-2026,plan-adopted,2015-03-26,2026-02-09
swindon-borough-council-local-plan-2026-submit-plan-for-examination,swindon-borough-council-local-plan-2026,submit-plan-for-examination,2013-06-28,2026-02-09
swindon-borough-council-local-plan-2026-planning-inspectorate-found-sound,swindon-borough-council-local-plan-2026,planning-inspectorate-found-sound,2015-02-05,2026-02-09
tamworth-borough-council-local-plan-2006-submit-plan-for-examination,tamworth-borough-council-local-plan-2006,submit-plan-for-examination,2015-02-05,2026-02-09
tamworth-borough-council-local-plan-2006-reg-19-publication-local-plan-published,tamworth-borough-council-local-plan-2006,reg-19-publication-local-plan-published,2014-10-22,2026-02-09
tamworth-borough-council-local-plan-2006-planning-inspectorate-found-sound,tamworth-borough-council-local-plan-2006,planning-inspectorate-found-sound,2016-02-03,2026-02-09
tamworth-borough-council-local-plan-2006-plan-adopted,tamworth-borough-council-local-plan-2006,plan-adopted,2016-02-23,2026-02-09
tandridge-district-council-local-plan-2006-submit-plan-for-examination,tandridge-district-council-local-plan-2006,submit-plan-for-examination,2008-01-17,2026-02-09
tandridge-district-council-local-plan-2006-planning-inspectorate-found-sound,tandridge-district-council-local-plan-2006,planning-inspectorate-found-sound,2008-09-15,2026-02-09
tandridge-district-council-local-plan-2006-plan-adopted,tandridge-district-council-local-plan-2006,plan-adopted,2008-10-15,2026-02-09
tandridge-district-council-local-plan-2006-reg-19-publication-local-plan-published,tandridge-district-council-local-plan-2006,reg-19-publication-local-plan-published,2007-12-28,2026-02-09
tandridge-district-council-local-plan-2013-reg-19-publication-local-plan-published,tandridge-district-council-local-plan-2013,reg-19-publication-local-plan-published,2018-07-30,2026-02-09
tandridge-district-council-local-plan-2013-submit-plan-for-examination,tandridge-district-council-local-plan-2013,submit-plan-for-examination,2019-01-18,2026-02-09
taunton-deane-borough-council-local-plan-2011-submit-plan-for-examination,taunton-deane-borough-council-local-plan-2011,submit-plan-for-examination,2011-11-14,2026-02-09
taunton-deane-borough-council-local-plan-2011-plan-adopted,taunton-deane-borough-council-local-plan-2011,plan-adopted,2012-09-11,2026-02-09
taunton-deane-borough-council-local-plan-2011-planning-inspectorate-found-sound,taunton-deane-borough-council-local-plan-2011,planning-inspectorate-found-sound,2012-07-03,2026-02-09
taunton-deane-borough-council-local-plan-2011-reg-19-publication-local-plan-published,taunton-deane-borough-council-local-plan-2011,reg-19-publication-local-plan-published,2011-07-15,2026-02-09
teignbridge-district-council-local-plan-2013-plan-adopted,teignbridge-district-council-local-plan-2013,plan-adopted,2014-05-06,2026-02-09
teignbridge-district-council-local-plan-2013-planning-inspectorate-found-sound,teignbridge-district-council-local-plan-2013,planning-inspectorate-found-sound,2014-04-09,2026-02-09
teignbridge-district-council-local-plan-2013-reg-19-publication-local-plan-published,teignbridge-district-council-local-plan-2013,reg-19-publication-local-plan-published,2012-11-07,2026-02-09
teignbridge-district-council-local-plan-2013-submit-plan-for-examination,teignbridge-district-council-local-plan-2013,submit-plan-for-examination,2013-06-20,2026-02-09
teignbridge-district-council-local-plan-2020-reg-19-publication-local-plan-published,teignbridge-district-council-local-plan-2020,reg-19-publication-local-plan-published,2023-01-23,2026-02-09
teignbridge-district-council-local-plan-2020-submit-plan-for-examination,teignbridge-district-council-local-plan-2020,submit-plan-for-examination,2024-03-14,2026-02-09
telford-and-wrekin-council-local-plan-2011-planning-inspectorate-found-sound,telford-and-wrekin-council-local-plan-2011,planning-inspectorate-found-sound,2017-11-06,2026-02-09
telford-and-wrekin-council-local-plan-2011-reg-19-publication-local-plan-published,telford-and-wrekin-council-local-plan-2011,reg-19-publication-local-plan-published,2016-02-01,2026-02-09
telford-and-wrekin-council-local-plan-2011-plan-adopted,telford-and-wrekin-council-local-plan-2011,plan-adopted,2018-01-11,2026-02-09
telford-and-wrekin-council-local-plan-2011-submit-plan-for-examination,telford-and-wrekin-council-local-plan-2011,submit-plan-for-examination,2016-06-30,2026-02-09
telford-and-wrekin-council-local-plan-2020-reg-19-publication-local-plan-published,telford-and-wrekin-council-local-plan-2020,reg-19-publication-local-plan-published,2025-03-25,2026-02-09
telford-and-wrekin-council-local-plan-2020-submit-plan-for-examination,telford-and-wrekin-council-local-plan-2020,submit-plan-for-examination,2025-09-12,2026-02-09
tendring-district-council-local-plan-2013-plan-adopted,tendring-district-council-local-plan-2013,plan-adopted,2021-01-26,2026-02-09
tendring-district-council-local-plan-2013-planning-inspectorate-found-sound,tendring-district-council-local-plan-2013,planning-inspectorate-found-sound,2020-12-10,2026-02-09
tendring-district-council-local-plan-2013-reg-19-publication-local-plan-published,tendring-district-council-local-plan-2013,reg-19-publication-local-plan-published,2017-06-16,2026-02-09
tendring-district-council-local-plan-2013-submit-plan-for-examination,tendring-district-council-local-plan-2013,submit-plan-for-examination,2017-10-09,2026-02-09
tendring-district-local-plan-2013-2033-and-beyond-north-essex-authorities-shared-strategic-section-1-submit-plan-for-examination,tendring-district-local-plan-2013-2033-and-beyond-north-essex-authorities-shared-strategic-section-1,submit-plan-for-examination,2017-10-09,2026-02-09
tendring-district-local-plan-2013-2033-and-beyond-north-essex-authorities-shared-strategic-section-1-reg-19-publication-local-plan-published,tendring-district-local-plan-2013-2033-and-beyond-north-essex-authorities-shared-strategic-section-1,reg-19-publication-local-plan-published,2017-06-16,2026-02-09
tendring-district-local-plan-2013-2033-and-beyond-north-essex-authorities-shared-strategic-section-1-planning-inspectorate-found-sound,tendring-district-local-plan-2013-2033-and-beyond-north-essex-authorities-shared-strategic-section-1,planning-inspectorate-found-sound,2020-12-10,2026-02-09
tendring-district-local-plan-2013-2033-and-beyond-north-essex-authorities-shared-strategic-section-1-plan-adopted,tendring-district-local-plan-2013-2033-and-beyond-north-essex-authorities-shared-strategic-section-1,plan-adopted,2021-02-01,2026-02-09
test-valley-borough-council-local-plan-2011-planning-inspectorate-found-sound,test-valley-borough-council-local-plan-2011,planning-inspectorate-found-sound,2015-12-15,2026-02-09
test-valley-borough-council-local-plan-2011-plan-adopted,test-valley-borough-council-local-plan-2011,plan-adopted,2016-01-27,2026-02-09
test-valley-borough-council-local-plan-2011-submit-plan-for-examination,test-valley-borough-council-local-plan-2011,submit-plan-for-examination,2014-07-31,2026-02-09
test-valley-borough-council-local-plan-2011-reg-19-publication-local-plan-published,test-valley-borough-council-local-plan-2011,reg-19-publication-local-plan-published,2014-01-24,2026-02-09
test-valley-borough-council-local-plan-2025-timetable-published,test-valley-borough-council-local-plan-2025,timetable-published,2025-02-01,2026-02-09
test-valley-borough-council-local-plan-2025-reg-18-consultation-start,test-valley-borough-council-local-plan-2025,reg-18-consultation-start,2018-07-06,2026-02-09
test-valley-borough-council-local-plan-2025-reg-18-consultation-end,test-valley-borough-council-local-plan-2025,reg-18-consultation-end,2024-04-02,2026-02-09
thanet-district-council-local-plan-2011-reg-19-publication-local-plan-published,thanet-district-council-local-plan-2011,reg-19-publication-local-plan-published,2018-08-23,2026-02-09
thanet-district-council-local-plan-2011-planning-inspectorate-found-sound,thanet-district-council-local-plan-2011,planning-inspectorate-found-sound,2020-03-22,2026-02-09
thanet-district-council-local-plan-2011-plan-adopted,thanet-district-council-local-plan-2011,plan-adopted,2020-07-09,2026-02-09
thanet-district-council-local-plan-2011-submit-plan-for-examination,thanet-district-council-local-plan-2011,submit-plan-for-examination,2018-10-31,2026-02-09
the-babergh-and-mid-suffolk-joint-local-plan-reg-19-publication-local-plan-published,the-babergh-and-mid-suffolk-joint-local-plan,reg-19-publication-local-plan-published,2020-11-12,2026-02-09
the-babergh-and-mid-suffolk-joint-local-plan-submit-plan-for-examination,the-babergh-and-mid-suffolk-joint-local-plan,submit-plan-for-examination,2021-03-31,2026-02-09
the-babergh-and-mid-suffolk-joint-local-plan-planning-inspectorate-found-sound,the-babergh-and-mid-suffolk-joint-local-plan,planning-inspectorate-found-sound,2023-09-19,2026-02-09
the-babergh-and-mid-suffolk-joint-local-plan-plan-adopted,the-babergh-and-mid-suffolk-joint-local-plan,plan-adopted,2023-11-21,2026-02-09
three-rivers-district-council-local-plan-2001-submit-plan-for-examination,three-rivers-district-council-local-plan-2001,submit-plan-for-examination,2011-02-23,2026-02-09
three-rivers-district-council-local-plan-2001-plan-adopted,three-rivers-district-council-local-plan-2001,plan-adopted,2011-10-17,2026-02-09
three-rivers-district-council-local-plan-2001-planning-inspectorate-found-sound,three-rivers-district-council-local-plan-2001,planning-inspectorate-found-sound,2011-09-16,2026-02-09
three-rivers-district-council-local-plan-2001-reg-19-publication-local-plan-published,three-rivers-district-council-local-plan-2001,reg-19-publication-local-plan-published,2010-06-11,2026-02-09
three-rivers-district-council-local-plan-2041-reg-18-consultation-end,three-rivers-district-council-local-plan-2041,reg-18-consultation-end,2023-12-10,2026-02-09
three-rivers-district-council-local-plan-2041-reg-18-consultation-start,three-rivers-district-council-local-plan-2041,reg-18-consultation-start,2018-10-26,2026-02-09
three-rivers-district-council-local-plan-2041-timetable-published,three-rivers-district-council-local-plan-2041,timetable-published,2024-12-01,2026-02-09
thurrock-council-local-plan-reg-18-consultation-end,thurrock-council-local-plan,reg-18-consultation-end,2024-02-19,2026-02-09
thurrock-council-local-plan-reg-18-consultation-start,thurrock-council-local-plan,reg-18-consultation-start,2016-02-26,2026-02-09
thurrock-council-local-plan-timetable-published,thurrock-council-local-plan,timetable-published,2025-03-01,2026-02-09
thurrock-council-local-plan-2001-submit-plan-for-examination,thurrock-council-local-plan-2001,submit-plan-for-examination,2010-04-30,2026-02-09
thurrock-council-local-plan-2001-planning-inspectorate-found-sound,thurrock-council-local-plan-2001,planning-inspectorate-found-sound,2011-12-09,2026-02-09
thurrock-council-local-plan-2001-plan-adopted,thurrock-council-local-plan-2001,plan-adopted,2011-12-21,2026-02-09
thurrock-council-local-plan-2001-plan-adopted,thurrock-council-local-plan-2001,plan-adopted,2015-01-28,2026-02-09
thurrock-council-local-plan-2001-submit-plan-for-examination,thurrock-council-local-plan-2001,submit-plan-for-examination,2013-07-31,2026-02-09
thurrock-council-local-plan-2001-reg-19-publication-local-plan-published,thurrock-council-local-plan-2001,reg-19-publication-local-plan-published,2013-05-24,2026-02-09
thurrock-council-local-plan-2001-planning-inspectorate-found-sound,thurrock-council-local-plan-2001,planning-inspectorate-found-sound,2014-10-15,2026-02-09
thurrock-council-local-plan-2001-reg-19-publication-local-plan-published,thurrock-council-local-plan-2001,reg-19-publication-local-plan-published,2010-02-26,2026-02-09
tonbridge-and-malling-borough-council-local-plan-2006-plan-adopted,tonbridge-and-malling-borough-council-local-plan-2006,plan-adopted,2007-09-25,2026-02-09
tonbridge-and-malling-borough-council-local-plan-2006-submit-plan-for-examination,tonbridge-and-malling-borough-council-local-plan-2006,submit-plan-for-examination,2006-08-31,2026-02-09
tonbridge-and-malling-borough-council-local-plan-2006-reg-19-publication-local-plan-published,tonbridge-and-malling-borough-council-local-plan-2006,reg-19-publication-local-plan-published,2006-08-31,2026-02-09
tonbridge-and-malling-borough-council-local-plan-2006-planning-inspectorate-found-sound,tonbridge-and-malling-borough-council-local-plan-2006,planning-inspectorate-found-sound,2007-08-15,2026-02-09
torbay-council-local-plan-2012-plan-adopted,torbay-council-local-plan-2012,plan-adopted,2015-12-10,2026-02-09
torbay-council-local-plan-2012-planning-inspectorate-found-sound,torbay-council-local-plan-2012,planning-inspectorate-found-sound,2015-10-12,2026-02-09
torbay-council-local-plan-2012-reg-19-publication-local-plan-published,torbay-council-local-plan-2012,reg-19-publication-local-plan-published,2014-02-24,2026-02-09
torbay-council-local-plan-2012-submit-plan-for-examination,torbay-council-local-plan-2012,submit-plan-for-examination,2014-07-31,2026-02-09
tunbridge-wells-borough-council-local-plan-2020-submit-plan-for-examination,tunbridge-wells-borough-council-local-plan-2020,submit-plan-for-examination,2021-11-01,2026-02-09
tunbridge-wells-borough-council-local-plan-2020-planning-inspectorate-found-sound,tunbridge-wells-borough-council-local-plan-2020,planning-inspectorate-found-sound,2025-10-14,2026-02-09
tunbridge-wells-borough-council-local-plan-2020-reg-19-publication-local-plan-published,tunbridge-wells-borough-council-local-plan-2020,reg-19-publication-local-plan-published,2021-03-26,2026-02-09
tunbridge-wells-borough-council-local-plan-2020-plan-adopted,tunbridge-wells-borough-council-local-plan-2020,plan-adopted,2025-12-10,2026-02-09
uttlesford-district-council-local-plan-planning-inspectorate-found-sound,uttlesford-district-council-local-plan,planning-inspectorate-found-sound,2026-01-16,2026-02-09
uttlesford-district-council-local-plan-reg-19-publication-local-plan-published,uttlesford-district-council-local-plan,reg-19-publication-local-plan-published,2024-08-08,2026-02-09
uttlesford-district-council-local-plan-submit-plan-for-examination,uttlesford-district-council-local-plan,submit-plan-for-examination,2024-12-18,2026-02-09
vale-of-white-horse-district-council-local-plan-2011-reg-19-publication-local-plan-published,vale-of-white-horse-district-council-local-plan-2011,reg-19-publication-local-plan-published,2014-11-07,2026-02-09
vale-of-white-horse-district-council-local-plan-2011-planning-inspectorate-found-sound,vale-of-white-horse-district-council-local-plan-2011,planning-inspectorate-found-sound,2016-11-30,2026-02-09
vale-of-white-horse-district-council-local-plan-2011-submit-plan-for-examination,vale-of-white-horse-district-council-local-plan-2011,submit-plan-for-examination,2015-03-18,2026-02-09
vale-of-white-horse-district-council-local-plan-2011-plan-adopted,vale-of-white-horse-district-council-local-plan-2011,plan-adopted,2016-12-14,2026-02-09
wakefield-metropolitan-district-council-local-plan-2024-plan-adopted,wakefield-metropolitan-district-council-local-plan-2024,plan-adopted,2024-01-24,2026-02-09
wakefield-metropolitan-district-council-local-plan-2024-planning-inspectorate-found-sound,wakefield-metropolitan-district-council-local-plan-2024,planning-inspectorate-found-sound,2023-11-06,2026-02-09
wakefield-metropolitan-district-council-local-plan-2024-reg-19-publication-local-plan-published,wakefield-metropolitan-district-council-local-plan-2024,reg-19-publication-local-plan-published,2020-10-29,2026-02-09
wakefield-metropolitan-district-council-local-plan-2024-submit-plan-for-examination,wakefield-metropolitan-district-council-local-plan-2024,submit-plan-for-examination,2021-05-04,2026-02-09
warrington-borough-council-local-plan-2021-submit-plan-for-examination,warrington-borough-council-local-plan-2021,submit-plan-for-examination,2022-04-22,2026-02-09
warrington-borough-council-local-plan-2021-reg-19-publication-local-plan-published,warrington-borough-council-local-plan-2021,reg-19-publication-local-plan-published,2019-04-15,2026-02-09
warrington-borough-council-local-plan-2021-plan-adopted,warrington-borough-council-local-plan-2021,plan-adopted,2023-12-04,2026-02-09
warrington-borough-council-local-plan-2021-planning-inspectorate-found-sound,warrington-borough-council-local-plan-2021,planning-inspectorate-found-sound,2023-10-23,2026-02-09
warwick-district-council-local-plan-2011-plan-adopted,warwick-district-council-local-plan-2011,plan-adopted,2017-09-20,2026-02-09
warwick-district-council-local-plan-2011-planning-inspectorate-found-sound,warwick-district-council-local-plan-2011,planning-inspectorate-found-sound,2017-07-28,2026-02-09
warwick-district-council-local-plan-2011-reg-19-publication-local-plan-published,warwick-district-council-local-plan-2011,reg-19-publication-local-plan-published,2014-05-16,2026-02-09
warwick-district-council-local-plan-2011-submit-plan-for-examination,warwick-district-council-local-plan-2011,submit-plan-for-examination,2015-01-30,2026-02-09
watford-borough-council-local-plan-2021-planning-inspectorate-found-sound,watford-borough-council-local-plan-2021,planning-inspectorate-found-sound,2022-09-20,2026-02-09
watford-borough-council-local-plan-2021-plan-adopted,watford-borough-council-local-plan-2021,plan-adopted,2022-10-17,2026-02-09
watford-borough-council-local-plan-2021-reg-19-publication-local-plan-published,watford-borough-council-local-plan-2021,reg-19-publication-local-plan-published,2021-01-18,2026-02-09
watford-borough-council-local-plan-2021-submit-plan-for-examination,watford-borough-council-local-plan-2021,submit-plan-for-examination,2021-08-06,2026-02-09
waveney-district-council-local-plan-2014-submit-plan-for-examination,waveney-district-council-local-plan-2014,submit-plan-for-examination,2018-06-22,2026-02-09
waveney-district-council-local-plan-2014-reg-19-publication-local-plan-published,waveney-district-council-local-plan-2014,reg-19-publication-local-plan-published,2018-03-29,2026-02-09
waveney-district-council-local-plan-2014-planning-inspectorate-found-sound,waveney-district-council-local-plan-2014,planning-inspectorate-found-sound,2019-03-01,2026-02-09
waveney-district-council-local-plan-2014-planning-inspectorate-examination-start,waveney-district-council-local-plan-2014,planning-inspectorate-examination-start,2018-10-09,2026-02-09
waveney-district-council-local-plan-2014-planning-inspectorate-examination-end,waveney-district-council-local-plan-2014,planning-inspectorate-examination-end,2018-10-31,2026-02-09
waveney-district-council-local-plan-2014-plan-adopted,waveney-district-council-local-plan-2014,plan-adopted,2019-03-20,2026-02-09
waverley-borough-council-local-plan-2013-plan-adopted,waverley-borough-council-local-plan-2013,plan-adopted,2018-02-20,2026-02-09
waverley-borough-council-local-plan-2013-planning-inspectorate-found-sound,waverley-borough-council-local-plan-2013,planning-inspectorate-found-sound,2018-02-01,2026-02-09
waverley-borough-council-local-plan-2013-reg-19-publication-local-plan-published,waverley-borough-council-local-plan-2013,reg-19-publication-local-plan-published,2016-08-19,2026-02-09
waverley-borough-council-local-plan-2013-submit-plan-for-examination,waverley-borough-council-local-plan-2013,submit-plan-for-examination,2016-12-21,2026-02-09
wealden-district-council-local-plan-2006-reg-19-publication-local-plan-published,wealden-district-council-local-plan-2006,reg-19-publication-local-plan-published,2011-02-14,2026-02-09
wealden-district-council-local-plan-2006-plan-adopted,wealden-district-council-local-plan-2006,plan-adopted,2013-02-19,2026-02-09
wealden-district-council-local-plan-2006-planning-inspectorate-found-sound,wealden-district-council-local-plan-2006,planning-inspectorate-found-sound,2012-10-30,2026-02-09
wealden-district-council-local-plan-2006-submit-plan-for-examination,wealden-district-council-local-plan-2006,submit-plan-for-examination,2011-08-04,2026-02-09
welwyn-hatfield-borough-council-local-plan-2016-reg-19-publication-local-plan-published,welwyn-hatfield-borough-council-local-plan-2016,reg-19-publication-local-plan-published,2016-08-30,2026-02-09
welwyn-hatfield-borough-council-local-plan-2016-planning-inspectorate-found-sound,welwyn-hatfield-borough-council-local-plan-2016,planning-inspectorate-found-sound,2023-09-25,2026-02-09
welwyn-hatfield-borough-council-local-plan-2016-submit-plan-for-examination,welwyn-hatfield-borough-council-local-plan-2016,submit-plan-for-examination,2017-05-15,2026-02-09
welwyn-hatfield-borough-council-local-plan-2016-plan-adopted,welwyn-hatfield-borough-council-local-plan-2016,plan-adopted,2023-10-12,2026-02-09
west-berkshire-council-local-plan-2023-plan-adopted,west-berkshire-council-local-plan-2023,plan-adopted,2025-06-10,2026-02-09
west-berkshire-council-local-plan-2023-planning-inspectorate-found-sound,west-berkshire-council-local-plan-2023,planning-inspectorate-found-sound,2025-04-08,2026-02-09
west-berkshire-council-local-plan-2023-reg-19-publication-local-plan-published,west-berkshire-council-local-plan-2023,reg-19-publication-local-plan-published,2023-01-20,2026-02-09
west-berkshire-council-local-plan-2023-submit-plan-for-examination,west-berkshire-council-local-plan-2023,submit-plan-for-examination,2023-03-31,2026-02-09
west-dorset-weymouth-and-portland-local-plan-2011-2031-reg-19-publication-local-plan-published,west-dorset-weymouth-and-portland-local-plan-2011-2031,reg-19-publication-local-plan-published,2012-06-01,2026-02-09
west-dorset-weymouth-and-portland-local-plan-2011-2031-planning-inspectorate-found-sound,west-dorset-weymouth-and-portland-local-plan-2011-2031,planning-inspectorate-found-sound,2015-08-14,2026-02-09
west-dorset-weymouth-and-portland-local-plan-2011-2031-submit-plan-for-examination,west-dorset-weymouth-and-portland-local-plan-2011-2031,submit-plan-for-examination,2013-06-24,2026-02-09
west-dorset-weymouth-and-portland-local-plan-2011-2031-plan-adopted,west-dorset-weymouth-and-portland-local-plan-2011-2031,plan-adopted,2015-10-15,2026-02-09
west-lancashire-borough-council-local-plan-2012-planning-inspectorate-found-sound,west-lancashire-borough-council-local-plan-2012,planning-inspectorate-found-sound,2013-09-26,2026-02-09
west-lancashire-borough-council-local-plan-2012-reg-19-publication-local-plan-published,west-lancashire-borough-council-local-plan-2012,reg-19-publication-local-plan-published,2012-08-09,2026-02-09
west-lancashire-borough-council-local-plan-2012-submit-plan-for-examination,west-lancashire-borough-council-local-plan-2012,submit-plan-for-examination,2012-10-30,2026-02-09
west-lancashire-borough-council-local-plan-2012-plan-adopted,west-lancashire-borough-council-local-plan-2012,plan-adopted,2013-10-16,2026-02-09
west-northamptonshire-council-local-plan-2043-reg-18-consultation-end,west-northamptonshire-council-local-plan-2043,reg-18-consultation-end,2024-06-02,2026-02-09
west-northamptonshire-council-local-plan-2043-reg-18-consultation-start,west-northamptonshire-council-local-plan-2043,reg-18-consultation-start,2019-08-05,2026-02-09
west-northamptonshire-council-local-plan-2043-timetable-published,west-northamptonshire-council-local-plan-2043,timetable-published,2025-03-01,2026-02-09
west-northamptonshire-joint-core-strategy-local-plan-part-1-plan-adopted,west-northamptonshire-joint-core-strategy-local-plan-part-1,plan-adopted,2014-12-15,2026-02-09
west-northamptonshire-joint-core-strategy-local-plan-part-1-planning-inspectorate-found-sound,west-northamptonshire-joint-core-strategy-local-plan-part-1,planning-inspectorate-found-sound,2014-10-02,2026-02-09
west-northamptonshire-joint-core-strategy-local-plan-part-1-reg-19-publication-local-plan-published,west-northamptonshire-joint-core-strategy-local-plan-part-1,reg-19-publication-local-plan-published,2011-02-17,2026-02-09
west-northamptonshire-joint-core-strategy-local-plan-part-1-submit-plan-for-examination,west-northamptonshire-joint-core-strategy-local-plan-part-1,submit-plan-for-examination,2012-12-31,2026-02-09
west-oxfordshire-district-council-local-plan-2011-submit-plan-for-examination,west-oxfordshire-district-council-local-plan-2011,submit-plan-for-examination,2015-07-14,2026-02-09
west-oxfordshire-district-council-local-plan-2011-reg-19-publication-local-plan-published,west-oxfordshire-district-council-local-plan-2011,reg-19-publication-local-plan-published,2015-03-27,2026-02-09
west-oxfordshire-district-council-local-plan-2011-plan-adopted,west-oxfordshire-district-council-local-plan-2011,plan-adopted,2018-09-27,2026-02-09
west-oxfordshire-district-council-local-plan-2011-planning-inspectorate-found-sound,west-oxfordshire-district-council-local-plan-2011,planning-inspectorate-found-sound,2018-08-24,2026-02-09
west-somerset-district-council-local-plan-2012-plan-adopted,west-somerset-district-council-local-plan-2012,plan-adopted,2016-11-23,2026-02-09
west-somerset-district-council-local-plan-2012-planning-inspectorate-found-sound,west-somerset-district-council-local-plan-2012,planning-inspectorate-found-sound,2016-09-14,2026-02-09
west-somerset-district-council-local-plan-2012-reg-19-publication-local-plan-published,west-somerset-district-council-local-plan-2012,reg-19-publication-local-plan-published,2015-02-10,2026-02-09
west-somerset-district-council-local-plan-2012-submit-plan-for-examination,west-somerset-district-council-local-plan-2012,submit-plan-for-examination,2015-07-31,2026-02-09
west-suffolk-council-local-plan-2024-plan-adopted,west-suffolk-council-local-plan-2024,plan-adopted,2025-07-15,2026-02-09
west-suffolk-council-local-plan-2024-planning-inspectorate-found-sound,west-suffolk-council-local-plan-2024,planning-inspectorate-found-sound,2025-07-01,2026-02-09
west-suffolk-council-local-plan-2024-reg-19-publication-local-plan-published,west-suffolk-council-local-plan-2024,reg-19-publication-local-plan-published,2024-01-30,2026-02-09
west-suffolk-council-local-plan-2024-submit-plan-for-examination,west-suffolk-council-local-plan-2024,submit-plan-for-examination,2024-05-28,2026-02-09
wiltshire-council-local-plan-2006-plan-adopted,wiltshire-council-local-plan-2006,plan-adopted,2015-01-20,2026-02-09
wiltshire-council-local-plan-2006-reg-19-publication-local-plan-published,wiltshire-council-local-plan-2006,reg-19-publication-local-plan-published,2012-02-20,2026-02-09
wiltshire-council-local-plan-2006-submit-plan-for-examination,wiltshire-council-local-plan-2006,submit-plan-for-examination,2012-07-10,2026-02-09
wiltshire-council-local-plan-2006-planning-inspectorate-found-sound,wiltshire-council-local-plan-2006,planning-inspectorate-found-sound,2014-12-01,2026-02-09
wiltshire-council-local-plan-2020-reg-18-consultation-end,wiltshire-council-local-plan-2020,reg-18-consultation-end,2021-03-09,2026-02-09
wiltshire-council-local-plan-2020-reg-18-consultation-start,wiltshire-council-local-plan-2020,reg-18-consultation-start,2017-11-07,2026-02-09
wiltshire-council-local-plan-2020-reg-19-publication-local-plan-published,wiltshire-council-local-plan-2020,reg-19-publication-local-plan-published,2023-09-27,2026-02-09
wiltshire-council-local-plan-2020-submit-plan-for-examination,wiltshire-council-local-plan-2020,submit-plan-for-examination,2024-11-28,2026-02-09
wiltshire-council-local-plan-2020-timetable-published,wiltshire-council-local-plan-2020,timetable-published,2025-09-01,2026-02-09
winchester-city-council-local-plan-2011-submit-plan-for-examination,winchester-city-council-local-plan-2011,submit-plan-for-examination,2012-06-18,2026-02-09
winchester-city-council-local-plan-2011-planning-inspectorate-found-sound,winchester-city-council-local-plan-2011,planning-inspectorate-found-sound,2013-02-11,2026-02-09
winchester-city-council-local-plan-2011-reg-19-publication-local-plan-published,winchester-city-council-local-plan-2011,reg-19-publication-local-plan-published,2012-01-25,2026-02-09
winchester-city-council-local-plan-2011-plan-adopted,winchester-city-council-local-plan-2011,plan-adopted,2013-03-20,2026-02-09
winchester-city-council-local-plan-2020-reg-19-publication-local-plan-published,winchester-city-council-local-plan-2020,reg-19-publication-local-plan-published,2024-08-28,2026-02-09
winchester-city-council-local-plan-2020-submit-plan-for-examination,winchester-city-council-local-plan-2020,submit-plan-for-examination,2024-11-15,2026-02-09
wirral-metropolitan-borough-council-local-plan-2022-plan-adopted,wirral-metropolitan-borough-council-local-plan-2022,plan-adopted,2025-03-31,2026-02-09
wirral-metropolitan-borough-council-local-plan-2022-planning-inspectorate-found-sound,wirral-metropolitan-borough-council-local-plan-2022,planning-inspectorate-found-sound,2025-03-13,2026-02-09
wirral-metropolitan-borough-council-local-plan-2022-reg-19-publication-local-plan-published,wirral-metropolitan-borough-council-local-plan-2022,reg-19-publication-local-plan-published,2022-05-09,2026-02-09
wirral-metropolitan-borough-council-local-plan-2022-submit-plan-for-examination,wirral-metropolitan-borough-council-local-plan-2022,submit-plan-for-examination,2022-10-26,2026-02-09
woking-borough-council-local-plan-2010-submit-plan-for-examination,woking-borough-council-local-plan-2010,submit-plan-for-examination,2011-12-19,2026-02-09
woking-borough-council-local-plan-2010-reg-19-publication-local-plan-published,woking-borough-council-local-plan-2010,reg-19-publication-local-plan-published,2011-07-25,2026-02-09
woking-borough-council-local-plan-2010-planning-inspectorate-found-sound,woking-borough-council-local-plan-2010,planning-inspectorate-found-sound,2012-07-26,2026-02-09
woking-borough-council-local-plan-2010-plan-adopted,woking-borough-council-local-plan-2010,plan-adopted,2012-10-25,2026-02-09
wokingham-borough-council-local-plan-2006-submit-plan-for-examination,wokingham-borough-council-local-plan-2006,submit-plan-for-examination,2008-08-20,2026-02-09
wokingham-borough-council-local-plan-2006-reg-19-publication-local-plan-published,wokingham-borough-council-local-plan-2006,reg-19-publication-local-plan-published,2008-08-20,2026-02-09
wokingham-borough-council-local-plan-2006-planning-inspectorate-found-sound,wokingham-borough-council-local-plan-2006,planning-inspectorate-found-sound,2009-10-27,2026-02-09
wokingham-borough-council-local-plan-2006-plan-adopted,wokingham-borough-council-local-plan-2006,plan-adopted,2010-01-29,2026-02-09
wokingham-borough-council-local-plan-2023-reg-19-publication-local-plan-published,wokingham-borough-council-local-plan-2023,reg-19-publication-local-plan-published,2024-09-30,2026-02-09
wokingham-borough-council-local-plan-2023-submit-plan-for-examination,wokingham-borough-council-local-plan-2023,submit-plan-for-examination,2025-02-28,2026-02-09
worthing-borough-council-local-plan-2020-plan-adopted,worthing-borough-council-local-plan-2020,plan-adopted,2023-03-28,2026-02-09
worthing-borough-council-local-plan-2020-planning-inspectorate-found-sound,worthing-borough-council-local-plan-2020,planning-inspectorate-found-sound,2022-10-14,2026-02-09
worthing-borough-council-local-plan-2020-reg-19-publication-local-plan-published,worthing-borough-council-local-plan-2020,reg-19-publication-local-plan-published,2021-01-26,2026-02-09
worthing-borough-council-local-plan-2020-submit-plan-for-examination,worthing-borough-council-local-plan-2020,submit-plan-for-examination,2021-06-11,2026-02-09
wycombe-district-council-local-plan-2013-submit-plan-for-examination,wycombe-district-council-local-plan-2013,submit-plan-for-examination,2018-03-28,2026-02-09
wycombe-district-council-local-plan-2013-reg-19-publication-local-plan-published,wycombe-district-council-local-plan-2013,reg-19-publication-local-plan-published,2017-10-16,2026-02-09
wycombe-district-council-local-plan-2013-plan-adopted,wycombe-district-council-local-plan-2013,plan-adopted,2019-08-19,2026-02-09
wycombe-district-council-local-plan-2013-planning-inspectorate-found-sound,wycombe-district-council-local-plan-2013,planning-inspectorate-found-sound,2019-07-10,2026-02-09
wyre-borough-council-local-plan-2011-plan-adopted,wyre-borough-council-local-plan-2011,plan-adopted,2023-01-26,2026-02-09
wyre-borough-council-local-plan-2011-planning-inspectorate-found-sound,wyre-borough-council-local-plan-2011,planning-inspectorate-found-sound,2022-12-20,2026-02-09
wyre-borough-council-local-plan-2011-reg-19-publication-local-plan-published,wyre-borough-council-local-plan-2011,reg-19-publication-local-plan-published,2021-11-30,2026-02-09
wyre-borough-council-local-plan-2011-submit-plan-for-examination,wyre-borough-council-local-plan-2011,submit-plan-for-examination,2022-04-25,2026-02-09
wyre-forest-district-council-local-plan-2016-plan-adopted,wyre-forest-district-council-local-plan-2016,plan-adopted,2022-04-26,2026-02-09
wyre-forest-district-council-local-plan-2016-planning-inspectorate-found-sound,wyre-forest-district-council-local-plan-2016,planning-inspectorate-found-sound,2022-03-11,2026-02-09
wyre-forest-district-council-local-plan-2016-reg-19-publication-local-plan-published,wyre-forest-district-council-local-plan-2016,reg-19-publication-local-plan-published,2018-11-01,2026-02-09
wyre-forest-district-council-local-plan-2016-submit-plan-for-examination,wyre-forest-district-council-local-plan-2016,submit-plan-for-examination,2020-04-30,2026-02-09
yorkshire-dales-national-park-authority-local-plan-2015-plan-adopted,yorkshire-dales-national-park-authority-local-plan-2015,plan-adopted,2016-12-20,2026-02-09
yorkshire-dales-national-park-authority-local-plan-2015-planning-inspectorate-found-sound,yorkshire-dales-national-park-authority-local-plan-2015,planning-inspectorate-found-sound,2016-12-15,2026-02-09
yorkshire-dales-national-park-authority-local-plan-2015-reg-19-publication-local-plan-published,yorkshire-dales-national-park-authority-local-plan-2015,reg-19-publication-local-plan-published,2015-07-28,2026-02-09
yorkshire-dales-national-park-authority-local-plan-2015-submit-plan-for-examination,yorkshire-dales-national-park-authority-local-plan-2015,submit-plan-for-examination,2016-01-28,2026-02-09
yorkshire-dales-national-park-authority-local-plan-2025-reg-19-publication-local-plan-published,yorkshire-dales-national-park-authority-local-plan-2025,reg-19-publication-local-plan-published,2025-03-20,2026-02-09
yorkshire-dales-national-park-authority-local-plan-2025-submit-plan-for-examination,yorkshire-dales-national-park-authority-local-plan-2025,submit-plan-for-examination,2025-08-20,2026-02-09
amber-valley-commenced,,commenced,,2026-02-09
amber-valley-scoping-consultation-start,,scoping-consultation-start,,2026-02-09
amber-valley-scoping-consultation-end,,scoping-consultation-end,,2026-02-09
amber-valley-gateway-1-self-assessment,,gateway-1-self-assessment,,2026-02-09
amber-valley-content-consultation-start,,content-consultation-start,,2026-02-09
amber-valley-content-consultation-end,,content-consultation-end,,2026-02-09
amber-valley-gateway-2-advice-sought,,gateway-2-advice-sought,,2026-02-09
amber-valley-gateway-2-advice-published,,gateway-2-advice-published,,2026-02-09
amber-valley-proposed-plan-consultation-start,,proposed-plan-consultation-start,,2026-02-09
amber-valley-proposed-plan-consultation-end,,proposed-plan-consultation-end,,2026-02-09
amber-valley-gateway-3-advice-sought,,gateway-3-advice-sought,,2026-02-09
amber-valley-gateway-3-advice-published,,gateway-3-advice-published,,2026-02-09
amber-valley-gateway-3-further-advice-sought,,gateway-3-further-advice-sought,,2026-02-09
amber-valley-gateway-3-repeat-advice-published,,gateway-3-repeat-advice-published,,2026-02-09
amber-valley-examination-submitted,,examination-submitted,,2026-02-09
amber-valley-examination-recommendations-published,,examination-recommendations-published,,2026-02-09
amber-valley-main-modification-consultation-start,,main-modification-consultation-start,,2026-02-09
amber-valley-main-modification-consultation-end,,main-modification-consultation-end,,2026-02-09
amber-valley-examination-pause-start,,examination-pause-start,,2026-02-09
amber-valley-examination-pause-end,,examination-pause-end,,2026-02-09
amber-valley-adopted,,adopted,,2026-02-09
amber-valley-additional-consultation-start,,additional-consultation-start,,2026-02-09
amber-valley-additional-consultation-end,,additional-consultation-end,,2026-02-09
amber-valley-annual-monitoring-report-published,,annual-monitoring-report-published,,2026-02-09
amber-valley-plan-evaluation-report-published,,plan-evaluation-report-published,,2026-02-09
bristol-city-commenced,,commenced,,2026-02-09
bristol-city-scoping-consultation-start,,scoping-consultation-start,,2026-02-09
bristol-city-scoping-consultation-end,,scoping-consultation-end,,2026-02-09
bristol-city-gateway-1-self-assessment,,gateway-1-self-assessment,,2026-02-09
bristol-city-content-consultation-start,,content-consultation-start,,2026-02-09
bristol-city-content-consultation-end,,content-consultation-end,,2026-02-09
bristol-city-gateway-2-advice-sought,,gateway-2-advice-sought,,2026-02-09
bristol-city-gateway-2-advice-published,,gateway-2-advice-published,,2026-02-09
bristol-city-proposed-plan-consultation-start,,proposed-plan-consultation-start,,2026-02-09
bristol-city-proposed-plan-consultation-end,,proposed-plan-consultation-end,,2026-02-09
bristol-city-gateway-3-advice-sought,,gateway-3-advice-sought,,2026-02-09
bristol-city-gateway-3-advice-published,,gateway-3-advice-published,,2026-02-09
bristol-city-gateway-3-further-advice-sought,,gateway-3-further-advice-sought,,2026-02-09
bristol-city-gateway-3-repeat-advice-published,,gateway-3-repeat-advice-published,,2026-02-09
bristol-city-examination-submitted,,examination-submitted,,2026-02-09
bristol-city-examination-recommendations-published,,examination-recommendations-published,,2026-02-09
bristol-city-main-modification-consultation-start,,main-modification-consultation-start,,2026-02-09
bristol-city-main-modification-consultation-end,,main-modification-consultation-end,,2026-02-09
bristol-city-examination-pause-start,,examination-pause-start,,2026-02-09
bristol-city-examination-pause-end,,examination-pause-end,,2026-02-09
bristol-city-adopted,,adopted,,2026-02-09
bristol-city-additional-consultation-start,,additional-consultation-start,,2026-02-09
bristol-city-additional-consultation-end,,additional-consultation-end,,2026-02-09
bristol-city-annual-monitoring-report-published,,annual-monitoring-report-published,,2026-02-09
bristol-city-plan-evaluation-report-published,,plan-evaluation-report-published,,2026-02-09
cannock-chase-commenced,,commenced,,2026-02-09
cannock-chase-scoping-consultation-start,,scoping-consultation-start,,2026-02-09
cannock-chase-scoping-consultation-end,,scoping-consultation-end,,2026-02-09
cannock-chase-gateway-1-self-assessment,,gateway-1-self-assessment,,2026-02-09
cannock-chase-content-consultation-start,,content-consultation-start,,2026-02-09
cannock-chase-content-consultation-end,,content-consultation-end,,2026-02-09
cannock-chase-gateway-2-advice-sought,,gateway-2-advice-sought,,2026-02-09
cannock-chase-gateway-2-advice-published,,gateway-2-advice-published,,2026-02-09
cannock-chase-proposed-plan-consultation-start,,proposed-plan-consultation-start,,2026-02-09
cannock-chase-proposed-plan-consultation-end,,proposed-plan-consultation-end,,2026-02-09
cannock-chase-gateway-3-advice-sought,,gateway-3-advice-sought,,2026-02-09
cannock-chase-gateway-3-advice-published,,gateway-3-advice-published,,2026-02-09
cannock-chase-gateway-3-further-advice-sought,,gateway-3-further-advice-sought,,2026-02-09
cannock-chase-gateway-3-repeat-advice-published,,gateway-3-repeat-advice-published,,2026-02-09
cannock-chase-examination-submitted,,examination-submitted,,2026-02-09
cannock-chase-examination-recommendations-published,,examination-recommendations-published,,2026-02-09
cannock-chase-main-modification-consultation-start,,main-modification-consultation-start,,2026-02-09
cannock-chase-main-modification-consultation-end,,main-modification-consultation-end,,2026-02-09
cannock-chase-examination-pause-start,,examination-pause-start,,2026-02-09
cannock-chase-examination-pause-end,,examination-pause-end,,2026-02-09
cannock-chase-adopted,,adopted,,2026-02-09
cannock-chase-additional-consultation-start,,additional-consultation-start,,2026-02-09
cannock-chase-additional-consultation-end,,additional-consultation-end,,2026-02-09
cannock-chase-annual-monitoring-report-published,,annual-monitoring-report-published,,2026-02-09
cannock-chase-plan-evaluation-report-published,,plan-evaluation-report-published,,2026-02-09
chichester-commenced,,commenced,,2026-02-09
chichester-scoping-consultation-start,,scoping-consultation-start,,2026-02-09
chichester-scoping-consultation-end,,scoping-consultation-end,,2026-02-09
chichester-gateway-1-self-assessment,,gateway-1-self-assessment,,2026-02-09
chichester-content-consultation-start,,content-consultation-start,,2026-02-09
chichester-content-consultation-end,,content-consultation-end,,2026-02-09
chichester-gateway-2-advice-sought,,gateway-2-advice-sought,,2026-02-09
chichester-gateway-2-advice-published,,gateway-2-advice-published,,2026-02-09
chichester-proposed-plan-consultation-start,,proposed-plan-consultation-start,,2026-02-09
chichester-proposed-plan-consultation-end,,proposed-plan-consultation-end,,2026-02-09
chichester-gateway-3-advice-sought,,gateway-3-advice-sought,,2026-02-09
chichester-gateway-3-advice-published,,gateway-3-advice-published,,2026-02-09
chichester-gateway-3-further-advice-sought,,gateway-3-further-advice-sought,,2026-02-09
chichester-gateway-3-repeat-advice-published,,gateway-3-repeat-advice-published,,2026-02-09
chichester-examination-submitted,,examination-submitted,,2026-02-09
chichester-examination-recommendations-published,,examination-recommendations-published,,2026-02-09
chichester-main-modification-consultation-start,,main-modification-consultation-start,,2026-02-09
chichester-main-modification-consultation-end,,main-modification-consultation-end,,2026-02-09
chichester-examination-pause-start,,examination-pause-start,,2026-02-09
chichester-examination-pause-end,,examination-pause-end,,2026-02-09
chichester-adopted,,adopted,,2026-02-09
chichester-additional-consultation-start,,additional-consultation-start,,2026-02-09
chichester-additional-consultation-end,,additional-consultation-end,,2026-02-09
chichester-annual-monitoring-report-published,,annual-monitoring-report-published,,2026-02-09
chichester-plan-evaluation-report-published,,plan-evaluation-report-published,,2026-02-09
chorley-commenced,,commenced,,2026-02-09
chorley-scoping-consultation-start,,scoping-consultation-start,,2026-02-09
chorley-scoping-consultation-end,,scoping-consultation-end,,2026-02-09
chorley-gateway-1-self-assessment,,gateway-1-self-assessment,,2026-02-09
chorley-content-consultation-start,,content-consultation-start,,2026-02-09
chorley-content-consultation-end,,content-consultation-end,,2026-02-09
chorley-gateway-2-advice-sought,,gateway-2-advice-sought,,2026-02-09
chorley-gateway-2-advice-published,,gateway-2-advice-published,,2026-02-09
chorley-proposed-plan-consultation-start,,proposed-plan-consultation-start,,2026-02-09
chorley-proposed-plan-consultation-end,,proposed-plan-consultation-end,,2026-02-09
chorley-gateway-3-advice-sought,,gateway-3-advice-sought,,2026-02-09
chorley-gateway-3-advice-published,,gateway-3-advice-published,,2026-02-09
chorley-gateway-3-further-advice-sought,,gateway-3-further-advice-sought,,2026-02-09
chorley-gateway-3-repeat-advice-published,,gateway-3-repeat-advice-published,,2026-02-09
chorley-examination-submitted,,examination-submitted,,2026-02-09
chorley-examination-recommendations-published,,examination-recommendations-published,,2026-02-09
chorley-main-modification-consultation-start,,main-modification-consultation-start,,2026-02-09
chorley-main-modification-consultation-end,,main-modification-consultation-end,,2026-02-09
chorley-examination-pause-start,,examination-pause-start,,2026-02-09
chorley-examination-pause-end,,examination-pause-end,,2026-02-09
chorley-adopted,,adopted,,2026-02-09
chorley-additional-consultation-start,,additional-consultation-start,,2026-02-09
chorley-additional-consultation-end,,additional-consultation-end,,2026-02-09
chorley-annual-monitoring-report-published,,annual-monitoring-report-published,,2026-02-09
chorley-plan-evaluation-report-published,,plan-evaluation-report-published,,2026-02-09
dacorum-commenced,,commenced,,2026-02-09
dacorum-scoping-consultation-start,,scoping-consultation-start,,2026-02-09
dacorum-scoping-consultation-end,,scoping-consultation-end,,2026-02-09
dacorum-gateway-1-self-assessment,,gateway-1-self-assessment,,2026-02-09
dacorum-content-consultation-start,,content-consultation-start,,2026-02-09
dacorum-content-consultation-end,,content-consultation-end,,2026-02-09
dacorum-gateway-2-advice-sought,,gateway-2-advice-sought,,2026-02-09
dacorum-gateway-2-advice-published,,gateway-2-advice-published,,2026-02-09
dacorum-proposed-plan-consultation-start,,proposed-plan-consultation-start,,2026-02-09
dacorum-proposed-plan-consultation-end,,proposed-plan-consultation-end,,2026-02-09
dacorum-gateway-3-advice-sought,,gateway-3-advice-sought,,2026-02-09
dacorum-gateway-3-advice-published,,gateway-3-advice-published,,2026-02-09
dacorum-gateway-3-further-advice-sought,,gateway-3-further-advice-sought,,2026-02-09
dacorum-gateway-3-repeat-advice-published,,gateway-3-repeat-advice-published,,2026-02-09
dacorum-examination-submitted,,examination-submitted,,2026-02-09
dacorum-examination-recommendations-published,,examination-recommendations-published,,2026-02-09
dacorum-main-modification-consultation-start,,main-modification-consultation-start,,2026-02-09
dacorum-main-modification-consultation-end,,main-modification-consultation-end,,2026-02-09
dacorum-examination-pause-start,,examination-pause-start,,2026-02-09
dacorum-examination-pause-end,,examination-pause-end,,2026-02-09
dacorum-adopted,,adopted,,2026-02-09
dacorum-additional-consultation-start,,additional-consultation-start,,2026-02-09
dacorum-additional-consultation-end,,additional-consultation-end,,2026-02-09
dacorum-annual-monitoring-report-published,,annual-monitoring-report-published,,2026-02-09
dacorum-plan-evaluation-report-published,,plan-evaluation-report-published,,2026-02-09
dudley-commenced,,commenced,,2026-02-09
dudley-scoping-consultation-start,,scoping-consultation-start,,2026-02-09
dudley-scoping-consultation-end,,scoping-consultation-end,,2026-02-09
dudley-gateway-1-self-assessment,,gateway-1-self-assessment,,2026-02-09
dudley-content-consultation-start,,content-consultation-start,,2026-02-09
dudley-content-consultation-end,,content-consultation-end,,2026-02-09
dudley-gateway-2-advice-sought,,gateway-2-advice-sought,,2026-02-09
dudley-gateway-2-advice-published,,gateway-2-advice-published,,2026-02-09
dudley-proposed-plan-consultation-start,,proposed-plan-consultation-start,,2026-02-09
dudley-proposed-plan-consultation-end,,proposed-plan-consultation-end,,2026-02-09
dudley-gateway-3-advice-sought,,gateway-3-advice-sought,,2026-02-09
dudley-gateway-3-advice-published,,gateway-3-advice-published,,2026-02-09
dudley-gateway-3-further-advice-sought,,gateway-3-further-advice-sought,,2026-02-09
dudley-gateway-3-repeat-advice-published,,gateway-3-repeat-advice-published,,2026-02-09
dudley-examination-submitted,,examination-submitted,,2026-02-09
dudley-examination-recommendations-published,,examination-recommendations-published,,2026-02-09
dudley-main-modification-consultation-start,,main-modification-consultation-start,,2026-02-09
dudley-main-modification-consultation-end,,main-modification-consultation-end,,2026-02-09
dudley-examination-pause-start,,examination-pause-start,,2026-02-09
dudley-examination-pause-end,,examination-pause-end,,2026-02-09
dudley-adopted,,adopted,,2026-02-09
dudley-additional-consultation-start,,additional-consultation-start,,2026-02-09
dudley-additional-consultation-end,,additional-consultation-end,,2026-02-09
dudley-annual-monitoring-report-published,,annual-monitoring-report-published,,2026-02-09
dudley-plan-evaluation-report-published,,plan-evaluation-report-published,,2026-02-09
east-riding-of-yorkshire-commenced,,commenced,,2026-02-09
east-riding-of-yorkshire-scoping-consultation-start,,scoping-consultation-start,,2026-02-09
east-riding-of-yorkshire-scoping-consultation-end,,scoping-consultation-end,,2026-02-09
east-riding-of-yorkshire-gateway-1-self-assessment,,gateway-1-self-assessment,,2026-02-09
east-riding-of-yorkshire-content-consultation-start,,content-consultation-start,,2026-02-09
east-riding-of-yorkshire-content-consultation-end,,content-consultation-end,,2026-02-09
east-riding-of-yorkshire-gateway-2-advice-sought,,gateway-2-advice-sought,,2026-02-09
east-riding-of-yorkshire-gateway-2-advice-published,,gateway-2-advice-published,,2026-02-09
east-riding-of-yorkshire-proposed-plan-consultation-start,,proposed-plan-consultation-start,,2026-02-09
east-riding-of-yorkshire-proposed-plan-consultation-end,,proposed-plan-consultation-end,,2026-02-09
east-riding-of-yorkshire-gateway-3-advice-sought,,gateway-3-advice-sought,,2026-02-09
east-riding-of-yorkshire-gateway-3-advice-published,,gateway-3-advice-published,,2026-02-09
east-riding-of-yorkshire-gateway-3-further-advice-sought,,gateway-3-further-advice-sought,,2026-02-09
east-riding-of-yorkshire-gateway-3-repeat-advice-published,,gateway-3-repeat-advice-published,,2026-02-09
east-riding-of-yorkshire-examination-submitted,,examination-submitted,,2026-02-09
east-riding-of-yorkshire-examination-recommendations-published,,examination-recommendations-published,,2026-02-09
east-riding-of-yorkshire-main-modification-consultation-start,,main-modification-consultation-start,,2026-02-09
east-riding-of-yorkshire-main-modification-consultation-end,,main-modification-consultation-end,,2026-02-09
east-riding-of-yorkshire-examination-pause-start,,examination-pause-start,,2026-02-09
east-riding-of-yorkshire-examination-pause-end,,examination-pause-end,,2026-02-09
east-riding-of-yorkshire-adopted,,adopted,,2026-02-09
east-riding-of-yorkshire-additional-consultation-start,,additional-consultation-start,,2026-02-09
east-riding-of-yorkshire-additional-consultation-end,,additional-consultation-end,,2026-02-09
east-riding-of-yorkshire-annual-monitoring-report-published,,annual-monitoring-report-published,,2026-02-09
east-riding-of-yorkshire-plan-evaluation-report-published,,plan-evaluation-report-published,,2026-02-09
epsom-and-ewell-commenced,,commenced,,2026-02-09
epsom-and-ewell-scoping-consultation-start,,scoping-consultation-start,,2026-02-09
epsom-and-ewell-scoping-consultation-end,,scoping-consultation-end,,2026-02-09
epsom-and-ewell-gateway-1-self-assessment,,gateway-1-self-assessment,,2026-02-09
epsom-and-ewell-content-consultation-start,,content-consultation-start,,2026-02-09
epsom-and-ewell-content-consultation-end,,content-consultation-end,,2026-02-09
epsom-and-ewell-gateway-2-advice-sought,,gateway-2-advice-sought,,2026-02-09
epsom-and-ewell-gateway-2-advice-published,,gateway-2-advice-published,,2026-02-09
epsom-and-ewell-proposed-plan-consultation-start,,proposed-plan-consultation-start,,2026-02-09
epsom-and-ewell-proposed-plan-consultation-end,,proposed-plan-consultation-end,,2026-02-09
epsom-and-ewell-gateway-3-advice-sought,,gateway-3-advice-sought,,2026-02-09
epsom-and-ewell-gateway-3-advice-published,,gateway-3-advice-published,,2026-02-09
epsom-and-ewell-gateway-3-further-advice-sought,,gateway-3-further-advice-sought,,2026-02-09
epsom-and-ewell-gateway-3-repeat-advice-published,,gateway-3-repeat-advice-published,,2026-02-09
epsom-and-ewell-examination-submitted,,examination-submitted,,2026-02-09
epsom-and-ewell-examination-recommendations-published,,examination-recommendations-published,,2026-02-09
epsom-and-ewell-main-modification-consultation-start,,main-modification-consultation-start,,2026-02-09
epsom-and-ewell-main-modification-consultation-end,,main-modification-consultation-end,,2026-02-09
epsom-and-ewell-examination-pause-start,,examination-pause-start,,2026-02-09
epsom-and-ewell-examination-pause-end,,examination-pause-end,,2026-02-09
epsom-and-ewell-adopted,,adopted,,2026-02-09
epsom-and-ewell-additional-consultation-start,,additional-consultation-start,,2026-02-09
epsom-and-ewell-additional-consultation-end,,additional-consultation-end,,2026-02-09
epsom-and-ewell-annual-monitoring-report-published,,annual-monitoring-report-published,,2026-02-09
epsom-and-ewell-plan-evaluation-report-published,,plan-evaluation-report-published,,2026-02-09
erewash-commenced,,commenced,,2026-02-09
erewash-scoping-consultation-start,,scoping-consultation-start,,2026-02-09
erewash-scoping-consultation-end,,scoping-consultation-end,,2026-02-09
erewash-gateway-1-self-assessment,,gateway-1-self-assessment,,2026-02-09
erewash-content-consultation-start,,content-consultation-start,,2026-02-09
erewash-content-consultation-end,,content-consultation-end,,2026-02-09
erewash-gateway-2-advice-sought,,gateway-2-advice-sought,,2026-02-09
erewash-gateway-2-advice-published,,gateway-2-advice-published,,2026-02-09
erewash-proposed-plan-consultation-start,,proposed-plan-consultation-start,,2026-02-09
erewash-proposed-plan-consultation-end,,proposed-plan-consultation-end,,2026-02-09
erewash-gateway-3-advice-sought,,gateway-3-advice-sought,,2026-02-09
erewash-gateway-3-advice-published,,gateway-3-advice-published,,2026-02-09
erewash-gateway-3-further-advice-sought,,gateway-3-further-advice-sought,,2026-02-09
erewash-gateway-3-repeat-advice-published,,gateway-3-repeat-advice-published,,2026-02-09
erewash-examination-submitted,,examination-submitted,,2026-02-09
erewash-examination-recommendations-published,,examination-recommendations-published,,2026-02-09
erewash-main-modification-consultation-start,,main-modification-consultation-start,,2026-02-09
erewash-main-modification-consultation-end,,main-modification-consultation-end,,2026-02-09
erewash-examination-pause-start,,examination-pause-start,,2026-02-09
erewash-examination-pause-end,,examination-pause-end,,2026-02-09
erewash-adopted,,adopted,,2026-02-09
erewash-additional-consultation-start,,additional-consultation-start,,2026-02-09
erewash-additional-consultation-end,,additional-consultation-end,,2026-02-09
erewash-annual-monitoring-report-published,,annual-monitoring-report-published,,2026-02-09
erewash-plan-evaluation-report-published,,plan-evaluation-report-published,,2026-02-09
great-yarmouth-commenced,,commenced,,2026-02-09
great-yarmouth-scoping-consultation-start,,scoping-consultation-start,,2026-02-09
great-yarmouth-scoping-consultation-end,,scoping-consultation-end,,2026-02-09
great-yarmouth-gateway-1-self-assessment,,gateway-1-self-assessment,,2026-02-09
great-yarmouth-content-consultation-start,,content-consultation-start,,2026-02-09
great-yarmouth-content-consultation-end,,content-consultation-end,,2026-02-09
great-yarmouth-gateway-2-advice-sought,,gateway-2-advice-sought,,2026-02-09
great-yarmouth-gateway-2-advice-published,,gateway-2-advice-published,,2026-02-09
great-yarmouth-proposed-plan-consultation-start,,proposed-plan-consultation-start,,2026-02-09
great-yarmouth-proposed-plan-consultation-end,,proposed-plan-consultation-end,,2026-02-09
great-yarmouth-gateway-3-advice-sought,,gateway-3-advice-sought,,2026-02-09
great-yarmouth-gateway-3-advice-published,,gateway-3-advice-published,,2026-02-09
great-yarmouth-gateway-3-further-advice-sought,,gateway-3-further-advice-sought,,2026-02-09
great-yarmouth-gateway-3-repeat-advice-published,,gateway-3-repeat-advice-published,,2026-02-09
great-yarmouth-examination-submitted,,examination-submitted,,2026-02-09
great-yarmouth-examination-recommendations-published,,examination-recommendations-published,,2026-02-09
great-yarmouth-main-modification-consultation-start,,main-modification-consultation-start,,2026-02-09
great-yarmouth-main-modification-consultation-end,,main-modification-consultation-end,,2026-02-09
great-yarmouth-examination-pause-start,,examination-pause-start,,2026-02-09
great-yarmouth-examination-pause-end,,examination-pause-end,,2026-02-09
great-yarmouth-adopted,,adopted,,2026-02-09
great-yarmouth-additional-consultation-start,,additional-consultation-start,,2026-02-09
great-yarmouth-additional-consultation-end,,additional-consultation-end,,2026-02-09
great-yarmouth-annual-monitoring-report-published,,annual-monitoring-report-published,,2026-02-09
great-yarmouth-plan-evaluation-report-published,,plan-evaluation-report-published,,2026-02-09
horsham-commenced,,commenced,,2026-02-09
horsham-scoping-consultation-start,,scoping-consultation-start,,2026-02-09
horsham-scoping-consultation-end,,scoping-consultation-end,,2026-02-09
horsham-gateway-1-self-assessment,,gateway-1-self-assessment,,2026-02-09
horsham-content-consultation-start,,content-consultation-start,,2026-02-09
horsham-content-consultation-end,,content-consultation-end,,2026-02-09
horsham-gateway-2-advice-sought,,gateway-2-advice-sought,,2026-02-09
horsham-gateway-2-advice-published,,gateway-2-advice-published,,2026-02-09
horsham-proposed-plan-consultation-start,,proposed-plan-consultation-start,,2026-02-09
horsham-proposed-plan-consultation-end,,proposed-plan-consultation-end,,2026-02-09
horsham-gateway-3-advice-sought,,gateway-3-advice-sought,,2026-02-09
horsham-gateway-3-advice-published,,gateway-3-advice-published,,2026-02-09
horsham-gateway-3-further-advice-sought,,gateway-3-further-advice-sought,,2026-02-09
horsham-gateway-3-repeat-advice-published,,gateway-3-repeat-advice-published,,2026-02-09
horsham-examination-submitted,,examination-submitted,,2026-02-09
horsham-examination-recommendations-published,,examination-recommendations-published,,2026-02-09
horsham-main-modification-consultation-start,,main-modification-consultation-start,,2026-02-09
horsham-main-modification-consultation-end,,main-modification-consultation-end,,2026-02-09
horsham-examination-pause-start,,examination-pause-start,,2026-02-09
horsham-examination-pause-end,,examination-pause-end,,2026-02-09
horsham-adopted,,adopted,,2026-02-09
horsham-additional-consultation-start,,additional-consultation-start,,2026-02-09
horsham-additional-consultation-end,,additional-consultation-end,,2026-02-09
horsham-annual-monitoring-report-published,,annual-monitoring-report-published,,2026-02-09
horsham-plan-evaluation-report-published,,plan-evaluation-report-published,,2026-02-09
hyndburn-commenced,,commenced,,2026-02-09
hyndburn-scoping-consultation-start,,scoping-consultation-start,,2026-02-09
hyndburn-scoping-consultation-end,,scoping-consultation-end,,2026-02-09
hyndburn-gateway-1-self-assessment,,gateway-1-self-assessment,,2026-02-09
hyndburn-content-consultation-start,,content-consultation-start,,2026-02-09
hyndburn-content-consultation-end,,content-consultation-end,,2026-02-09
hyndburn-gateway-2-advice-sought,,gateway-2-advice-sought,,2026-02-09
hyndburn-gateway-2-advice-published,,gateway-2-advice-published,,2026-02-09
hyndburn-proposed-plan-consultation-start,,proposed-plan-consultation-start,,2026-02-09
hyndburn-proposed-plan-consultation-end,,proposed-plan-consultation-end,,2026-02-09
hyndburn-gateway-3-advice-sought,,gateway-3-advice-sought,,2026-02-09
hyndburn-gateway-3-advice-published,,gateway-3-advice-published,,2026-02-09
hyndburn-gateway-3-further-advice-sought,,gateway-3-further-advice-sought,,2026-02-09
hyndburn-gateway-3-repeat-advice-published,,gateway-3-repeat-advice-published,,2026-02-09
hyndburn-examination-submitted,,examination-submitted,,2026-02-09
hyndburn-examination-recommendations-published,,examination-recommendations-published,,2026-02-09
hyndburn-main-modification-consultation-start,,main-modification-consultation-start,,2026-02-09
hyndburn-main-modification-consultation-end,,main-modification-consultation-end,,2026-02-09
hyndburn-examination-pause-start,,examination-pause-start,,2026-02-09
hyndburn-examination-pause-end,,examination-pause-end,,2026-02-09
hyndburn-adopted,,adopted,,2026-02-09
hyndburn-additional-consultation-start,,additional-consultation-start,,2026-02-09
hyndburn-additional-consultation-end,,additional-consultation-end,,2026-02-09
hyndburn-annual-monitoring-report-published,,annual-monitoring-report-published,,2026-02-09
hyndburn-plan-evaluation-report-published,,plan-evaluation-report-published,,2026-02-09
isle-of-wight-commenced,,commenced,,2026-02-09
isle-of-wight-scoping-consultation-start,,scoping-consultation-start,,2026-02-09
isle-of-wight-scoping-consultation-end,,scoping-consultation-end,,2026-02-09
isle-of-wight-gateway-1-self-assessment,,gateway-1-self-assessment,,2026-02-09
isle-of-wight-content-consultation-start,,content-consultation-start,,2026-02-09
isle-of-wight-content-consultation-end,,content-consultation-end,,2026-02-09
isle-of-wight-gateway-2-advice-sought,,gateway-2-advice-sought,,2026-02-09
isle-of-wight-gateway-2-advice-published,,gateway-2-advice-published,,2026-02-09
isle-of-wight-proposed-plan-consultation-start,,proposed-plan-consultation-start,,2026-02-09
isle-of-wight-proposed-plan-consultation-end,,proposed-plan-consultation-end,,2026-02-09
isle-of-wight-gateway-3-advice-sought,,gateway-3-advice-sought,,2026-02-09
isle-of-wight-gateway-3-advice-published,,gateway-3-advice-published,,2026-02-09
isle-of-wight-gateway-3-further-advice-sought,,gateway-3-further-advice-sought,,2026-02-09
isle-of-wight-gateway-3-repeat-advice-published,,gateway-3-repeat-advice-published,,2026-02-09
isle-of-wight-examination-submitted,,examination-submitted,,2026-02-09
isle-of-wight-examination-recommendations-published,,examination-recommendations-published,,2026-02-09
isle-of-wight-main-modification-consultation-start,,main-modification-consultation-start,,2026-02-09
isle-of-wight-main-modification-consultation-end,,main-modification-consultation-end,,2026-02-09
isle-of-wight-examination-pause-start,,examination-pause-start,,2026-02-09
isle-of-wight-examination-pause-end,,examination-pause-end,,2026-02-09
isle-of-wight-adopted,,adopted,,2026-02-09
isle-of-wight-additional-consultation-start,,additional-consultation-start,,2026-02-09
isle-of-wight-additional-consultation-end,,additional-consultation-end,,2026-02-09
isle-of-wight-annual-monitoring-report-published,,annual-monitoring-report-published,,2026-02-09
isle-of-wight-plan-evaluation-report-published,,plan-evaluation-report-published,,2026-02-09
kings-lynn-and-west-norfolk-commenced,,commenced,,2026-02-09
kings-lynn-and-west-norfolk-scoping-consultation-start,,scoping-consultation-start,,2026-02-09
kings-lynn-and-west-norfolk-scoping-consultation-end,,scoping-consultation-end,,2026-02-09
kings-lynn-and-west-norfolk-gateway-1-self-assessment,,gateway-1-self-assessment,,2026-02-09
kings-lynn-and-west-norfolk-content-consultation-start,,content-consultation-start,,2026-02-09
kings-lynn-and-west-norfolk-content-consultation-end,,content-consultation-end,,2026-02-09
kings-lynn-and-west-norfolk-gateway-2-advice-sought,,gateway-2-advice-sought,,2026-02-09
kings-lynn-and-west-norfolk-gateway-2-advice-published,,gateway-2-advice-published,,2026-02-09
kings-lynn-and-west-norfolk-proposed-plan-consultation-start,,proposed-plan-consultation-start,,2026-02-09
kings-lynn-and-west-norfolk-proposed-plan-consultation-end,,proposed-plan-consultation-end,,2026-02-09
kings-lynn-and-west-norfolk-gateway-3-advice-sought,,gateway-3-advice-sought,,2026-02-09
kings-lynn-and-west-norfolk-gateway-3-advice-published,,gateway-3-advice-published,,2026-02-09
kings-lynn-and-west-norfolk-gateway-3-further-advice-sought,,gateway-3-further-advice-sought,,2026-02-09
kings-lynn-and-west-norfolk-gateway-3-repeat-advice-published,,gateway-3-repeat-advice-published,,2026-02-09
kings-lynn-and-west-norfolk-examination-submitted,,examination-submitted,,2026-02-09
kings-lynn-and-west-norfolk-examination-recommendations-published,,examination-recommendations-published,,2026-02-09
kings-lynn-and-west-norfolk-main-modification-consultation-start,,main-modification-consultation-start,,2026-02-09
kings-lynn-and-west-norfolk-main-modification-consultation-end,,main-modification-consultation-end,,2026-02-09
kings-lynn-and-west-norfolk-examination-pause-start,,examination-pause-start,,2026-02-09
kings-lynn-and-west-norfolk-examination-pause-end,,examination-pause-end,,2026-02-09
kings-lynn-and-west-norfolk-adopted,,adopted,,2026-02-09
kings-lynn-and-west-norfolk-additional-consultation-start,,additional-consultation-start,,2026-02-09
kings-lynn-and-west-norfolk-additional-consultation-end,,additional-consultation-end,,2026-02-09
kings-lynn-and-west-norfolk-annual-monitoring-report-published,,annual-monitoring-report-published,,2026-02-09
kings-lynn-and-west-norfolk-plan-evaluation-report-published,,plan-evaluation-report-published,,2026-02-09
malvern-hills-commenced,,commenced,,2026-02-09
malvern-hills-scoping-consultation-start,,scoping-consultation-start,,2026-02-09
malvern-hills-scoping-consultation-end,,scoping-consultation-end,,2026-02-09
malvern-hills-gateway-1-self-assessment,,gateway-1-self-assessment,,2026-02-09
malvern-hills-content-consultation-start,,content-consultation-start,,2026-02-09
malvern-hills-content-consultation-end,,content-consultation-end,,2026-02-09
malvern-hills-gateway-2-advice-sought,,gateway-2-advice-sought,,2026-02-09
malvern-hills-gateway-2-advice-published,,gateway-2-advice-published,,2026-02-09
malvern-hills-proposed-plan-consultation-start,,proposed-plan-consultation-start,,2026-02-09
malvern-hills-proposed-plan-consultation-end,,proposed-plan-consultation-end,,2026-02-09
malvern-hills-gateway-3-advice-sought,,gateway-3-advice-sought,,2026-02-09
malvern-hills-gateway-3-advice-published,,gateway-3-advice-published,,2026-02-09
malvern-hills-gateway-3-further-advice-sought,,gateway-3-further-advice-sought,,2026-02-09
malvern-hills-gateway-3-repeat-advice-published,,gateway-3-repeat-advice-published,,2026-02-09
malvern-hills-examination-submitted,,examination-submitted,,2026-02-09
malvern-hills-examination-recommendations-published,,examination-recommendations-published,,2026-02-09
malvern-hills-main-modification-consultation-start,,main-modification-consultation-start,,2026-02-09
malvern-hills-main-modification-consultation-end,,main-modification-consultation-end,,2026-02-09
malvern-hills-examination-pause-start,,examination-pause-start,,2026-02-09
malvern-hills-examination-pause-end,,examination-pause-end,,2026-02-09
malvern-hills-adopted,,adopted,,2026-02-09
malvern-hills-additional-consultation-start,,additional-consultation-start,,2026-02-09
malvern-hills-additional-consultation-end,,additional-consultation-end,,2026-02-09
malvern-hills-annual-monitoring-report-published,,annual-monitoring-report-published,,2026-02-09
malvern-hills-plan-evaluation-report-published,,plan-evaluation-report-published,,2026-02-09
newcastle-under-lyme-commenced,,commenced,,2026-02-09
newcastle-under-lyme-scoping-consultation-start,,scoping-consultation-start,,2026-02-09
newcastle-under-lyme-scoping-consultation-end,,scoping-consultation-end,,2026-02-09
newcastle-under-lyme-gateway-1-self-assessment,,gateway-1-self-assessment,,2026-02-09
newcastle-under-lyme-content-consultation-start,,content-consultation-start,,2026-02-09
newcastle-under-lyme-content-consultation-end,,content-consultation-end,,2026-02-09
newcastle-under-lyme-gateway-2-advice-sought,,gateway-2-advice-sought,,2026-02-09
newcastle-under-lyme-gateway-2-advice-published,,gateway-2-advice-published,,2026-02-09
newcastle-under-lyme-proposed-plan-consultation-start,,proposed-plan-consultation-start,,2026-02-09
newcastle-under-lyme-proposed-plan-consultation-end,,proposed-plan-consultation-end,,2026-02-09
newcastle-under-lyme-gateway-3-advice-sought,,gateway-3-advice-sought,,2026-02-09
newcastle-under-lyme-gateway-3-advice-published,,gateway-3-advice-published,,2026-02-09
newcastle-under-lyme-gateway-3-further-advice-sought,,gateway-3-further-advice-sought,,2026-02-09
newcastle-under-lyme-gateway-3-repeat-advice-published,,gateway-3-repeat-advice-published,,2026-02-09
newcastle-under-lyme-examination-submitted,,examination-submitted,,2026-02-09
newcastle-under-lyme-examination-recommendations-published,,examination-recommendations-published,,2026-02-09
newcastle-under-lyme-main-modification-consultation-start,,main-modification-consultation-start,,2026-02-09
newcastle-under-lyme-main-modification-consultation-end,,main-modification-consultation-end,,2026-02-09
newcastle-under-lyme-examination-pause-start,,examination-pause-start,,2026-02-09
newcastle-under-lyme-examination-pause-end,,examination-pause-end,,2026-02-09
newcastle-under-lyme-adopted,,adopted,,2026-02-09
newcastle-under-lyme-additional-consultation-start,,additional-consultation-start,,2026-02-09
newcastle-under-lyme-additional-consultation-end,,additional-consultation-end,,2026-02-09
newcastle-under-lyme-annual-monitoring-report-published,,annual-monitoring-report-published,,2026-02-09
newcastle-under-lyme-plan-evaluation-report-published,,plan-evaluation-report-published,,2026-02-09
north-norfolk-commenced,,commenced,,2026-02-09
north-norfolk-scoping-consultation-start,,scoping-consultation-start,,2026-02-09
north-norfolk-scoping-consultation-end,,scoping-consultation-end,,2026-02-09
north-norfolk-gateway-1-self-assessment,,gateway-1-self-assessment,,2026-02-09
north-norfolk-content-consultation-start,,content-consultation-start,,2026-02-09
north-norfolk-content-consultation-end,,content-consultation-end,,2026-02-09
north-norfolk-gateway-2-advice-sought,,gateway-2-advice-sought,,2026-02-09
north-norfolk-gateway-2-advice-published,,gateway-2-advice-published,,2026-02-09
north-norfolk-proposed-plan-consultation-start,,proposed-plan-consultation-start,,2026-02-09
north-norfolk-proposed-plan-consultation-end,,proposed-plan-consultation-end,,2026-02-09
north-norfolk-gateway-3-advice-sought,,gateway-3-advice-sought,,2026-02-09
north-norfolk-gateway-3-advice-published,,gateway-3-advice-published,,2026-02-09
north-norfolk-gateway-3-further-advice-sought,,gateway-3-further-advice-sought,,2026-02-09
north-norfolk-gateway-3-repeat-advice-published,,gateway-3-repeat-advice-published,,2026-02-09
north-norfolk-examination-submitted,,examination-submitted,,2026-02-09
north-norfolk-examination-recommendations-published,,examination-recommendations-published,,2026-02-09
north-norfolk-main-modification-consultation-start,,main-modification-consultation-start,,2026-02-09
north-norfolk-main-modification-consultation-end,,main-modification-consultation-end,,2026-02-09
north-norfolk-examination-pause-start,,examination-pause-start,,2026-02-09
north-norfolk-examination-pause-end,,examination-pause-end,,2026-02-09
north-norfolk-adopted,,adopted,,2026-02-09
north-norfolk-additional-consultation-start,,additional-consultation-start,,2026-02-09
north-norfolk-additional-consultation-end,,additional-consultation-end,,2026-02-09
north-norfolk-annual-monitoring-report-published,,annual-monitoring-report-published,,2026-02-09
north-norfolk-plan-evaluation-report-published,,plan-evaluation-report-published,,2026-02-09
nuneaton-and-bedworth-commenced,,commenced,,2026-02-09
nuneaton-and-bedworth-scoping-consultation-start,,scoping-consultation-start,,2026-02-09
nuneaton-and-bedworth-scoping-consultation-end,,scoping-consultation-end,,2026-02-09
nuneaton-and-bedworth-gateway-1-self-assessment,,gateway-1-self-assessment,,2026-02-09
nuneaton-and-bedworth-content-consultation-start,,content-consultation-start,,2026-02-09
nuneaton-and-bedworth-content-consultation-end,,content-consultation-end,,2026-02-09
nuneaton-and-bedworth-gateway-2-advice-sought,,gateway-2-advice-sought,,2026-02-09
nuneaton-and-bedworth-gateway-2-advice-published,,gateway-2-advice-published,,2026-02-09
nuneaton-and-bedworth-proposed-plan-consultation-start,,proposed-plan-consultation-start,,2026-02-09
nuneaton-and-bedworth-proposed-plan-consultation-end,,proposed-plan-consultation-end,,2026-02-09
nuneaton-and-bedworth-gateway-3-advice-sought,,gateway-3-advice-sought,,2026-02-09
nuneaton-and-bedworth-gateway-3-advice-published,,gateway-3-advice-published,,2026-02-09
nuneaton-and-bedworth-gateway-3-further-advice-sought,,gateway-3-further-advice-sought,,2026-02-09
nuneaton-and-bedworth-gateway-3-repeat-advice-published,,gateway-3-repeat-advice-published,,2026-02-09
nuneaton-and-bedworth-examination-submitted,,examination-submitted,,2026-02-09
nuneaton-and-bedworth-examination-recommendations-published,,examination-recommendations-published,,2026-02-09
nuneaton-and-bedworth-main-modification-consultation-start,,main-modification-consultation-start,,2026-02-09
nuneaton-and-bedworth-main-modification-consultation-end,,main-modification-consultation-end,,2026-02-09
nuneaton-and-bedworth-examination-pause-start,,examination-pause-start,,2026-02-09
nuneaton-and-bedworth-examination-pause-end,,examination-pause-end,,2026-02-09
nuneaton-and-bedworth-adopted,,adopted,,2026-02-09
nuneaton-and-bedworth-additional-consultation-start,,additional-consultation-start,,2026-02-09
nuneaton-and-bedworth-additional-consultation-end,,additional-consultation-end,,2026-02-09
nuneaton-and-bedworth-annual-monitoring-report-published,,annual-monitoring-report-published,,2026-02-09
nuneaton-and-bedworth-plan-evaluation-report-published,,plan-evaluation-report-published,,2026-02-09
pendle-commenced,,commenced,,2026-02-09
pendle-scoping-consultation-start,,scoping-consultation-start,,2026-02-09
pendle-scoping-consultation-end,,scoping-consultation-end,,2026-02-09
pendle-gateway-1-self-assessment,,gateway-1-self-assessment,,2026-02-09
pendle-content-consultation-start,,content-consultation-start,,2026-02-09
pendle-content-consultation-end,,content-consultation-end,,2026-02-09
pendle-gateway-2-advice-sought,,gateway-2-advice-sought,,2026-02-09
pendle-gateway-2-advice-published,,gateway-2-advice-published,,2026-02-09
pendle-proposed-plan-consultation-start,,proposed-plan-consultation-start,,2026-02-09
pendle-proposed-plan-consultation-end,,proposed-plan-consultation-end,,2026-02-09
pendle-gateway-3-advice-sought,,gateway-3-advice-sought,,2026-02-09
pendle-gateway-3-advice-published,,gateway-3-advice-published,,2026-02-09
pendle-gateway-3-further-advice-sought,,gateway-3-further-advice-sought,,2026-02-09
pendle-gateway-3-repeat-advice-published,,gateway-3-repeat-advice-published,,2026-02-09
pendle-examination-submitted,,examination-submitted,,2026-02-09
pendle-examination-recommendations-published,,examination-recommendations-published,,2026-02-09
pendle-main-modification-consultation-start,,main-modification-consultation-start,,2026-02-09
pendle-main-modification-consultation-end,,main-modification-consultation-end,,2026-02-09
pendle-examination-pause-start,,examination-pause-start,,2026-02-09
pendle-examination-pause-end,,examination-pause-end,,2026-02-09
pendle-adopted,,adopted,,2026-02-09
pendle-additional-consultation-start,,additional-consultation-start,,2026-02-09
pendle-additional-consultation-end,,additional-consultation-end,,2026-02-09
pendle-annual-monitoring-report-published,,annual-monitoring-report-published,,2026-02-09
pendle-plan-evaluation-report-published,,plan-evaluation-report-published,,2026-02-09
rutland-commenced,,commenced,,2026-02-09
rutland-scoping-consultation-start,,scoping-consultation-start,,2026-02-09
rutland-scoping-consultation-end,,scoping-consultation-end,,2026-02-09
rutland-gateway-1-self-assessment,,gateway-1-self-assessment,,2026-02-09
rutland-content-consultation-start,,content-consultation-start,,2026-02-09
rutland-content-consultation-end,,content-consultation-end,,2026-02-09
rutland-gateway-2-advice-sought,,gateway-2-advice-sought,,2026-02-09
rutland-gateway-2-advice-published,,gateway-2-advice-published,,2026-02-09
rutland-proposed-plan-consultation-start,,proposed-plan-consultation-start,,2026-02-09
rutland-proposed-plan-consultation-end,,proposed-plan-consultation-end,,2026-02-09
rutland-gateway-3-advice-sought,,gateway-3-advice-sought,,2026-02-09
rutland-gateway-3-advice-published,,gateway-3-advice-published,,2026-02-09
rutland-gateway-3-further-advice-sought,,gateway-3-further-advice-sought,,2026-02-09
rutland-gateway-3-repeat-advice-published,,gateway-3-repeat-advice-published,,2026-02-09
rutland-examination-submitted,,examination-submitted,,2026-02-09
rutland-examination-recommendations-published,,examination-recommendations-published,,2026-02-09
rutland-main-modification-consultation-start,,main-modification-consultation-start,,2026-02-09
rutland-main-modification-consultation-end,,main-modification-consultation-end,,2026-02-09
rutland-examination-pause-start,,examination-pause-start,,2026-02-09
rutland-examination-pause-end,,examination-pause-end,,2026-02-09
rutland-adopted,,adopted,,2026-02-09
rutland-additional-consultation-start,,additional-consultation-start,,2026-02-09
rutland-additional-consultation-end,,additional-consultation-end,,2026-02-09
rutland-annual-monitoring-report-published,,annual-monitoring-report-published,,2026-02-09
rutland-plan-evaluation-report-published,,plan-evaluation-report-published,,2026-02-09
sandwell-commenced,,commenced,,2026-02-09
sandwell-scoping-consultation-start,,scoping-consultation-start,,2026-02-09
sandwell-scoping-consultation-end,,scoping-consultation-end,,2026-02-09
sandwell-gateway-1-self-assessment,,gateway-1-self-assessment,,2026-02-09
sandwell-content-consultation-start,,content-consultation-start,,2026-02-09
sandwell-content-consultation-end,,content-consultation-end,,2026-02-09
sandwell-gateway-2-advice-sought,,gateway-2-advice-sought,,2026-02-09
sandwell-gateway-2-advice-published,,gateway-2-advice-published,,2026-02-09
sandwell-proposed-plan-consultation-start,,proposed-plan-consultation-start,,2026-02-09
sandwell-proposed-plan-consultation-end,,proposed-plan-consultation-end,,2026-02-09
sandwell-gateway-3-advice-sought,,gateway-3-advice-sought,,2026-02-09
sandwell-gateway-3-advice-published,,gateway-3-advice-published,,2026-02-09
sandwell-gateway-3-further-advice-sought,,gateway-3-further-advice-sought,,2026-02-09
sandwell-gateway-3-repeat-advice-published,,gateway-3-repeat-advice-published,,2026-02-09
sandwell-examination-submitted,,examination-submitted,,2026-02-09
sandwell-examination-recommendations-published,,examination-recommendations-published,,2026-02-09
sandwell-main-modification-consultation-start,,main-modification-consultation-start,,2026-02-09
sandwell-main-modification-consultation-end,,main-modification-consultation-end,,2026-02-09
sandwell-examination-pause-start,,examination-pause-start,,2026-02-09
sandwell-examination-pause-end,,examination-pause-end,,2026-02-09
sandwell-adopted,,adopted,,2026-02-09
sandwell-additional-consultation-start,,additional-consultation-start,,2026-02-09
sandwell-additional-consultation-end,,additional-consultation-end,,2026-02-09
sandwell-annual-monitoring-report-published,,annual-monitoring-report-published,,2026-02-09
sandwell-plan-evaluation-report-published,,plan-evaluation-report-published,,2026-02-09
south-oxfordshire-commenced,,commenced,,2026-02-09
south-oxfordshire-scoping-consultation-start,,scoping-consultation-start,,2026-02-09
south-oxfordshire-scoping-consultation-end,,scoping-consultation-end,,2026-02-09
south-oxfordshire-gateway-1-self-assessment,,gateway-1-self-assessment,,2026-02-09
south-oxfordshire-content-consultation-start,,content-consultation-start,,2026-02-09
south-oxfordshire-content-consultation-end,,content-consultation-end,,2026-02-09
south-oxfordshire-gateway-2-advice-sought,,gateway-2-advice-sought,,2026-02-09
south-oxfordshire-gateway-2-advice-published,,gateway-2-advice-published,,2026-02-09
south-oxfordshire-proposed-plan-consultation-start,,proposed-plan-consultation-start,,2026-02-09
south-oxfordshire-proposed-plan-consultation-end,,proposed-plan-consultation-end,,2026-02-09
south-oxfordshire-gateway-3-advice-sought,,gateway-3-advice-sought,,2026-02-09
south-oxfordshire-gateway-3-advice-published,,gateway-3-advice-published,,2026-02-09
south-oxfordshire-gateway-3-further-advice-sought,,gateway-3-further-advice-sought,,2026-02-09
south-oxfordshire-gateway-3-repeat-advice-published,,gateway-3-repeat-advice-published,,2026-02-09
south-oxfordshire-examination-submitted,,examination-submitted,,2026-02-09
south-oxfordshire-examination-recommendations-published,,examination-recommendations-published,,2026-02-09
south-oxfordshire-main-modification-consultation-start,,main-modification-consultation-start,,2026-02-09
south-oxfordshire-main-modification-consultation-end,,main-modification-consultation-end,,2026-02-09
south-oxfordshire-examination-pause-start,,examination-pause-start,,2026-02-09
south-oxfordshire-examination-pause-end,,examination-pause-end,,2026-02-09
south-oxfordshire-adopted,,adopted,,2026-02-09
south-oxfordshire-additional-consultation-start,,additional-consultation-start,,2026-02-09
south-oxfordshire-additional-consultation-end,,additional-consultation-end,,2026-02-09
south-oxfordshire-annual-monitoring-report-published,,annual-monitoring-report-published,,2026-02-09
south-oxfordshire-plan-evaluation-report-published,,plan-evaluation-report-published,,2026-02-09
south-staffordshire-commenced,,commenced,,2026-02-09
south-staffordshire-scoping-consultation-start,,scoping-consultation-start,,2026-02-09
south-staffordshire-scoping-consultation-end,,scoping-consultation-end,,2026-02-09
south-staffordshire-gateway-1-self-assessment,,gateway-1-self-assessment,,2026-02-09
south-staffordshire-content-consultation-start,,content-consultation-start,,2026-02-09
south-staffordshire-content-consultation-end,,content-consultation-end,,2026-02-09
south-staffordshire-gateway-2-advice-sought,,gateway-2-advice-sought,,2026-02-09
south-staffordshire-gateway-2-advice-published,,gateway-2-advice-published,,2026-02-09
south-staffordshire-proposed-plan-consultation-start,,proposed-plan-consultation-start,,2026-02-09
south-staffordshire-proposed-plan-consultation-end,,proposed-plan-consultation-end,,2026-02-09
south-staffordshire-gateway-3-advice-sought,,gateway-3-advice-sought,,2026-02-09
south-staffordshire-gateway-3-advice-published,,gateway-3-advice-published,,2026-02-09
south-staffordshire-gateway-3-further-advice-sought,,gateway-3-further-advice-sought,,2026-02-09
south-staffordshire-gateway-3-repeat-advice-published,,gateway-3-repeat-advice-published,,2026-02-09
south-staffordshire-examination-submitted,,examination-submitted,,2026-02-09
south-staffordshire-examination-recommendations-published,,examination-recommendations-published,,2026-02-09
south-staffordshire-main-modification-consultation-start,,main-modification-consultation-start,,2026-02-09
south-staffordshire-main-modification-consultation-end,,main-modification-consultation-end,,2026-02-09
south-staffordshire-examination-pause-start,,examination-pause-start,,2026-02-09
south-staffordshire-examination-pause-end,,examination-pause-end,,2026-02-09
south-staffordshire-adopted,,adopted,,2026-02-09
south-staffordshire-additional-consultation-start,,additional-consultation-start,,2026-02-09
south-staffordshire-additional-consultation-end,,additional-consultation-end,,2026-02-09
south-staffordshire-annual-monitoring-report-published,,annual-monitoring-report-published,,2026-02-09
south-staffordshire-plan-evaluation-report-published,,plan-evaluation-report-published,,2026-02-09
south-tyneside-commenced,,commenced,,2026-02-09
south-tyneside-scoping-consultation-start,,scoping-consultation-start,,2026-02-09
south-tyneside-scoping-consultation-end,,scoping-consultation-end,,2026-02-09
south-tyneside-gateway-1-self-assessment,,gateway-1-self-assessment,,2026-02-09
south-tyneside-content-consultation-start,,content-consultation-start,,2026-02-09
south-tyneside-content-consultation-end,,content-consultation-end,,2026-02-09
south-tyneside-gateway-2-advice-sought,,gateway-2-advice-sought,,2026-02-09
south-tyneside-gateway-2-advice-published,,gateway-2-advice-published,,2026-02-09
south-tyneside-proposed-plan-consultation-start,,proposed-plan-consultation-start,,2026-02-09
south-tyneside-proposed-plan-consultation-end,,proposed-plan-consultation-end,,2026-02-09
south-tyneside-gateway-3-advice-sought,,gateway-3-advice-sought,,2026-02-09
south-tyneside-gateway-3-advice-published,,gateway-3-advice-published,,2026-02-09
south-tyneside-gateway-3-further-advice-sought,,gateway-3-further-advice-sought,,2026-02-09
south-tyneside-gateway-3-repeat-advice-published,,gateway-3-repeat-advice-published,,2026-02-09
south-tyneside-examination-submitted,,examination-submitted,,2026-02-09
south-tyneside-examination-recommendations-published,,examination-recommendations-published,,2026-02-09
south-tyneside-main-modification-consultation-start,,main-modification-consultation-start,,2026-02-09
south-tyneside-main-modification-consultation-end,,main-modification-consultation-end,,2026-02-09
south-tyneside-examination-pause-start,,examination-pause-start,,2026-02-09
south-tyneside-examination-pause-end,,examination-pause-end,,2026-02-09
south-tyneside-adopted,,adopted,,2026-02-09
south-tyneside-additional-consultation-start,,additional-consultation-start,,2026-02-09
south-tyneside-additional-consultation-end,,additional-consultation-end,,2026-02-09
south-tyneside-annual-monitoring-report-published,,annual-monitoring-report-published,,2026-02-09
south-tyneside-plan-evaluation-report-published,,plan-evaluation-report-published,,2026-02-09
spelthorne-commenced,,commenced,,2026-02-09
spelthorne-scoping-consultation-start,,scoping-consultation-start,,2026-02-09
spelthorne-scoping-consultation-end,,scoping-consultation-end,,2026-02-09
spelthorne-gateway-1-self-assessment,,gateway-1-self-assessment,,2026-02-09
spelthorne-content-consultation-start,,content-consultation-start,,2026-02-09
spelthorne-content-consultation-end,,content-consultation-end,,2026-02-09
spelthorne-gateway-2-advice-sought,,gateway-2-advice-sought,,2026-02-09
spelthorne-gateway-2-advice-published,,gateway-2-advice-published,,2026-02-09
spelthorne-proposed-plan-consultation-start,,proposed-plan-consultation-start,,2026-02-09
spelthorne-proposed-plan-consultation-end,,proposed-plan-consultation-end,,2026-02-09
spelthorne-gateway-3-advice-sought,,gateway-3-advice-sought,,2026-02-09
spelthorne-gateway-3-advice-published,,gateway-3-advice-published,,2026-02-09
spelthorne-gateway-3-further-advice-sought,,gateway-3-further-advice-sought,,2026-02-09
spelthorne-gateway-3-repeat-advice-published,,gateway-3-repeat-advice-published,,2026-02-09
spelthorne-examination-submitted,,examination-submitted,,2026-02-09
spelthorne-examination-recommendations-published,,examination-recommendations-published,,2026-02-09
spelthorne-main-modification-consultation-start,,main-modification-consultation-start,,2026-02-09
spelthorne-main-modification-consultation-end,,main-modification-consultation-end,,2026-02-09
spelthorne-examination-pause-start,,examination-pause-start,,2026-02-09
spelthorne-examination-pause-end,,examination-pause-end,,2026-02-09
spelthorne-adopted,,adopted,,2026-02-09
spelthorne-additional-consultation-start,,additional-consultation-start,,2026-02-09
spelthorne-additional-consultation-end,,additional-consultation-end,,2026-02-09
spelthorne-annual-monitoring-report-published,,annual-monitoring-report-published,,2026-02-09
spelthorne-plan-evaluation-report-published,,plan-evaluation-report-published,,2026-02-09
st-albans-commenced,,commenced,,2026-02-09
st-albans-scoping-consultation-start,,scoping-consultation-start,,2026-02-09
st-albans-scoping-consultation-end,,scoping-consultation-end,,2026-02-09
st-albans-gateway-1-self-assessment,,gateway-1-self-assessment,,2026-02-09
st-albans-content-consultation-start,,content-consultation-start,,2026-02-09
st-albans-content-consultation-end,,content-consultation-end,,2026-02-09
st-albans-gateway-2-advice-sought,,gateway-2-advice-sought,,2026-02-09
st-albans-gateway-2-advice-published,,gateway-2-advice-published,,2026-02-09
st-albans-proposed-plan-consultation-start,,proposed-plan-consultation-start,,2026-02-09
st-albans-proposed-plan-consultation-end,,proposed-plan-consultation-end,,2026-02-09
st-albans-gateway-3-advice-sought,,gateway-3-advice-sought,,2026-02-09
st-albans-gateway-3-advice-published,,gateway-3-advice-published,,2026-02-09
st-albans-gateway-3-further-advice-sought,,gateway-3-further-advice-sought,,2026-02-09
st-albans-gateway-3-repeat-advice-published,,gateway-3-repeat-advice-published,,2026-02-09
st-albans-examination-submitted,,examination-submitted,,2026-02-09
st-albans-examination-recommendations-published,,examination-recommendations-published,,2026-02-09
st-albans-main-modification-consultation-start,,main-modification-consultation-start,,2026-02-09
st-albans-main-modification-consultation-end,,main-modification-consultation-end,,2026-02-09
st-albans-examination-pause-start,,examination-pause-start,,2026-02-09
st-albans-examination-pause-end,,examination-pause-end,,2026-02-09
st-albans-adopted,,adopted,,2026-02-09
st-albans-additional-consultation-start,,additional-consultation-start,,2026-02-09
st-albans-additional-consultation-end,,additional-consultation-end,,2026-02-09
st-albans-annual-monitoring-report-published,,annual-monitoring-report-published,,2026-02-09
st-albans-plan-evaluation-report-published,,plan-evaluation-report-published,,2026-02-09
stroud-commenced,,commenced,,2026-02-09
stroud-scoping-consultation-start,,scoping-consultation-start,,2026-02-09
stroud-scoping-consultation-end,,scoping-consultation-end,,2026-02-09
stroud-gateway-1-self-assessment,,gateway-1-self-assessment,,2026-02-09
stroud-content-consultation-start,,content-consultation-start,,2026-02-09
stroud-content-consultation-end,,content-consultation-end,,2026-02-09
stroud-gateway-2-advice-sought,,gateway-2-advice-sought,,2026-02-09
stroud-gateway-2-advice-published,,gateway-2-advice-published,,2026-02-09
stroud-proposed-plan-consultation-start,,proposed-plan-consultation-start,,2026-02-09
stroud-proposed-plan-consultation-end,,proposed-plan-consultation-end,,2026-02-09
stroud-gateway-3-advice-sought,,gateway-3-advice-sought,,2026-02-09
stroud-gateway-3-advice-published,,gateway-3-advice-published,,2026-02-09
stroud-gateway-3-further-advice-sought,,gateway-3-further-advice-sought,,2026-02-09
stroud-gateway-3-repeat-advice-published,,gateway-3-repeat-advice-published,,2026-02-09
stroud-examination-submitted,,examination-submitted,,2026-02-09
stroud-examination-recommendations-published,,examination-recommendations-published,,2026-02-09
stroud-main-modification-consultation-start,,main-modification-consultation-start,,2026-02-09
stroud-main-modification-consultation-end,,main-modification-consultation-end,,2026-02-09
stroud-examination-pause-start,,examination-pause-start,,2026-02-09
stroud-examination-pause-end,,examination-pause-end,,2026-02-09
stroud-adopted,,adopted,,2026-02-09
stroud-additional-consultation-start,,additional-consultation-start,,2026-02-09
stroud-additional-consultation-end,,additional-consultation-end,,2026-02-09
stroud-annual-monitoring-report-published,,annual-monitoring-report-published,,2026-02-09
stroud-plan-evaluation-report-published,,plan-evaluation-report-published,,2026-02-09
surrey-heath-commenced,,commenced,,2026-02-09
surrey-heath-scoping-consultation-start,,scoping-consultation-start,,2026-02-09
surrey-heath-scoping-consultation-end,,scoping-consultation-end,,2026-02-09
surrey-heath-gateway-1-self-assessment,,gateway-1-self-assessment,,2026-02-09
surrey-heath-content-consultation-start,,content-consultation-start,,2026-02-09
surrey-heath-content-consultation-end,,content-consultation-end,,2026-02-09
surrey-heath-gateway-2-advice-sought,,gateway-2-advice-sought,,2026-02-09
surrey-heath-gateway-2-advice-published,,gateway-2-advice-published,,2026-02-09
surrey-heath-proposed-plan-consultation-start,,proposed-plan-consultation-start,,2026-02-09
surrey-heath-proposed-plan-consultation-end,,proposed-plan-consultation-end,,2026-02-09
surrey-heath-gateway-3-advice-sought,,gateway-3-advice-sought,,2026-02-09
surrey-heath-gateway-3-advice-published,,gateway-3-advice-published,,2026-02-09
surrey-heath-gateway-3-further-advice-sought,,gateway-3-further-advice-sought,,2026-02-09
surrey-heath-gateway-3-repeat-advice-published,,gateway-3-repeat-advice-published,,2026-02-09
surrey-heath-examination-submitted,,examination-submitted,,2026-02-09
surrey-heath-examination-recommendations-published,,examination-recommendations-published,,2026-02-09
surrey-heath-main-modification-consultation-start,,main-modification-consultation-start,,2026-02-09
surrey-heath-main-modification-consultation-end,,main-modification-consultation-end,,2026-02-09
surrey-heath-examination-pause-start,,examination-pause-start,,2026-02-09
surrey-heath-examination-pause-end,,examination-pause-end,,2026-02-09
surrey-heath-adopted,,adopted,,2026-02-09
surrey-heath-additional-consultation-start,,additional-consultation-start,,2026-02-09
surrey-heath-additional-consultation-end,,additional-consultation-end,,2026-02-09
surrey-heath-annual-monitoring-report-published,,annual-monitoring-report-published,,2026-02-09
surrey-heath-plan-evaluation-report-published,,plan-evaluation-report-published,,2026-02-09
teignbridge-commenced,,commenced,,2026-02-09
teignbridge-scoping-consultation-start,,scoping-consultation-start,,2026-02-09
teignbridge-scoping-consultation-end,,scoping-consultation-end,,2026-02-09
teignbridge-gateway-1-self-assessment,,gateway-1-self-assessment,,2026-02-09
teignbridge-content-consultation-start,,content-consultation-start,,2026-02-09
teignbridge-content-consultation-end,,content-consultation-end,,2026-02-09
teignbridge-gateway-2-advice-sought,,gateway-2-advice-sought,,2026-02-09
teignbridge-gateway-2-advice-published,,gateway-2-advice-published,,2026-02-09
teignbridge-proposed-plan-consultation-start,,proposed-plan-consultation-start,,2026-02-09
teignbridge-proposed-plan-consultation-end,,proposed-plan-consultation-end,,2026-02-09
teignbridge-gateway-3-advice-sought,,gateway-3-advice-sought,,2026-02-09
teignbridge-gateway-3-advice-published,,gateway-3-advice-published,,2026-02-09
teignbridge-gateway-3-further-advice-sought,,gateway-3-further-advice-sought,,2026-02-09
teignbridge-gateway-3-repeat-advice-published,,gateway-3-repeat-advice-published,,2026-02-09
teignbridge-examination-submitted,,examination-submitted,,2026-02-09
teignbridge-examination-recommendations-published,,examination-recommendations-published,,2026-02-09
teignbridge-main-modification-consultation-start,,main-modification-consultation-start,,2026-02-09
teignbridge-main-modification-consultation-end,,main-modification-consultation-end,,2026-02-09
teignbridge-examination-pause-start,,examination-pause-start,,2026-02-09
teignbridge-examination-pause-end,,examination-pause-end,,2026-02-09
teignbridge-adopted,,adopted,,2026-02-09
teignbridge-additional-consultation-start,,additional-consultation-start,,2026-02-09
teignbridge-additional-consultation-end,,additional-consultation-end,,2026-02-09
teignbridge-annual-monitoring-report-published,,annual-monitoring-report-published,,2026-02-09
teignbridge-plan-evaluation-report-published,,plan-evaluation-report-published,,2026-02-09
tunbridge-wells-commenced,,commenced,,2026-02-09
tunbridge-wells-scoping-consultation-start,,scoping-consultation-start,,2026-02-09
tunbridge-wells-scoping-consultation-end,,scoping-consultation-end,,2026-02-09
tunbridge-wells-gateway-1-self-assessment,,gateway-1-self-assessment,,2026-02-09
tunbridge-wells-content-consultation-start,,content-consultation-start,,2026-02-09
tunbridge-wells-content-consultation-end,,content-consultation-end,,2026-02-09
tunbridge-wells-gateway-2-advice-sought,,gateway-2-advice-sought,,2026-02-09
tunbridge-wells-gateway-2-advice-published,,gateway-2-advice-published,,2026-02-09
tunbridge-wells-proposed-plan-consultation-start,,proposed-plan-consultation-start,,2026-02-09
tunbridge-wells-proposed-plan-consultation-end,,proposed-plan-consultation-end,,2026-02-09
tunbridge-wells-gateway-3-advice-sought,,gateway-3-advice-sought,,2026-02-09
tunbridge-wells-gateway-3-advice-published,,gateway-3-advice-published,,2026-02-09
tunbridge-wells-gateway-3-further-advice-sought,,gateway-3-further-advice-sought,,2026-02-09
tunbridge-wells-gateway-3-repeat-advice-published,,gateway-3-repeat-advice-published,,2026-02-09
tunbridge-wells-examination-submitted,,examination-submitted,,2026-02-09
tunbridge-wells-examination-recommendations-published,,examination-recommendations-published,,2026-02-09
tunbridge-wells-main-modification-consultation-start,,main-modification-consultation-start,,2026-02-09
tunbridge-wells-main-modification-consultation-end,,main-modification-consultation-end,,2026-02-09
tunbridge-wells-examination-pause-start,,examination-pause-start,,2026-02-09
tunbridge-wells-examination-pause-end,,examination-pause-end,,2026-02-09
tunbridge-wells-adopted,,adopted,,2026-02-09
tunbridge-wells-additional-consultation-start,,additional-consultation-start,,2026-02-09
tunbridge-wells-additional-consultation-end,,additional-consultation-end,,2026-02-09
tunbridge-wells-annual-monitoring-report-published,,annual-monitoring-report-published,,2026-02-09
tunbridge-wells-plan-evaluation-report-published,,plan-evaluation-report-published,,2026-02-09
vale-of-white-horse-commenced,,commenced,,2026-02-09
vale-of-white-horse-scoping-consultation-start,,scoping-consultation-start,,2026-02-09
vale-of-white-horse-scoping-consultation-end,,scoping-consultation-end,,2026-02-09
vale-of-white-horse-gateway-1-self-assessment,,gateway-1-self-assessment,,2026-02-09
vale-of-white-horse-content-consultation-start,,content-consultation-start,,2026-02-09
vale-of-white-horse-content-consultation-end,,content-consultation-end,,2026-02-09
vale-of-white-horse-gateway-2-advice-sought,,gateway-2-advice-sought,,2026-02-09
vale-of-white-horse-gateway-2-advice-published,,gateway-2-advice-published,,2026-02-09
vale-of-white-horse-proposed-plan-consultation-start,,proposed-plan-consultation-start,,2026-02-09
vale-of-white-horse-proposed-plan-consultation-end,,proposed-plan-consultation-end,,2026-02-09
vale-of-white-horse-gateway-3-advice-sought,,gateway-3-advice-sought,,2026-02-09
vale-of-white-horse-gateway-3-advice-published,,gateway-3-advice-published,,2026-02-09
vale-of-white-horse-gateway-3-further-advice-sought,,gateway-3-further-advice-sought,,2026-02-09
vale-of-white-horse-gateway-3-repeat-advice-published,,gateway-3-repeat-advice-published,,2026-02-09
vale-of-white-horse-examination-submitted,,examination-submitted,,2026-02-09
vale-of-white-horse-examination-recommendations-published,,examination-recommendations-published,,2026-02-09
vale-of-white-horse-main-modification-consultation-start,,main-modification-consultation-start,,2026-02-09
vale-of-white-horse-main-modification-consultation-end,,main-modification-consultation-end,,2026-02-09
vale-of-white-horse-examination-pause-start,,examination-pause-start,,2026-02-09
vale-of-white-horse-examination-pause-end,,examination-pause-end,,2026-02-09
vale-of-white-horse-adopted,,adopted,,2026-02-09
vale-of-white-horse-additional-consultation-start,,additional-consultation-start,,2026-02-09
vale-of-white-horse-additional-consultation-end,,additional-consultation-end,,2026-02-09
vale-of-white-horse-annual-monitoring-report-published,,annual-monitoring-report-published,,2026-02-09
vale-of-white-horse-plan-evaluation-report-published,,plan-evaluation-report-published,,2026-02-09
west-berkshire-commenced,,commenced,,2026-02-09
west-berkshire-scoping-consultation-start,,scoping-consultation-start,,2026-02-09
west-berkshire-scoping-consultation-end,,scoping-consultation-end,,2026-02-09
west-berkshire-gateway-1-self-assessment,,gateway-1-self-assessment,,2026-02-09
west-berkshire-content-consultation-start,,content-consultation-start,,2026-02-09
west-berkshire-content-consultation-end,,content-consultation-end,,2026-02-09
west-berkshire-gateway-2-advice-sought,,gateway-2-advice-sought,,2026-02-09
west-berkshire-gateway-2-advice-published,,gateway-2-advice-published,,2026-02-09
west-berkshire-proposed-plan-consultation-start,,proposed-plan-consultation-start,,2026-02-09
west-berkshire-proposed-plan-consultation-end,,proposed-plan-consultation-end,,2026-02-09
west-berkshire-gateway-3-advice-sought,,gateway-3-advice-sought,,2026-02-09
west-berkshire-gateway-3-advice-published,,gateway-3-advice-published,,2026-02-09
west-berkshire-gateway-3-further-advice-sought,,gateway-3-further-advice-sought,,2026-02-09
west-berkshire-gateway-3-repeat-advice-published,,gateway-3-repeat-advice-published,,2026-02-09
west-berkshire-examination-submitted,,examination-submitted,,2026-02-09
west-berkshire-examination-recommendations-published,,examination-recommendations-published,,2026-02-09
west-berkshire-main-modification-consultation-start,,main-modification-consultation-start,,2026-02-09
west-berkshire-main-modification-consultation-end,,main-modification-consultation-end,,2026-02-09
west-berkshire-examination-pause-start,,examination-pause-start,,2026-02-09
west-berkshire-examination-pause-end,,examination-pause-end,,2026-02-09
west-berkshire-adopted,,adopted,,2026-02-09
west-berkshire-additional-consultation-start,,additional-consultation-start,,2026-02-09
west-berkshire-additional-consultation-end,,additional-consultation-end,,2026-02-09
west-berkshire-annual-monitoring-report-published,,annual-monitoring-report-published,,2026-02-09
west-berkshire-plan-evaluation-report-published,,plan-evaluation-report-published,,2026-02-09
wiltshire-commenced,,commenced,,2026-02-09
wiltshire-scoping-consultation-start,,scoping-consultation-start,,2026-02-09
wiltshire-scoping-consultation-end,,scoping-consultation-end,,2026-02-09
wiltshire-gateway-1-self-assessment,,gateway-1-self-assessment,,2026-02-09
wiltshire-content-consultation-start,,content-consultation-start,,2026-02-09
wiltshire-content-consultation-end,,content-consultation-end,,2026-02-09
wiltshire-gateway-2-advice-sought,,gateway-2-advice-sought,,2026-02-09
wiltshire-gateway-2-advice-published,,gateway-2-advice-published,,2026-02-09
wiltshire-proposed-plan-consultation-start,,proposed-plan-consultation-start,,2026-02-09
wiltshire-proposed-plan-consultation-end,,proposed-plan-consultation-end,,2026-02-09
wiltshire-gateway-3-advice-sought,,gateway-3-advice-sought,,2026-02-09
wiltshire-gateway-3-advice-published,,gateway-3-advice-published,,2026-02-09
wiltshire-gateway-3-further-advice-sought,,gateway-3-further-advice-sought,,2026-02-09
wiltshire-gateway-3-repeat-advice-published,,gateway-3-repeat-advice-published,,2026-02-09
wiltshire-examination-submitted,,examination-submitted,,2026-02-09
wiltshire-examination-recommendations-published,,examination-recommendations-published,,2026-02-09
wiltshire-main-modification-consultation-start,,main-modification-consultation-start,,2026-02-09
wiltshire-main-modification-consultation-end,,main-modification-consultation-end,,2026-02-09
wiltshire-examination-pause-start,,examination-pause-start,,2026-02-09
wiltshire-examination-pause-end,,examination-pause-end,,2026-02-09
wiltshire-adopted,,adopted,,2026-02-09
wiltshire-additional-consultation-start,,additional-consultation-start,,2026-02-09
wiltshire-additional-consultation-end,,additional-consultation-end,,2026-02-09
wiltshire-annual-monitoring-report-published,,annual-monitoring-report-published,,2026-02-09
wiltshire-plan-evaluation-report-published,,plan-evaluation-report-published,,2026-02-09
winchester-commenced,,commenced,,2026-02-09
winchester-scoping-consultation-start,,scoping-consultation-start,,2026-02-09
winchester-scoping-consultation-end,,scoping-consultation-end,,2026-02-09
winchester-gateway-1-self-assessment,,gateway-1-self-assessment,,2026-02-09
winchester-content-consultation-start,,content-consultation-start,,2026-02-09
winchester-content-consultation-end,,content-consultation-end,,2026-02-09
winchester-gateway-2-advice-sought,,gateway-2-advice-sought,,2026-02-09
winchester-gateway-2-advice-published,,gateway-2-advice-published,,2026-02-09
winchester-proposed-plan-consultation-start,,proposed-plan-consultation-start,,2026-02-09
winchester-proposed-plan-consultation-end,,proposed-plan-consultation-end,,2026-02-09
winchester-gateway-3-advice-sought,,gateway-3-advice-sought,,2026-02-09
winchester-gateway-3-advice-published,,gateway-3-advice-published,,2026-02-09
winchester-gateway-3-further-advice-sought,,gateway-3-further-advice-sought,,2026-02-09
winchester-gateway-3-repeat-advice-published,,gateway-3-repeat-advice-published,,2026-02-09
winchester-examination-submitted,,examination-submitted,,2026-02-09
winchester-examination-recommendations-published,,examination-recommendations-published,,2026-02-09
winchester-main-modification-consultation-start,,main-modification-consultation-start,,2026-02-09
winchester-main-modification-consultation-end,,main-modification-consultation-end,,2026-02-09
winchester-examination-pause-start,,examination-pause-start,,2026-02-09
winchester-examination-pause-end,,examination-pause-end,,2026-02-09
winchester-adopted,,adopted,,2026-02-09
winchester-additional-consultation-start,,additional-consultation-start,,2026-02-09
winchester-additional-consultation-end,,additional-consultation-end,,2026-02-09
winchester-annual-monitoring-report-published,,annual-monitoring-report-published,,2026-02-09
winchester-plan-evaluation-report-published,,plan-evaluation-report-published,,2026-02-09
wirral-commenced,,commenced,,2026-02-09
wirral-scoping-consultation-start,,scoping-consultation-start,,2026-02-09
wirral-scoping-consultation-end,,scoping-consultation-end,,2026-02-09
wirral-gateway-1-self-assessment,,gateway-1-self-assessment,,2026-02-09
wirral-content-consultation-start,,content-consultation-start,,2026-02-09
wirral-content-consultation-end,,content-consultation-end,,2026-02-09
wirral-gateway-2-advice-sought,,gateway-2-advice-sought,,2026-02-09
wirral-gateway-2-advice-published,,gateway-2-advice-published,,2026-02-09
wirral-proposed-plan-consultation-start,,proposed-plan-consultation-start,,2026-02-09
wirral-proposed-plan-consultation-end,,proposed-plan-consultation-end,,2026-02-09
wirral-gateway-3-advice-sought,,gateway-3-advice-sought,,2026-02-09
wirral-gateway-3-advice-published,,gateway-3-advice-published,,2026-02-09
wirral-gateway-3-further-advice-sought,,gateway-3-further-advice-sought,,2026-02-09
wirral-gateway-3-repeat-advice-published,,gateway-3-repeat-advice-published,,2026-02-09
wirral-examination-submitted,,examination-submitted,,2026-02-09
wirral-examination-recommendations-published,,examination-recommendations-published,,2026-02-09
wirral-main-modification-consultation-start,,main-modification-consultation-start,,2026-02-09
wirral-main-modification-consultation-end,,main-modification-consultation-end,,2026-02-09
wirral-examination-pause-start,,examination-pause-start,,2026-02-09
wirral-examination-pause-end,,examination-pause-end,,2026-02-09
wirral-adopted,,adopted,,2026-02-09
wirral-additional-consultation-start,,additional-consultation-start,,2026-02-09
wirral-additional-consultation-end,,additional-consultation-end,,2026-02-09
wirral-annual-monitoring-report-published,,annual-monitoring-report-published,,2026-02-09
wirral-plan-evaluation-report-published,,plan-evaluation-report-published,,2026-02-09
wokingham-commenced,,commenced,,2026-02-09
wokingham-scoping-consultation-start,,scoping-consultation-start,,2026-02-09
wokingham-scoping-consultation-end,,scoping-consultation-end,,2026-02-09
wokingham-gateway-1-self-assessment,,gateway-1-self-assessment,,2026-02-09
wokingham-content-consultation-start,,content-consultation-start,,2026-02-09
wokingham-content-consultation-end,,content-consultation-end,,2026-02-09
wokingham-gateway-2-advice-sought,,gateway-2-advice-sought,,2026-02-09
wokingham-gateway-2-advice-published,,gateway-2-advice-published,,2026-02-09
wokingham-proposed-plan-consultation-start,,proposed-plan-consultation-start,,2026-02-09
wokingham-proposed-plan-consultation-end,,proposed-plan-consultation-end,,2026-02-09
wokingham-gateway-3-advice-sought,,gateway-3-advice-sought,,2026-02-09
wokingham-gateway-3-advice-published,,gateway-3-advice-published,,2026-02-09
wokingham-gateway-3-further-advice-sought,,gateway-3-further-advice-sought,,2026-02-09
wokingham-gateway-3-repeat-advice-published,,gateway-3-repeat-advice-published,,2026-02-09
wokingham-examination-submitted,,examination-submitted,,2026-02-09
wokingham-examination-recommendations-published,,examination-recommendations-published,,2026-02-09
wokingham-main-modification-consultation-start,,main-modification-consultation-start,,2026-02-09
wokingham-main-modification-consultation-end,,main-modification-consultation-end,,2026-02-09
wokingham-examination-pause-start,,examination-pause-start,,2026-02-09
wokingham-examination-pause-end,,examination-pause-end,,2026-02-09
wokingham-adopted,,adopted,,2026-02-09
wokingham-additional-consultation-start,,additional-consultation-start,,2026-02-09
wokingham-additional-consultation-end,,additional-consultation-end,,2026-02-09
wokingham-annual-monitoring-report-published,,annual-monitoring-report-published,,2026-02-09
wokingham-plan-evaluation-report-published,,plan-evaluation-report-published,,2026-02-09
wolverhampton-commenced,,commenced,,2026-02-09
wolverhampton-scoping-consultation-start,,scoping-consultation-start,,2026-02-09
wolverhampton-scoping-consultation-end,,scoping-consultation-end,,2026-02-09
wolverhampton-gateway-1-self-assessment,,gateway-1-self-assessment,,2026-02-09
wolverhampton-content-consultation-start,,content-consultation-start,,2026-02-09
wolverhampton-content-consultation-end,,content-consultation-end,,2026-02-09
wolverhampton-gateway-2-advice-sought,,gateway-2-advice-sought,,2026-02-09
wolverhampton-gateway-2-advice-published,,gateway-2-advice-published,,2026-02-09
wolverhampton-proposed-plan-consultation-start,,proposed-plan-consultation-start,,2026-02-09
wolverhampton-proposed-plan-consultation-end,,proposed-plan-consultation-end,,2026-02-09
wolverhampton-gateway-3-advice-sought,,gateway-3-advice-sought,,2026-02-09
wolverhampton-gateway-3-advice-published,,gateway-3-advice-published,,2026-02-09
wolverhampton-gateway-3-further-advice-sought,,gateway-3-further-advice-sought,,2026-02-09
wolverhampton-gateway-3-repeat-advice-published,,gateway-3-repeat-advice-published,,2026-02-09
wolverhampton-examination-submitted,,examination-submitted,,2026-02-09
wolverhampton-examination-recommendations-published,,examination-recommendations-published,,2026-02-09
wolverhampton-main-modification-consultation-start,,main-modification-consultation-start,,2026-02-09
wolverhampton-main-modification-consultation-end,,main-modification-consultation-end,,2026-02-09
wolverhampton-examination-pause-start,,examination-pause-start,,2026-02-09
wolverhampton-examination-pause-end,,examination-pause-end,,2026-02-09
wolverhampton-adopted,,adopted,,2026-02-09
wolverhampton-additional-consultation-start,,additional-consultation-start,,2026-02-09
wolverhampton-additional-consultation-end,,additional-consultation-end,,2026-02-09
wolverhampton-annual-monitoring-report-published,,annual-monitoring-report-published,,2026-02-09
wolverhampton-plan-evaluation-report-published,,plan-evaluation-report-published,,2026-02-09
worcester-commenced,,commenced,,2026-02-09
worcester-scoping-consultation-start,,scoping-consultation-start,,2026-02-09
worcester-scoping-consultation-end,,scoping-consultation-end,,2026-02-09
worcester-gateway-1-self-assessment,,gateway-1-self-assessment,,2026-02-09
worcester-content-consultation-start,,content-consultation-start,,2026-02-09
worcester-content-consultation-end,,content-consultation-end,,2026-02-09
worcester-gateway-2-advice-sought,,gateway-2-advice-sought,,2026-02-09
worcester-gateway-2-advice-published,,gateway-2-advice-published,,2026-02-09
worcester-proposed-plan-consultation-start,,proposed-plan-consultation-start,,2026-02-09
worcester-proposed-plan-consultation-end,,proposed-plan-consultation-end,,2026-02-09
worcester-gateway-3-advice-sought,,gateway-3-advice-sought,,2026-02-09
worcester-gateway-3-advice-published,,gateway-3-advice-published,,2026-02-09
worcester-gateway-3-further-advice-sought,,gateway-3-further-advice-sought,,2026-02-09
worcester-gateway-3-repeat-advice-published,,gateway-3-repeat-advice-published,,2026-02-09
worcester-examination-submitted,,examination-submitted,,2026-02-09
worcester-examination-recommendations-published,,examination-recommendations-published,,2026-02-09
worcester-main-modification-consultation-start,,main-modification-consultation-start,,2026-02-09
worcester-main-modification-consultation-end,,main-modification-consultation-end,,2026-02-09
worcester-examination-pause-start,,examination-pause-start,,2026-02-09
worcester-examination-pause-end,,examination-pause-end,,2026-02-09
worcester-adopted,,adopted,,2026-02-09
worcester-additional-consultation-start,,additional-consultation-start,,2026-02-09
worcester-additional-consultation-end,,additional-consultation-end,,2026-02-09
worcester-annual-monitoring-report-published,,annual-monitoring-report-published,,2026-02-09
worcester-plan-evaluation-report-published,,plan-evaluation-report-published,,2026-02-09
wychavon-commenced,,commenced,,2026-02-09
wychavon-scoping-consultation-start,,scoping-consultation-start,,2026-02-09
wychavon-scoping-consultation-end,,scoping-consultation-end,,2026-02-09
wychavon-gateway-1-self-assessment,,gateway-1-self-assessment,,2026-02-09
wychavon-content-consultation-start,,content-consultation-start,,2026-02-09
wychavon-content-consultation-end,,content-consultation-end,,2026-02-09
wychavon-gateway-2-advice-sought,,gateway-2-advice-sought,,2026-02-09
wychavon-gateway-2-advice-published,,gateway-2-advice-published,,2026-02-09
wychavon-proposed-plan-consultation-start,,proposed-plan-consultation-start,,2026-02-09
wychavon-proposed-plan-consultation-end,,proposed-plan-consultation-end,,2026-02-09
wychavon-gateway-3-advice-sought,,gateway-3-advice-sought,,2026-02-09
wychavon-gateway-3-advice-published,,gateway-3-advice-published,,2026-02-09
wychavon-gateway-3-further-advice-sought,,gateway-3-further-advice-sought,,2026-02-09
wychavon-gateway-3-repeat-advice-published,,gateway-3-repeat-advice-published,,2026-02-09
wychavon-examination-submitted,,examination-submitted,,2026-02-09
wychavon-examination-recommendations-published,,examination-recommendations-published,,2026-02-09
wychavon-main-modification-consultation-start,,main-modification-consultation-start,,2026-02-09
wychavon-main-modification-consultation-end,,main-modification-consultation-end,,2026-02-09
wychavon-examination-pause-start,,examination-pause-start,,2026-02-09
wychavon-examination-pause-end,,examination-pause-end,,2026-02-09
wychavon-adopted,,adopted,,2026-02-09
wychavon-additional-consultation-start,,additional-consultation-start,,2026-02-09
wychavon-additional-consultation-end,,additional-consultation-end,,2026-02-09
wychavon-annual-monitoring-report-published,,annual-monitoring-report-published,,2026-02-09
wychavon-plan-evaluation-report-published,,plan-evaluation-report-published,,2026-02-09
