entity,reference,name,description,local-plan,document-types,documentation-url,document-url,entry-date,start-date,end-date,notes
3800000,south-hams-district-council-local-plan-2034-1,Plymouth and South West Devon Joint Local Plan (March 2019),,south-hams-district-council-local-plan-2034,local-plan,https://www.southhams.gov.uk/your-council/council-plans-policies-and-reports/policies/planning-policies/plymouth-and-south-west,https://www.southhams.gov.uk/sites/default/files/2023-05/Plymouth%20and%20South%20West%20Devon%20Joint%20Local%20Plan%20%28March%202019%29.pdf,2025-12-09,,,
3800001,south-hams-district-council-local-plan-2034-2,Plymouth and South West Devon Joint Local Plan Adoption Statement,,south-hams-district-council-local-plan-2034,adoption-statement,https://www.southhams.gov.uk/your-council/council-plans-policies-and-reports/policies/planning-policies/plymouth-and-south-west,https://www.southhams.gov.uk/sites/default/files/2023-05/Plymouth%20and%20South%20West%20Devon%20Joint%20Local%20Plan%20Adoption%20Statement.pdf,2025-12-09,,,
3800002,south-hams-district-council-local-plan-2034-3,Plymouth and South West Devon Joint Local Plan Five Year Review Report 2024,,south-hams-district-council-local-plan-2034,local-plan,https://www.southhams.gov.uk/your-council/council-plans-policies-and-reports/policies/planning-policies/plymouth-and-south-west,https://www.southhams.gov.uk/sites/default/files/2024-03/Plymouth%20and%20South%20West%20Devon%20Joint%20Local%20Plan%20Five%20Year%20Review%20Report%202024.pdf,2025-12-09,,,
3800003,west-oxfordshire-district-council-local-plan-2011-1,Local Plan,,west-oxfordshire-district-council-local-plan-2011,local-plan,https://www.westoxon.gov.uk/planning-and-building/planning-policy/local-plan-2031/,https://www.westoxon.gov.uk/media/feyjmpen/local-plan.pdf,2025-12-09,,,
3800004,west-oxfordshire-district-council-local-plan-2011-2,Adopted Local Plan 2031 Policies Map,,west-oxfordshire-district-council-local-plan-2011,policies-map,https://www.westoxon.gov.uk/planning-and-building/planning-policy/local-plan-2031/,https://www.westoxon.gov.uk/media/op1jcjfk/adopted-local-plan-2031-policies-map.pdf,2025-12-09,,,
3800005,west-oxfordshire-district-council-local-plan-2011-3,Local Plan Adoption Statement September 2018,,west-oxfordshire-district-council-local-plan-2011,adoption-statement,https://www.westoxon.gov.uk/planning-and-building/planning-policy/local-plan-2031/,https://www.westoxon.gov.uk/media/ruapfgpz/local-plan-adoption-statement-september-2018.pdf,2025-12-09,,,
3800006,west-oxfordshire-district-council-local-plan-2011-4,West Oxfordshire Inspector's Report,,west-oxfordshire-district-council-local-plan-2011,inspectors-report,https://www.westoxon.gov.uk/planning-and-building/planning-policy/local-plan-2031/,https://www.westoxon.gov.uk/media/ckibbnn2/west-oxfordshire-inspectors-report.pdf,2025-12-09,,,
3800007,west-oxfordshire-district-council-local-plan-2011-5,Inspector's Report Appendix 1,,west-oxfordshire-district-council-local-plan-2011,inspectors-report,https://www.westoxon.gov.uk/planning-and-building/planning-policy/local-plan-2031/,https://www.westoxon.gov.uk/media/22pplnce/inspectors-report-appendix-1.pdf,2025-12-09,,,
3800008,west-oxfordshire-district-council-local-plan-2011-6,Inspector's Report Appendix 2 Schedule of Modifications,,west-oxfordshire-district-council-local-plan-2011,inspectors-report,https://www.westoxon.gov.uk/planning-and-building/planning-policy/local-plan-2031/,https://www.westoxon.gov.uk/media/oqwikoml/inspectors-report-appendix-2-schedule-of-modifications.pdf,2025-12-09,,,
3800009,west-oxfordshire-district-council-local-plan-2011-7,Sustainability Report Adoption Statement,,west-oxfordshire-district-council-local-plan-2011,adoption-statement,https://www.westoxon.gov.uk/planning-and-building/planning-policy/local-plan-2031/,https://www.westoxon.gov.uk/media/sxzg3mrt/sustainability-report-adoption-statement.pdf,2025-12-09,,,
3800010,west-oxfordshire-district-council-local-plan-2043-1,Local Plan Preferred Options Consultation October 2025,,west-oxfordshire-district-council-local-plan-2043,local-plan-regulation-18,https://www.westoxon.gov.uk/planning-and-building/planning-policy/local-plan-2043/,https://www.westoxon.gov.uk/media/bhffgzji/local-plan-preferred-options-consultation-october-2025.pdf,2025-12-09,,,
3800011,warwick-district-council-local-plan-2011-1,New Local Plan,,warwick-district-council-local-plan-2011,local-plan,https://www.warwickdc.gov.uk/downloads/file/4623/new_local_plan,https://www.warwickdc.gov.uk/download/downloads/id/4623/new_local_plan.pdf,2025-12-09,,,
3800012,warwick-district-council-local-plan-2011-2,Warwick District Local Plan Submission Version incorporating proposed changes (Final) - January 2015,,warwick-district-council-local-plan-2011,local-plan-submission,https://www.warwickdc.gov.uk/downloads/download/651/local_plan_documents,https://www.warwickdc.gov.uk/download/downloads/id/2452/lp23a_-_warwick_district_local_plan_submission_version_incorporating_proposed_changes_final_-_january_2015.pdf,2025-12-09,,,
3800013,warwick-district-council-local-plan-2011-3,Local Plan Publication Draft,,warwick-district-council-local-plan-2011,local-plan-regulation-19,https://www.warwickdc.gov.uk/downloads/20410/local_plan,https://www.warwickdc.gov.uk/download/downloads/id/1830/local_plan_publication_draft.pdf,2025-12-09,,,
3800014,warwick-district-council-local-plan-2011-4,Preferred Options Local Plan - May 2012,,warwick-district-council-local-plan-2011,local-plan-regulation-18,https://www.warwickdc.gov.uk/downloads/download/651/local_plan_documents,https://www.warwickdc.gov.uk/download/downloads/id/2245/lp05_-_preferred_options_local_plan_-_may_2012.pdf,2025-12-09,,,
3800015,warwick-district-council-local-plan-2011-5,Sustainability Appraisal Report,,warwick-district-council-local-plan-2011,sustainability-appraisal,https://www.warwickdc.gov.uk/downloads/20410/local_plan,https://www.warwickdc.gov.uk/download/downloads/id/1827/sustainability_appraisal_report.pdf,2025-12-09,,,
3800016,warwick-district-council-local-plan-2011-6,Adoption - SA statement,,warwick-district-council-local-plan-2011,sustainability-appraisal,https://www.warwickdc.gov.uk/downloads/download/651/local_plan_documents,https://www.warwickdc.gov.uk/download/downloads/id/4539/adoption_-_sa_statement.pdf,2025-12-09,,,
3800017,warwick-district-council-local-plan-2011-7,Consultation Statement - Regulation 22c - January 2015,,warwick-district-council-local-plan-2011,consultation-statement,https://www.warwickdc.gov.uk/downloads/download/651/local_plan_documents,https://www.warwickdc.gov.uk/download/downloads/id/2260/lp19_-_consultation_statement_-_regulation_22c_-_january_2015.pdf,2025-12-09,,,
3800018,warwick-district-council-local-plan-2011-8,Duty To Co-operate Statement - January 2015,,warwick-district-council-local-plan-2011,local-plan,https://www.warwickdc.gov.uk/downloads/download/651/local_plan_documents,https://www.warwickdc.gov.uk/download/downloads/id/2257/lp22_-_duty_to_co-operate_statement_-_january_2015pdf.pdf,2025-12-09,,,
3800019,warwick-district-council-local-plan-2011-9,Annual Monitoring Report 2013 - January 2014,,warwick-district-council-local-plan-2011,authority-monitoring-report,https://www.warwickdc.gov.uk/downloads/download/651/local_plan_documents,https://www.warwickdc.gov.uk/download/downloads/id/2255/lp17_-_annual_monitoring_report_2013_-_january_2014.pdf,2025-12-09,,,
3800020,warwick-district-council-local-plan-2011-10,Local Development Scheme Amendments - January 2015,,warwick-district-council-local-plan-2011,local-development-scheme,https://www.warwickdc.gov.uk/downloads/download/651/local_plan_documents,https://www.warwickdc.gov.uk/download/downloads/id/2258/lp18_-_local_development_scheme_amendments_-_january_2015.pdf,2025-12-09,,,
3800021,warwick-district-council-local-plan-2011-11,DS19 Update - March 2021,,warwick-district-council-local-plan-2011,local-plan,https://www.warwickdc.gov.uk/downloads/download/651/local_plan_documents,https://www.warwickdc.gov.uk/download/downloads/id/6618/ds19_update_-_march_2021.pdf,2025-12-09,,,
3800022,london-borough-of-richmond-upon-thames-local-plan-1,The Local Plan,,london-borough-of-richmond-upon-thames-local-plan,local-plan,https://www.richmond.gov.uk/services/planning/planning_policy,,2025-12-09,,,
3800023,london-borough-of-richmond-upon-thames-local-plan-2,Sustainability Appraisals,,london-borough-of-richmond-upon-thames-local-plan,sustainability-appraisal,https://www.richmond.gov.uk/services/planning/planning_policy,,2025-12-09,,,
3800024,london-borough-of-richmond-upon-thames-local-plan-3,Environmental Impact Assessments,,london-borough-of-richmond-upon-thames-local-plan,strategic-environmental-assessment,https://www.richmond.gov.uk/planning,,2025-12-09,,,
3800025,north-norfolk-district-council-local-plan-2040-1,North Norfolk Local Plan Proposed Submission Version Publication Stage Regulation 19,,north-norfolk-district-council-local-plan-2040,local-plan,https://www.north-norfolk.gov.uk/localplan,https://www.north-norfolk.gov.uk/media/9377/north-norfolk-local-plan-proposed-submission-version-publication-stage-regulation-19-january-2022.pdf,2025-12-09,,,
3800026,north-norfolk-district-council-local-plan-2040-2,Formal Notice of Examination Hearings Regulation 24,,north-norfolk-district-council-local-plan-2040,examination-hearing-statement,https://www.north-norfolk.gov.uk/localplan,https://www.north-norfolk.gov.uk/media/9690/formal-notice-of-examination-hearings-regulation-24.pdf,2025-12-09,,,
3800027,north-norfolk-district-council-local-plan-2040-3,Resumed Hearings Inspectors Note MIQs and Draft Programme,,north-norfolk-district-council-local-plan-2040,examination-hearing-statement,https://www.north-norfolk.gov.uk/localplan,https://www.north-norfolk.gov.uk/media/10905/eh006-n-resumed-hearings-inspectors-note-miqs-and-draft-programme-v1.pdf,2025-12-09,,,
3800028,north-norfolk-district-council-local-plan-2040-4,Local Plan Further Consultation,,north-norfolk-district-council-local-plan-2040,local-plan,https://www.north-norfolk.gov.uk/localplan,https://www.north-norfolk.gov.uk/media/10692/fc001-a-local-plan-further-consultation-online-version.pdf,2025-12-09,,,
3800029,north-norfolk-district-council-local-plan-1,First Draft Local Plan,,north-norfolk-district-council-local-plan,local-plan,https://www.north-norfolk.gov.uk/tasks/planning-policy/local-plan-consultation-frequently-asked-questions/,https://www.north-norfolk.gov.uk/media/5033/first-draft-local-plan-may-2019.pdf,2025-12-09,,,
3800030,north-norfolk-district-council-local-plan-2,First Draft Local Plan Alternatives Considered,,north-norfolk-district-council-local-plan,local-plan,https://www.north-norfolk.gov.uk/tasks/planning-policy/local-plan-consultation-frequently-asked-questions/,https://www.north-norfolk.gov.uk/media/5029/first-draft-local-plan-alternatives-considered.pdf,2025-12-09,,,
3800031,north-norfolk-district-council-local-plan-3,First Draft Local Plan Interim Consultation Statement,,north-norfolk-district-council-local-plan,consultation-statement,https://www.north-norfolk.gov.uk/tasks/planning-policy/local-plan-consultation-frequently-asked-questions/,https://www.north-norfolk.gov.uk/media/5027/first-draft-local-plan-interim-consultation-statement.pdf,2025-12-09,,,
3800032,north-norfolk-district-council-local-plan-4,Infrastructure Position Statement,,north-norfolk-district-council-local-plan,infrastructure-delivery-plan,https://www.north-norfolk.gov.uk/tasks/planning-policy/local-plan-consultation-frequently-asked-questions/,https://www.north-norfolk.gov.uk/media/5023/4-infrastructure-position-statement.pdf,2025-12-09,,,
3800033,chesterfield-borough-council-local-plan-1,Local Plan consultation information 2025,,chesterfield-borough-council-local-plan,local-plan,https://www.chesterfield.gov.uk/newlocalplan,https://www.chesterfield.gov.uk/media/egxnzkql/local-plan-consultation-pdf-version.pdf,2025-12-09,,,
3800034,chesterfield-borough-council-local-plan-2,Sustainability appraisal scoping report March 2025,,chesterfield-borough-council-local-plan,sustainability-appraisal,https://www.chesterfield.gov.uk/newlocalplan,https://www.chesterfield.gov.uk/media/katfdecd/sustainability-appraisal-scoping-report-2025.pdf,2025-12-09,,,
3800035,chesterfield-borough-council-local-plan-3,Local Development Scheme - 12 March 2025,,chesterfield-borough-council-local-plan,local-development-scheme,https://gbr01.safelinks.protection.outlook.com/?url=https://www.chesterfield.gov.uk/planning-and-building-control/planning-policy-and-the-local-plan/local-development-scheme/&data=05|02|Elaine.McGovern@Chesterfield.gov.uk|6bf9d4927a9147e488dd08dd986b95a7|991e3159c57547ca9c86cdd55f6aec1a|0|0|638834310023382867|Unknown|TWFpbGZsb3d8eyJFbXB0eU1hcGkiOnRydWUsIlYiOiIwLjAuMDAwMCIsIlAiOiJXaW4zMiIsIkFOIjoiTWFpbCIsIldUIjoyfQ==|0|||&sdata=oFeGP1zv2g87rBMtPWamySE82FDmPh5hyxYJXw/8yGc=&reserved=0,https://gbr01.safelinks.protection.outlook.com/media/44nejpem/local-development-scheme-12-march-2025.pdf,2025-12-09,,,
3800036,kirklees-council-local-plan-1,Kirklees Local Plan strategy and policies - Adopted 27 February 2019,,kirklees-council-local-plan,local-plan,https://www.kirklees.gov.uk/localplan,https://www.kirklees.gov.uk/beta/planning-policy/pdf/local-plan-strategy-and-policies.pdf,2025-12-09,,,
3800037,kirklees-council-local-plan-2,Kirklees Local Plan allocations and designations - Adopted 27 February 2019,,kirklees-council-local-plan,local-plan,https://www.kirklees.gov.uk/localplan,https://www.kirklees.gov.uk/beta/planning-policy/pdf/local-plan-allocations-and-designations.pdf,2025-12-09,,,
3800038,kirklees-council-local-plan-3,Local Plan Adoption Statement,,kirklees-council-local-plan,adoption-statement,https://www.kirklees.gov.uk/localplan,https://www.kirklees.gov.uk/beta/planning-policy/pdf/local-plan-adoption-statement.pdf,2025-12-09,,,
3800039,kirklees-council-local-plan-4,Sustainability Appraisal Post-Adoption Statement,,kirklees-council-local-plan,adoption-statement,https://www.kirklees.gov.uk/localplan,https://www.kirklees.gov.uk/beta/planning-policy/pdf/sustainability-appraisal-post-adoption-statement.pdf,2025-12-09,,,
3800040,kirklees-council-local-plan-2021-1,Holme Valley Neighbourhood Development Plan (NDP) 2021-2031 - Made Plan - December 2021,,kirklees-council-local-plan-2021,neighbourhood-plan,https://www.kirklees.gov.uk/localplan,https://www.kirklees.gov.uk/beta/planning-policy/pdf/holme-valley-NDP-made-plan.pdf,2025-12-09,,,
3800041,kirklees-council-local-plan-2024-1,Local Development Scheme,,kirklees-council-local-plan-2024,local-development-scheme,https://www.kirklees.gov.uk/local-development-scheme,https://www.kirklees.gov.uk/beta/planning-policy/pdf/local-development-scheme-timetable.pdf,2025-12-09,,,
3800042,kirklees-council-local-plan-2024-2,"Cabinet report, 17th October 2023",,kirklees-council-local-plan-2024,local-plan,https://www.kirklees.gov.uk/beta/planning-policy/emerging-kirklees-local-plan.aspx,https://democracy.kirklees.gov.uk/documents/s53902/2023-10-17%20Local%20Plan%20Review-Update%20Cabinet%20Report%20and%20App1%20finaldocx.pdf,2025-12-09,,,
3800043,cambridge-city-council-local-plan-2018-1,Cambridge Local Plan 2018,,cambridge-city-council-local-plan-2018,local-plan,https://www.cambridge.gov.uk/local-plan-2018,https://www.cambridge.gov.uk/media/6890/local-plan-2018.pdf,2025-12-09,,,
3800044,cambridge-city-council-local-plan-2018-2,Policies map,,cambridge-city-council-local-plan-2018,policies-map,https://www.cambridge.gov.uk/local-plan-2018,https://www.cambridge.gov.uk/media/6892/development-plan-adopted-policies-map.pdf,2025-12-09,,,
3800045,cambridge-city-council-local-plan-2018-3,Adoption statement,,cambridge-city-council-local-plan-2018,adoption-statement,https://www.cambridge.gov.uk/local-plan-2018,https://www.cambridge.gov.uk/media/6791/local-plan-2018-adoption-statement.pdf,2025-12-09,,,
3800046,cambridge-city-council-local-plan-2018-4,Report and Schedule of Main Modifications,,cambridge-city-council-local-plan-2018,inspectors-report,https://www.cambridge.gov.uk/local-plan-2018,https://www.cambridge.gov.uk/media/6789/local-plan-2018-inspectors-examination-report.pdf,2025-12-09,,,
3800047,cambridge-city-council-local-plan-2018-5,Additional modifications,,cambridge-city-council-local-plan-2018,local-plan,https://www.cambridge.gov.uk/local-plan-2018,https://www.cambridge.gov.uk/media/6790/local-plan-2018-schedule-of-additional-modifications.pdf,2025-12-09,,,
3800048,cambridge-city-council-local-plan-2018-6,Policies maps modifications document (RD/EX/140),,cambridge-city-council-local-plan-2018,policies-map,https://www.cambridge.gov.uk/local-plan-2018,https://cambridge.blob.core.windows.net/public/ldf/coredocs/RD-EX/rd-ex-140.pdf,2025-12-09,,,
3800049,cambridge-city-council-local-plan-2018-7,Cambridge Local Plan Sustainability Appraisal Adoption Statement,,cambridge-city-council-local-plan-2018,sustainability-appraisal,https://www.cambridge.gov.uk/local-plan-2018,https://www.cambridge.gov.uk/media/6788/local-plan-2018-sustainability-appraisal-adoption-statement.pdf,2025-12-09,,,
3800050,cambridge-city-council-local-plan-1,Cambridge Local Plan Inspector's Report (2006),,cambridge-city-council-local-plan,inspectors-report,https://www.cambridge.gov.uk/planning-policy-publications,https://www.cambridge.gov.uk/media/5752/ccc-local-plan-2006-inspectors-report.pdf,2025-12-09,,,
3800051,city-of-bradford-metropolitan-district-council-local-plan-1,Adopted Core Strategy (2017),,city-of-bradford-metropolitan-district-council-local-plan,core-strategy,https://www.bradford.gov.uk/planningpolicy,,2025-12-09,,,
3800052,city-of-bradford-metropolitan-district-council-local-plan-2,Replacement Unitary Development Plan (RUDP),,city-of-bradford-metropolitan-district-council-local-plan,local-plan,https://www.bradford.gov.uk/planningpolicy,,2025-12-09,,,
3800053,city-of-bradford-metropolitan-district-council-local-plan-3,Update on the Local Plan – Regulation 18 Consultation 2021,,city-of-bradford-metropolitan-district-council-local-plan,local-plan-regulation-18,https://www.bradford.gov.uk/planningpolicy,,2025-12-09,,,
3800054,city-of-bradford-metropolitan-district-council-local-plan-4,Waste Management DPD,,city-of-bradford-metropolitan-district-council-local-plan,local-plan,https://www.bradford.gov.uk/planning-and-building-control/planning-policy/adopted-local-plan/,,2025-12-09,,,
3800055,city-of-bradford-metropolitan-district-council-local-plan-5,Allocations DPD,,city-of-bradford-metropolitan-district-council-local-plan,site-allocations,https://www.bradford.gov.uk/planning-and-building-control/planning-policy/emerging-local-plan/,,2025-12-09,,,
3800056,city-of-bradford-metropolitan-district-council-local-plan-6,Statement of Community Involvement 2025,,city-of-bradford-metropolitan-district-council-local-plan,statement-of-community-involvement,https://bradford.oc2.uk/,,2025-12-09,,,
3800057,city-of-bradford-metropolitan-district-council-local-plan-7,Equality Impact Assessment (EQIA) of the SCI,,city-of-bradford-metropolitan-district-council-local-plan,equalities-impact-assessment,https://bradford.oc2.uk/,,2025-12-09,,,
3800058,city-of-bradford-metropolitan-district-council-local-plan-8,Bingley Neighbourhood Development Plan,,city-of-bradford-metropolitan-district-council-local-plan,neighbourhood-plan,https://bradford.oc2.uk/,,2025-12-09,,,
3800059,city-of-bradford-metropolitan-district-council-local-plan-9,Bingley Neighbourhood Development Plan - Supporting Documents,,city-of-bradford-metropolitan-district-council-local-plan,neighbourhood-plan,https://bradford.oc2.uk/,,2025-12-09,,,
3800060,mole-valley-district-council-local-plan-2020-1,Mole Valley Local Plan 2020-2039,,mole-valley-district-council-local-plan-2020,local-plan,https://www.molevalley.gov.uk/local-plan,,2025-12-09,,,
3800061,london-borough-of-harrow-local-plan-2026-1,Local Plan Core Strategy,,london-borough-of-harrow-local-plan-2026,core-strategy,https://www.harrow.gov.uk/localplan,http://www.harrow.gov.uk/downloads/file/26426/local-plan-core-strategy.pdf,2025-12-09,,,
3800062,london-borough-of-harrow-local-plan-2026-2,Local Plan Core Strategy Adoption Notice,,london-borough-of-harrow-local-plan-2026,local-plan,https://www.harrow.gov.uk/localplan,http://www.harrow.gov.uk/downloads/file/23244/local-plan-core-strategy-adoption-notice.pdf,2025-12-09,,,
3800063,london-borough-of-harrow-local-plan-2026-3,Local Plan Core Strategy NPPF Compliance Statement,,london-borough-of-harrow-local-plan-2026,local-plan,https://www.harrow.gov.uk/localplan,http://www.harrow.gov.uk/downloads/file/23250/local-plan-core-strategy-nppf-compliance-statement.pdf,2025-12-09,,,
3800064,london-borough-of-harrow-local-plan-2026-4,Inspector's Report - Local Plan,,london-borough-of-harrow-local-plan-2026,inspectors-report,https://www.harrow.gov.uk/localplan,http://www.harrow.gov.uk/downloads/file/23267/local-plan-site-allocation-inspectors-report.pdf,2025-12-09,,,
3800065,london-borough-of-harrow-local-plan-2026-5,Local Plan Core Strategy Inspector's Report Appendices 1,,london-borough-of-harrow-local-plan-2026,local-plan,https://www.harrow.gov.uk/localplan,http://www.harrow.gov.uk/downloads/file/23248/local-plan-core-strategy-inspector-s-report-appendices-1.pdf,2025-12-09,,,
3800066,london-borough-of-harrow-local-plan-2026-6,Local Plan Core Strategy Inspector's Report Appendices 2,,london-borough-of-harrow-local-plan-2026,local-plan,https://www.harrow.gov.uk/localplan,http://www.harrow.gov.uk/downloads/file/23249/local-plan-core-strategy-inspector-s-report-appendices-2.pdf,2025-12-09,,,
3800067,london-borough-of-harrow-local-plan-1,Development Management Policies Local Plan,,london-borough-of-harrow-local-plan,local-plan,https://www.harrow.gov.uk/localplan,http://www.harrow.gov.uk/downloads/file/23258/local-plan-development-management-policies.pdf,2025-12-09,,,
3800068,london-borough-of-harrow-local-plan-2,Development Management Policies (Pre-Submission Version 2012),,london-borough-of-harrow-local-plan,development-management-policies,https://www.harrow.gov.uk/localplan,http://www.harrow.gov.uk/downloads/file/23259/local-plan-development-management-policy-pre-submission-version-.pdf,2025-12-09,,,
3800069,london-borough-of-harrow-local-plan-3,Development Management Consultation Statement from the Pre-Submission Document,,london-borough-of-harrow-local-plan,consultation-statement,https://www.harrow.gov.uk/localplan,http://www.harrow.gov.uk/downloads/file/23255/local-plan-development-management-consultation-statement-pre-submission-document-.pdf,2025-12-09,,,
3800070,london-borough-of-harrow-local-plan-4,Inspector's Report - Sites,,london-borough-of-harrow-local-plan,inspectors-report,https://www.harrow.gov.uk/localplan,http://www.harrow.gov.uk/downloads/file/23257/local-plan-development-management-inspector-s-report.pdf,2025-12-09,,,
3800071,london-borough-of-harrow-local-plan-5,Site Allocations Local Plan,,london-borough-of-harrow-local-plan,site-allocations,https://www.harrow.gov.uk/localplan,http://www.harrow.gov.uk/downloads/file/23269/local-plan-site-allocations.pdf,2025-12-09,,,
3800072,london-borough-of-harrow-local-plan-6,Site Allocation Sustainability Appraisal,,london-borough-of-harrow-local-plan,sustainability-appraisal,https://www.harrow.gov.uk/localplan,http://www.harrow.gov.uk/downloads/file/23268/local-plan-site-allocation-sustainability-appraisal.pdf,2025-12-09,,,
3800073,london-borough-of-harrow-local-plan-7,Site Allocation Habitats Regulations Assessment,,london-borough-of-harrow-local-plan,habitats-regulations-assessment,https://www.harrow.gov.uk/localplan,http://www.harrow.gov.uk/downloads/file/23266/local-plan-site-allocation-habitats-regulations-assessment.pdf,2025-12-09,,,
3800074,london-borough-of-harrow-local-plan-8,Site Allocation Equalities Impact Assessment,,london-borough-of-harrow-local-plan,equalities-impact-assessment,https://www.harrow.gov.uk/localplan,http://www.harrow.gov.uk/downloads/file/23265/local-plan-site-allocation-equalities-impact-assessment.pdf,2025-12-09,,,
3800075,london-borough-of-harrow-local-plan-9,Site Allocation Consultation Statement from the Preferred Option Document,,london-borough-of-harrow-local-plan,consultation-statement,https://www.harrow.gov.uk/localplan,http://www.harrow.gov.uk/downloads/file/23263/local-plan-site-allocation-consultation-statement-preferred-option-document-.pdf,2025-12-09,,,
3800076,london-borough-of-harrow-local-plan-10,Site Allocations: Pre-Submission Version 2012,,london-borough-of-harrow-local-plan,site-allocations,https://www.harrow.gov.uk/localplan,http://www.harrow.gov.uk/downloads/file/23260/local-plan-development-management-site-allocations-pre-submission-version-.pdf,2025-12-09,,,
3800077,london-borough-of-harrow-local-plan-11,Harrow and Wealdstone Area Action Plan,,london-borough-of-harrow-local-plan,local-development-scheme,https://www.harrow.gov.uk/localplan,http://www.harrow.gov.uk/downloads/file/23239/harrow-wealdstone-area-action-plan.pdf,2025-12-09,,,
3800078,london-borough-of-harrow-local-plan-12,Harrow and Wealdstone Area Action Plan (Pre-submission version),,london-borough-of-harrow-local-plan,local-development-scheme,https://www.harrow.gov.uk/localplan,http://www.harrow.gov.uk/downloads/file/23231/harrow-wealdstone-area-action-plan-pre-submission-version-.pdf,2025-12-09,,,
3800079,london-borough-of-harrow-local-plan-13,Harrow and Wealdstone Area Action Plan Adoption Statement,,london-borough-of-harrow-local-plan,adoption-statement,https://www.harrow.gov.uk/localplan,http://www.harrow.gov.uk/downloads/file/23232/harrow-wealdstone-area-action-plan-adoption-statement.pdf,2025-12-09,,,
3800080,london-borough-of-harrow-local-plan-14,Harrow and Wealdstone Area Action Plan Consultation Statement (Preferred Option Document),,london-borough-of-harrow-local-plan,consultation-statement,https://www.harrow.gov.uk/localplan,http://www.harrow.gov.uk/downloads/file/23233/harrow-wealdstone-area-action-plan-consultation-statement-preferred-option-document-.pdf,2025-12-09,,,
3800081,london-borough-of-harrow-local-plan-15,Harrow and Wealdstone Area Action Plan Consultation Statement (Pre-Submission Document),,london-borough-of-harrow-local-plan,consultation-statement,https://www.harrow.gov.uk/localplan,http://www.harrow.gov.uk/downloads/file/23234/harrow-wealdstone-area-action-plan-consultation-statement-pre-submission-document-.pdf,2025-12-09,,,
3800082,london-borough-of-harrow-local-plan-16,Harrow and Wealdstone Area Action Plan Equalities Impact Assessment,,london-borough-of-harrow-local-plan,equalities-impact-assessment,https://www.harrow.gov.uk/localplan,http://www.harrow.gov.uk/downloads/file/23235/harrow-wealdstone-area-action-plan-equalities-impact-assessment.pdf,2025-12-09,,,
3800083,london-borough-of-harrow-local-plan-17,Harrow and Wealdstone Area Action Plan Habitats Regulations Assessment,,london-borough-of-harrow-local-plan,habitats-regulations-assessment,https://www.harrow.gov.uk/localplan,http://www.harrow.gov.uk/downloads/file/23236/harrow-wealdstone-area-action-plan-habitats-regulations-assessment.pdf,2025-12-09,,,
3800084,london-borough-of-harrow-local-plan-18,Harrow and Wealdstone Area Action Plan Inspector's Report,,london-borough-of-harrow-local-plan,inspectors-report,https://www.harrow.gov.uk/localplan,http://www.harrow.gov.uk/downloads/file/23237/harrow-wealdstone-area-action-plan-inspector-s-report.pdf,2025-12-09,,,
3800085,london-borough-of-harrow-local-plan-19,Harrow and Wealdstone Area Action Plan Sustainability Appraisal,,london-borough-of-harrow-local-plan,sustainability-appraisal,https://www.harrow.gov.uk/localplan,http://www.harrow.gov.uk/downloads/file/23238/harrow-wealdstone-area-action-plan-sustainability-appraisal.pdf,2025-12-09,,,
3800086,test-valley-borough-council-local-plan-2011-1,Test Valley Borough Revised Local Plan (Adopted Local Plan 2011 - 2029),,test-valley-borough-council-local-plan-2011,local-plan-adopted,https://testvalley.gov.uk/planning-services/planningpolicy/local-development-framework/dpd,https://testvalley.gov.uk/assets/attach/2446/Adopted-Local-Plan-2011-2029.pdf,2025-12-09,,,
3800087,test-valley-borough-council-local-plan-2011-2,KEY Inset Maps 1 - 55 (Adopted Local Plan 2011 - 2029 Maps),,test-valley-borough-council-local-plan-2011,local-plan-adopted,https://testvalley.gov.uk/planning-services/planningpolicy/local-development-framework/dpd,https://testvalley.gov.uk/assets/attach/2448/Key.pdf,2025-12-09,,,
3800088,test-valley-borough-council-local-plan-2011-3,Inset Maps 2011 - 2029,,test-valley-borough-council-local-plan-2011,local-plan,https://testvalley.gov.uk/planning-services/planningpolicy/local-development-framework/dpd,https://testvalley.gov.uk/assets/attach/2449/Inset-Map-Book.pdf,2025-12-09,,,
3800089,test-valley-borough-council-local-plan-2011-4,Proposals Maps - Adopted Local Plan 2011 - 2029,,test-valley-borough-council-local-plan-2011,policies-map,https://testvalley.gov.uk/planning-services/planningpolicy/local-development-framework/dpd,https://testvalley.gov.uk/assets/attach/2450/Adopted-Local-Plan-2011-2029-Proposals-Map-Book.pdf,2025-12-09,,,
3800090,test-valley-borough-council-local-plan-2011-5,Test Valley RLP Inspector's Report,,test-valley-borough-council-local-plan-2011,inspectors-report,https://testvalley.gov.uk/planning-services/planningpolicy/local-development-framework/dpd,https://testvalley.gov.uk/assets/attach/2451/Test-Valley-RLP-Inspector-s-Report.pdf,2025-12-09,,,
3800091,test-valley-borough-council-local-plan-2011-6,Appendix to Test Valley RLP Inpsector's Report,,test-valley-borough-council-local-plan-2011,local-plan,https://testvalley.gov.uk/planning-services/planningpolicy/local-development-framework/dpd,https://testvalley.gov.uk/assets/attach/2452/Appendix-to-Test-Valley-RLP-Inspector-s-Report.pdf,2025-12-09,,,
3800092,test-valley-borough-council-local-plan-2011-7,Test Valley Borough Revised Local Plan 2011-2029 Sustainability Appraisal Adoption Statement (January 2016),,test-valley-borough-council-local-plan-2011,adoption-statement,https://testvalley.gov.uk/planning-services/planningpolicy/local-development-framework/dpd,https://testvalley.gov.uk/assets/attach/2454/pt1-4-151207-SEA-Statement.pdf,2025-12-09,,,
3800093,test-valley-borough-council-local-plan-2011-8,Test Valley Borough Revised Local Plan 2011-2029 Adoption Statement (January 2016),,test-valley-borough-council-local-plan-2011,adoption-statement,https://testvalley.gov.uk/planning-services/planningpolicy/local-development-framework/dpd,https://testvalley.gov.uk/assets/attach/2455/RLP-Statutory-notice-Jan-16.pdf,2025-12-09,,,
3800094,test-valley-borough-council-local-plan-2011-9,Review of Habitats Regulations Assessment for RLP Modifications,,test-valley-borough-council-local-plan-2011,habitats-regulations-assessment,https://testvalley.gov.uk/planning-services/planningpolicy/local-development-framework/dpd,https://testvalley.gov.uk/assets/attach/2491/TVBC-16-HRA-for-Modifications-FOR-CONSULTATION.pdf,2025-12-09,,,
3800095,test-valley-borough-council-local-plan-2011-10,Habitat Regulation Assessment for Revised Local Plan DPD – Addendum (June 2014),,test-valley-borough-council-local-plan-2011,local-plan,https://testvalley.gov.uk/planning-services/planningpolicy/local-development-framework/dpd,https://testvalley.gov.uk/assets/attach/2492/EB-AD-6-Habitat-Addendum-FINAL.pdf,2025-12-09,,,
3800096,test-valley-borough-council-local-plan-2011-11,Habitat Regulation Assessment for Revised Local Plan DPD Main Report (Nov 2013),,test-valley-borough-council-local-plan-2011,habitats-regulations-assessment,https://testvalley.gov.uk/planning-services/planningpolicy/local-development-framework/dpd,https://testvalley.gov.uk/assets/attach/2493/TVBC-Local-Plan-DPD-HRA-Final.pdf,2025-12-09,,,
3800097,test-valley-borough-council-local-plan-2011-12,Sustainability Appraisal of RLP Main Modification,,test-valley-borough-council-local-plan-2011,sustainability-appraisal,https://testvalley.gov.uk/planning-services/planningpolicy/local-development-framework/dpd,https://testvalley.gov.uk/assets/attach/2481/TVBC-15-SA-for-Modifications-FOR-CONSULTATION.pdf,2025-12-09,,,
3800098,test-valley-borough-council-local-plan-2011-13,Sustainability Appraisal for Local Plan DPD - Regulation 19 Main Report (Nov 2013),,test-valley-borough-council-local-plan-2011,sustainability-appraisal,https://testvalley.gov.uk/planning-services/planningpolicy/local-development-framework/dpd,https://testvalley.gov.uk/assets/attach/2482/SA-Main-Report.pdf,2025-12-09,,,
3800099,test-valley-borough-council-local-plan-2011-14,Sustainability Appraisal for Local Plan DPD - Appendices (Nov 2013),,test-valley-borough-council-local-plan-2011,sustainability-appraisal,https://testvalley.gov.uk/planning-services/planningpolicy/local-development-framework/dpd,https://testvalley.gov.uk/assets/attach/2483/SA-Appendices.pdf,2025-12-09,,,
3800100,test-valley-borough-council-local-plan-2011-15,Sustainability Appraisal for Local Plan DPD - Non Technical Summary (Nov 2013),,test-valley-borough-council-local-plan-2011,sustainability-appraisal,https://testvalley.gov.uk/planning-services/planningpolicy/local-development-framework/dpd,https://testvalley.gov.uk/assets/attach/2484/SA-Non-Technical-Summary.pdf,2025-12-09,,,
3800101,test-valley-borough-council-local-plan-2011-16,Five Year Review – PAS Local Plan Route Mapper Toolkit Part 1 (January 2021),,test-valley-borough-council-local-plan-2011,local-plan,https://testvalley.gov.uk/planning-services/planningpolicy/local-development-framework/dpd,https://testvalley.gov.uk/assets/attach/12861/TVBC-Jan-2021-PAS-TOOLKIT-PART-1-LOCAL-PLAN-REVIEW.pdf,2025-12-09,,,
3800102,test-valley-borough-council-local-plan-2011-17,Five Year Review – PAS Local Plan Route Mapper Toolkit Part 2 (January 2021),,test-valley-borough-council-local-plan-2011,local-plan,https://testvalley.gov.uk/planning-services/planningpolicy/local-development-framework/dpd,https://testvalley.gov.uk/assets/attach/12862/TVBC-Jan-2021-PAS-TOOLKIT-PART-2-LOCAL-PLAN-CONTENT.pdf,2025-12-09,,,
3800103,test-valley-borough-council-local-plan-2011-18,Five Year Review – Advisory Note Local Plan Review IPE/PAS (January 2021),,test-valley-borough-council-local-plan-2011,local-plan-review,https://testvalley.gov.uk/planning-services/planningpolicy/local-development-framework/dpd,https://testvalley.gov.uk/assets/attach/12863/Advisory-Note-Test-Valley-KH-250121-final.pdf,2025-12-09,,,
3800104,west-devon-borough-council-local-plan-2034-1,Plymouth and South West Devon Joint Local Plan (March 2019),,west-devon-borough-council-local-plan-2034,local-plan,https://www.westdevon.gov.uk/your-council/council-plans-policies-and-reports/policies/planning-policies/plymouth-and-south-west,https://www.westdevon.gov.uk/sites/default/files/2023-07/Plymouth%20and%20South%20West%20Devon%20Joint%20Local%20Plan%20%28March%202019%29.pdf,2025-12-09,,,
3800105,west-devon-borough-council-local-plan-2034-2,Plymouth and South West Devon Joint Local Plan Adoption Statement,,west-devon-borough-council-local-plan-2034,adoption-statement,https://www.westdevon.gov.uk/your-council/council-plans-policies-and-reports/policies/planning-policies/plymouth-and-south-west,https://www.westdevon.gov.uk/sites/default/files/2023-07/Plymouth%20and%20South%20West%20Devon%20Joint%20Local%20Plan%20Adoption%20Statement.pdf,2025-12-09,,,
3800106,west-devon-borough-council-local-plan-2034-3,Plymouth and South West Devon Joint Local Plan Five Year Review Report 2024,,west-devon-borough-council-local-plan-2034,local-plan,https://www.westdevon.gov.uk/your-council/council-plans-policies-and-reports/policies/planning-policies/plymouth-and-south-west,https://www.westdevon.gov.uk/sites/default/files/2024-03/Plymouth%20and%20South%20West%20Devon%20Joint%20Local%20Plan%20Five%20Year%20Review%20Report%202024.pdf,2025-12-09,,,
3800107,bath-and-north-east-somerset-council-local-plan-1,Local planning policy and guidance,,bath-and-north-east-somerset-council-local-plan,local-plan,https://www.bathnes.gov.uk/local-plan,,2025-12-09,,,
3800108,bath-and-north-east-somerset-council-local-plan-2022-1,Local Plan Options consultation,,bath-and-north-east-somerset-council-local-plan-2022,local-plan,https://www.bathnes.gov.uk/emerging-local-plan,,2025-12-09,,,
3800109,bath-and-north-east-somerset-council-local-plan-2022-2,Local Plan Reset (Feb 2025),,bath-and-north-east-somerset-council-local-plan-2022,local-plan,https://www.bathnes.gov.uk/emerging-local-plan,,2025-12-09,,,
3800110,bath-and-north-east-somerset-council-local-plan-2022-3,Local Plan Options consultation evidence base and supporting documents,,bath-and-north-east-somerset-council-local-plan-2022,local-plan,https://www.bathnes.gov.uk/local-plan-evidence-base-and-supporting-documents,,2025-12-09,,,
3800111,bath-and-north-east-somerset-council-local-plan-2022-4,Evidence base prepared so far to inform the Spatial Development Strategy,,bath-and-north-east-somerset-council-local-plan-2022,local-plan,https://www.bathnes.gov.uk/local-plan,,2025-12-09,,,
3800112,london-borough-of-merton-local-plan-1,Local Development Scheme 2019-2022,,london-borough-of-merton-local-plan,local-development-scheme,https://www.merton.gov.uk/local-plan,https://www.merton.gov.uk/assets/Documents/Local%20Development%20Scheme%20%202019%20.%202022.pdf,2025-12-09,,,
3800113,london-borough-of-merton-local-plan-2,Statement of Community Involvement,,london-borough-of-merton-local-plan,statement-of-community-involvement,https://www.merton.gov.uk/local-plan,https://www.merton.gov.uk/assets/Documents/Statement%20of%20Community%20Involvement%202020.pdf,2025-12-09,,,
3800114,london-borough-of-merton-local-plan-3,Authority Monitoring Report 2023-2024,,london-borough-of-merton-local-plan,authority-monitoring-report,https://www.merton.gov.uk/local-plan,https://www.merton.gov.uk/system/files/Merton_AMR_2023-24.pdf,2025-12-09,,,
3800115,london-borough-of-merton-local-plan-2011-1,Merton's Core Planning Strategy 2011-2026 (adopted),,london-borough-of-merton-local-plan-2011,core-strategy,https://www.merton.gov.uk/local-plan,https://www.merton.gov.uk/assets/Documents/0328_merton_core_strategy_adopted.pdf,2025-12-09,,,
3800116,london-borough-of-merton-local-plan-2011-2,Sustainability appraisal of our Core Strategy,,london-borough-of-merton-local-plan-2011,sustainability-appraisal,https://www.merton.gov.uk/local-plan,https://www.merton.gov.uk/assets/Documents/0328_sustainability_appraisal_core_strategy__june2010.pdf,2025-12-09,,,
3800117,london-borough-of-merton-local-plan-2011-3,Merton's Core Strategy - Planning Inspector's report 7 June 2011,,london-borough-of-merton-local-plan-2011,inspectors-report,https://www.merton.gov.uk/local-plan,https://www.merton.gov.uk/assets/Documents/0328_planning_inspector_report.pdf,2025-12-09,,,
3800118,london-borough-of-merton-local-plan-2011-4,Merton Core Planning Strategy - adoption notice,,london-borough-of-merton-local-plan-2011,adoption-statement,https://www.merton.gov.uk/local-plan,https://www.merton.gov.uk/assets/Documents/0328_cs_adoption_notice.pdf,2025-12-09,,,
3800119,london-borough-of-merton-local-plan-2022-1,South London Waste Plan 2022-2037,,london-borough-of-merton-local-plan-2022,local-plan,https://www.merton.gov.uk/local-plan,https://www.merton.gov.uk/system/files/Adopted%20South%20London%20Waste%20Plan%202022-2037.pdf,2025-12-09,,,
3800120,london-borough-of-merton-local-plan-2022-2,Adoption Statement,,london-borough-of-merton-local-plan-2022,adoption-statement,https://www.merton.gov.uk/local-plan,https://www.merton.gov.uk/system/files/2022-12-15%20Adoption%20Statement%20for%20the%20South%20London%20Waste%20Plan%202022-2037.pdf,2025-12-09,,,
3800121,london-borough-of-merton-local-plan-2022-3,Inspectors' Report on the Draft South London Waste Plan,,london-borough-of-merton-local-plan-2022,inspectors-report,https://www.merton.gov.uk/local-plan,https://www.merton.gov.uk/system/files/Planning%20Inspectors%27%20Final%20Report%20on%20the%20draft%20South%20London%20Waste%20Plan.pdf,2025-12-09,,,
3800122,london-borough-of-merton-local-plan-2022-4,Appendix - Schedule of Main Modifications and Annexes,,london-borough-of-merton-local-plan-2022,main-modifications,https://www.merton.gov.uk/local-plan,https://www.merton.gov.uk/system/files/Appendix%20-%20Schedule%20of%20Main%20Modifications%20and%20Annexes.pdf,2025-12-09,,,
3800123,london-borough-of-merton-local-plan-2012-1,South London Waste Plan 2012-2022,,london-borough-of-merton-local-plan-2012,local-plan,https://www.merton.gov.uk/local-plan,https://www.merton.gov.uk/assets/Documents/0328%20south_london_waste_plan_adopted.pdf,2025-12-09,,,
3800124,south-staffordshire-council-local-plan-1,Publication Plan (Pre-submission) - 2024,,south-staffordshire-council-local-plan,local-plan-regulation-19,https://www.sstaffs.gov.uk/planning/planning-policy-and-local-plans/local-plan-review,,2025-12-09,,,
3800125,south-staffordshire-council-local-plan-2,Publication Plan (Pre-submission) - 2022,,south-staffordshire-council-local-plan,local-plan-regulation-19,https://www.sstaffs.gov.uk/planning/planning-policy-and-local-plans/local-plan-review,,2025-12-09,,,
3800126,south-staffordshire-council-local-plan-3,Responses to Regulation 19 Consultations-2024,,south-staffordshire-council-local-plan,local-plan-regulation-19,https://www.sstaffs.gov.uk/local-plan-review-examination,,2025-12-09,,,
3800127,south-staffordshire-council-local-plan-4,Responses to Regulation 19 Consultations-2022,,south-staffordshire-council-local-plan,local-plan-regulation-19,https://www.sstaffs.gov.uk/local-plan-review-examination,,2025-12-09,,,
3800128,south-staffordshire-council-local-plan-5,Examination Library (Evidence Base),,south-staffordshire-council-local-plan,local-plan,https://www.sstaffs.gov.uk/local-plan-review-examination,,2025-12-09,,,
3800129,south-staffordshire-council-local-plan-6,Local Plan Review Evidence Base,,south-staffordshire-council-local-plan,local-plan-review,https://www.sstaffs.gov.uk/planning/planning-policy-and-local-plans/local-plan-review,,2025-12-09,,,
3800130,rushmoor-borough-council-local-plan-2032-1,Rushmoor Local Plan,,rushmoor-borough-council-local-plan-2032,local-plan,https://www.rushmoor.gov.uk/planning-and-building-control/planning-policies/the-rushmoor-local-plan/,https://www.rushmoor.gov.uk/media/uwbafz5t/final_rushmoor_local_plan_web_version.pdf,2025-12-09,,,
3800131,rushmoor-borough-council-local-plan-2032-2,Local plan adoption statement,,rushmoor-borough-council-local-plan-2032,adoption-statement,https://www.rushmoor.gov.uk/planning-and-building-control/planning-policies/the-rushmoor-local-plan/,https://www.rushmoor.gov.uk/media/5prc554h/adoption_statement-accessible.pdf,2025-12-09,,,
3800132,rushmoor-borough-council-local-plan-2032-3,Local plan inspector's report,,rushmoor-borough-council-local-plan-2032,inspectors-report,https://www.rushmoor.gov.uk/planning-and-building-control/planning-policies/the-rushmoor-local-plan/,https://www.rushmoor.gov.uk/media/14fp4suk/local_plan_inspectors_report_final-accessible.pdf,2025-12-09,,,
3800133,rushmoor-borough-council-local-plan-2032-4,Habitats regulations assessment (HRA),,rushmoor-borough-council-local-plan-2032,habitats-regulations-assessment,https://www.rushmoor.gov.uk/planning-and-building-control/planning-policies/the-rushmoor-local-plan/,https://www.rushmoor.gov.uk/media/wrznaddk/habitats_reg_assessment_2017_-_final.pdf,2025-12-09,,,
3800134,rushmoor-borough-council-local-plan-2032-5,Equalities impact assessment (EiA),,rushmoor-borough-council-local-plan-2032,equalities-impact-assessment,https://www.rushmoor.gov.uk/planning-and-building-control/planning-policies/the-rushmoor-local-plan/,https://www.rushmoor.gov.uk/media/exjlvmv3/equality_impact_assessment_-_local_plan_2017-accessible.pdf,2025-12-09,,,
3800135,rushmoor-borough-council-local-plan-2032-6,Sustainability appraisal (SA),,rushmoor-borough-council-local-plan-2032,sustainability-appraisal,https://www.rushmoor.gov.uk/planning-and-building-control/planning-policies/the-rushmoor-local-plan/,https://www.rushmoor.gov.uk/media/rt5pdvto/sa_reg_19_final_report.pdf,2025-12-09,,,
3800136,rushmoor-borough-council-local-plan-2032-7,Sustainability appraisal (SA) adoption statement,,rushmoor-borough-council-local-plan-2032,adoption-statement,https://www.rushmoor.gov.uk/planning-and-building-control/planning-policies/the-rushmoor-local-plan/,https://www.rushmoor.gov.uk/media/3j2fvs5g/rushmoor_local_plan_sa_adoption_statement_v4_final_050319.pdf,2025-12-09,,,
3800137,rushmoor-borough-council-local-plan-2032-8,Sustainability appraisal (SA) non-technical summary,,rushmoor-borough-council-local-plan-2032,sustainability-appraisal,https://www.rushmoor.gov.uk/planning-and-building-control/planning-policies/the-rushmoor-local-plan/,https://www.rushmoor.gov.uk/media/xwsdscku/sa_non_tech_summary_reg_19_2017_final.pdf,2025-12-09,,,
3800138,rushmoor-borough-council-local-plan-2032-9,Duty to cooperate statement (2018),,rushmoor-borough-council-local-plan-2032,local-plan,https://www.rushmoor.gov.uk/planning-and-building-control/planning-policies/the-rushmoor-local-plan/,https://www.rushmoor.gov.uk/media/ujxhmqrv/cd01_08_duty_to_cooperate_statement_2018.pdf,2025-12-09,,,
3800139,rushmoor-borough-council-local-plan-2032-10,Rushmoor Local Plan policies map - Aldershot,,rushmoor-borough-council-local-plan-2032,policies-map,https://www.rushmoor.gov.uk/planning-and-building-control/planning-policies/the-rushmoor-local-plan/local-plan-policies-map/,https://www.rushmoor.gov.uk/media/v1mfyehu/local_plan_policies_map-aldershot-feb-2019-accessible.pdf,2025-12-09,,,
3800140,rushmoor-borough-council-local-plan-2032-11,Rushmoor Local Plan policies map - Farnborough,,rushmoor-borough-council-local-plan-2032,policies-map,https://www.rushmoor.gov.uk/planning-and-building-control/planning-policies/the-rushmoor-local-plan/local-plan-policies-map/,https://www.rushmoor.gov.uk/media/gmta40qx/local_plan_policies_map_-_farnborough_-_feb_2019-accessible.pdf,2025-12-09,,,
3800141,rushmoor-borough-council-local-plan-2032-12,"Rushmoor Local Plan policies map - Insets for Aldershot, Farnborough and North Camp",,rushmoor-borough-council-local-plan-2032,policies-map,https://www.rushmoor.gov.uk/planning-and-building-control/planning-policies/the-rushmoor-local-plan/local-plan-policies-map/,https://www.rushmoor.gov.uk/media/yvybqieb/local_plan_policies_map_-_insets_-_feb_2019-accessible.pdf,2025-12-09,,,
3800142,rushmoor-borough-council-local-plan-2032-13,Rushmoor Local Plan policies map - Schedule of Factual Changes (June 2025),,rushmoor-borough-council-local-plan-2032,policies-map,https://www.rushmoor.gov.uk/planning-and-building-control/planning-policies/the-rushmoor-local-plan/local-plan-policies-map/,https://www.rushmoor.gov.uk/media/l2hlmbck/rushmoor-local-plan-policies-map-schedule-of-factual-changes-june-2025.pdf,2025-12-09,,,
3800143,rushmoor-borough-council-local-plan-1,Rushmoor Core Strategy (2011),,rushmoor-borough-council-local-plan,core-strategy,https://www.rushmoor.gov.uk/planning-and-building-control/planning-policies/former-local-plans-and-policies/,https://www.rushmoor.gov.uk/media/jrzm4u0b/core_strategy_on-line.pdf,2025-12-09,,,
3800144,rushmoor-borough-council-local-plan-1996-1,Local Plan Review 1996-2011 (2000),,rushmoor-borough-council-local-plan-1996,local-plan-review,https://www.rushmoor.gov.uk/planning-and-building-control/planning-policies/former-local-plans-and-policies/,https://www.rushmoor.gov.uk/media/es5fdhi4/consolidated_lpr_-with_adoption_of_cs.pdf,2025-12-09,,,
3800145,rushmoor-borough-council-local-plan-1996-2,Proposals Map of Rushmoor Core Strategy and Saved Policies from the Local Plan Review,,rushmoor-borough-council-local-plan-1996,policies-map,https://www.rushmoor.gov.uk/planning-and-building-control/planning-policies/former-local-plans-and-policies/,https://www.rushmoor.gov.uk/media/yr3obtw3/proposals_map_final_071211-150dpi-max.pdf,2025-12-09,,,
3800146,rushmoor-borough-council-local-plan-1996-3,Statement to Confirm Revocation of Supplementary Planning Documents (June 2019),,rushmoor-borough-council-local-plan-1996,supplementary-planning-document,https://www.rushmoor.gov.uk/planning-and-building-control/planning-policies/former-local-plans-and-policies/,https://www.rushmoor.gov.uk/media/u25g0vqf/statement_to_confirm_revocation_of_spds_-june_2019-accessible.pdf,2025-12-09,,,
3800147,northumberland-county-council-local-plan-2016-1,Northumberland Local Plan 2016-2036,,northumberland-county-council-local-plan-2016,neighbourhood-plan,https://www.northumberland.gov.uk/planning-and-building/planning-policy,,2025-12-09,,,
3800148,northumberland-county-council-local-plan-2016-2,"Studies, evidence, reports and guidance",,northumberland-county-council-local-plan-2016,neighbourhood-plan,https://www.northumberland.gov.uk/planning,,2025-12-09,,,
3800149,northumberland-county-council-local-plan-2016-3,Land and premises,,northumberland-county-council-local-plan-2016,strategic-environmental-assessment,https://www.northumberland.gov.uk/planning,,2025-12-09,,,
3800150,ipswich-borough-council-local-plan-2025-1,Guidance Note - Call for Sites 2025,,ipswich-borough-council-local-plan-2025,local-plan,https://www.ipswich.gov.uk/callforsites,https://www.ipswich.gov.uk/sites/ipswich/files/2025-10/FINAL%20Guidance%20Note%20-%20Call%20for%20Sites%202025%20%28web%29.pdf,2025-12-09,,,
3800151,ipswich-borough-council-local-plan-2025-2,Call for Sites Response Form 2025,,ipswich-borough-council-local-plan-2025,local-plan,https://www.ipswich.gov.uk/callforsites,https://www.ipswich.gov.uk/sites/ipswich/files/2025-10/FINAL%20Response%20Form%20%28PDF%29%20-%20IBC%20Call%20for%20Sites%202025_0.pdf,2025-12-09,,,
3800152,ipswich-borough-council-local-plan-2025-3,Call for Sites Response Form 2025 (Word),,ipswich-borough-council-local-plan-2025,local-plan,https://www.ipswich.gov.uk/callforsites,https://www.ipswich.gov.uk/sites/ipswich/files/2025-10/FINAL%20Response%20Form%20%28MSWord%29%20-%20IBC%20Call%20for%20Sites%202025.docx,2025-12-09,,,
3800153,ipswich-borough-council-local-plan-2018-1,Local Plan Glossary,,ipswich-borough-council-local-plan-2018,local-plan,https://www.ipswich.gov.uk/planning-and-building-control/planning-policy/ipswich-local-plan,https://www.ipswich.gov.uk/sites/ipswich/files/2024-09/local_plan_glossary.pdf,2025-12-09,,,
3800154,worthing-borough-council-local-plan-2032-1,Adur Local Plan 2017 (adopted) - Complete document,,worthing-borough-council-local-plan-2032,local-plan,https://www.adur-worthing.gov.uk/adur-local-plan,"https://www.adur-worthing.gov.uk/media/Media,159572,smxx.pdf",2025-12-09,,,
3800155,worthing-borough-council-local-plan-2032-2,Adur Local Plan 2017 (adopted) - Part 1,,worthing-borough-council-local-plan-2032,local-plan,https://www.adur-worthing.gov.uk/adur-local-plan,"https://www.adur-worthing.gov.uk/media/Media,147013,smxx.pdf",2025-12-09,,,
3800156,worthing-borough-council-local-plan-2032-3,Adur Local Plan 2017 (adopted) - Part 2,,worthing-borough-council-local-plan-2032,local-plan,https://www.adur-worthing.gov.uk/adur-local-plan,"https://www.adur-worthing.gov.uk/media/Media,147015,smxx.pdf",2025-12-09,,,
3800157,worthing-borough-council-local-plan-2032-4,Adur Local Plan 2017 (adopted) - Part 3,,worthing-borough-council-local-plan-2032,local-plan,https://www.adur-worthing.gov.uk/adur-local-plan,"https://www.adur-worthing.gov.uk/media/Media,147016,smxx.pdf",2025-12-09,,,
3800158,worthing-borough-council-local-plan-2032-5,Adur Local Plan 2017 (adopted) - Part 4,,worthing-borough-council-local-plan-2032,local-plan,https://www.adur-worthing.gov.uk/adur-local-plan,"https://www.adur-worthing.gov.uk/media/Media,147017,smxx.pdf",2025-12-09,,,
3800159,worthing-borough-council-local-plan-2032-6,Adur Local Plan 2017 (adopted) - Appendices,,worthing-borough-council-local-plan-2032,local-plan,https://www.adur-worthing.gov.uk/adur-local-plan,"https://www.adur-worthing.gov.uk/media/Media,147018,smxx.pdf",2025-12-09,,,
3800160,worthing-borough-council-local-plan-2032-7,Adur Policies Map 2019,,worthing-borough-council-local-plan-2032,policies-map,https://www.adur-worthing.gov.uk/adur-local-plan,"https://www.adur-worthing.gov.uk/media/Media,156286,smxx.pdf",2025-12-09,,,
3800161,worthing-borough-council-local-plan-2032-8,"Adur Policies Map 2019 - Inset maps 1, 2 & 3 (Shoreham, Lancing and Southwick town centres)",,worthing-borough-council-local-plan-2032,retail-and-town-centre-study,https://www.adur-worthing.gov.uk/adur-local-plan,"https://www.adur-worthing.gov.uk/media/Media,156287,smxx.pdf",2025-12-09,,,
3800162,worthing-borough-council-local-plan-2032-9,Adur Policies Map 2019 - Inset map 4 (Shoreham Harbour Regeneration Area),,worthing-borough-council-local-plan-2032,policies-map,https://www.adur-worthing.gov.uk/adur-local-plan,"https://www.adur-worthing.gov.uk/media/Media,156288,smxx.pdf",2025-12-09,,,
3800163,worthing-borough-council-local-plan-2032-10,Adur Local Plan 2017 - Adoption Statement,,worthing-borough-council-local-plan-2032,adoption-statement,https://www.adur-worthing.gov.uk/adur-local-plan,"https://www.adur-worthing.gov.uk/media/Media,147019,smxx.pdf",2025-12-09,,,
3800164,worthing-borough-council-local-plan-2032-11,Adur Local Plan 2017 (adopted) - Sustainability Appraisal - Post Adoption Statement,,worthing-borough-council-local-plan-2032,adoption-statement,https://www.adur-worthing.gov.uk/adur-local-plan,"https://www.adur-worthing.gov.uk/media/Media,147020,smxx.pdf",2025-12-09,,,
3800165,worthing-borough-council-local-plan-2032-12,Publication of Inspector's Report - Adur Local Plan,,worthing-borough-council-local-plan-2032,inspectors-report,https://www.adur-worthing.gov.uk/alp-examination/,"https://www.adur-worthing.gov.uk/media/Media,146237,smxx.pdf",2025-12-09,,,
3800166,worthing-borough-council-local-plan-2032-13,Main Modifications Appendix - Adur Local Plan,,worthing-borough-council-local-plan-2032,main-modifications,https://www.adur-worthing.gov.uk/alp-examination/,"https://www.adur-worthing.gov.uk/media/Media,146238,smxx.pdf",2025-12-09,,,
3800167,london-borough-of-croydon-local-plan-1,Croydon Local Plan 2018,,london-borough-of-croydon-local-plan,local-plan,https://www.croydon.gov.uk/planning-and-regeneration/planning-policy/croydons-development-plan/local-plan-2018,https://www.croydon.gov.uk/sites/default/files/Planning/Regeneration/Croydon_Local_Plan_2018.pdf,2025-12-09,,,
3800168,london-borough-of-croydon-local-plan-2,Croydon Local Plan 2018 Adoption Statement,,london-borough-of-croydon-local-plan,adoption-statement,https://www.croydon.gov.uk/planning-and-regeneration/planning-policy/croydons-development-plan/local-plan-2018,https://www.croydon.gov.uk/sites/default/files/2022-01/croydon-local-plan-2018-adoption-statement.pdf,2025-12-09,,,
3800169,london-borough-of-croydon-local-plan-3,Inspector's Report on the Croydon Local Plan,,london-borough-of-croydon-local-plan,inspectors-report,https://www.croydon.gov.uk/planning-and-regeneration/planning-policy/croydons-development-plan/local-plan-2018,https://www.croydon.gov.uk/sites/default/files/2022-01/inspectors-report-on-the-croydon-local-plan.pdf,2025-12-09,,,
3800170,london-borough-of-croydon-local-plan-4,Policies Map - Croydon Opportunity Area Inset,,london-borough-of-croydon-local-plan,policies-map,https://www.croydon.gov.uk/planning-and-regeneration/planning-policy/croydons-development-plan/local-plan-2018,https://www.croydon.gov.uk/sites/default/files/2022-01/policies-map-croydon-opportunity-area-inset.pdf,2025-12-09,,,
3800171,london-borough-of-croydon-local-plan-5,Policies Map - North Sheet,,london-borough-of-croydon-local-plan,policies-map,https://www.croydon.gov.uk/planning-and-regeneration/planning-policy/croydons-development-plan/local-plan-2018,https://www.croydon.gov.uk/sites/default/files/2022-01/policies-map-north-sheet.pdf,2025-12-09,,,
3800172,london-borough-of-croydon-local-plan-6,Policies Map - South Sheet,,london-borough-of-croydon-local-plan,policies-map,https://www.croydon.gov.uk/planning-and-regeneration/planning-policy/croydons-development-plan/local-plan-2018,https://www.croydon.gov.uk/sites/default/files/2022-01/policies-map-south-sheet.pdf,2025-12-09,,,
3800173,london-borough-of-croydon-local-plan-7,South London Waste Development Plan,,london-borough-of-croydon-local-plan,minerals-and-waste-plan,https://www.croydon.gov.uk/planning-and-regeneration/planning-policy/croydons-development-plan/local-plan-2018,https://www.croydon.gov.uk/sites/default/files/Planning/Adopted_SLWP_2012.pdf,2025-12-09,,,
3800174,southend-on-sea-borough-council-local-plan-1,Community Infrastructure Levy Charging Schedule - July 2015,,southend-on-sea-borough-council-local-plan,local-plan,https://www.southend.gov.uk/local-planning-framework/community-infrastructure-levy-cil,https://www.southend.gov.uk/downloads/file/3715/community_infrastructure_levy_charging_schedule_-_july_2015,2025-12-09,,,
3800175,southend-on-sea-borough-council-local-plan-2,CIL Instalment Policy 2015,,southend-on-sea-borough-council-local-plan,local-plan,https://www.southend.gov.uk/local-planning-framework/community-infrastructure-levy-cil,http://www.southend.gov.uk/downloads/file/3716/cil_instalment_policy,2025-12-09,,,
3800176,southend-on-sea-borough-council-local-plan-3,Supplementary Planning Document 2: Planning Obligations 2015,,southend-on-sea-borough-council-local-plan,supplementary-planning-document,https://www.southend.gov.uk/local-planning-framework/community-infrastructure-levy-cil,http://www.southend.gov.uk/downloads/file/3720/supplementary_planning_document_2_planning_obligations_2015,2025-12-09,,,
3800177,southend-on-sea-borough-council-local-plan-4,Infrastructure Delivery Plan 2015,,southend-on-sea-borough-council-local-plan,infrastructure-delivery-plan,https://www.southend.gov.uk/local-planning-framework/community-infrastructure-levy-cil,https://www.southend.gov.uk/downloads/file/3412/southend_infrastructure_delivery_plan_%20E2%2080%2093_february_2015,2025-12-09,,,
3800178,southend-on-sea-borough-council-local-plan-5,CIL Adoption Statement,,southend-on-sea-borough-council-local-plan,adoption-statement,https://www.southend.gov.uk/local-planning-framework/community-infrastructure-levy-cil,http://www.southend.gov.uk/downloads/file/3723/cil_adoption_statement,2025-12-09,,,
3800179,southend-on-sea-borough-council-local-plan-6,CIL Regulation 123 Infrastructure List 2015,,southend-on-sea-borough-council-local-plan,local-plan,https://www.southend.gov.uk/local-planning-framework/community-infrastructure-levy-cil,http://www.southend.gov.uk/downloads/file/3718/regulation_123_infrastructure_list,2025-12-09,,,
3800180,southend-on-sea-borough-council-local-plan-7,CIL Map - Central Charging Zone,,southend-on-sea-borough-council-local-plan,local-plan,https://www.southend.gov.uk/local-planning-framework/community-infrastructure-levy-cil,https://www.southend.gov.uk/downloads/file/4112/cil-map-central-charging-zone,2025-12-09,,,
3800181,southend-on-sea-borough-council-local-plan-8,CIL Map - Thorpe Bay Charging Zone,,southend-on-sea-borough-council-local-plan,local-plan,https://www.southend.gov.uk/local-planning-framework/community-infrastructure-levy-cil,https://www.southend.gov.uk/downloads/file/4113/cil-map-thorpe-bay-charging-zone,2025-12-09,,,
3800182,southend-on-sea-borough-council-local-plan-9,CIL Map - Leigh Charging Zone,,southend-on-sea-borough-council-local-plan,local-plan,https://www.southend.gov.uk/local-planning-framework/community-infrastructure-levy-cil,https://www.southend.gov.uk/downloads/file/4114/cil-map-leigh-charging-zone,2025-12-09,,,
3800183,southend-on-sea-borough-council-local-plan-10,CIL Governance Framework 2025,,southend-on-sea-borough-council-local-plan,local-plan,https://www.southend.gov.uk/local-planning-framework/community-infrastructure-levy-cil,https://democracy.southend.gov.uk/documents/s67768/Appendix%20A%20-%20CIL%20Governance%20Framework%202025.pdf,2025-12-09,,,
3800184,dover-district-council-local-plan-2040-1,Dover District Local Plan,,dover-district-council-local-plan-2040,local-plan,https://www.doverdistrictlocalplan.co.uk/about,https://www.doverdistrictlocalplan.co.uk/uploads/Adopted-Local-Plan-Documents/V2-Dover-District-Local-Plan-to-2040-Low-Resolution-for-viewing-7.68-MB.pdf,2025-12-09,,,
3800185,dover-district-council-local-plan-2040-2,Dover District Local Plan to 2040 (high resolution for download),,dover-district-council-local-plan-2040,local-plan,https://www.doverdistrictlocalplan.co.uk/about,https://www.doverdistrictlocalplan.co.uk/uploads/Adopted-Local-Plan-Documents/V2-Dover-District-Local-Plan-to-2040-High-Resolution-for-download-RGB-87.44-MB.pdf,2025-12-09,,,
3800186,dover-district-council-local-plan-2040-3,Dover District Local Plan to 2040 (Accessible Format - low resolution),,dover-district-council-local-plan-2040,local-plan,https://www.doverdistrictlocalplan.co.uk/about,https://www.doverdistrictlocalplan.co.uk/uploads/Adopted-Local-Plan-Documents/V2-Dover-District-Local-Plan-to-2040-Accessible-Format-Low-Resolution-for-viewing.pdf,2025-12-09,,,
3800187,dover-district-council-local-plan-2040-4,Adoption Statement,,dover-district-council-local-plan-2040,adoption-statement,https://www.doverdistrictlocalplan.co.uk/about,https://www.doverdistrictlocalplan.co.uk/uploads/pdfs/Adoption-statement.pdf,2025-12-09,,,
3800188,dover-district-council-local-plan-2040-5,Sustainability Appraisal Adoption Statement,,dover-district-council-local-plan-2040,adoption-statement,https://www.doverdistrictlocalplan.co.uk/about,https://www.doverdistrictlocalplan.co.uk/uploads/Dover-District-Council-Local-Plan-SA-Adoption-Statement.pdf,2025-12-09,,,
3800189,dover-district-council-local-plan-2040-6,Inspectors' Report,,dover-district-council-local-plan-2040,local-plan,https://www.doverdistrictlocalplan.co.uk/about,https://www.doverdistrictlocalplan.co.uk/uploads/Final-Report-of-LP/Dover-LP-Inspectors-Report-FINAL.pdf,2025-12-09,,,
3800190,dover-district-council-local-plan-2040-7,Inspector's Report Appendix – Schedule of Main Modifications,,dover-district-council-local-plan-2040,main-modifications,https://www.doverdistrictlocalplan.co.uk/about,https://www.doverdistrictlocalplan.co.uk/uploads/Final-Report-of-LP/Dover-LP-Main-Mods-Appendix-FINAL.pdf,2025-12-09,,,
3800191,dover-district-council-local-plan-2040-8,Sustainability Appraisal: Main Modification to the Dover District Local Plan,,dover-district-council-local-plan-2040,sustainability-appraisal,https://www.doverdistrictlocalplan.co.uk/about,https://www.doverdistrictlocalplan.co.uk/uploads/Examination-Documents/ED52-Sustainability-Appraisal-Main-Modifications.pdf,2025-12-09,,,
3800192,dover-district-council-local-plan-2040-9,Habitats Regulations Assessment – Regulation 19 HRA Updated 2024,,dover-district-council-local-plan-2040,habitats-regulations-assessment,https://www.doverdistrictlocalplan.co.uk/about,https://www.doverdistrictlocalplan.co.uk/uploads/Examination-Documents/ED53-HRA-Final-Updated.pdf,2025-12-09,,,
3800193,dover-district-council-local-plan-2040-10,Equalities Impact Assessment,,dover-district-council-local-plan-2040,equalities-impact-assessment,https://www.doverdistrictlocalplan.co.uk/about,https://www.doverdistrictlocalplan.co.uk/uploads/Adopted-Local-Plan-Documents/Equality-IA-Adoption-Version-Oct-2024.pdf,2025-12-09,,,
3800194,dover-district-council-local-plan-2040-11,Main Report including Appendices A-E (September 2022),,dover-district-council-local-plan-2040,local-plan,https://www.doverdistrictlocalplan.co.uk/about,https://www.doverdistrictlocalplan.co.uk/uploads/Submission-Documents/SD03a-Sustainability-Appraisal-Strategic-Environmental-Assessment-Report-inc.-Appendices-A-E-September-2022.pdf,2025-12-09,,,
3800195,dover-district-council-local-plan-2040-12,Appendix F Site Assessments (September 2022),,dover-district-council-local-plan-2040,site-allocations,https://www.doverdistrictlocalplan.co.uk/about,https://www.doverdistrictlocalplan.co.uk/uploads/Submission-Documents/SD03b-Sustainability-Appraisal-SA-Appendix-F-Site-Assessments-Sept-22.pdf,2025-12-09,,,
3800196,dover-district-council-local-plan-2040-13,Dover District Local Plan Regulation 19 Submission Document,,dover-district-council-local-plan-2040,local-plan-regulation-19,https://www.doverdistrictlocalplan.co.uk/about,https://www.doverdistrictlocalplan.co.uk/uploads/pdfs/Dover-District-Local-Plan-Regulation-19-Submission-Document-Oct-2022.pdf,2025-12-09,,,
3800197,dover-district-council-local-plan-1,Ash Neighbourhood Plan Sept 2021,,dover-district-council-local-plan,neighbourhood-plan,https://www.dover.gov.uk/Planning/Planning-Policy/Neighbourhood-Planning/Ash-Neighbourhood-Plan-Consultation.aspx,https://www.dover.gov.uk/Planning/Planning-Policy/PDF/Ash-NDP-Plan-Final-Sept-2021.pdf,2025-12-09,,,
3800198,dover-district-council-local-plan-2,Referendum verson of the Plan,,dover-district-council-local-plan,neighbourhood-plan,https://www.dover.gov.uk/Planning/Planning-Policy/Neighbourhood-Planning/Ash-Neighbourhood-Plan-Consultation.aspx,https://www.dover.gov.uk/Planning/Planning-Policy/PDF/Ash-NDP-Referendum-version-June-2021.pdf,2025-12-09,,,
3800199,dover-district-council-local-plan-3,Examiners' Final Report,,dover-district-council-local-plan,neighbourhood-plan,https://www.dover.gov.uk/Planning/Planning-Policy/Neighbourhood-Planning/Ash-Neighbourhood-Plan-Consultation.aspx,https://www.dover.gov.uk/Planning/Planning-Policy/PDF/Ash-NDP-2018-to-2037-Examiners-Final-Report.pdf,2025-12-09,,,
3800200,dover-district-council-local-plan-4,Ash NDP Submission Plan,,dover-district-council-local-plan,neighbourhood-plan,https://www.dover.gov.uk/Planning/Planning-Policy/Neighbourhood-Planning/Ash-Neighbourhood-Plan-Consultation.aspx,https://www.dover.gov.uk/Planning/Planning-Policy/Neighbourhood-Planning/Ash-NDP-submission-Plan-November-2020.pdf,2025-12-09,,,
3800201,dover-district-council-local-plan-5,Ash NDP Basic Conditions Statement,,dover-district-council-local-plan,neighbourhood-plan,https://www.dover.gov.uk/Planning/Planning-Policy/Neighbourhood-Planning/Ash-Neighbourhood-Plan-Consultation.aspx,https://www.dover.gov.uk/Planning/Planning-Policy/Neighbourhood-Planning/Ash-NDP-Basic-Conditions-Statement-November-2020.pdf,2025-12-09,,,
3800202,dover-district-council-local-plan-6,Ash NDP Consultation Statement,,dover-district-council-local-plan,consultation-statement,https://www.dover.gov.uk/Planning/Planning-Policy/Neighbourhood-Planning/Ash-Neighbourhood-Plan-Consultation.aspx,https://www.dover.gov.uk/Planning/Planning-Policy/Neighbourhood-Planning/Ash-NDP-Consultation-Statement-November-2020.pdf,2025-12-09,,,
3800203,dover-district-council-local-plan-7,Ash NDP HRA,,dover-district-council-local-plan,habitats-regulations-assessment,https://www.dover.gov.uk/Planning/Planning-Policy/Neighbourhood-Planning/Ash-Neighbourhood-Plan-Consultation.aspx,https://www.dover.gov.uk/Planning/Planning-Policy/Neighbourhood-Planning/Ash-NDP-HRA-November-2020.pdf,2025-12-09,,,
3800204,dover-district-council-local-plan-8,Ash NDP SEA,,dover-district-council-local-plan,strategic-environmental-assessment,https://www.dover.gov.uk/Planning/Planning-Policy/Neighbourhood-Planning/Ash-Neighbourhood-Plan-Consultation.aspx,https://www.dover.gov.uk/Planning/Planning-Policy/Neighbourhood-Planning/Ash-NDP-SEA-November-2020.pdf,2025-12-09,,,
3800205,cannock-chase-district-council-local-plan-2018-1,Cannock Chase Local Plan Pre-Submission Regulation 19 Document,,cannock-chase-district-council-local-plan-2018,local-plan-regulation-19,https://www.cannockchasedc.gov.uk/residents/planning-and-building-control/planning-policy/cannock-chase-local-plan,https://www.cannockchasedc.gov.uk/sites/default/files/document-library/Cannock%20Chase%20Local%20Plan%20Pre%20Submission%20Reg%2019.pdf,2025-12-09,,,
3800206,cannock-chase-district-council-local-plan-2018-2,Schedule of Proposed Main Modifications to the Cannock Chase Local Plan,,cannock-chase-district-council-local-plan-2018,main-modifications,https://www.cannockchasedc.gov.uk/localplan,https://www.cannockchasedc.gov.uk/sites/default/files/document-library/MOD1%20Schedule%20of%20Proposed%20Main%20Modifications%20to%20the%20Cannock%20Chase%20Local%20Plan.pdf,2025-12-09,,,
3800207,cannock-chase-district-council-local-plan-2018-3,Local Plan Policies Map - Oct 2025 A0 with modifications made,,cannock-chase-district-council-local-plan-2018,policies-map,https://www.cannockchasedc.gov.uk/localplan,https://www.cannockchasedc.gov.uk/sites/default/files/document-library/Local%20Plan%20Policies%20Map%20-%20Oct%202025%20A0%20with%20modifications%20made.pdf,2025-12-09,,,
3800208,cannock-chase-district-council-local-plan-2018-4,Local Plan Reg 19 Integrated Impact Assessment inc SA & HIA 02.24,,cannock-chase-district-council-local-plan-2018,health-impact-assessment,https://www.cannockchasedc.gov.uk/residents/planning-and-building-control/planning-policy/cannock-chase-local-plan,https://www.cannockchasedc.gov.uk/sites/default/files/document-library/Local%20Plan%20Reg%2019%20Integrated%20Impact%20Assessment%20inc%20SA%20%26%20HIA%2002.24_0.pdf,2025-12-09,,,
3800209,cannock-chase-district-council-local-plan-2018-5,Regulation19 Habitats Regulation Assessment 2024,,cannock-chase-district-council-local-plan-2018,habitats-regulations-assessment,https://www.cannockchasedc.gov.uk/residents/planning-and-building-control/planning-policy/cannock-chase-local-plan,https://www.cannockchasedc.gov.uk/sites/default/files/document-library/Cannock%20Chase%20Reg19%20HRA%20Report%202024.pdf,2025-12-09,,,
3800210,cannock-chase-district-council-local-plan-2018-6,Consultation Statement December 2023,,cannock-chase-district-council-local-plan-2018,consultation-statement,https://www.cannockchasedc.gov.uk/residents/planning-and-building-control/planning-policy/cannock-chase-local-plan,https://www.cannockchasedc.gov.uk/sites/default/files/document-library/Consultation%20Statement%20December%202023.pdf,2025-12-09,,,
3800211,cannock-chase-district-council-local-plan-2018-7,Infrastructure Delivery Plan 2023 Updated,,cannock-chase-district-council-local-plan-2018,infrastructure-delivery-plan,https://www.cannockchasedc.gov.uk/residents/planning-and-building-control/planning-policy/cannock-chase-local-plan,https://www.cannockchasedc.gov.uk/sites/default/files/document-library/Infrastructure%20Delivery%20Plan%202023%20Updated_1.pdf,2025-12-09,,,
3800212,cannock-chase-district-council-local-plan-1,Cannock Chase Local Plan - Local Plan (Part 1) 2014,,cannock-chase-district-council-local-plan,local-plan,https://www.cannockchasedc.gov.uk/residents/planning-and-building-control/planning-policy/cannock-chase-local-plan,https://www.cannockchasedc.gov.uk/sites/default/files/site-old/local_plan_part_1_09.04.14_low_res.pdf,2025-12-09,,,
3800213,cannock-chase-district-council-local-plan-2,Sustainability Appraisal,,cannock-chase-district-council-local-plan,sustainability-appraisal,https://www.cannockchasedc.gov.uk/residents/planning-and-building-control/planning-policy/cannock-chase-local-plan,https://www.cannockchasedc.gov.uk/sites/default/files/site-old/sustainability_appraisal.pdf,2025-12-09,,,
3800214,cannock-chase-district-council-local-plan-3,Inspectors report,,cannock-chase-district-council-local-plan,local-plan,https://www.cannockchasedc.gov.uk/residents/planning-and-building-control/planning-policy/cannock-chase-local-plan,https://www.cannockchasedc.gov.uk/sites/default/files/site-old/cannock_chase_lp_final_report.pdf,2025-12-09,,,
3800215,cannock-chase-district-council-local-plan-4,Equalities Impact Assessment,,cannock-chase-district-council-local-plan,equalities-impact-assessment,https://www.cannockchasedc.gov.uk/residents/planning-and-building-control/planning-policy/cannock-chase-local-plan,https://www.cannockchasedc.gov.uk/sites/default/files/site-old/eqia_update.pdf,2025-12-09,,,
3800216,cannock-chase-district-council-local-plan-5,Habitat Regulations Assessment Addendum Report - Habitat Regulations Assessment of the Local Plan (Part 1),,cannock-chase-district-council-local-plan,habitats-regulations-assessment,https://www.cannockchasedc.gov.uk/residents/planning-and-building-control/planning-policy/cannock-chase-local-plan,https://www.cannockchasedc.gov.uk/sites/default/files/site-old/hra_addendum_word_2003.pdf,2025-12-09,,,
3800217,epsom-and-ewell-borough-council-local-plan-2022-1,Submission Statement of Fact,,epsom-and-ewell-borough-council-local-plan-2022,local-plan,https://www.epsom-ewell.gov.uk/local-plan,https://www.epsom-ewell.gov.uk/sites/default/files/documents/residents/planning/planning-policy/other-planning-documents/examination/SD08%20Statement%20of%20Fact%20Submission.pdf,2025-12-09,,,
3800218,epsom-and-ewell-borough-council-local-plan-2022-2,Consultation Statement - Summary of responses received at Reg18,,epsom-and-ewell-borough-council-local-plan-2022,consultation-statement,https://www.epsom-ewell.gov.uk/local-plan-faqs,https://www.epsom-ewell.gov.uk/sites/default/files/documents/residents/planning/planning-policy/epsom-and-ewell-local-plan/Consultation%20Statement%20-%20Summary%20of%20responses%20received%20at%20Reg18.pdf,2025-12-09,,,
3800219,epsom-and-ewell-borough-council-local-plan-2022-3,Examination Documents Index,,epsom-and-ewell-borough-council-local-plan-2022,examination-hearing-statement,https://www.epsom-ewell.gov.uk/localplanexamination,https://www.epsom-ewell.gov.uk/sites/default/files/documents/residents/planning/planning-policy/other-planning-documents/examination/Epsom%20and%20Ewell%20Local%20Plan%20Examination%20Index4%2019.pdf,2025-12-09,,,
3800220,epsom-and-ewell-borough-council-local-plan-2022-4,Guidance Notes from the Inspector (ID-002),,epsom-and-ewell-borough-council-local-plan-2022,examination-hearing-statement,https://www.epsom-ewell.gov.uk/localplanexamination,https://www.epsom-ewell.gov.uk/sites/default/files/documents/residents/planning/planning-policy/other-planning-documents/examination/ID-002%20E%26E%20%20Guidance%20notesv1.pdf,2025-12-09,,,
3800221,epsom-and-ewell-borough-council-local-plan-2022-5,"Matters, Issues and Questions (ID-003)",,epsom-and-ewell-borough-council-local-plan-2022,examination-hearing-statement,https://www.epsom-ewell.gov.uk/localplanexamination,https://www.epsom-ewell.gov.uk/sites/default/files/documents/residents/planning/planning-policy/other-planning-documents/examination/ID-003%20E%26E%20MIQ%20final.pdf,2025-12-09,,,
3800222,epsom-and-ewell-borough-council-local-plan-2022-6,Post hearing letter from the inspector (ID-018),,epsom-and-ewell-borough-council-local-plan-2022,examination-hearing-statement,https://www.epsom-ewell.gov.uk/localplanexamination,https://www.epsom-ewell.gov.uk/sites/default/files/ID-018%20E%26E%20post%20hearing%20letter.pdf,2025-12-09,,,
3800223,epsom-and-ewell-borough-council-local-plan-2022-7,Housing and Economic Development Needs Assessment 2023,,epsom-and-ewell-borough-council-local-plan-2022,strategic-housing-market-assessment,https://www.epsom-ewell.gov.uk/residents/planning/planning-policy/epsom-and-ewell-local-plan/draft-local-plan-2022-2040/evidence-1,https://www.epsom-ewell.gov.uk/sites/default/files/EE%20HEDNA_%20Final%20Version_V2.pdf,2025-12-09,,,
3800224,epsom-and-ewell-borough-council-local-plan-2022-8,Viability Note - Proposed Submission Local Plan - December 2024,,epsom-and-ewell-borough-council-local-plan-2022,viability-assessment,https://www.epsom-ewell.gov.uk/residents/planning/planning-policy/epsom-and-ewell-local-plan/draft-local-plan-2022-2040/evidence-1,https://www.epsom-ewell.gov.uk/sites/default/files/documents/residents/planning/planning-policy/epsom-and-ewell-local-plan/draft-local-plan-2022-2040/evidence-base/Viability%20Note%20-%20Proposed%20Submission%20Local%20Plan%20-%20December%202024.pdf,2025-12-09,,,
3800225,epsom-and-ewell-borough-council-local-plan-2022-9,Local Plan Viability Assessment 2022,,epsom-and-ewell-borough-council-local-plan-2022,viability-assessment,https://www.epsom-ewell.gov.uk/residents/planning/planning-policy/epsom-and-ewell-local-plan/draft-local-plan-2022-2040/evidence-1,https://www.epsom-ewell.gov.uk/sites/default/files/Local%20Plan%20Viability%20Assessment%202022.pdf,2025-12-09,,,
3800226,epsom-and-ewell-borough-council-local-plan-2022-10,Economy Topic Paper 2024,,epsom-and-ewell-borough-council-local-plan-2022,local-plan,https://www.epsom-ewell.gov.uk/residents/planning/planning-policy/epsom-and-ewell-local-plan/emerging-local-plan-2022-2040/topic,https://www.epsom-ewell.gov.uk/sites/default/files/documents/residents/planning/planning-policy/epsom-and-ewell-local-plan/draft-local-plan-2022-2040/Topic-papers/Economy%20Topic%20Paper%20-%202024.pdf,2025-12-09,,,
3800227,epsom-and-ewell-borough-council-local-plan-2022-11,Green Belt Topic Paper Exceptional Circumstances 2024,,epsom-and-ewell-borough-council-local-plan-2022,local-plan,https://www.epsom-ewell.gov.uk/residents/planning/planning-policy/epsom-and-ewell-local-plan/emerging-local-plan-2022-2040/topic,https://www.epsom-ewell.gov.uk/sites/default/files/documents/residents/planning/planning-policy/epsom-and-ewell-local-plan/draft-local-plan-2022-2040/Topic-papers/Green%20Belt%20Topic%20Paper%20-%20Exceptional%20Circumstances%20-%202024.pdf,2025-12-09,,,
3800228,epsom-and-ewell-borough-council-local-plan-2022-12,Housing Topic Paper 2024,,epsom-and-ewell-borough-council-local-plan-2022,local-plan,https://www.epsom-ewell.gov.uk/residents/planning/planning-policy/epsom-and-ewell-local-plan/emerging-local-plan-2022-2040/topic,https://www.epsom-ewell.gov.uk/sites/default/files/documents/residents/planning/planning-policy/epsom-and-ewell-local-plan/draft-local-plan-2022-2040/Topic-papers/Housing%20Topic%20Paper%20-%202024.pdf,2025-12-09,,,
3800229,epsom-and-ewell-borough-council-local-plan-2022-13,Meeting Gypsy and Traveller Needs Topic Paper 2024,,epsom-and-ewell-borough-council-local-plan-2022,gypsy-and-traveller-assessment,https://www.epsom-ewell.gov.uk/residents/planning/planning-policy/epsom-and-ewell-local-plan/emerging-local-plan-2022-2040/topic,https://www.epsom-ewell.gov.uk/sites/default/files/documents/residents/planning/planning-policy/epsom-and-ewell-local-plan/draft-local-plan-2022-2040/Topic-papers/Meeting%20Gypsy%20and%20Traveller%20Needs%20-%20Topic%20Paper%20-%202024.pdf,2025-12-09,,,
3800230,epsom-and-ewell-borough-council-local-plan-2022-14,Heritage Topic Paper 2025,,epsom-and-ewell-borough-council-local-plan-2022,local-plan,https://www.epsom-ewell.gov.uk/residents/planning/planning-policy/epsom-and-ewell-local-plan/emerging-local-plan-2022-2040/topic,https://www.epsom-ewell.gov.uk/sites/default/files/documents/residents/planning/planning-policy/other-planning-documents/examination/Heritage%20Topic%20Paper%20-%20March%202025_Copy.pdf,2025-12-09,,,
3800231,epsom-and-ewell-borough-council-local-plan-2022-15,Spatial Strategy Topic Paper 2025,,epsom-and-ewell-borough-council-local-plan-2022,local-plan,https://www.epsom-ewell.gov.uk/residents/planning/planning-policy/epsom-and-ewell-local-plan/emerging-local-plan-2022-2040/topic,https://www.epsom-ewell.gov.uk/sites/default/files/documents/residents/planning/planning-policy/other-planning-documents/examination/Spatial%20Strategy%20Topic%20Paper%20-%20March%202025_Copy.pdf,2025-12-09,,,
3800232,london-borough-of-islington-local-plan-1,Strategic and Development Management policies,,london-borough-of-islington-local-plan,development-management-policies,https://www.islington.gov.uk/planning/planning-policy/islington-local-plan,https://www.islington.gov.uk:443/-/media/sharepoint-lists/public-records/planningandbuildingcontrol/publicity/publicconsultation/20232024/islington-council-local-plan-strategic-and-development-management-policies.pdf?la=en&hash=87580E35EA21B2221918960F570CD1CC3CEFFE6B,2025-12-09,,,
3800233,london-borough-of-islington-local-plan-2,Site Allocations,,london-borough-of-islington-local-plan,site-allocations,https://www.islington.gov.uk/planning/planning-policy/islington-local-plan,https://www.islington.gov.uk:443/-/media/sharepoint-lists/public-records/planningandbuildingcontrol/publicity/publicconsultation/20232024/islington-council-local-plan-site-allocations.pdf?la=en&hash=98007803BDD179C372CCFA9529DB4A764896AD48,2025-12-09,,,
3800234,london-borough-of-islington-local-plan-3,Bunhill and Clerkenwell Area Action Plan,,london-borough-of-islington-local-plan,area-action-plan,https://www.islington.gov.uk/planning/planning-policy/islington-local-plan,https://www.islington.gov.uk:443/-/media/sharepoint-lists/public-records/planningandbuildingcontrol/publicity/publicconsultation/20232024/islington-council-local-plan-bunhill-and-clerkenwell-area-action-plan.pdf?la=en&hash=5C0A108521E44C81CF01CA6F63761E8196892278,2025-12-09,,,
3800235,london-borough-of-islington-local-plan-4,Policies Map,,london-borough-of-islington-local-plan,policies-map,https://www.islington.gov.uk/planning/planning-policy/islington-local-plan,,2025-12-09,,,
3800236,london-borough-of-islington-local-plan-5,Statement of community involvement,,london-borough-of-islington-local-plan,statement-of-community-involvement,https://www.islington.gov.uk/planning/planning-policy/islington-local-plan,https://www.islington.gov.uk:443/-/media/sharepoint-lists/public-records/planningandbuildingcontrol/information/adviceandinformation/20172018/20170602statementofcommunityinvolvement20171.pdf?la=en&hash=7D52065F1C15438953504B7AEDAE579814CBC3B7,2025-12-09,,,
3800237,london-borough-of-islington-local-plan-6,Local Development Scheme,,london-borough-of-islington-local-plan,local-development-scheme,https://www.islington.gov.uk/planning/planning-policy/islington-local-plan,https://www.islington.gov.uk:443/-/media/sharepoint-lists/public-records/planningandbuildingcontrol/publicity/publicconsultation/20252026/islington-local-development-scheme-2025.pdf?la=en&hash=44FEE48BE761FBE8C35730B0575CEDA0D48EF6E2,2025-12-09,,,
3800238,swale-borough-council-local-plan-1,Adopted Local Plan for Swale,,swale-borough-council-local-plan,local-plan-adopted,https://www.swale.gov.uk/planning-and-regeneration/local-plans,,2025-12-09,,,
3800239,swale-borough-council-local-plan-2,Local Plan Review,,swale-borough-council-local-plan,local-plan-review,https://www.swale.gov.uk/planning-and-regeneration/local-plans,,2025-12-09,,,
3800240,swale-borough-council-local-plan-3,Local Plan Review Evidence,,swale-borough-council-local-plan,local-plan-review,https://www.swale.gov.uk/planning-and-regeneration/local-plans,,2025-12-09,,,
3800241,wirral-borough-council-local-plan-2022-1,Adopted Local Plan Written Statement,,wirral-borough-council-local-plan-2022,local-plan-adopted,https://www.wirral.gov.uk/newlocalplan,https://www.wirral.gov.uk/files/wirral-local-plan-2022-2040-written-statement.pdf/download?inline,2025-12-09,,,
3800242,wirral-borough-council-local-plan-2022-2,Adoption Statement,,wirral-borough-council-local-plan-2022,adoption-statement,https://www.wirral.gov.uk/newlocalplan,https://www.wirral.gov.uk/sites/default/files/2025-04/Local%20Plan%20Adoption%20Statement.pdf,2025-12-09,,,
3800243,wirral-borough-council-local-plan-2022-3,Wirral Local Plan - Inspectors Report,,wirral-borough-council-local-plan-2022,local-plan,https://www.wirral.gov.uk/newlocalplan,https://www.wirral.gov.uk/sites/default/files/2025-03/Wirral%20Local%20Plan%20-%20Inspectors%20Report.pdf,2025-12-09,,,
3800244,wirral-borough-council-local-plan-2022-4,Wirral Local Plan - Main Mods Appendix,,wirral-borough-council-local-plan-2022,local-plan,https://www.wirral.gov.uk/newlocalplan,https://www.wirral.gov.uk/sites/default/files/2025-03/Wirral%20Local%20Plan%20-%20Main%20Mods%20Appendix.pdf,2025-12-09,,,
3800245,wirral-borough-council-local-plan-2022-5,Wirral Local Plan Sustainability Appraisal Adoption Statement March 2025,,wirral-borough-council-local-plan-2022,strategic-environmental-assessment,https://www.wirral.gov.uk/newlocalplan,https://www.wirral.gov.uk/sites/default/files/2025-03/Wirral%20Local%20Plan%20Sustainability%20Appraisal%20Adoption%20Statement%20March%202025.pdf,2025-12-09,,,
3800246,wirral-borough-council-local-plan-2022-6,Schedule of Main Modifications,,wirral-borough-council-local-plan-2022,main-modifications,https://www.wirral.gov.uk/planning-and-building/local-plans-and-planning-policy/wirrals-development-plan/wirral-local-plan/wirral-local-plan-0,https://www.wirral.gov.uk/sites/default/files/2024-09/Schedule%20of%20Main%20Modifications.pdf,2025-12-09,,,
3800247,wirral-borough-council-local-plan-2022-7,Main Modifications Sustainability Appraisal September 2024,,wirral-borough-council-local-plan-2022,main-modifications,https://www.wirral.gov.uk/planning-and-building/local-plans-and-planning-policy/wirrals-development-plan/wirral-local-plan/wirral-local-plan-0,https://www.wirral.gov.uk/sites/default/files/2024-09/Main%20Modifications%20Sustainability%20Appraisal%20September%202024.pdf,2025-12-09,,,
3800248,wirral-borough-council-local-plan-2022-8,Main Modifications Habitats Regulations Assessment,,wirral-borough-council-local-plan-2022,main-modifications,https://www.wirral.gov.uk/planning-and-building/local-plans-and-planning-policy/wirrals-development-plan/wirral-local-plan/wirral-local-plan-0,https://www.wirral.gov.uk/sites/default/files/2024-09/Main%20Modifications%20Habitats%20Regulations%20Assessment.pdf,2025-12-09,,,
3800249,wirral-borough-council-local-plan-2022-9,Wirral Local Plan Housing Trajectory 2022-2040,,wirral-borough-council-local-plan-2022,local-plan,https://www.wirral.gov.uk/planning-and-building/local-plans-and-planning-policy/wirrals-development-plan/wirral-local-plan/wirral-local-plan-0,https://www.wirral.gov.uk/sites/default/files/2024-09/Wirral%20Local%20Plan%20Housing%20Trajectory%202022-2040.pdf,2025-12-09,,,
3800250,wirral-borough-council-local-plan-2022-10,Schedule of Additional Modifications,,wirral-borough-council-local-plan-2022,local-plan,https://www.wirral.gov.uk/planning-and-building/local-plans-and-planning-policy/wirrals-development-plan/wirral-local-plan/wirral-local-plan-0,https://www.wirral.gov.uk/sites/default/files/2024-09/Schedule%20of%20Additional%20Modifications.pdf,2025-12-09,,,
3800251,wirral-borough-council-local-plan-2022-11,Wirral Local Plan Tracked Change Version September 2024,,wirral-borough-council-local-plan-2022,local-plan,https://www.wirral.gov.uk/planning-and-building/local-plans-and-planning-policy/wirrals-development-plan/wirral-local-plan/wirral-local-plan-0,https://www.wirral.gov.uk/sites/default/files/2024-09/Wirral%20Local%20Plan%20Tracked%20Change%20Version%20September%202024.pdf,2025-12-09,,,
3800252,wirral-borough-council-local-plan-2022-12,Hoylake NW Map 1 of 4,,wirral-borough-council-local-plan-2022,local-plan,https://www.wirral.gov.uk/planning-and-building/local-plans-and-planning-policy/wirrals-development-plan/wirral-local-plan-1,https://www.wirral.gov.uk/sites/default/files/2025-07/Hoylake%20NW%20Map%201%20of%204.pdf,2025-12-09,,,
3800253,wirral-borough-council-local-plan-2022-13,Birkenhead NE Map 2 of 4,,wirral-borough-council-local-plan-2022,local-plan,https://www.wirral.gov.uk/planning-and-building/local-plans-and-planning-policy/wirrals-development-plan/wirral-local-plan-1,https://www.wirral.gov.uk/sites/default/files/2025-07/Birkenhead%20NE%20Map%202%20of%204.pdf,2025-12-09,,,
3800254,wirral-borough-council-local-plan-2022-14,Heswall SW Map 3 of 4,,wirral-borough-council-local-plan-2022,local-plan,https://www.wirral.gov.uk/planning-and-building/local-plans-and-planning-policy/wirrals-development-plan/wirral-local-plan-1,https://www.wirral.gov.uk/sites/default/files/2025-07/Heswall%20SW%20Map%203%20of%204.pdf,2025-12-09,,,
3800255,wirral-borough-council-local-plan-2022-15,Bebington SE Map 4 of 4,,wirral-borough-council-local-plan-2022,local-plan,https://www.wirral.gov.uk/planning-and-building/local-plans-and-planning-policy/wirrals-development-plan/wirral-local-plan-1,https://www.wirral.gov.uk/sites/default/files/2025-07/Bebington%20SE%20Map%204%20of%204.pdf,2025-12-09,,,
3800256,wirral-borough-council-local-plan-2022-16,"New Brighton, New Ferry and West Kirby Inset Maps",,wirral-borough-council-local-plan-2022,local-plan,https://www.wirral.gov.uk/planning-and-building/local-plans-and-planning-policy/wirrals-development-plan/wirral-local-plan-1,https://www.wirral.gov.uk/sites/default/files/2025-07/New%20Brighton%2C%20New%20Ferry%20and%20West%20Kirby%20Inset%20Maps.pdf,2025-12-09,,,
3800257,wirral-borough-council-local-plan-2022-17,Birkenhead Inset Map,,wirral-borough-council-local-plan-2022,local-plan,https://www.wirral.gov.uk/planning-and-building/local-plans-and-planning-policy/wirrals-development-plan/wirral-local-plan-1,https://www.wirral.gov.uk/sites/default/files/2025-07/Birkenhead%20Inset%20Map.pdf,2025-12-09,,,
3800258,elmbridge-borough-council-local-plan-1,Core Strategy and Development Management Plan,,elmbridge-borough-council-local-plan,core-strategy,https://www.elmbridge.gov.uk/planning/planning-policy-and-guidance-0,,2025-12-09,,,
3800259,elmbridge-borough-council-local-plan-2,Monitoring Data,,elmbridge-borough-council-local-plan,local-plan-adopted,https://www.elmbridge.gov.uk/planning/planning-policy-and-guidance-0,,2025-12-09,,,
3800260,elmbridge-borough-council-local-plan-3,New Local Plan,,elmbridge-borough-council-local-plan,local-plan,https://www.elmbridge.gov.uk/planning/planning-policy-and-guidance-0,,2025-12-09,,,
3800261,elmbridge-borough-council-local-plan-4,Evidence Base,,elmbridge-borough-council-local-plan,local-plan,https://www.elmbridge.gov.uk/planning/planning-policy-and-guidance-0,,2025-12-09,,,
3800262,buckinghamshire-council-local-plan-2045-1,Part A Spatial Strategy,,buckinghamshire-council-local-plan-2045,local-plan,https://www.buckinghamshire.gov.uk/local-plan,https://www.buckinghamshire.gov.uk/documents/38759/Part_A_Spatial_Strategy_Draft_Local_Plan_for_Buckinghamshire__4z9Ug3B.pdf,2025-12-09,,,
3800263,buckinghamshire-council-local-plan-2045-2,Part B Development Management Policies,,buckinghamshire-council-local-plan-2045,development-management-policies,https://www.buckinghamshire.gov.uk/local-plan,https://www.buckinghamshire.gov.uk/documents/38785/Part_B_Development_Management_Policies_Draft_Local_Plan_for_Buckinghamshire_00_nlb6XfF.pdf,2025-12-09,,,
3800264,buckinghamshire-council-local-plan-2045-3,Summary leaflet,,buckinghamshire-council-local-plan-2045,local-plan,https://www.buckinghamshire.gov.uk/local-plan,https://www.buckinghamshire.gov.uk/documents/38776/Leaflet.pdf,2025-12-09,,,
3800265,buckinghamshire-council-local-plan-2045-4,Statement of Consultation,,buckinghamshire-council-local-plan-2045,consultation-statement,https://www.buckinghamshire.gov.uk/local-plan,https://www.buckinghamshire.gov.uk/documents/17772/Statement_of_Consultation_-__29.09.2022_v1.pdf,2025-12-09,,,
3800266,buckinghamshire-council-local-plan-2045-5,Draft vision and objectives,,buckinghamshire-council-local-plan-2045,local-plan,https://www.buckinghamshire.gov.uk/local-plan,https://www.buckinghamshire.gov.uk/documents/27504/Draft_vision_and_objectives_2_1.pdf,2025-12-09,,,
3800267,buckinghamshire-council-local-plan-2045-6,Vision and objectives consultation statement,,buckinghamshire-council-local-plan-2045,consultation-statement,https://www.buckinghamshire.gov.uk/local-plan,https://www.buckinghamshire.gov.uk/documents/38755/Formatted_Current_Word_Version_for_the_Vision_and_Objectives_Engagement_-_1_ClOQWBI.pdf,2025-12-09,,,
3800268,buckinghamshire-council-local-plan-2045-7,HELAA methodology,,buckinghamshire-council-local-plan-2045,strategic-housing-land-availability,https://www.buckinghamshire.gov.uk/planning-and-building-control/planning-policy/local-planning/local-plans-evidence/housing-evidence/housing-and-economic-land-availability-assessment-helaa/,https://www.buckinghamshire.gov.uk/documents/38798/FINAL_DRAFT_Buckinghamshire_HELAA_methodology.docx,2025-12-09,,,
3800269,hinckley-and-bosworth-borough-council-local-plan-2024-1,HBBC Regulation 18 Local Plan 2025,,hinckley-and-bosworth-borough-council-local-plan-2024,local-plan-regulation-19,https://www.hinckley-bosworth.gov.uk/downloads/200398/local_plan_review_2024_to_2045,https://www.hinckley-bosworth.gov.uk/downloads/file/8527/hbbc_regulation_19_local_plan_2025,2025-12-09,,,
3800270,hinckley-and-bosworth-borough-council-local-plan-2024-2,Local Plan Reg 18 24 Consultation Document,,hinckley-and-bosworth-borough-council-local-plan-2024,local-plan-regulation-18,https://www.hinckley-bosworth.gov.uk/downloads/200398/local_plan_review_2024_to_2045,https://www.hinckley-bosworth.gov.uk/downloads/file/8480/local_plan_reg_18_24_consultation_document,2025-12-09,,,
3800271,hinckley-and-bosworth-borough-council-local-plan-2024-3,Sustainability Appraisal Scoping Report update October 2025,,hinckley-and-bosworth-borough-council-local-plan-2024,sustainability-appraisal,https://www.hinckley-bosworth.gov.uk/downloads/200398/local_plan_review_2024_to_2045,https://www.hinckley-bosworth.gov.uk/downloads/file/8519/sustainability_appraisal_scoping_report_update_october_2025,2025-12-09,,,
3800272,hinckley-and-bosworth-borough-council-local-plan-2024-4,Hinckley and Bosworth Open Space Assessment Report 2025,,hinckley-and-bosworth-borough-council-local-plan-2024,local-plan,https://www.hinckley-bosworth.gov.uk/downloads/200398/local_plan_review_2024_to_2045,https://www.hinckley-bosworth.gov.uk/downloads/file/8520/hinckley_and_bosworth_open_space_assessment_report_2025,2025-12-09,,,
3800273,hinckley-and-bosworth-borough-council-local-plan-1,Final adopted Strategic Growth plan,,hinckley-and-bosworth-borough-council-local-plan,local-plan,https://www.hinckley-bosworth.gov.uk/downloads/file/6356/final_adopted_strategic_growth_plan,https://www.hinckley-bosworth.gov.uk/download/downloads/id/6356/final_adopted_strategic_growth_plan.pdf,2025-12-09,,,
3800274,gosport-borough-council-local-plan-2011-1,Gosport Borough Local Plan 2011-2029,,gosport-borough-council-local-plan-2011,local-plan,https://www.gosport.gov.uk/article/1587/Planning-Policy,,2025-12-09,,,
3800275,gosport-borough-council-local-plan-2040-1,Gosport Borough Local Plan 2040,,gosport-borough-council-local-plan-2040,local-plan,https://www.gosport.gov.uk/article/1587/Planning-Policy,,2025-12-09,,,
3800276,cotswold-district-council-local-plan-2025-1,Draft Policies With Tracked Changes,,cotswold-district-council-local-plan-2025,local-plan,https://www.cotswold.gov.uk/localplan,https://www.cotswold.gov.uk/media/gdspmaj4/c2-1-2-draft-policies-with-tracked-changes.pdf,2025-12-09,,,
3800277,cotswold-district-council-local-plan-2025-2,Draft Policies With Tracked Changes Accepted,,cotswold-district-council-local-plan-2025,local-plan,https://www.cotswold.gov.uk/localplan,https://www.cotswold.gov.uk/media/05acgjkt/c2-1-3-draft-policies-with-tracked-changes-accepted.pdf,2025-12-09,,,
3800278,cotswold-district-council-local-plan-2025-3,"Vision, Objectives And Development Strategy Options Topic Paper",,cotswold-district-council-local-plan-2025,local-plan,https://www.cotswold.gov.uk/localplan,https://www.cotswold.gov.uk/media/ngnblsc0/c2-1-4-vision-objectives-and-development-strategy-options-topic-paper.pdf,2025-12-09,,,
3800279,cotswold-district-council-local-plan-2025-4,Executive Summary And Consultation Instructions And Questions,,cotswold-district-council-local-plan-2025,local-plan,https://www.cotswold.gov.uk/localplan,https://www.cotswold.gov.uk/media/1g4fbuef/c2-1-1-executive-summary-and-consultation-instructions-and-questions.pdf,2025-12-09,,,
3800280,cotswold-district-council-local-plan-2025-5,Interim Integrated Impact Assessment For The Local Plan Update,,cotswold-district-council-local-plan-2025,local-plan,https://www.cotswold.gov.uk/localplan,https://www.cotswold.gov.uk/media/3hnlr0z5/c2-2-1-interim-integrated-impact-assessment-for-the-local-plan-update.pdf,2025-12-09,,,
3800281,cotswold-district-council-local-plan-2025-6,Integrated Impact Assessment – Points Of The Compass Appraisal,,cotswold-district-council-local-plan-2025,local-plan,https://www.cotswold.gov.uk/localplan,https://www.cotswold.gov.uk/media/cj2b0bpq/c2-2-2-integrated-impact-assessment-points-of-the-compass-appraisal.pdf,2025-12-09,,,
3800282,cotswold-district-council-local-plan-2025-7,Strategic Flood Risk Assessment (SFRA) Level 1 – Oct 2023,,cotswold-district-council-local-plan-2025,strategic-flood-risk-assessment,https://www.cotswold.gov.uk/localplan,https://www.cotswold.gov.uk/media/wyjl13j5/c2-2-3-strategic-flood-risk-assessment-sfra-level-1-oct-2023.pdf,2025-12-09,,,
3800283,cotswold-district-council-local-plan-2025-8,Habitats Regulations Assessment (HRA) Scoping Report Cover Letter – Dec 2023,,cotswold-district-council-local-plan-2025,habitats-regulations-assessment,https://www.cotswold.gov.uk/localplan,https://www.cotswold.gov.uk/media/u5yhygy2/c2-2-4-habitats-regulations-assessment-hra-scoping-report-cover-letter-dec-2023.pdf,2025-12-09,,,
3800284,cotswold-district-council-local-plan-2025-9,Local Plan Update – Statement Of Consultation,,cotswold-district-council-local-plan-2025,consultation-statement,https://www.cotswold.gov.uk/localplan,https://www.cotswold.gov.uk/media/hd5hakqr/c2-1-6-local-plan-update-statement-of-consultation.pdf,2025-12-09,,,
3800285,cotswold-district-council-local-plan-2025-10,Cirencester Framework Masterplan Initial Ideas,,cotswold-district-council-local-plan-2025,local-plan,https://www.cotswold.gov.uk/localplan,https://www.cotswold.gov.uk/media/jcpck2vt/c2-1-5-cirencester-framework-masterplan-initial-ideas.pdf,2025-12-09,,,
3800286,cotswold-district-council-local-plan-2041-1,Regulation 18 Issues And Options Consultation Document – Feb 2022,,cotswold-district-council-local-plan-2041,local-plan-regulation-18,https://www.cotswold.gov.uk/localplan,https://www.cotswold.gov.uk/media/vdhfssej/c1-1-1-regulation-18-issues-and-options-consultation-document-feb-2022.pdf,2025-12-09,,,
3800287,cotswold-district-council-local-plan-2041-2,Cotswold District Local Plan 2011-2031 Partial Update Issues and Options Consultation,,cotswold-district-council-local-plan-2041,local-plan-regulation-18,https://www.cotswold.gov.uk/localplan,https://www.cotswold.gov.uk/media/kdflaaxx/11-1-1a-cotswold-district-local-plan-2011-2031-partial-update-issues-and-options-consultation-feb-2022.pdf,2025-12-09,,,
3800288,cotswold-district-council-local-plan-2041-3,Regulation 18 Issues And Options Consultation Document Glossary – Feb 2022,,cotswold-district-council-local-plan-2041,local-plan-regulation-18,https://www.cotswold.gov.uk/localplan,https://www.cotswold.gov.uk/media/sschsjnu/c1-1-2-regulation-18-issues-and-options-consultation-document-glossary-feb-2022.pdf,2025-12-09,,,
3800289,cotswold-district-council-local-plan-2041-4,Issues and Options Consultation Summary Report,,cotswold-district-council-local-plan-2041,local-plan-regulation-18,https://www.cotswold.gov.uk/localplan,https://meetings.cotswold.gov.uk/documents/s5609/ANNEX%20A%20-%20Consultation%20Summary%20Report%20-%20Consolidated%20Report.pdf,2025-12-09,,,
3800290,cotswold-district-council-local-plan-2041-5,Consultation Summary Report – Jul 2022,,cotswold-district-council-local-plan-2041,local-plan,https://www.cotswold.gov.uk/localplan,https://www.cotswold.gov.uk/media/zugflbm2/c1-1-8-consultation-summary-report-jul-2022.pdf,2025-12-09,,,
3800291,cotswold-district-council-local-plan-2041-6,Habitats Regulations Assessment Scoping Report – Feb 2022,,cotswold-district-council-local-plan-2041,habitats-regulations-assessment,https://www.cotswold.gov.uk/localplan,https://www.cotswold.gov.uk/media/1kcjmnhb/c1-3-1-habitats-regulations-assessment-scoping-report-feb-2022.pdf,2025-12-09,,,
3800292,cotswold-district-council-local-plan-2041-7,Interim Integrated Impact Assessment – Feb 2022,,cotswold-district-council-local-plan-2041,local-plan,https://www.cotswold.gov.uk/localplan,https://www.cotswold.gov.uk/media/dk4n34gr/c1-3-2-interim-integrated-impact-assessment-feb-2022.pdf,2025-12-09,,,
3800293,cotswold-district-council-local-plan-2041-8,Strategic Flood Risk Assessment (SFRA) Level 1 Draft Report – Mar 2022,,cotswold-district-council-local-plan-2041,strategic-flood-risk-assessment,https://www.cotswold.gov.uk/localplan,https://www.cotswold.gov.uk/media/d34jcekp/c1-3-3-strategic-flood-risk-assessment-sfra-level-1-draft-report-mar-2022.pdf,2025-12-09,,,
3800294,knowsley-metropolitan-borough-council-local-plan-1,Knowsley Local Plan Adopted Core Strategy,,knowsley-metropolitan-borough-council-local-plan,local-plan,https://www.knowsley.gov.uk/planning-and-development/planning-policy/adopted-documents/,https://www.knowsley.gov.uk/sites/default/files/2023-11/knowsley-local-plan-adopted-core-strategy.pdf,2025-12-09,,,
3800295,knowsley-metropolitan-borough-council-local-plan-2,Local Plan Core Strategy Adoption Statement,,knowsley-metropolitan-borough-council-local-plan,local-plan,https://www.knowsley.gov.uk/planning-and-development/planning-policy/adopted-documents/,https://www.knowsley.gov.uk/sites/default/files/2023-11/local-plan-core-strategy-adoption-statement-jan-2016.pdf,2025-12-09,,,
3800296,knowsley-metropolitan-borough-council-local-plan-3,Core Strategy Sustainability Appraisal Report,,knowsley-metropolitan-borough-council-local-plan,local-plan,https://www.knowsley.gov.uk/planning-and-development/planning-policy/adopted-documents/,https://www.knowsley.gov.uk/sites/default/files/2023-11/SD07_CoreStrategySustainabilityAppraisalReport.pdf,2025-12-09,,,
3800297,knowsley-metropolitan-borough-council-local-plan-4,Core Strategy Sustainability Appraisal Report Appendices,,knowsley-metropolitan-borough-council-local-plan,local-plan,https://www.knowsley.gov.uk/planning-and-development/planning-policy/adopted-documents/,https://www.knowsley.gov.uk/sites/default/files/2023-11/SD07a_CoreStrategySustainabilityAppraisalReport-Appendices.pdf,2025-12-09,,,
3800298,knowsley-metropolitan-borough-council-local-plan-5,Schedule of Additional Modifications,,knowsley-metropolitan-borough-council-local-plan,local-plan,https://www.knowsley.gov.uk/planning-and-development/planning-policy/adopted-documents/,https://www.knowsley.gov.uk/sites/default/files/2023-11/schedule-additional-modifications-jan-2016.pdf,2025-12-09,,,
3800299,knowsley-metropolitan-borough-council-local-plan-6,Schedule of Minor Changes and Edits,,knowsley-metropolitan-borough-council-local-plan,local-plan,https://www.knowsley.gov.uk/planning-and-development/planning-policy/adopted-documents/,https://www.knowsley.gov.uk/sites/default/files/2023-11/schedule-minor-changes-edits-jan-2016.pdf,2025-12-09,,,
3800300,knowsley-metropolitan-borough-council-local-plan-7,Knowsley UDP 2006,,knowsley-metropolitan-borough-council-local-plan,local-plan,https://www.knowsley.gov.uk/planning-and-development/planning-policy/adopted-documents/,https://www.knowsley.gov.uk/sites/default/files/2023-11/Knowsley%20UDP%202006.pdf,2025-12-09,,,
3800301,knowsley-metropolitan-borough-council-local-plan-2027-1,Joint Merseyside and Halton Waste Local Plan 2013,,knowsley-metropolitan-borough-council-local-plan-2027,local-plan,https://www.knowsley.gov.uk/planning-and-development/planning-policy/adopted-documents/,https://www.knowsley.gov.uk/sites/default/files/2023-11/JointMerseyside-and-HaltonWasteLocalPlan2013.pdf,2025-12-09,,,
3800302,knowsley-metropolitan-borough-council-local-plan-2027-2,Waste Local Plan Adoption Statement,,knowsley-metropolitan-borough-council-local-plan-2027,local-plan,https://www.knowsley.gov.uk/planning-and-development/planning-policy/adopted-documents/,https://www.knowsley.gov.uk/sites/default/files/2023-11/WasteLocalPlan-AdoptionStatement.pdf,2025-12-09,,,
3800303,knowsley-metropolitan-borough-council-local-plan-2027-3,Waste Local Plan Final Inspectors Report,,knowsley-metropolitan-borough-council-local-plan-2027,local-plan,https://www.knowsley.gov.uk/planning-and-development/planning-policy/adopted-documents/,https://www.knowsley.gov.uk/sites/default/files/2023-11/PP04a_WasteLocalPlan-FinalInspectorsReport.pdf,2025-12-09,,,
3800304,knowsley-metropolitan-borough-council-local-plan-2027-4,Topic Paper 1: Review of Policies and Annual Monitoring Report (AMR) data,,knowsley-metropolitan-borough-council-local-plan-2027,authority-monitoring-report,https://www.knowsley.gov.uk/planning-and-development/planning-policy/adopted-documents/,https://www.knowsley.gov.uk/sites/default/files/2025-10/Topic%20Paper%201%20Review%20of%20Policies%20and%20AMR%20data.pdf,2025-12-09,,,
3800305,knowsley-metropolitan-borough-council-local-plan-2027-5,Topic Paper 2: Review of consistency with National Policy and Climate Emergency,,knowsley-metropolitan-borough-council-local-plan-2027,local-plan,https://www.knowsley.gov.uk/planning-and-development/planning-policy/adopted-documents/,https://www.knowsley.gov.uk/sites/default/files/2025-10/Topic%20Paper%202%20Review%20of%20Consistency%20with%20National%20Policy%20and%20Climate%20Emergency.pdf,2025-12-09,,,
3800306,knowsley-metropolitan-borough-council-local-plan-2027-6,Topic Paper 3: Spatial Strategy & Sites Review,,knowsley-metropolitan-borough-council-local-plan-2027,local-plan,https://www.knowsley.gov.uk/planning-and-development/planning-policy/adopted-documents/,https://www.knowsley.gov.uk/sites/default/files/2025-10/Topic%20Paper%203%20Spatial%20Strategy%20and%20Sites%20Review.pdf,2025-12-09,,,
3800307,knowsley-metropolitan-borough-council-local-plan-2027-7,Topic Paper 4: Duty to Cooperate Engagement,,knowsley-metropolitan-borough-council-local-plan-2027,local-plan,https://www.knowsley.gov.uk/planning-and-development/planning-policy/adopted-documents/,https://www.knowsley.gov.uk/sites/default/files/2025-10/Topic%20Paper%204%20Duty%20to%20Cooperate%20Engagement.pdf,2025-12-09,,,
3800308,knowsley-metropolitan-borough-council-local-plan-2027-8,Topic Paper 5: Waste Needs Assessment,,knowsley-metropolitan-borough-council-local-plan-2027,local-plan,https://www.knowsley.gov.uk/planning-and-development/planning-policy/adopted-documents/,https://www.knowsley.gov.uk/sites/default/files/2025-10/Topic%20Paper%205%20Waste%20Needs%20Assessment.pdf,2025-12-09,,,
3800309,staffordshire-moorlands-district-council-local-plan-2014-1,Adopted Local Plan,,staffordshire-moorlands-district-council-local-plan-2014,local-plan-adopted,https://www.staffsmoorlands.gov.uk/localplan,https://www.staffsmoorlands.gov.uk/media/6155/Adopted-Local-Plan/pdf/c0Adopted_Local_Plan.pdf?m=1601645140880,2025-12-09,,,
3800310,staffordshire-moorlands-district-council-local-plan-2014-2,Adoption statement,,staffordshire-moorlands-district-council-local-plan-2014,adoption-statement,https://www.staffsmoorlands.gov.uk/localplan,https://www.staffsmoorlands.gov.uk/media/6156/adoption-statement/pdf/cnadoption_statement.pdf?m=1601645141177,2025-12-09,,,
3800311,staffordshire-moorlands-district-council-local-plan-2014-3,Inspector's final report,,staffordshire-moorlands-district-council-local-plan-2014,inspectors-report,https://www.staffsmoorlands.gov.uk/localplan,https://www.staffsmoorlands.gov.uk/media/6161/Inspectors-final-report/pdf/cnInspectors_final_report.pdf?m=1601645142637,2025-12-09,,,
3800312,staffordshire-moorlands-district-council-local-plan-2014-4,Annex to Inspector's report - schedule of main modifications,,staffordshire-moorlands-district-council-local-plan-2014,main-modifications,https://www.staffsmoorlands.gov.uk/localplan,https://www.staffsmoorlands.gov.uk/media/6157/Annex-to-Inspectors-report---schedule-of-main-modifications/pdf/cmAnnex_to_Inspectors_report_-_schedule_of_main_modifications.pdf?m=1601645141410,2025-12-09,,,
3800313,staffordshire-moorlands-district-council-local-plan-2014-5,SA Report 05.02.18,,staffordshire-moorlands-district-council-local-plan-2014,sustainability-appraisal,https://www.staffsmoorlands.gov.uk/localplan,https://www.staffsmoorlands.gov.uk/media/6164/SA-Report-05.02.18/pdf/cpSA_Report_05.02.18.pdf?m=1601645143383,2025-12-09,,,
3800314,staffordshire-moorlands-district-council-local-plan-2014-6,Sustainability Appraisal of main modifications,,staffordshire-moorlands-district-council-local-plan-2014,sustainability-appraisal,https://www.staffsmoorlands.gov.uk/localplan,https://www.staffsmoorlands.gov.uk/media/6166/Sustainability-Appraisal-of-main-modifications/pdf/c9Sustainability_Appraisal_of_main_modifications.pdf?m=1601645143877,2025-12-09,,,
3800315,staffordshire-moorlands-district-council-local-plan-2014-7,SA Post Adoption Statement - Final,,staffordshire-moorlands-district-council-local-plan-2014,adoption-statement,https://www.staffsmoorlands.gov.uk/localplan,https://www.staffsmoorlands.gov.uk/media/6163/SA-Post-Adoption-Statement---Final/pdf/c4SA_Post_Adoption_Statement_-_Final.pdf?m=1601645143143,2025-12-09,,,
3800316,staffordshire-moorlands-district-council-local-plan-2014-8,Appendix 2 SA report Biddulph options June 2019,,staffordshire-moorlands-district-council-local-plan-2014,sustainability-appraisal,https://www.staffsmoorlands.gov.uk/localplan,https://www.staffsmoorlands.gov.uk/media/6158/Appendix-2-SA-report-Biddulph-options-June-2019/pdf/csAppendix_2_SA_report_Biddulph_options_June_2019.pdf?m=1601645141647,2025-12-09,,,
3800317,staffordshire-moorlands-district-council-local-plan-2014-9,Equalities Impact Assessment,,staffordshire-moorlands-district-council-local-plan-2014,equalities-impact-assessment,https://www.staffsmoorlands.gov.uk/localplan,https://www.staffsmoorlands.gov.uk/media/6159/Equalities-Impact-Assessment/pdf/c7Equalities_Impact_Assessment.pdf?m=1601645142040,2025-12-09,,,
3800318,staffordshire-moorlands-district-council-local-plan-2014-10,Further AMs,,staffordshire-moorlands-district-council-local-plan-2014,local-plan,https://www.staffsmoorlands.gov.uk/localplan,https://www.staffsmoorlands.gov.uk/media/6160/Further-AMs/pdf/c0Further_AMs.pdf?m=1601645142390,2025-12-09,,,
3800319,staffordshire-moorlands-district-council-local-plan-2014-11,Revised additional modifications,,staffordshire-moorlands-district-council-local-plan-2014,local-plan,https://www.staffsmoorlands.gov.uk/localplan,https://www.staffsmoorlands.gov.uk/media/6162/Revised-additional-modifications/pdf/cdRevised_additional_modifications.pdf?m=1601645142887,2025-12-09,,,
3800320,north-lincolnshire-council-local-plan-1,Saved 2003 Local Plan Policies (October 2024),,north-lincolnshire-council-local-plan,local-plan,https://www.northlincs.gov.uk/localplan,https://www.northlincs.gov.uk/wp-content/uploads/2024/11/Saved-2003-Local-Plan-Policies-October-2024.pdf,2025-12-09,,,
3800321,north-lincolnshire-council-local-plan-2,Saved Policies Direction and List of Saved Policies (September 2007),,north-lincolnshire-council-local-plan,local-plan,https://www.northlincs.gov.uk/localplan,https://m.northlincs.gov.uk/planningreports/localplan/savedpolicies/direction.pdf,2025-12-09,,,
3800322,north-lincolnshire-council-local-plan-3,List of Deleted Policies (September 2007),,north-lincolnshire-council-local-plan,local-plan,https://www.northlincs.gov.uk/localplan,https://m.northlincs.gov.uk/planningreports/localplan/savedpolicies/tranistionpublic.pdf,2025-12-09,,,
3800323,north-lincolnshire-council-local-plan-4,Chapters and index of policies,,north-lincolnshire-council-local-plan,local-plan,https://www.northlincs.gov.uk/localplan,https://m.northlincs.gov.uk/planningreports/northlincolnshirelocalplan/chaptersandindexofpolicies.pdf,2025-12-09,,,
3800324,north-lincolnshire-council-local-plan-5,Foreword,,north-lincolnshire-council-local-plan,local-plan,https://www.northlincs.gov.uk/localplan,https://m.northlincs.gov.uk/planningreports/northlincolnshirelocalplan/foreword1.pdf,2025-12-09,,,
3800325,north-lincolnshire-council-local-plan-6,How to use this document,,north-lincolnshire-council-local-plan,local-plan,https://www.northlincs.gov.uk/localplan,https://m.northlincs.gov.uk/planningreports/northlincolnshirelocalplan/howtousethisdocument2.pdf,2025-12-09,,,
3800326,north-lincolnshire-council-local-plan-7,Introduction,,north-lincolnshire-council-local-plan,local-plan,https://www.northlincs.gov.uk/localplan,https://m.northlincs.gov.uk/planningreports/northlincolnshirelocalplan/introduction2.pdf,2025-12-09,,,
3800327,north-lincolnshire-council-local-plan-8,Aims and objectives,,north-lincolnshire-council-local-plan,local-plan,https://www.northlincs.gov.uk/localplan,https://m.northlincs.gov.uk/planningreports/northlincolnshirelocalplan/aimsandobjectives3.pdf,2025-12-09,,,
3800328,north-lincolnshire-council-local-plan-9,Strategy,,north-lincolnshire-council-local-plan,local-plan,https://www.northlincs.gov.uk/localplan,https://m.northlincs.gov.uk/planningreports/northlincolnshirelocalplan/strategy2.pdf,2025-12-09,,,
3800329,north-lincolnshire-council-local-plan-10,Population and housing,,north-lincolnshire-council-local-plan,local-plan,https://www.northlincs.gov.uk/localplan,https://m.northlincs.gov.uk/planningreports/northlincolnshirelocalplan/populationandhousing2.pdf,2025-12-09,,,
3800330,north-lincolnshire-council-local-plan-11,Industry and employment,,north-lincolnshire-council-local-plan,neighbourhood-plan,https://www.northlincs.gov.uk/localplan,https://m.northlincs.gov.uk/planningreports/northlincolnshirelocalplan/industryandpopulation.pdf,2025-12-09,,,
3800331,north-lincolnshire-council-local-plan-12,Rural development,,north-lincolnshire-council-local-plan,local-plan,https://www.northlincs.gov.uk/localplan,https://m.northlincs.gov.uk/planningreports/northlincolnshirelocalplan/ruraldevelopment2.pdf,2025-12-09,,,
3800332,north-lincolnshire-council-local-plan-13,Shopping and town centres,,north-lincolnshire-council-local-plan,retail-and-town-centre-study,https://www.northlincs.gov.uk/localplan,https://m.northlincs.gov.uk/planningreports/northlincolnshirelocalplan/shoppingandtowncentres2.pdf,2025-12-09,,,
3800333,north-lincolnshire-council-local-plan-14,Mixed use development,,north-lincolnshire-council-local-plan,local-plan,https://www.northlincs.gov.uk/localplan,https://m.northlincs.gov.uk/planningreports/northlincolnshirelocalplan/mixedusedevelopment2.pdf,2025-12-09,,,
3800334,north-lincolnshire-council-local-plan-15,Transportation,,north-lincolnshire-council-local-plan,local-plan,https://www.northlincs.gov.uk/localplan,https://m.northlincs.gov.uk/planningreports/northlincolnshirelocalplan/transportation2.pdf,2025-12-09,,,
3800335,north-lincolnshire-council-local-plan-16,Leisure and recreation,,north-lincolnshire-council-local-plan,local-plan,https://www.northlincs.gov.uk/localplan,https://m.northlincs.gov.uk/planningreports/northlincolnshirelocalplan/leisureandrecreation2.pdf,2025-12-09,,,
3800336,north-lincolnshire-council-local-plan-17,Community facilities,,north-lincolnshire-council-local-plan,local-plan,https://www.northlincs.gov.uk/localplan,https://m.northlincs.gov.uk/planningreports/northlincolnshirelocalplan/communityfacilities2.pdf,2025-12-09,,,
3800337,north-lincolnshire-council-local-plan-18,Landscape and conservation,,north-lincolnshire-council-local-plan,local-plan,https://www.northlincs.gov.uk/localplan,https://m.northlincs.gov.uk/planningreports/northlincolnshirelocalplan/landscapeandconservation2.pdf,2025-12-09,,,
3800338,north-lincolnshire-council-local-plan-19,The ironstone gullets,,north-lincolnshire-council-local-plan,local-plan,https://www.northlincs.gov.uk/localplan,https://m.northlincs.gov.uk/planningreports/northlincolnshirelocalplan/theironstonegullets2.pdf,2025-12-09,,,
3800339,north-lincolnshire-council-local-plan-20,The historic environment,,north-lincolnshire-council-local-plan,local-plan,https://www.northlincs.gov.uk/localplan,https://m.northlincs.gov.uk/planningreports/northlincolnshirelocalplan/thehistoricenvironment.pdf,2025-12-09,,,
3800340,north-lincolnshire-council-local-plan-21,Minerals,,north-lincolnshire-council-local-plan,local-plan,https://www.northlincs.gov.uk/localplan,https://m.northlincs.gov.uk/planningreports/northlincolnshirelocalplan/minerals2.pdf,2025-12-09,,,
3800341,north-lincolnshire-council-local-plan-22,Waste,,north-lincolnshire-council-local-plan,local-plan,https://www.northlincs.gov.uk/localplan,https://m.northlincs.gov.uk/planningreports/northlincolnshirelocalplan/waste2.pdf,2025-12-09,,,
3800342,north-lincolnshire-council-local-plan-23,Development standards,,north-lincolnshire-council-local-plan,local-plan,https://www.northlincs.gov.uk/localplan,https://m.northlincs.gov.uk/planningreports/northlincolnshirelocalplan/developmentstandards2.pdf,2025-12-09,,,
3800343,north-lincolnshire-council-local-plan-24,Monitoring and review,,north-lincolnshire-council-local-plan,local-plan,https://www.northlincs.gov.uk/localplan,https://m.northlincs.gov.uk/planningreports/northlincolnshirelocalplan/monitoringandreview2.pdf,2025-12-09,,,
3800344,north-lincolnshire-council-local-plan-25,Proposals map,,north-lincolnshire-council-local-plan,policies-map,https://www.northlincs.gov.uk/localplan,https://m.northlincs.gov.uk/planningreports/northlincolnshirelocalplan/proposalsmap.pdf,2025-12-09,,,
3800345,dudley-metropolitan-borough-council-local-plan-2041-1,Dudley's Publication Local Plan summary document,,dudley-metropolitan-borough-council-local-plan-2041,local-plan,https://www.dudley.gov.uk/localplan,https://www.dudley.gov.uk/media/h4qnv1ug/dudley-local-plan-summary-document.pdf,2025-12-09,,,
3800346,dudley-metropolitan-borough-council-local-plan-2041-2,Dudley's Publication Local Plan FAQs,,dudley-metropolitan-borough-council-local-plan-2041,local-plan,https://www.dudley.gov.uk/localplan,https://www.dudley.gov.uk/media/n2hp1ftc/dudley-local-plan-faqs.pdf,2025-12-09,,,
3800347,dudley-metropolitan-borough-council-local-plan-2041-3,Local Development Scheme,,dudley-metropolitan-borough-council-local-plan-2041,local-development-scheme,https://www.dudley.gov.uk/residents/planning/planning-policy/dudley-local-plan/local-development-scheme/,https://www.dudley.gov.uk/media/4n2p0cdd/local-development-scheme-report-november-2024.pdf,2025-12-09,,,
3800348,dudley-metropolitan-borough-council-local-plan-1,Revocation of the Dudley Unitary Development Plan (2005),,dudley-metropolitan-borough-council-local-plan,local-plan,https://www.dudley.gov.uk/residents/planning/planning-policy/,https://www.dudley.gov.uk/media/10327/udp-revocation-statement-3.pdf,2025-12-09,,,
3800349,hull-city-council-local-plan-2016-1,Hull Local Plan 2016 to 2032,,hull-city-council-local-plan-2016,local-plan,https://www.hull.gov.uk/downloads/download/15/local-plan,https://www.hull.gov.uk/downloads/file/101/hull-local-plan-2016-to-2032,2025-12-09,,,
3800350,hull-city-council-local-plan-2016-2,Hull Local Plan 2016 to 2032 policies map,,hull-city-council-local-plan-2016,policies-map,https://www.hull.gov.uk/downloads/download/15/local-plan,https://www.hull.gov.uk/downloads/file/4076/hull-local-plan-2016-to-2032-policies-map,2025-12-09,,,
3800351,hull-city-council-local-plan-2016-3,Authority Monitoring Report 2023 to 2024,,hull-city-council-local-plan-2016,authority-monitoring-report,https://www.hull.gov.uk/downloads/download/15/local-plan,https://www.hull.gov.uk/downloads/file/4465/authority-monitoring-report-2023-to-2024,2025-12-09,,,
3800352,hull-city-council-local-plan-2016-4,Authority Monitoring Report 2022 to 2023,,hull-city-council-local-plan-2016,authority-monitoring-report,https://www.hull.gov.uk/downloads/download/15/local-plan,https://www.hull.gov.uk/downloads/file/1884/authority-monitoring-report-2022-to-2023,2025-12-09,,,
3800353,hull-city-council-local-plan-2016-5,Authority Monitoring Report 2021 to 2022,,hull-city-council-local-plan-2016,authority-monitoring-report,https://www.hull.gov.uk/downloads/download/15/local-plan,https://www.hull.gov.uk/downloads/file/97/authority-monitoring-report-2021-to-2022,2025-12-09,,,
3800354,hull-city-council-local-plan-2016-6,Main Modifications Sustainability Appraisal Addendum June 2017,,hull-city-council-local-plan-2016,main-modifications,https://www.hull.gov.uk/downloads/download/15/local-plan,https://www.hull.gov.uk/downloads/file/100/main-modifications-sustainability-appraisal-addendum-june-2017,2025-12-09,,,
3800355,hull-city-council-local-plan-2016-7,Sustainability Appraisal - Addendum Feb 2017,,hull-city-council-local-plan-2016,sustainability-appraisal,https://www.hull.gov.uk/downloads/download/15/local-plan,https://www.hull.gov.uk/downloads/file/95/sustainability-appraisal-addendum-feb-2017,2025-12-09,,,
3800356,hull-city-council-local-plan-2016-8,Hull Local Plan Addendum of Proposed Changes Sustainability Appraisal Report Addendum December 2016,,hull-city-council-local-plan-2016,sustainability-appraisal,https://www.hull.gov.uk/downloads/download/15/local-plan,https://www.hull.gov.uk/downloads/file/98/hull-local-plan-addendum-of-proposed-changes-sustainability-appraisal-report-addendum-december-2016,2025-12-09,,,
3800357,hull-city-council-local-plan-2016-9,Local Plan Publication sustainability appraisal June 2016,,hull-city-council-local-plan-2016,sustainability-appraisal,https://www.hull.gov.uk/downloads/download/15/local-plan,https://www.hull.gov.uk/downloads/file/102/local-plan-publication-sustainability-appraisal-june-2016,2025-12-09,,,
3800358,rochford-district-council-local-plan-2025-1,Local Development Scheme 2025-28 (adopted 10 September 2025),,rochford-district-council-local-plan-2025,local-development-scheme,https://www.rochford.gov.uk/new-local-plan,,2025-12-09,,,
3800359,rochford-district-council-local-plan-2025-2,Agenda - Canewdon Workshop,,rochford-district-council-local-plan-2025,local-plan,https://www.rochford.gov.uk/new-local-plan-early-community-engagement-events-and-survey,https://www.rochford.gov.uk/sites/default/files/2022-11/planningpolicy_agendacanewdon.pdf,2025-12-09,,,
3800360,rochford-district-council-local-plan-2025-3,Presentation - Canewdon Workshop,,rochford-district-council-local-plan-2025,local-plan,https://www.rochford.gov.uk/new-local-plan-early-community-engagement-events-and-survey,https://www.rochford.gov.uk/sites/default/files/2022-11/planningpolicy_presentationcanewdon.pdf,2025-12-09,,,
3800361,rochford-district-council-local-plan-2025-4,Maps - Canewdon Workshop,,rochford-district-council-local-plan-2025,local-plan,https://www.rochford.gov.uk/new-local-plan-early-community-engagement-events-and-survey,https://www.rochford.gov.uk/sites/default/files/2022-11/planningpolicy_mapscanewdon.compressed.pdf,2025-12-09,,,
3800362,rochford-district-council-local-plan-2025-5,Notes - Canewdon Workshop,,rochford-district-council-local-plan-2025,local-plan,https://www.rochford.gov.uk/new-local-plan-early-community-engagement-events-and-survey,https://www.rochford.gov.uk/sites/default/files/2022-11/planningpolicy_notescanewdon.pdf,2025-12-09,,,
3800363,rochford-district-council-local-plan-2025-6,Agenda - Rochford Workshop,,rochford-district-council-local-plan-2025,local-plan,https://www.rochford.gov.uk/new-local-plan-early-community-engagement-events-and-survey,https://www.rochford.gov.uk/sites/default/files/2022-11/planningpolicy_agendarochford_.pdf,2025-12-09,,,
3800364,rochford-district-council-local-plan-2025-7,Presentation - Rochford Workshop,,rochford-district-council-local-plan-2025,local-plan,https://www.rochford.gov.uk/new-local-plan-early-community-engagement-events-and-survey,https://www.rochford.gov.uk/sites/default/files/2022-11/planningpolicy_presentation_rochford.pdf,2025-12-09,,,
3800365,rochford-district-council-local-plan-2025-8,Maps - Rochford Workshop,,rochford-district-council-local-plan-2025,local-plan,https://www.rochford.gov.uk/new-local-plan-early-community-engagement-events-and-survey,https://www.rochford.gov.uk/sites/default/files/2022-11/planningpolicy_mapsrochford.pdf,2025-12-09,,,
3800366,rochford-district-council-local-plan-2025-9,Notes - Rochford Workshop,,rochford-district-council-local-plan-2025,local-plan,https://www.rochford.gov.uk/new-local-plan-early-community-engagement-events-and-survey,https://www.rochford.gov.uk/sites/default/files/2022-11/planningpolicy_notesrochford.pdf,2025-12-09,,,
3800367,rochford-district-council-local-plan-2025-10,Agenda - Ashingdon Workshop,,rochford-district-council-local-plan-2025,local-plan,https://www.rochford.gov.uk/new-local-plan-early-community-engagement-events-and-survey,https://www.rochford.gov.uk/sites/default/files/2022-11/planningpolicy_agendaash.pdf,2025-12-09,,,
3800368,rochford-district-council-local-plan-2025-11,Presentation - Ashingdon Workshop,,rochford-district-council-local-plan-2025,local-plan,https://www.rochford.gov.uk/new-local-plan-early-community-engagement-events-and-survey,https://www.rochford.gov.uk/sites/default/files/2022-11/planningpolicy_presentation_ashingdon.pdf,2025-12-09,,,
3800369,rochford-district-council-local-plan-2025-12,Maps - Ashingdon Workshop,,rochford-district-council-local-plan-2025,local-plan,https://www.rochford.gov.uk/new-local-plan-early-community-engagement-events-and-survey,https://www.rochford.gov.uk/sites/default/files/2022-11/planningpolic_workshopmapashingdon.pdf,2025-12-09,,,
3800370,rochford-district-council-local-plan-2025-13,Notes - Ashingdon Workshop,,rochford-district-council-local-plan-2025,local-plan,https://www.rochford.gov.uk/new-local-plan-early-community-engagement-events-and-survey,https://www.rochford.gov.uk/sites/default/files/2022-11/planningpolicy_presentation_ashingdon_0.pdf,2025-12-09,,,
3800371,rochford-district-council-local-plan-2025-14,Agenda - Hullbridge Workshop,,rochford-district-council-local-plan-2025,local-plan,https://www.rochford.gov.uk/new-local-plan-early-community-engagement-events-and-survey,https://www.rochford.gov.uk/sites/default/files/2022-11/planningpolicy_agendahull.pdf,2025-12-09,,,
3800372,rochford-district-council-local-plan-2025-15,Presentation - Hullbridge Workshop,,rochford-district-council-local-plan-2025,local-plan,https://www.rochford.gov.uk/new-local-plan-early-community-engagement-events-and-survey,https://www.rochford.gov.uk/sites/default/files/2022-11/planningpolicy_presentation_stampag.pdf,2025-12-09,,,
3800373,rochford-district-council-local-plan-2025-16,Maps - Hullbridge Workshop,,rochford-district-council-local-plan-2025,local-plan,https://www.rochford.gov.uk/new-local-plan-early-community-engagement-events-and-survey,https://www.rochford.gov.uk/sites/default/files/2022-11/planningpolic_workshopmaphullbridge.pdf,2025-12-09,,,
3800374,rochford-district-council-local-plan-2025-17,Notes - Hullbridge Workshop,,rochford-district-council-local-plan-2025,local-plan,https://www.rochford.gov.uk/new-local-plan-early-community-engagement-events-and-survey,https://www.rochford.gov.uk/sites/default/files/2022-11/planningpolicy_presentation_hullbridge_1.pdf,2025-12-09,,,
3800375,uttlesford-district-council-local-plan-1,Uttlesford Local Plan 2005,,uttlesford-district-council-local-plan,local-plan,https://www.uttlesford.gov.uk/local-plan-2005,,2025-12-09,,,
3800376,uttlesford-district-council-local-plan-2,Inspectors' Letter,,uttlesford-district-council-local-plan,inspectors-report,https://uttlesford.gov.uk/article/4878/Planning-Policy-and-the-Local-Plan,https://uttlesford.moderngov.co.uk/documents/s17756/Appendix%201%20-%20Inspectors%20Letter.pdf,2025-12-09,,,
3800377,uttlesford-district-council-local-plan-3,Uttlesford Local Plan Peer Review,,uttlesford-district-council-local-plan,local-plan,https://uttlesford.gov.uk/article/4878/Planning-Policy-and-the-Local-Plan,https://uttlesford.moderngov.co.uk/documents/s17757/Appendix%202%20Uttlesford%20Local%20Plan%20Peer%20Review.pdf,2025-12-09,,,
3800378,somerset-council-local-plan-2023-1,Local Plan Update Report – 11 February 2025 as part of the Local Development Scheme Committee Report,,somerset-council-local-plan-2023,local-development-scheme,https://www.somerset.gov.uk/planning-buildings-and-land/somerset-local-plan/,https://democracy.somerset.gov.uk/documents/s44283/PTP Executive Sub Committee Report_Local Development Scheme 2025_FINAL v2.0.pdf,2025-12-09,,,
3800379,somerset-council-local-plan-2023-2,Local Plan Update Report – 8 October 2024,,somerset-council-local-plan-2023,local-plan,https://www.somerset.gov.uk/planning-buildings-and-land/somerset-local-plan/,https://democracy.somerset.gov.uk/documents/s37289/241008%20Local%20Plan%20biannual%20update%20-%20PTP%20Executive%20Sub-Committee%20Report%20FINAL%20002.pdf,2025-12-09,,,
3800380,somerset-council-local-plan-2023-3,Local Plan Progress Report – 14 February 2024,,somerset-council-local-plan-2023,local-plan,https://www.somerset.gov.uk/planning-buildings-and-land/somerset-local-plan/,https://democracy.somerset.gov.uk/documents/s25023/Somerset%20Development%20Plan%20Biannual%20Update%20Report%20-%20February%202024.pdf,2025-12-09,,,
3800381,somerset-council-local-plan-2023-4,Local Plan Update Report – 8 Oct 2025,,somerset-council-local-plan-2023,local-plan,https://www.somerset.gov.uk/planning-buildings-and-land/somerset-local-plan/,,2025-12-09,,,
3800382,somerset-council-local-plan-2023-5,Submission Guidance,,somerset-council-local-plan-2023,local-plan,https://www.somerset.gov.uk/local-plan,,2025-12-09,,,
3800383,somerset-council-local-plan-2023-6,Somerset Local Development Scheme 2025 document,,somerset-council-local-plan-2023,local-development-scheme,https://www.somerset.gov.uk/planning-buildings-and-land/local-development-scheme/,,2025-12-09,,,
3800384,somerset-council-local-plan-1,"Somerset's draft Local Nature Recovery Strategy - A vision for Somerset, Local Nature Recovery Strategy. Statement of Biodiversity Principles",,somerset-council-local-plan,supplementary-planning-document,https://www.somerset.gov.uk/planning-buildings-and-land/somersets-nature-recovery-strategy-consultation/,,2025-12-09,,,
3800385,somerset-council-local-plan-2,Appendix 8 – Mapping – Evidence and Technical Information,,somerset-council-local-plan,local-plan,https://www.somerset.gov.uk/planning-buildings-and-land/somersets-nature-recovery-strategy-consultation/,,2025-12-09,,,
3800386,somerset-council-local-plan-3,Minerals Local Plan – Identifying and Mapping the Mendip Hills Ecological Network,,somerset-council-local-plan,minerals-and-waste-plan,https://www.somerset.gov.uk/planning-buildings-and-land/ecological-networks/,,2025-12-09,,,
3800387,somerset-council-local-plan-4,Somerset's Ecological Network Report 2019,,somerset-council-local-plan,statement-of-community-involvement,https://www.somerset.gov.uk/planning-buildings-and-land/ecological-networks/,,2025-12-09,,,
3800388,manchester-city-council-local-plan-1,Grey Mare Lane regeneration masterplan,,manchester-city-council-local-plan,local-plan,https://www.manchester.gov.uk/downloads/200024/consultations_and_surveys,https://www.manchester.gov.uk/download/downloads/id/29355/grey_mare_lane_regeneration_masterplan.pdf,2025-12-09,,,
3800389,manchester-city-council-local-plan-2,Section 1 – Quay Street to Liverpool Road,,manchester-city-council-local-plan,local-plan,https://www.manchester.gov.uk/downloads/200024/consultations_and_surveys,https://www.manchester.gov.uk/download/downloads/id/29403/section_1_%E2%80%93_quay_street_to_liverpool_road.pdf,2025-12-09,,,
3800390,manchester-city-council-local-plan-3,Section 2 – Liverpool Road to Whitworth Street West,,manchester-city-council-local-plan,local-plan,https://www.manchester.gov.uk/downloads/200024/consultations_and_surveys,https://www.manchester.gov.uk/download/downloads/id/29404/section_2_%E2%80%93_liverpool_road_to_whitworth_street_west.pdf,2025-12-09,,,
3800391,manchester-city-council-local-plan-4,Section 3 – Bridgewater Viaduct and Chester Road,,manchester-city-council-local-plan,local-plan,https://www.manchester.gov.uk/downloads/200024/consultations_and_surveys,https://www.manchester.gov.uk/download/downloads/id/29405/section_3_%E2%80%93_bridgewater_viaduct_and_chester_road.pdf,2025-12-09,,,
3800392,manchester-city-council-local-plan-5,Newton Heath NDF - Public Consultation,,manchester-city-council-local-plan,local-plan,https://www.manchester.gov.uk/downloads/200024/consultations_and_surveys,https://www.manchester.gov.uk/download/downloads/id/29521/newton_heath_ndf_-_public_consultation.pdf,2025-12-09,,,
3800393,manchester-city-council-local-plan-6,East Village Central SRF update,,manchester-city-council-local-plan,local-plan,https://www.manchester.gov.uk/downloads/200024/consultations_and_surveys,https://www.manchester.gov.uk/download/downloads/id/30129/east_village_central_srf_update.pdf,2025-12-09,,,
3800394,council-of-the-isles-of-scilly-local-plan-2015-1,Isles of Scilly Local Plan (2015-2030),,council-of-the-isles-of-scilly-local-plan-2015,local-plan,https://www.scilly.gov.uk/planning/planning-policy/draft-local-plan-2015-2030/adoption-local-plan-2015-2030-regulation-26,https://www.scilly.gov.uk/sites/default/files/planning-apps/Adopted%20Local%20Plan%202015-2030%20Website%20Version_0.pdf,2025-12-09,,,
3800395,council-of-the-isles-of-scilly-local-plan-2015-2,"Cover, Foreword and Introduction",,council-of-the-isles-of-scilly-local-plan-2015,local-plan,https://www.scilly.gov.uk/planning/planning-policy/draft-local-plan-2015-2030/adoption-local-plan-2015-2030-regulation-26,https://www.scilly.gov.uk/sites/default/files/planning-apps/Adopted%20Local%20Plan%202015-2030%20Intro%20Chapter_0.pdf,2025-12-09,,,
3800396,council-of-the-isles-of-scilly-local-plan-2015-3,Spatial Portrait,,council-of-the-isles-of-scilly-local-plan-2015,local-plan,https://www.scilly.gov.uk/planning/planning-policy/draft-local-plan-2015-2030/adoption-local-plan-2015-2030-regulation-26,https://www.scilly.gov.uk/sites/default/files/planning-apps/Adopted%20Local%20Plan%202015-2030%20Spatial%20Portrait_0.pdf,2025-12-09,,,
3800397,council-of-the-isles-of-scilly-local-plan-2015-4,Key Issues and Challenges,,council-of-the-isles-of-scilly-local-plan-2015,local-plan,https://www.scilly.gov.uk/planning/planning-policy/draft-local-plan-2015-2030/adoption-local-plan-2015-2030-regulation-26,https://www.scilly.gov.uk/sites/default/files/planning-apps/Adopted%20Local%20Plan%202015-2030%20Key%20Issues%20and%20Challenges.pdf,2025-12-09,,,
3800398,council-of-the-isles-of-scilly-local-plan-2015-5,Spatial Vision and Strategy,,council-of-the-isles-of-scilly-local-plan-2015,local-plan,https://www.scilly.gov.uk/planning/planning-policy/draft-local-plan-2015-2030/adoption-local-plan-2015-2030-regulation-26,https://www.scilly.gov.uk/sites/default/files/planning-apps/Adopted%20Local%20Plan%202015-2030%20Spatial%20Vision%20and%20Strategy.pdf,2025-12-09,,,
3800399,council-of-the-isles-of-scilly-local-plan-2015-6,Promoting a Sustainable Scilly - Policies SS1 - SS10,,council-of-the-isles-of-scilly-local-plan-2015,local-plan,https://www.scilly.gov.uk/planning/planning-policy/draft-local-plan-2015-2030/adoption-local-plan-2015-2030-regulation-26,https://www.scilly.gov.uk/sites/default/files/planning-apps/Adopted%20Local%20Plan%202015-2030%20Promoting%20a%20Sustainable%20Scilly.pdf,2025-12-09,,,
3800400,council-of-the-isles-of-scilly-local-plan-2015-7,Our Outstanding Environment - Policies OE1 - OE7,,council-of-the-isles-of-scilly-local-plan-2015,local-plan,https://www.scilly.gov.uk/planning/planning-policy/draft-local-plan-2015-2030/adoption-local-plan-2015-2030-regulation-26,https://www.scilly.gov.uk/sites/default/files/planning-apps/Adopted%20Local%20Plan%202015-2030%20Our%20Outstanding%20Environment_0.pdf,2025-12-09,,,
3800401,council-of-the-isles-of-scilly-local-plan-2015-8,Building a Strong Living Community - Policies LC1 - LC9,,council-of-the-isles-of-scilly-local-plan-2015,local-plan,https://www.scilly.gov.uk/planning/planning-policy/draft-local-plan-2015-2030/adoption-local-plan-2015-2030-regulation-26,https://www.scilly.gov.uk/sites/default/files/planning-apps/Adopted%20Local%20Plan%202015-2030%20Building%20a%20Strong%20Living%20Community_2.pdf,2025-12-09,,,
3800402,council-of-the-isles-of-scilly-local-plan-2015-9,Building a Strong Working Community - Policies WC1 - WC5,,council-of-the-isles-of-scilly-local-plan-2015,local-plan,https://www.scilly.gov.uk/planning/planning-policy/draft-local-plan-2015-2030/adoption-local-plan-2015-2030-regulation-26,https://www.scilly.gov.uk/sites/default/files/planning-apps/Adopted%20Local%20Plan%202015-2030%20Building%20a%20Strong%20Working%20Community.pdf,2025-12-09,,,
3800403,council-of-the-isles-of-scilly-local-plan-2015-10,Policies Map Isles of Scilly,,council-of-the-isles-of-scilly-local-plan-2015,policies-map,https://www.scilly.gov.uk/planning/planning-policy/draft-local-plan-2015-2030/adoption-local-plan-2015-2030-regulation-26,https://www.scilly.gov.uk/sites/default/files/planning-apps/Adopted%20Local%20Plan%202015-2030%20Policy%20Maps.pdf,2025-12-09,,,
3800404,council-of-the-isles-of-scilly-local-plan-2015-11,Inspector's Report,,council-of-the-isles-of-scilly-local-plan-2015,inspectors-report,https://www.scilly.gov.uk/planning/planning-policy/draft-local-plan-2015-2030/adoption-local-plan-2015-2030-regulation-26,https://www.scilly.gov.uk/sites/default/files/planning-apps/Inspectors%20Final%20Report%20and%20appendix_0.pdf,2025-12-09,,,
3800405,council-of-the-isles-of-scilly-local-plan-2015-12,Adoption Statement,,council-of-the-isles-of-scilly-local-plan-2015,adoption-statement,https://www.scilly.gov.uk/planning/planning-policy/draft-local-plan-2015-2030/adoption-local-plan-2015-2030-regulation-26,https://www.scilly.gov.uk/sites/default/files/planning-apps/ADOPTION%20STATEMENT.pdf,2025-12-09,,,
3800406,council-of-the-isles-of-scilly-local-plan-2015-13,Final Sustainability Appraisal and Adoption Statement,,council-of-the-isles-of-scilly-local-plan-2015,sustainability-appraisal,https://www.scilly.gov.uk/planning/planning-policy/draft-local-plan-2015-2030/adoption-local-plan-2015-2030-regulation-26,https://www.scilly.gov.uk/sites/default/files/planning-apps/SA%20Adoption%20Statement%20-%20Final.pdf,2025-12-09,,,
3800407,council-of-the-isles-of-scilly-local-plan-2015-14,UPDATED Statement of Community Involvement June 2024,,council-of-the-isles-of-scilly-local-plan-2015,statement-of-community-involvement,https://www.scilly.gov.uk/planning/planning-policy/draft-local-plan-2015-2030/adoption-local-plan-2015-2030-regulation-26,https://www.scilly.gov.uk/sites/default/files/document/planning/UPDATED%20SCI%20June%202024%20FC%20Version_0.pdf,2025-12-09,,,
3800408,council-of-the-isles-of-scilly-local-plan-2015-15,Local Development Scheme 2024,,council-of-the-isles-of-scilly-local-plan-2015,local-development-scheme,https://www.scilly.gov.uk/planning/planning-policy/draft-local-plan-2015-2030/adoption-local-plan-2015-2030-regulation-26,https://www.scilly.gov.uk/sites/default/files/planning-apps/LDS%202024.pdf,2025-12-09,,,
3800409,council-of-the-isles-of-scilly-local-plan-2015-16,2019 Update to 2016 SHMA,,council-of-the-isles-of-scilly-local-plan-2015,strategic-housing-market-assessment,https://www.scilly.gov.uk/planning/planning-policy/local-plan-2015-2030/archive-preparation-local-plan-2015-2030/local-plan-0,https://www.scilly.gov.uk/sites/default/files/SHMA%20UPDATE%20Housing%20Need%20July%2019.pdf,2025-12-09,,,
3800410,council-of-the-isles-of-scilly-local-plan-2015-17,Data Report,,council-of-the-isles-of-scilly-local-plan-2015,strategic-housing-market-assessment,https://www.scilly.gov.uk/planning/planning-policy/local-plan-2015-2030/archive-preparation-local-plan-2015-2030/local-plan-0,https://www.scilly.gov.uk/sites/default/files/planning-apps/SHMA%20UPDATE%201%20DATA.pdf,2025-12-09,,,
3800411,council-of-the-isles-of-scilly-local-plan-2015-18,2018 Update to 2016 SHMA,,council-of-the-isles-of-scilly-local-plan-2015,strategic-housing-market-assessment,https://www.scilly.gov.uk/planning/planning-policy/local-plan-2015-2030/archive-preparation-local-plan-2015-2030/local-plan-0,https://www.scilly.gov.uk/sites/default/files/planning-apps/SHMA%20UPDATE%202%20Housing%20Need_0.pdf,2025-12-09,,,
3800412,wyre-forest-district-council-local-plan-2016-1,Wyre Forest District Local Plan (2016-2036) - adopted April 2022,,wyre-forest-district-council-local-plan-2016,local-plan,https://www.wyreforestdc.gov.uk/localplan,,2025-12-09,,,
3800413,wyre-forest-district-council-local-plan-2016-2,Policies map,,wyre-forest-district-council-local-plan-2016,policies-map,https://www.wyreforestdc.gov.uk/localplan,,2025-12-09,,,
3800414,wyre-forest-district-council-local-plan-2016-3,Inspector's Report on the Examination of the Wyre Forest District Local Plan 2016-2036,,wyre-forest-district-council-local-plan-2016,inspectors-report,https://www.wyreforestdc.gov.uk/planning-and-buildings/planning-policy/wyre-forest-district-local-plan-2016-2036/local-plan-examination/inspectors-report/,https://www.wyreforestdc.gov.uk/media/ul0ayozc/wyre-forest-inspector-s-report.pdf,2025-12-09,,,
3800415,wyre-forest-district-council-local-plan-2016-4,Wyre Forest Local Plan Main Modifications Appendix Final,,wyre-forest-district-council-local-plan-2016,main-modifications,https://www.wyreforestdc.gov.uk/planning-and-buildings/planning-policy/wyre-forest-district-local-plan-2016-2036/local-plan-examination/inspectors-report/,https://www.wyreforestdc.gov.uk/media/becddrlx/wyre-forest-lp-main-mods-appendix-final.pdf,2025-12-09,,,
3800416,wyre-forest-district-council-local-plan-2016-5,ED58 - Sustainability Appraisal of the main modifications to the submitted version of the Wyre Forest Local Plan by Levett-Therivel,,wyre-forest-district-council-local-plan-2016,sustainability-appraisal,https://www.wyreforestdc.gov.uk/localplan,https://www.wyreforestdc.gov.uk/media/4ping1zn/ed58-wyre-forest-local-plan-sa-final.pdf,2025-12-09,,,
3800417,wyre-forest-district-council-local-plan-2016-6,Settlement hierarchy technical paper,,wyre-forest-district-council-local-plan-2016,local-plan,https://www.wyreforestdc.gov.uk/planning-and-buildings/planning-policy/wyre-forest-district-local-plan-2016-2036/local-plan-review-process-2015-2022/local-plan-2016-2036-background-documents/,https://www.wyreforestdc.gov.uk/media/g0fdxonb/settlement-hierarchy-july-2019.pdf,2025-12-09,,,
3800418,exeter-city-council-local-plan-2026-1,Adopted Core Strategy,,exeter-city-council-local-plan-2026,core-strategy,https://www.exeter.gov.uk/planning-services/current-policy/current-local-plan/,https://www.exeter.gov.uk/media/1636/adopted-core-strategy.pdf,2025-12-09,,,
3800419,old-oak-and-park-royal-development-corporation-local-plan-1,OPDC Local Plan 2022,,old-oak-and-park-royal-development-corporation-local-plan,local-plan,https://www.london.gov.uk/local-plan,https://www.london.gov.uk/sites/default/files/opdc_local_plan_2022_june_2022_including_appendix_0.pdf,2025-12-09,,,
3800420,old-oak-and-park-royal-development-corporation-local-plan-2,Minor Modifications,,old-oak-and-park-royal-development-corporation-local-plan,local-plan,https://www.london.gov.uk/who-we-are/city-halls-partners/old-oak-and-park-royal-development-corporation-opdc/planning-policy/opdc-planning-policy/local-plan/local-plan-main-modifications-consultation,https://www.london.gov.uk/sites/default/files/opdc-40c_post_submission_table_of_minor_modifications_may_2021.pdf,2025-12-09,,,
3800421,old-oak-and-park-royal-development-corporation-local-plan-3,Local Plan Main Modifications Consultation Booklet,,old-oak-and-park-royal-development-corporation-local-plan,main-modifications,https://www.london.gov.uk/who-we-are/city-halls-partners/old-oak-and-park-royal-development-corporation-opdc/planning-policy/opdc-planning-policy/local-plan/local-plan-main-modifications-consultation,https://www.london.gov.uk/sites/default/files/opdc_local_plan_mods_consultation_booklet_may21.pdf,2025-12-09,,,
3800422,old-oak-and-park-royal-development-corporation-local-plan-4,The Local Plan - Pre Consultation Leaflet,,old-oak-and-park-royal-development-corporation-local-plan,local-plan,https://www.london.gov.uk/who-we-are/city-halls-partners/old-oak-and-park-royal-development-corporation-opdc/planning-policy/opdc-planning-policy/local-plan/local-plan-main-modifications-consultation,https://www.london.gov.uk/sites/default/files/opdc_local_plan_information_leaflet_2.pdf,2025-12-09,,,
3800423,old-oak-and-park-royal-development-corporation-local-plan-5,The Engagement Session,,old-oak-and-park-royal-development-corporation-local-plan,local-plan,https://www.london.gov.uk/who-we-are/city-halls-partners/old-oak-and-park-royal-development-corporation-opdc/planning-policy/opdc-planning-policy/local-plan/local-plan-main-modifications-consultation,https://www.london.gov.uk/sites/default/files/engagement_session_presentation.pdf,2025-12-09,,,
3800424,old-oak-and-park-royal-development-corporation-local-plan-6,Draft Local Plan,,old-oak-and-park-royal-development-corporation-local-plan,local-plan,https://www.london.gov.uk/who-we-are/city-halls-partners/old-oak-and-park-royal-development-corporation-opdc/planning-policy/opdc-planning-policy/local-plan/opdc-draft-local-plan,,2025-12-09,,,
3800425,stratford-on-avon-district-council-local-plan-1,Site Allocations Plan Revised Preferred Options (June 2022),,stratford-on-avon-district-council-local-plan,site-allocations,https://www.stratford.gov.uk/planning-building/site-allocations-plan.cfm,https://www.stratford.gov.uk/doc/211256/name/REVISED%20PREFERRED%20OPTIONS%20SAP%20JUNE%202022%20.pdf,2025-12-09,,,
3800426,stratford-on-avon-district-council-local-plan-2,Key Diagram,,stratford-on-avon-district-council-local-plan,policies-map,https://www.stratford.gov.uk/planning-building/site-allocations-plan.cfm,https://www.stratford.gov.uk/doc/211348/name/1388%20Key%20Diagram%20JUN22.pdf,2025-12-09,,,
3800427,stratford-on-avon-district-council-local-plan-3,Site Allocations Plan Revised Preferred Options – showing changes from version of Plan published in October 2020,,stratford-on-avon-district-council-local-plan,site-allocations,https://www.stratford.gov.uk/planning-building/site-allocations-plan.cfm,https://www.stratford.gov.uk/doc/211257/name/REVISED%20PREFERRED%20OPTIONS%20SAP%20SHOWING%20AMENDMENTS.pdf,2025-12-09,,,
3800428,stratford-on-avon-district-council-local-plan-4,Schedule of Main Changes in Revised Preferred Options,,stratford-on-avon-district-council-local-plan,local-plan-regulation-18,https://www.stratford.gov.uk/planning-building/site-allocations-plan.cfm,https://www.stratford.gov.uk/doc/211271/name/Schedule%20of%20Main%20Changes%20in%20Revised%20Preferred%20Options%20SAP.pdf,2025-12-09,,,
3800429,stratford-on-avon-district-council-local-plan-5,Statement of Representations Procedure,,stratford-on-avon-district-council-local-plan,local-plan,https://www.stratford.gov.uk/planning-building/site-allocations-plan.cfm,https://www.stratford.gov.uk/doc/211258/name/Statement%20of%20Representations%20Procedure.pdf,2025-12-09,,,
3800430,stratford-on-avon-district-council-local-plan-6,Equality Impact Assessment,,stratford-on-avon-district-council-local-plan,equalities-impact-assessment,https://www.stratford.gov.uk/planning-building/site-allocations-plan.cfm,https://www.stratford.gov.uk/doc/211259/name/Equality%20Impact%20Assessment%20June%202022%20.pdf,2025-12-09,,,
3800431,stratford-on-avon-district-council-local-plan-7,Assessment of Comments on Preferred Options Site Allocations Plan (October 2020),,stratford-on-avon-district-council-local-plan,site-allocations,https://www.stratford.gov.uk/planning-building/site-allocations-plan.cfm,https://www.stratford.gov.uk/doc/211272/name/Assessment%20of%20comments%20on%20Preferred%20Options%20SAP%20October%202020%20.pdf,2025-12-09,,,
3800432,stratford-on-avon-district-council-local-plan-8,Assessment of Competing Potential Reserve Housing Sites,,stratford-on-avon-district-council-local-plan,local-plan,https://www.stratford.gov.uk/planning-building/site-allocations-plan.cfm,https://www.stratford.gov.uk/doc/211262/name/Assessment%20of%20Competing%20Potential%20Reserve%20Housing%20Sites.pdf,2025-12-09,,,
3800433,stratford-on-avon-district-council-local-plan-9,Assessment of infrastructure capacity for Reserve Housing Sites,,stratford-on-avon-district-council-local-plan,local-plan,https://www.stratford.gov.uk/planning-building/site-allocations-plan.cfm,https://www.stratford.gov.uk/doc/211263/name/Assessment%20of%20infrastructure%20capacity%20for%20Reserve%20Housing%20Sites.pdf,2025-12-09,,,
3800434,stratford-on-avon-district-council-local-plan-10,Assessment of land parcels on edge of Stratford-upon-Avon,,stratford-on-avon-district-council-local-plan,local-plan,https://www.stratford.gov.uk/planning-building/site-allocations-plan.cfm,https://www.stratford.gov.uk/doc/211265/name/Assessment%20of%20land%20parcels%20on%20edge%20of%20SuA%20schedule.pdf,2025-12-09,,,
3800435,stratford-on-avon-district-council-local-plan-11,Meon Vale Local Green Space Assessment,,stratford-on-avon-district-council-local-plan,local-plan,https://www.stratford.gov.uk/planning-building/site-allocations-plan.cfm,https://www.stratford.gov.uk/doc/211264/name/Meon%20Vale%20Local%20Green%20Space%20Assessment.pdf,2025-12-09,,,
3800436,stratford-on-avon-district-council-local-plan-12,Preferred Options 2025,,stratford-on-avon-district-council-local-plan,local-plan,https://www.southwarwickshire.org.uk/swlp/preferred-options.cfm,https://www.southwarwickshire.org.uk/doc/213277/name/Preferred%20Options%202025%20WEB.pdf,2025-12-09,,,
3800437,stratford-on-avon-district-council-local-plan-13,Preferred Options Errata 2025,,stratford-on-avon-district-council-local-plan,local-plan,https://www.southwarwickshire.org.uk/swlp/preferred-options.cfm,https://www.southwarwickshire.org.uk/doc/213336/name/Preferred%20Options%20Errata%202025%2001%2024.pdf,2025-12-09,,,
3800438,stratford-on-avon-district-council-local-plan-14,SWLP Presentation to Developer events,,stratford-on-avon-district-council-local-plan,local-plan,https://www.southwarwickshire.org.uk/swlp/preferred-options.cfm,https://www.southwarwickshire.org.uk/doc/213343/name/SWLP%20Presentation%20to%20Developer%20events.pdf,2025-12-09,,,
3800439,stratford-on-avon-district-council-local-plan-15,Issues and Options Consultation Statement,,stratford-on-avon-district-council-local-plan,consultation-statement,https://www.stratford.gov.uk/planning-building/the-south-warwickshire-local-plan.cfm,https://www.stratford.gov.uk/doc/212301/name/Final%20Merged%20Consultation%20Statement.pdf,2025-12-09,,,
3800440,west-suffolk-council-local-plan-2024-1,Supplementary Planning Documents and Guidance,,west-suffolk-council-local-plan-2024,supplementary-planning-document,https://www.westsuffolk.gov.uk/planning/Planning_Policies/,,2025-12-09,,,
3800441,west-suffolk-council-local-plan-2024-2,Health Impact Assessments Guidance,,west-suffolk-council-local-plan-2024,health-impact-assessment,https://www.westsuffolk.gov.uk/planning/Planning_Policies/,,2025-12-09,,,
3800442,west-suffolk-council-local-plan-2024-3,Landscapes Character Assessment,,west-suffolk-council-local-plan-2024,landscape-character-assessment,https://www.westsuffolk.gov.uk/planning/Planning_Policies/,,2025-12-09,,,
3800443,havant-borough-council-local-plan-1,Draft Building a Better Future Plan,,havant-borough-council-local-plan,local-plan,https://www.havant.gov.uk/local-plan,https://www.havant.gov.uk/sites/default/files/2025-05/Draft%20Building%20a%20Better%20Future%20Plan%20Web.pdf,2025-12-09,,,
3800444,havant-borough-council-local-plan-2,Draft Building a Better Future Plan Brochure,,havant-borough-council-local-plan,local-plan,https://www.havant.gov.uk/local-plan,https://www.havant.gov.uk/sites/default/files/2025-05/Local%20Plan%20brochure%20FINAL%20digital.pdf,2025-12-09,,,
3800445,havant-borough-council-local-plan-3,Habitat Regulations Assessment,,havant-borough-council-local-plan,habitats-regulations-assessment,https://www.havant.gov.uk/planning-services/planning-policy/local-plan/local-plan-evidence-studies-and-strategies,https://www.havant.gov.uk/sites/default/files/2025-02/Habitats%20Regulations%20Assessment.pdf,2025-12-09,,,
3800446,havant-borough-council-local-plan-4,Development Capacity Background Paper,,havant-borough-council-local-plan,local-plan,https://www.havant.gov.uk/planning-services/planning-policy/local-plan/local-plan-evidence-studies-and-strategies,https://www.havant.gov.uk/sites/default/files/2025-05/Development%20Capacity%20Background%20Paper.pdf,2025-12-09,,,
3800447,havant-borough-council-local-plan-5,Local Development Scheme,,havant-borough-council-local-plan,local-development-scheme,https://www.havant.gov.uk/planning-services/planning-policy/local-plan/local-development-scheme-lds,https://www.havant.gov.uk/sites/default/files/2025-06/Local%20Development%20Scheme%20%28June%202025%29.pdf,2025-12-09,,,
3800448,havant-borough-council-local-plan-2011-1,Local Plan (Core Strategy) 2011,,havant-borough-council-local-plan-2011,core-strategy,https://www.havant.gov.uk/planning-services/planning-policy/local-plan/core-strategy-and-allocations-plan-adopted-local-plan,,2025-12-09,,,
3800449,havant-borough-council-local-plan-2011-2,Map 1 North of Waterlooville,,havant-borough-council-local-plan-2011,policies-map,https://www.havant.gov.uk/planning-services/planning-policy/local-plan/core-strategy-and-allocations-plan-adopted-local-plan,https://www.havant.gov.uk/sites/default/files/documents/Map%201_2.pdf,2025-12-09,,,
3800450,havant-borough-council-local-plan-2011-3,Map 3 Leigh Park and east part of Waterlooville,,havant-borough-council-local-plan-2011,policies-map,https://www.havant.gov.uk/planning-services/planning-policy/local-plan/core-strategy-and-allocations-plan-adopted-local-plan,https://www.havant.gov.uk/sites/default/files/documents/Map%203_2.pdf,2025-12-09,,,
3800451,havant-borough-council-local-plan-2011-4,Map 4 South of Waterlooville and west parts of Havant and Waterlooville,,havant-borough-council-local-plan-2011,policies-map,https://www.havant.gov.uk/planning-services/planning-policy/local-plan/core-strategy-and-allocations-plan-adopted-local-plan,http://www.havant.gov.uk/sites/default/files/documents/Map%204_2.pdf,2025-12-09,,,
3800452,havant-borough-council-local-plan-2011-5,Map 6 Emsworth,,havant-borough-council-local-plan-2011,policies-map,https://www.havant.gov.uk/planning-services/planning-policy/local-plan/core-strategy-and-allocations-plan-adopted-local-plan,https://www.havant.gov.uk/sites/default/files/documents/Map%206_2.pdf,2025-12-09,,,
3800453,havant-borough-council-local-plan-2011-6,Map 8 South of Havant and Emsworth,,havant-borough-council-local-plan-2011,policies-map,https://www.havant.gov.uk/planning-services/planning-policy/local-plan/core-strategy-and-allocations-plan-adopted-local-plan,https://www.havant.gov.uk/sites/default/files/documents/Map%208_1.pdf,2025-12-09,,,
3800454,havant-borough-council-local-plan-2011-7,Map 9 North West Hayling Island,,havant-borough-council-local-plan-2011,policies-map,https://www.havant.gov.uk/planning-services/planning-policy/local-plan/core-strategy-and-allocations-plan-adopted-local-plan,https://www.havant.gov.uk/sites/default/files/documents/Map%209_1.pdf,2025-12-09,,,
3800455,havant-borough-council-local-plan-2011-8,Map 10 North East Hayling Island,,havant-borough-council-local-plan-2011,policies-map,https://www.havant.gov.uk/planning-services/planning-policy/local-plan/core-strategy-and-allocations-plan-adopted-local-plan,https://www.havant.gov.uk/sites/default/files/documents/Map%2010_1.pdf,2025-12-09,,,
3800456,havant-borough-council-local-plan-2011-9,Map 11 Central Hayling Island West,,havant-borough-council-local-plan-2011,policies-map,https://www.havant.gov.uk/planning-services/planning-policy/local-plan/core-strategy-and-allocations-plan-adopted-local-plan,https://www.havant.gov.uk/sites/default/files/documents/Map%2011_0.pdf,2025-12-09,,,
3800457,havant-borough-council-local-plan-2011-10,Map 12 Central Hayling Island East,,havant-borough-council-local-plan-2011,policies-map,https://www.havant.gov.uk/planning-services/planning-policy/local-plan/core-strategy-and-allocations-plan-adopted-local-plan,https://www.havant.gov.uk/sites/default/files/documents/Map%2012_1.pdf,2025-12-09,,,
3800458,havant-borough-council-local-plan-2011-11,Map 13 South West Hayling Island,,havant-borough-council-local-plan-2011,policies-map,https://www.havant.gov.uk/planning-services/planning-policy/local-plan/core-strategy-and-allocations-plan-adopted-local-plan,https://www.havant.gov.uk/sites/default/files/documents/Map%2013_0.pdf,2025-12-09,,,
3800459,havant-borough-council-local-plan-2011-12,Map 14 South East Hayling Island,,havant-borough-council-local-plan-2011,policies-map,https://www.havant.gov.uk/planning-services/planning-policy/local-plan/core-strategy-and-allocations-plan-adopted-local-plan,https://www.havant.gov.uk/sites/default/files/documents/Map%2014_1.pdf,2025-12-09,,,
3800460,oxford-city-council-local-plan-2016-1,Oxford Local Plan 2036 Inspectors' Report,,oxford-city-council-local-plan-2016,local-plan,https://www.oxford.gov.uk/downloads/download/481/downloads-for-oxford-local-plan-2036-inspectors-report,https://www.oxford.gov.uk/downloads/file/1825/oxford-local-plan-2036-inspectors-report,2025-12-09,,,
3800461,oxford-city-council-local-plan-2016-2,Sustainability Appraisal Report,,oxford-city-council-local-plan-2016,sustainability-appraisal,https://www.oxford.gov.uk/localplan,https://www.oxford.gov.uk/downloads/file/1806/oxford-local-plan-2036-sustainability-appraisal-and-strategic-environmental-assessment,2025-12-09,,,
3800462,oxford-city-council-local-plan-2016-3,Habitat's Regulation Assessment,,oxford-city-council-local-plan-2016,local-plan,https://www.oxford.gov.uk/localplan,https://www.oxford.gov.uk/downloads/file/1805/oxford-local-plan-2036-habitats-regulations-assessment-appropriate-assessment,2025-12-09,,,
3800463,oxford-city-council-local-plan-2016-4,Oxford Local Plan 2036 - Adoption Statement,,oxford-city-council-local-plan-2016,adoption-statement,https://www.oxford.gov.uk/downloads/download/477/downloads-for-oxford-local-plan-2036-adoption-statements,https://www.oxford.gov.uk/downloads/file/1808/oxford-local-plan-2036---adoption-statement,2025-12-09,,,
3800464,oxford-city-council-local-plan-2016-5,Oxford Local Plan 2036 - Sustainability Appraisal Habitats Regulation Assessment Post-Adoption Statement,,oxford-city-council-local-plan-2016,adoption-statement,https://www.oxford.gov.uk/downloads/download/477/downloads-for-oxford-local-plan-2036-adoption-statements,https://www.oxford.gov.uk/downloads/file/1809/oxford-local-plan-2036---sustainability-appraisal-habitats-regulation-assessment-post-adoption-statement,2025-12-09,,,
3800465,oxford-city-council-local-plan-2025-1,Inspectors' Letter,,oxford-city-council-local-plan-2025,local-plan,https://www.oxford.gov.uk/local-plan/oxford-local-plan-2040-examination,https://www.oxford.gov.uk/downloads/file/3600/exam-20---inspectors-post-hearings-letter-to-council-september-2024,2025-12-09,,,
3800466,oxford-city-council-local-plan-2025-2,Letter in response to the Inspectors' letter,,oxford-city-council-local-plan-2025,local-plan,https://www.oxford.gov.uk/local-plan/oxford-local-plan-2040-examination,https://www.oxford.gov.uk/downloads/file/3601/exam-21---letter-to-pins-in-response-to-inspectors-post-hearings-letter,2025-12-09,,,
3800467,oxford-city-council-local-plan-2025-3,Inspectors' response to our letter of 25 September 2024,,oxford-city-council-local-plan-2025,local-plan,https://www.oxford.gov.uk/local-plan/oxford-local-plan-2040-examination,https://www.oxford.gov.uk/downloads/file/3634/exam-22---inspectors-response-to-exam-21,2025-12-09,,,
3800468,oxford-city-council-local-plan-1,Community Infrastructure Levy (CIL) Charging Schedule (October 2013),,oxford-city-council-local-plan,local-plan,https://www.oxford.gov.uk/localplan,https://www.oxford.gov.uk/downloads/file/1566/cil-final-charging-schedule,2025-12-09,,,
3800469,oxford-city-council-local-plan-2,Oxford West End Design Guide,,oxford-city-council-local-plan,urban-design-framework,https://www.oxford.gov.uk/localplan,https://www.oxford.gov.uk/downloads/file/1598/oxford-west-end-design-guide,2025-12-09,,,
3800470,oxford-city-council-local-plan-3,Oxford West End Spacial Framework Main Document,,oxford-city-council-local-plan,local-plan,https://www.oxford.gov.uk/localplan,https://www.oxford.gov.uk/downloads/file/1601/oxford-west-end-spatial-framework-main-document-,2025-12-09,,,
3800471,oxford-city-council-local-plan-4,Oxford West End Spacial Framework Appendices,,oxford-city-council-local-plan,local-plan,https://www.oxford.gov.uk/localplan,https://www.oxford.gov.uk/downloads/file/1600/oxford-west-end-spatial-framework-appendices-,2025-12-09,,,
3800472,east-staffordshire-borough-council-local-plan-2012-1,East Staffordshire Integrated Transport Strategy 2014,,east-staffordshire-borough-council-local-plan-2012,transport-assessment,https://www.eaststaffsbc.gov.uk/planning/planning-policy/local-plan-evidence-base,https://www.eaststaffsbc.gov.uk/sites/default/files/docs/planning/planningpolicy/examination/c/C43IntegratedTransportStrategyamended14thJuly2014.pdf,2025-12-09,,,
3800473,east-staffordshire-borough-council-local-plan-2006-1,Adopted Local Plan 2006-2011,,east-staffordshire-borough-council-local-plan-2006,local-plan,https://www.eaststaffsbc.gov.uk/adopted-local-plan,https://www.eaststaffsbc.gov.uk/sites/default/files/docs/planning/planningpolicy/localplan2006/AdoptedLocalPlan2006-2011.pdf,2025-12-09,,,
3800474,east-staffordshire-borough-council-local-plan-2006-2,Proposals Map - Entire Borough,,east-staffordshire-borough-council-local-plan-2006,policies-map,https://www.eaststaffsbc.gov.uk/adopted-local-plan,,2025-12-09,,,
3800475,west-northamptonshire-council-local-plan-2043-1,Regulation 18 Local Plan (April 2024),,west-northamptonshire-council-local-plan-2043,local-plan-regulation-18,https://www.westnorthants.gov.uk/planning-policy/new-local-plan-west-northamptonshire,,2025-12-09,,,
3800476,west-northamptonshire-council-local-plan-2043-2,West Northamptonshire Local Plan Regulation 18 – Sustainability Appraisal (April 2024),,west-northamptonshire-council-local-plan-2043,sustainability-appraisal,https://www.westnorthants.gov.uk/planning-policy/new-local-plan-west-northamptonshire,,2025-12-09,,,
3800477,west-northamptonshire-council-local-plan-2043-3,West Northamptonshire Local Plan Regulation 18 – Sustainability Appraisal – High Level Assessments (April 2024),,west-northamptonshire-council-local-plan-2043,sustainability-appraisal,https://www.westnorthants.gov.uk/planning-policy/new-local-plan-west-northamptonshire,,2025-12-09,,,
3800478,west-northamptonshire-council-local-plan-2043-4,West Northamptonshire Local Plan Regulation 18 – Habitats Regulations Assessment (Screening) (April 2024),,west-northamptonshire-council-local-plan-2043,habitats-regulations-assessment,https://www.westnorthants.gov.uk/planning-policy/new-local-plan-west-northamptonshire,,2025-12-09,,,
3800479,west-northamptonshire-council-local-plan-2043-5,Local Plan Policies Map NE (April 2024),,west-northamptonshire-council-local-plan-2043,policies-map,https://www.westnorthants.gov.uk/planning-policy/new-local-plan-west-northamptonshire,,2025-12-09,,,
3800480,west-northamptonshire-council-local-plan-2043-6,Local Plan Policies Map NW (April 2024),,west-northamptonshire-council-local-plan-2043,policies-map,https://www.westnorthants.gov.uk/planning-policy/new-local-plan-west-northamptonshire,,2025-12-09,,,
3800481,west-northamptonshire-council-local-plan-2043-7,Local Plan Policies Map SE (April 2024),,west-northamptonshire-council-local-plan-2043,policies-map,https://www.westnorthants.gov.uk/planning-policy/new-local-plan-west-northamptonshire,,2025-12-09,,,
3800482,west-northamptonshire-council-local-plan-2043-8,Local Plan Policies Map SW (April 2024),,west-northamptonshire-council-local-plan-2043,policies-map,https://www.westnorthants.gov.uk/planning-policy/new-local-plan-west-northamptonshire,,2025-12-09,,,
3800483,west-northamptonshire-council-local-plan-2043-9,Local Plan Policies Map Inset - Brackley (April 2024),,west-northamptonshire-council-local-plan-2043,policies-map,https://www.westnorthants.gov.uk/planning-policy/new-local-plan-west-northamptonshire,,2025-12-09,,,
3800484,west-northamptonshire-council-local-plan-2043-10,Local Plan Policies Map Inset - Daventry (April 2024),,west-northamptonshire-council-local-plan-2043,policies-map,https://www.westnorthants.gov.uk/planning-policy/new-local-plan-west-northamptonshire,,2025-12-09,,,
3800485,west-northamptonshire-council-local-plan-2011-1,South Northamptonshire Local Plan Part 2 2011-2029,,west-northamptonshire-council-local-plan-2011,local-plan,https://www.westnorthants.gov.uk/planning-policy/south-northamptonshire-local-plan-part-2,,2025-12-09,,,
3800486,west-northamptonshire-council-local-plan-2011-2,South Northamptonshire Local Plan Part 2 Adoption Statement,,west-northamptonshire-council-local-plan-2011,adoption-statement,https://www.westnorthants.gov.uk/planning-policy/south-northamptonshire-local-plan-part-2,,2025-12-09,,,
3800487,west-northamptonshire-council-local-plan-2011-3,Overall Proposals Key Map,,west-northamptonshire-council-local-plan-2011,local-plan,https://www.westnorthants.gov.uk/planning-policy/south-northamptonshire-local-plan-part-2,,2025-12-09,,,
3800488,west-northamptonshire-council-local-plan-2011-4,Proposals Maps Policies AL1 to AL5,,west-northamptonshire-council-local-plan-2011,policies-map,https://www.westnorthants.gov.uk/planning-policy/south-northamptonshire-local-plan-part-2,,2025-12-09,,,
3800489,west-northamptonshire-council-local-plan-2011-5,Appendix 1 Proposals Map Policies NE1 to NE3 and NE7,,west-northamptonshire-council-local-plan-2011,policies-map,https://www.westnorthants.gov.uk/planning-policy/south-northamptonshire-local-plan-part-2,,2025-12-09,,,
3800490,west-northamptonshire-council-local-plan-2011-6,LP2SD03-1 Local Plan Part 2 Sustainability Appraisal (Options 2016),,west-northamptonshire-council-local-plan-2011,sustainability-appraisal,https://www.westnorthants.gov.uk/planning-policy/south-northamptonshire-local-plan-part-2,,2025-12-09,,,
3800491,west-northamptonshire-council-local-plan-2011-7,LP2SD03-2 Local Plan Part 2 Sustainability Appraisal Part 1 Introduction,,west-northamptonshire-council-local-plan-2011,sustainability-appraisal,https://www.westnorthants.gov.uk/planning-policy/south-northamptonshire-local-plan-part-2,,2025-12-09,,,
3800492,west-northamptonshire-council-local-plan-2011-8,LP2SD03-3 Local Plan Part 2 Sustainability Appraisal Part 2 Baseline,,west-northamptonshire-council-local-plan-2011,sustainability-appraisal,https://www.westnorthants.gov.uk/planning-policy/south-northamptonshire-local-plan-part-2,,2025-12-09,,,
3800493,warrington-borough-council-local-plan-2021-1,Warrington local plan - 2021/22 - 2038/39,,warrington-borough-council-local-plan-2021,local-plan,https://www.warrington.gov.uk/localplan,https://www.warrington.gov.uk/sites/default/files/2023-12/Warrington%20local%20plan%20-%202021-22%20-%202038-39%20-%20Adopted%20December%202023.pdf,2025-12-09,,,
3800494,warrington-borough-council-local-plan-2021-2,Adoption statement - Warrington local plan - 2021/22-2038/39,,warrington-borough-council-local-plan-2021,adoption-statement,https://www.warrington.gov.uk/localplan,https://www.warrington.gov.uk/sites/default/files/2023-12/Adoption%20statement%20-%20Warrington%20local%20plan%20-%202021-22%20-%202038-39.pdf,2025-12-09,,,
3800495,warrington-borough-council-local-plan-2021-3,Adopted local plan policies map 2021-2022 - 2038-2039,,warrington-borough-council-local-plan-2021,policies-map,https://www.warrington.gov.uk/localplan,https://www.warrington.gov.uk/sites/default/files/2023-12/Adopted%20local%20plan%20policies%20map%202021-2022%20-%202038-2039.pdf,2025-12-09,,,
3800496,warrington-borough-council-local-plan-2021-4,Sustainability appraisal adoption statement - Warrington local plan - 2021-22 - 2038-39,,warrington-borough-council-local-plan-2021,adoption-statement,https://www.warrington.gov.uk/localplan,https://www.warrington.gov.uk/sites/default/files/2023-12/Sustainability%20appraisal%20adoption%20statement%20-%20Warrington%20local%20plan%20-%202021-22%20-%202038-39.pdf,2025-12-09,,,
3800497,warrington-borough-council-local-plan-2021-5,Sustainability Appraisal SA Report - August 2021,,warrington-borough-council-local-plan-2021,sustainability-appraisal,https://www.warrington.gov.uk/localplan,https://www.warrington.gov.uk/sites/default/files/2021-09/sustainability_appraisal_sa_report_-_august_2021.pdf,2025-12-09,,,
3800498,warrington-borough-council-local-plan-2021-6,SP3a - Sustainability Appraisal Addendum - September 2021,,warrington-borough-council-local-plan-2021,sustainability-appraisal,https://www.warrington.gov.uk/localplan,https://www.warrington.gov.uk/sites/default/files/2021-09/warrington_sustainability_appraisal_addendum_-_september_2021.pdf,2025-12-09,,,
3800499,warrington-borough-council-local-plan-2021-7,SP3b - Non-technical Sustainability Appraisal for the Pre-Submission Local Plan (2021-2038),,warrington-borough-council-local-plan-2021,sustainability-appraisal,https://www.warrington.gov.uk/localplan,https://www.warrington.gov.uk/sites/default/files/2021-09/non-technical_sustainability_appraisal_for_the_pre-submission_local_plan_2021-2038.pdf,2025-12-09,,,
3800500,warrington-borough-council-local-plan-2021-8,CD70 - Warrington sustainability appraisal report addendum - March 2023,,warrington-borough-council-local-plan-2021,sustainability-appraisal,https://www.warrington.gov.uk/localplan,https://www.warrington.gov.uk/sites/default/files/2023-03/CD70%20-%20Warrington%20SA%20Report%20Addendum%20-%20March%202023.pdf,2025-12-09,,,
3800501,mid-devon-district-council-local-plan-2013-1,Local Plan Review 2013-2033,,mid-devon-district-council-local-plan-2013,local-plan,https://www.middevon.gov.uk/residents/planning-policy/adopted-local-plan-and-policies-maps/,https://www.middevon.gov.uk/media/354365/local-plan-review-2013-2033-adopted-11112022-accessible.pdf,2025-12-09,,,
3800502,mid-devon-district-council-local-plan-2013-2,Adoption Statement for Mid Devon Local Plan Review 2013 to 2033,,mid-devon-district-council-local-plan-2013,adoption-statement,https://www.middevon.gov.uk/residents/planning-policy/adopted-local-plan-and-policies-maps/,https://www.middevon.gov.uk/media/350557/adoption-statement-for-mid-devon-local-plan-review-2013-2033.pdf,2025-12-09,,,
3800503,mid-devon-district-council-local-plan-2013-3,Sustainability Appraisal Post Adoption Statement,,mid-devon-district-council-local-plan-2013,sustainability-appraisal,https://www.middevon.gov.uk/residents/planning-policy/adopted-local-plan-and-policies-maps/,https://www.middevon.gov.uk/media/352961/sa-post-adoption-statement.pdf,2025-12-09,,,
3800504,mid-devon-district-council-local-plan-2013-4,Inspector's Report,,mid-devon-district-council-local-plan-2013,inspectors-report,https://www.middevon.gov.uk/residents/planning-policy/local-plan-history/,https://www.middevon.gov.uk/media/349506/local-plan-report-mdlpr-final.pdf,2025-12-09,,,
3800505,mid-devon-district-council-local-plan-1,Non-Statutory Interim Planning Policy Statement: Climate Emergency,,mid-devon-district-council-local-plan,local-plan,https://www.middevon.gov.uk/residents/planning-policy/interim-climate-change-statement/,https://www.middevon.gov.uk/media/354982/non_statutory_interim_pp_statement_climate_emergency_accessible.pdf,2025-12-09,,,
3800506,mid-devon-district-council-local-plan-2,Net Zero Carbon Toolkit,,mid-devon-district-council-local-plan,local-plan,https://www.middevon.gov.uk/residents/planning-policy/interim-climate-change-statement/,https://www.middevon.gov.uk/media/354640/net_zero_carbon_toolkit_accessible.pdf,2025-12-09,,,
3800507,mid-devon-district-council-local-plan-3,Net Zero Housing Assessment Tool,,mid-devon-district-council-local-plan,local-plan,https://www.middevon.gov.uk/residents/planning-policy/interim-climate-change-statement/,,2025-12-09,,,
3800508,mid-devon-district-council-local-plan-4,Net Zero Housing Assessment Tool Example,,mid-devon-district-council-local-plan,local-plan,https://www.middevon.gov.uk/residents/planning-policy/interim-climate-change-statement/,https://www.middevon.gov.uk/media/354303/14-mddc-net-zero-housing-assessment-tool-example-accessible.pdf,2025-12-09,,,
3800509,mid-devon-district-council-local-plan-5,Statement of Participation,,mid-devon-district-council-local-plan,consultation-statement,https://www.middevon.gov.uk/residents/planning-policy/interim-climate-change-statement/,https://www.middevon.gov.uk/media/354633/statement-of-public-participation-interim-climate-policy.pdf,2025-12-09,,,
3800510,mid-sussex-district-council-local-plan-2014-1,District Plan Policy DP28 - Accessibility,,mid-sussex-district-council-local-plan-2014,local-plan,https://www.midsussex.gov.uk/planning,https://www.midsussex.gov.uk/media/3879/policy-dp28-accessibility.pdf,2025-12-09,,,
3800511,mid-sussex-district-council-local-plan-2021-1,Adopted Local Development Scheme - January 2024,,mid-sussex-district-council-local-plan-2021,local-development-scheme,https://www.midsussex.gov.uk/planning-building/consultation-monitoring/,https://www.midsussex.gov.uk/media/4amnz5uy/lds-january-2024-final.pdf,2025-12-09,,,
3800512,mid-sussex-district-council-local-plan-1,Monitoring Report 2022-2023,,mid-sussex-district-council-local-plan,authority-monitoring-report,https://www.midsussex.gov.uk/planning-building/consultation-monitoring/,https://www.midsussex.gov.uk/media/uezfplbj/amr_2023.pdf,2025-12-09,,,
3800513,mid-sussex-district-council-local-plan-2,Monitoring Report 2021-2022,,mid-sussex-district-council-local-plan,authority-monitoring-report,https://www.midsussex.gov.uk/planning-building/consultation-monitoring/,https://www.midsussex.gov.uk/media/8984/monitoring-report-2021-2022.pdf,2025-12-09,,,
3800514,mid-sussex-district-council-local-plan-3,Statement of Community Involvement,,mid-sussex-district-council-local-plan,statement-of-community-involvement,https://www.midsussex.gov.uk/planning-building/consultation-monitoring/,https://www.midsussex.gov.uk/media/3951/statement-of-community-involvement.pdf,2025-12-09,,,
3800515,arun-district-council-local-plan-2011-1,Adopted Local Plan,,arun-district-council-local-plan-2011,local-plan-adopted,https://www.arun.gov.uk/adopted-local-plan,https://www.arun.gov.uk/download.cfm?doc=docm93jijm4n12844.pdf&ver=12984,2025-12-09,,,
3800516,arun-district-council-local-plan-2011-2,Local Plan Policy Map 1 (District Wide) - Update 2018 V23,,arun-district-council-local-plan-2011,policies-map,https://www.arun.gov.uk/adopted-local-plan,https://www.arun.gov.uk/download.cfm?doc=docm93jijm4n12918.pdf&ver=13058,2025-12-09,,,
3800517,arun-district-council-local-plan-2011-3,Local Plan Policy Map 2 (Central) - Update September 2018 V1,,arun-district-council-local-plan-2011,policies-map,https://www.arun.gov.uk/adopted-local-plan,https://www.arun.gov.uk/download.cfm?doc=docm93jijm4n12919.pdf&ver=13059,2025-12-09,,,
3800518,arun-district-council-local-plan-2011-4,Local Plan Policy Map 3 (West) - Update September 2018 V1,,arun-district-council-local-plan-2011,policies-map,https://www.arun.gov.uk/adopted-local-plan,https://www.arun.gov.uk/download.cfm?doc=docm93jijm4n12920.pdf&ver=13060,2025-12-09,,,
3800519,arun-district-council-local-plan-2011-5,Local Plan Policy Map 4 (East) - Update September 2018 V1,,arun-district-council-local-plan-2011,policies-map,https://www.arun.gov.uk/adopted-local-plan,https://www.arun.gov.uk/download.cfm?doc=docm93jijm4n12921.pdf&ver=13061,2025-12-09,,,
3800520,arun-district-council-local-plan-2011-6,Adoption Statement,,arun-district-council-local-plan-2011,adoption-statement,https://www.arun.gov.uk/adopted-local-plan,https://www.arun.gov.uk/download.cfm?doc=docm93jijm4n12541.pdf&ver=12559,2025-12-09,,,
3800521,arun-district-council-local-plan-2011-7,Inspector's Report (dated 4 July 2018) into the examination of the Arun Local Plan 2011-2031,,arun-district-council-local-plan-2011,inspectors-report,https://www.arun.gov.uk/adopted-local-plan,https://www.arun.gov.uk/download.cfm?doc=docm93jijm4n12488.pdf&ver=12506,2025-12-09,,,
3800522,arun-district-council-local-plan-2011-8,Inspector's Report Appendix Final Schedule of Main Modifications,,arun-district-council-local-plan-2011,inspectors-report,https://www.arun.gov.uk/adopted-local-plan,https://www.arun.gov.uk/download.cfm?doc=docm93jijm4n12489.pdf&ver=12507,2025-12-09,,,
3800523,west-sussex-county-council-local-plan-2018-1,West Sussex Joint Minerals Local Plan,,west-sussex-county-council-local-plan-2018,minerals-and-waste-plan,https://www.westsussex.gov.uk/about-the-council/policies-and-reports/environment-planning-and-waste-policy-and-reports/minerals-and-waste-policy/joint-minerals-local-plan/,https://www.westsussex.gov.uk/media/11736/mlp_adoption.pdf,2025-12-09,,,
3800524,west-sussex-county-council-local-plan-2018-2,Joint Minerals Local Plan: Five-year assessment of relevance and effectiveness,,west-sussex-county-council-local-plan-2018,minerals-and-waste-plan,https://www.westsussex.gov.uk/about-the-council/policies-and-reports/environment-planning-and-waste-policy-and-reports/minerals-and-waste-policy/joint-minerals-local-plan/,https://www.westsussex.gov.uk/media/19244/mlp_review.pdf,2025-12-09,,,
3800525,west-sussex-county-council-local-plan-2018-3,Minerals and Waste Safeguarding Guidance,,west-sussex-county-council-local-plan-2018,minerals-and-waste-plan,https://www.westsussex.gov.uk/about-the-council/policies-and-reports/environment-planning-and-waste-policy-and-reports/minerals-and-waste-policy/joint-minerals-local-plan/,https://www.westsussex.gov.uk/media/13437/mw_safeguarding_guidance.pdf,2025-12-09,,,
3800526,west-sussex-county-council-local-plan-2018-4,Joint Minerals Local Plan Adoption Statement,,west-sussex-county-council-local-plan-2018,adoption-statement,https://www.westsussex.gov.uk/about-the-council/policies-and-reports/environment-planning-and-waste-policy-and-reports/minerals-and-waste-policy/joint-minerals-local-plan/,https://www.westsussex.gov.uk/media/11737/mlp_adoption_statement.pdf,2025-12-09,,,
3800527,breckland-district-council-local-plan-1,Breckland District Council Local Plan,,breckland-district-council-local-plan,local-plan,https://www.breckland.gov.uk/local-plan,https://www.breckland.gov.uk/media/16659/Adopted-Breckland-Local-Plan/pdf/Appendix_4_-_Breckland_District_Council_Local_Plan.pdf?m=1704795365193,2025-12-09,,,
3800528,breckland-district-council-local-plan-2,Breckland District Council Local Plan Text addendum,,breckland-district-council-local-plan,local-plan,https://www.breckland.gov.uk/local-plan,https://www.breckland.gov.uk/media/19490/Breckland-District-Council-Local-Plan-Text-addendum/pdf/Amendment-to-the-Breckland-Council-Local-Plan-Policy-Map-Harling.pdf?m=1653925059527,2025-12-09,,,
3800529,breckland-district-council-local-plan-3,Council report on adoption of Local Plan,,breckland-district-council-local-plan,local-plan,https://www.breckland.gov.uk/local-plan,https://www.breckland.gov.uk/media/14803/Council-report-on-adoption-of-Local-Plan/pdf/Council-report-on-adoption-of-Local-final-draft-nov-20.pdf?m=1653317636137,2025-12-09,,,
3800530,breckland-district-council-local-plan-4,Breckland District Council Local Plan Inspectors Report,,breckland-district-council-local-plan,local-plan,https://www.breckland.gov.uk/local-plan,https://www.breckland.gov.uk/media/14678/Appendix-1-Breckland-District-Council-Local-Plan-Inspectors-report-final/pdf/Appendix_1_Breckland_District_Council_Local_Plan_Inspectors_report_final.pdf?m=1616502703263,2025-12-09,,,
3800531,breckland-district-council-local-plan-5,Breckland District Council Local Plan Schedule of Main Modifications,,breckland-district-council-local-plan,main-modifications,https://www.breckland.gov.uk/local-plan,https://www.breckland.gov.uk/media/14679/Appendix-2-Breckland-District-Council-Local-Plan-Schedule-of-Main-Modifications/pdf/Appendix_2_-_Breckland_District_Council_Local_Plan_Schedule_of_Main_Modifications.pdf?m=1616502703623,2025-12-09,,,
3800532,breckland-district-council-local-plan-6,Breckland District Council Schedule of Minor Modifications,,breckland-district-council-local-plan,local-plan,https://www.breckland.gov.uk/local-plan,https://www.breckland.gov.uk/media/14793/Appendix-3-Breckland-Local-Plan-Schedule-of-Minor-Modifications/pdf/Appendix_3_-_Breckland_Local_Plan_Schedule_of_Minor_Modifications.pdf?m=1632841360633,2025-12-09,,,
3800533,breckland-district-council-local-plan-7,Breckland District Council Local Plan Text,,breckland-district-council-local-plan,local-plan,https://www.breckland.gov.uk/local-plan,https://www.breckland.gov.uk/media/14806/Appendix-4-Breckland-District-Council-Local-Plan-text/pdf/Appendix_4_-_Breckland_District_Council_Local_Plan_text.pdf?m=1632841373277,2025-12-09,,,
3800534,breckland-district-council-local-plan-8,Breckland Council Local Plan Policies Maps Legend,,breckland-district-council-local-plan,policies-map,https://www.breckland.gov.uk/local-plan,https://www.breckland.gov.uk/media/16744/Breckland-Council-Local-Plan-Policies-Maps-Legend/pdf/Breckland-Council-Local-Plan-Policies-Maps-Legend.pdf?m=1668182210917,2025-12-09,,,
3800535,reading-borough-council-local-plan-2019-1,Local Plan,,reading-borough-council-local-plan-2019,local-plan,https://www.reading.gov.uk/planning-and-building-control/planning-policy,https://images.reading.gov.uk/2019/12/Local_Plan_Adopted_November_2019.pdf,2025-12-09,,,
3800536,reading-borough-council-local-plan-2019-2,Local Plan Review,,reading-borough-council-local-plan-2019,local-plan-review,https://www.reading.gov.uk/planning-and-building-control/planning-policy,https://images.reading.gov.uk/2023/03/Local-Plan-Review-March-2023.pdf,2025-12-09,,,
3800537,reading-borough-council-local-plan-2019-3,Community Infrastructure Levy Charging Schedule,,reading-borough-council-local-plan-2019,local-plan,https://www.reading.gov.uk/planning-and-building-control/planning-policy,https://images.reading.gov.uk/2019/12/Community-Infrastructure-Levy-Charging-Schedule-January_2015.pdf,2025-12-09,,,
3800538,reading-borough-council-local-plan-2019-4,Statement of Community Involvement,,reading-borough-council-local-plan-2019,statement-of-community-involvement,https://www.reading.gov.uk/planning-and-building-control/planning-policy,https://images.reading.gov.uk/2025/07/Statement-of-Community-Involvement-Adopted-2025.pdf,2025-12-09,,,
3800539,reading-borough-council-local-plan-2019-5,Local Development Scheme,,reading-borough-council-local-plan-2019,local-development-scheme,https://www.reading.gov.uk/planning-and-building-control/planning-policy,https://images.reading.gov.uk/2024/06/Local-Development-Scheme-June-2024.pdf,2025-12-09,,,
3800540,reading-borough-council-local-plan-2019-6,Sustainability Appraisal Scoping Report,,reading-borough-council-local-plan-2019,sustainability-appraisal,https://www.reading.gov.uk/planning-and-building-control/planning-policy,https://images.reading.gov.uk/2019/12/Sustainability-Appraisal-Scoping-Report-Sep14.pdf,2025-12-09,,,
3800541,colchester-city-council-local-plan-2017-1,Statement of Community Involvement,,colchester-city-council-local-plan-2017,statement-of-community-involvement,https://www.colchester.gov.uk/local-plan/statement-of-community-involvement,https://cbccrmdata.blob.core.windows.net/noteattachment/CBC-null-Colchester-SCI-Colchester SCI Final Version 2023.pdf,2025-12-09,,,
3800542,colchester-city-council-local-plan-2017-2,Local Development Scheme,,colchester-city-council-local-plan-2017,local-development-scheme,https://www.colchester.gov.uk/local-plan/local-development-scheme/,https://cbccrmdata.blob.core.windows.net/noteattachment/CBC-null-LDS-Local Development Scheme March 2025.pdf,2025-12-09,,,
3800543,colchester-city-council-local-plan-1,DPD Adoption Statement,,colchester-city-council-local-plan,adoption-statement,https://www.colchester.gov.uk/local-plan/tendring-colchester-borders/,https://legacy.tendringdc.gov.uk/sites/default/files/documents/planning/Planning_Policy/Garden_Community/Adoption%20Statement.pdf,2025-12-09,,,
3800544,colchester-city-council-local-plan-2,Tendring Colchester Borders Garden Community Development Plan Document,,colchester-city-council-local-plan,local-plan,https://www.colchester.gov.uk/local-plan/tendring-colchester-borders/,https://legacy.tendringdc.gov.uk/sites/default/files/documents/planning/Planning_Policy/Garden_Community/Development%20Plan%20Document%20%28DPD%29.pdf,2025-12-09,,,
3800545,colchester-city-council-local-plan-3,DPD Policies Map,,colchester-city-council-local-plan,policies-map,https://www.colchester.gov.uk/local-plan/tendring-colchester-borders/,https://legacy.tendringdc.gov.uk/sites/default/files/documents/planning/Planning_Policy/Garden_Community/Adopted%20DPD%20Policies%20Map.pdf,2025-12-09,,,
3800546,colchester-city-council-local-plan-4,Sustainability Appraisal,,colchester-city-council-local-plan,sustainability-appraisal,https://www.colchester.gov.uk/local-plan/tendring-colchester-borders/,https://legacy.tendringdc.gov.uk/sites/default/files/documents/planning/Planning_Policy/Garden_Community/Tendring%20Colchester%20Border%20Garden%20Commumnity%20SA.pdf,2025-12-09,,,
3800547,colchester-city-council-local-plan-5,Sustainability Appraisal - Modifications Update,,colchester-city-council-local-plan,sustainability-appraisal,https://www.colchester.gov.uk/local-plan/tendring-colchester-borders/,https://legacy.tendringdc.gov.uk/sites/default/files/documents/Consultations/CD4a%20TCBGC_DPD_Modifications_-_SA%20Update.pdf,2025-12-09,,,
3800548,colchester-city-council-local-plan-6,Inspector's Final Report,,colchester-city-council-local-plan,local-plan,https://www.colchester.gov.uk/local-plan/tendring-colchester-borders/,https://legacy.tendringdc.gov.uk/sites/default/files/documents/planning/Planning_Policy/Garden_Community/Inspectors%20Report.pdf,2025-12-09,,,
3800549,colchester-city-council-local-plan-7,Inspector's Final Main Modifications,,colchester-city-council-local-plan,main-modifications,https://www.colchester.gov.uk/local-plan/tendring-colchester-borders/,https://legacy.tendringdc.gov.uk/sites/default/files/documents/planning/Planning_Policy/Garden_Community/Appendix%20A%20-%20Schedule%20of%20Main%20Modifications.pdf,2025-12-09,,,
3800550,colchester-city-council-local-plan-8,Issues and Options Report,,colchester-city-council-local-plan,local-plan,https://www.colchester.gov.uk/local-plan/engagement-consultation/,https://cbccrmdata.blob.core.windows.net/noteattachment/CBC-colchester-local-plan-issues-and-options-report-Issues & Options Report 2024_compressed (1).pdf,2025-12-09,,,
3800551,colchester-city-council-local-plan-9,Engagement and Consultation Strategy,,colchester-city-council-local-plan,local-plan,https://www.colchester.gov.uk/local-plan/engagement-consultation/,https://cbccrmdata.blob.core.windows.net/noteattachment/CBC-local-plan-Engagement-and-consultation-strategy-LPR%20Engagement%20&%20Consultation%20Strategy%20(1).pdf,2025-12-09,,,
3800552,colchester-city-council-local-plan-10,Preferred Options Local Plan Topic Paper: Employment,,colchester-city-council-local-plan,local-plan-regulation-18,https://www.colchester.gov.uk/local-plan/local-plan-review/topic-papers/,https://cbccrmdata.blob.core.windows.net/noteattachment/CBC-null-Employment-tp-Preferred Options Local Plan Topic Paper Employment.pdf,2025-12-09,,,
3800553,colchester-city-council-local-plan-11,Preferred Options Local Plan Topic Paper: Net Zero and Embodied Carbon,,colchester-city-council-local-plan,local-plan-regulation-18,https://www.colchester.gov.uk/local-plan/local-plan-review/topic-papers/,https://cbccrmdata.blob.core.windows.net/noteattachment/CBC-null-Net-Zero-tp-Net Zero & embodied carbon Topic Paper July 2025.pdf,2025-12-09,,,
3800554,colchester-city-council-local-plan-12,Preferred Options Local Plan Topic Paper: Environment,,colchester-city-council-local-plan,local-plan-regulation-18,https://www.colchester.gov.uk/local-plan/local-plan-review/topic-papers/,https://cbccrmdata.blob.core.windows.net/noteattachment/CBC-null-Environment-tp-Environment Topic Paper July 2025.pdf,2025-12-09,,,
3800555,colchester-city-council-local-plan-13,Preferred Options Local Plan Topic Paper: Water,,colchester-city-council-local-plan,local-plan-regulation-18,https://www.colchester.gov.uk/local-plan/local-plan-review/topic-papers/,https://cbccrmdata.blob.core.windows.net/noteattachment/CBC-null-Preferred-Options-Local-Plan-Topic-Paper:-Water-(August-2025)-Preferred Options Local Plan Water Topic Paper  - August 2025.pdf,2025-12-09,,,
3800556,colchester-city-council-local-plan-14,PO Site Allocation Process Topic Paper,,colchester-city-council-local-plan,site-allocations,https://www.colchester.gov.uk/local-plan/local-plan-review/topic-papers/,https://cbccrmdata.blob.core.windows.net/noteattachment/PO%20Site%20Allocation%20Process%20Topic%20Paper.pdf,2025-12-09,,,
3800557,colchester-city-council-local-plan-15,Site Allocations Topic Paper Summary,,colchester-city-council-local-plan,site-allocations,https://www.colchester.gov.uk/local-plan/local-plan-review/topic-papers/,https://cbccrmdata.blob.core.windows.net/noteattachment/Site%20Allocations%20Topic%20Paper%20%20Summary%20Ocotber%202025.pdf,2025-12-09,,,
3800558,colchester-city-council-local-plan-16,PO Spatial Strategy Topic Paper,,colchester-city-council-local-plan,local-plan,https://www.colchester.gov.uk/local-plan/local-plan-review/topic-papers/,https://cbccrmdata.blob.core.windows.net/noteattachment/PO%20Spatial%20Strategy%20Topic%20Paper.pdf,2025-12-09,,,
3800559,colchester-city-council-local-plan-17,Spatial Strategy Topic Paper Summary,,colchester-city-council-local-plan,local-plan,https://www.colchester.gov.uk/local-plan/local-plan-review/topic-papers/,https://cbccrmdata.blob.core.windows.net/noteattachment/Spatial%20strategy%20Topic%20Paper%20summary.pdf,2025-12-09,,,
3800560,colchester-city-council-local-plan-18,Preferred Options Housing Topic Paper,,colchester-city-council-local-plan,local-plan-regulation-18,https://www.colchester.gov.uk/local-plan/local-plan-review/topic-papers/,https://cbccrmdata.blob.core.windows.net/noteattachment/PO Housing Topic Paper November 2025.pdf,2025-12-09,,,
3800561,colchester-city-council-local-plan-19,Preferred Options Topic Paper Infrastructure,,colchester-city-council-local-plan,local-plan-regulation-18,https://www.colchester.gov.uk/local-plan/local-plan-review/topic-papers/,https://cbccrmdata.blob.core.windows.net/noteattachment/CBC-null-PO-Infrastucture-PO Infrastructure Topic Paper November 2025.pdf,2025-12-09,,,
3800562,colchester-city-council-local-plan-20,Preferred Options Transport Topic Paper,,colchester-city-council-local-plan,local-plan-regulation-18,https://www.colchester.gov.uk/local-plan/local-plan-review/topic-papers/,https://cbccrmdata.blob.core.windows.net/noteattachment/PO Transport Topic Paper November 2025.pdf,2025-12-09,,,
3800563,burnley-borough-council-local-plan-1,Planning Policy and the Local Plan,,burnley-borough-council-local-plan,local-plan,https://www.burnley.gov.uk/planning,,2025-12-09,,,
3800564,cherwell-district-council-local-plan-2011-1,Final adopted Local Plan 2011-2031 (incorporating re-adopted Policy Bicester 13),,cherwell-district-council-local-plan-2011,local-plan-adopted,https://www.cherwell-dc.gov.uk/downloads/download/45/adopted-cherwell-local-plan-2011-2031-part-1-incorporating-policy-bicester-13-re-adopted-on-19-december-2016,https://www.cherwell.gov.uk/download/downloads/id/8144/final-adopted-local-plan-2011-2031-incorporating-re-adopted-policy-bicester-13.pdf,2025-12-09,,,
3800565,cherwell-district-council-local-plan-2011-2,Appendix 8 - Infrastructure Delivery Plan,,cherwell-district-council-local-plan-2011,infrastructure-delivery-plan,https://www.cherwell-dc.gov.uk/downloads/download/45/adopted-cherwell-local-plan-2011-2031-part-1-incorporating-policy-bicester-13-re-adopted-on-19-december-2016,https://www.cherwell.gov.uk/download/downloads/id/4425/appendix-8---infrastructure-delivery-plan.pdf,2025-12-09,,,
3800566,cherwell-district-council-local-plan-2011-3,Adoption Statement (July 2015),,cherwell-district-council-local-plan-2011,adoption-statement,https://www.cherwell-dc.gov.uk/downloads/download/45/adopted-cherwell-local-plan-2011-2031-part-1-incorporating-policy-bicester-13-re-adopted-on-19-december-2016,https://www.cherwell.gov.uk/download/downloads/id/4421/adoption-statement-july-2015.pdf,2025-12-09,,,
3800567,cherwell-district-council-local-plan-2011-4,SEA Adoption Statement (July 2015),,cherwell-district-council-local-plan-2011,adoption-statement,https://www.cherwell-dc.gov.uk/downloads/download/45/adopted-cherwell-local-plan-2011-2031-part-1-incorporating-policy-bicester-13-re-adopted-on-19-december-2016,https://www.cherwell.gov.uk/download/downloads/id/4424/sea-adoption-statement-july-2015.pdf,2025-12-09,,,
3800568,cherwell-district-council-local-plan-2011-5,Adopted Cherwell Local Plan 2011-2031 (Part 1) Partial Review,,cherwell-district-council-local-plan-2011,local-plan-adopted,https://www.cherwell.gov.uk/downloads/83/local-plans,https://www.cherwell.gov.uk/download/downloads/id/115/adopted-cherwell-local-plan-2011-2031-part-1-partial-review-web-reduced.pdf,2025-12-09,,,
3800569,cherwell-district-council-local-plan-2020-1,Cherwell Local Plan Review 2040,,cherwell-district-council-local-plan-2020,local-plan-regulation-18,https://www.cherwell.gov.uk/downloads/83/local-plans,https://www.cherwell.gov.uk/download/downloads/id/9677/cherwell-local-plan-review-2040-final-web.pdf,2025-12-09,,,
3800570,cherwell-district-council-local-plan-1,Adopted Local Plan 1996 (Excluding Plans),,cherwell-district-council-local-plan,local-plan-adopted,https://www.cherwell.gov.uk/downloads/83/local-plans,https://www.cherwell.gov.uk/download/downloads/id/3794/adopted-local-plan-1996-excluding-plans.pdf,2025-12-09,,,
3800571,welwyn-hatfield-borough-council-local-plan-2016-1,Welwyn Hatfield Local Plan 2016-2036,,welwyn-hatfield-borough-council-local-plan-2016,local-plan,https://www.welhat.gov.uk/developmentplan,https://www.welhat.gov.uk/downloads/file/876/welwyn-hatfield-local-plan-2016-2036,2025-12-09,,,
3800572,welwyn-hatfield-borough-council-local-plan-2016-2,Welwyn Hatfield Local Plan 2016-2036 Policies Maps,,welwyn-hatfield-borough-council-local-plan-2016,policies-map,https://www.welhat.gov.uk/developmentplan,,2025-12-09,,,
3800573,welwyn-hatfield-borough-council-local-plan-2016-3,Welwyn Hatfield Local Plan Adoption Statement,,welwyn-hatfield-borough-council-local-plan-2016,adoption-statement,https://www.welhat.gov.uk/developmentplan,https://www.welhat.gov.uk/downloads/file/842/welwyn-hatfield-local-plan-adoption-statement,2025-12-09,,,
3800574,welwyn-hatfield-borough-council-local-plan-2016-4,Welwyn Hatfield Local Plan Sustainability Appraisal Adoption Statement,,welwyn-hatfield-borough-council-local-plan-2016,adoption-statement,https://www.welhat.gov.uk/developmentplan,https://www.welhat.gov.uk/downloads/file/843/welwyn-hatfield-local-plan-sustainability-appraisal-adoption-statement,2025-12-09,,,
3800575,welwyn-hatfield-borough-council-local-plan-2016-5,Sustainability Appraisal Report Local Plan 2016 (SUB/3),,welwyn-hatfield-borough-council-local-plan-2016,sustainability-appraisal,https://www.welhat.gov.uk/developmentplan,https://www.welhat.gov.uk/downloads/file/847/sustainability-appraisal-report-local-plan-2016-sub-3-,2025-12-09,,,
3800576,welwyn-hatfield-borough-council-local-plan-2016-6,Sustainability Appraisal Report Local Plan Addendum (EX200),,welwyn-hatfield-borough-council-local-plan-2016,sustainability-appraisal,https://www.welhat.gov.uk/developmentplan,https://www.welhat.gov.uk/downloads/file/846/sustainability-appraisal-report-local-plan-addendum-ex200-,2025-12-09,,,
3800577,welwyn-hatfield-borough-council-local-plan-2016-7,Sustainability Appraisal Report Local Plan Addendum Main Modifications (EX297),,welwyn-hatfield-borough-council-local-plan-2016,main-modifications,https://www.welhat.gov.uk/developmentplan,https://www.welhat.gov.uk/downloads/file/845/sustainability-appraisal-report-local-plan-addendum-main-modifications-ex297-,2025-12-09,,,
3800578,welwyn-hatfield-borough-council-local-plan-2016-8,Sustainability Appraisal Report Local Plan Addendum Further Main Modifications (EX303B),,welwyn-hatfield-borough-council-local-plan-2016,main-modifications,https://www.welhat.gov.uk/developmentplan,https://www.welhat.gov.uk/downloads/file/844/sustainability-appraisal-report-local-plan-addendum-further-main-modifications-ex303b-,2025-12-09,,,
3800579,welwyn-hatfield-borough-council-local-plan-2016-9,Local Plan Inspector's Report,,welwyn-hatfield-borough-council-local-plan-2016,inspectors-report,https://www.welhat.gov.uk/developmentplan,https://www.welhat.gov.uk/downloads/file/825/local-plan-inspector-s-report,2025-12-09,,,
3800580,welwyn-hatfield-borough-council-local-plan-2016-10,Local Plan Inspector's Report Main Modifications Appendix,,welwyn-hatfield-borough-council-local-plan-2016,inspectors-report,https://www.welhat.gov.uk/developmentplan,https://www.welhat.gov.uk/downloads/file/826/local-plan-inspector-s-report-main-modifications-appendix,2025-12-09,,,
3800581,wigan-metropolitan-borough-council-local-plan-2026-1,Wigan Local Plan Core Strategy,,wigan-metropolitan-borough-council-local-plan-2026,core-strategy,https://www.wigan.gov.uk/Council/Strategies-Plans-and-Policies/Planning/Local-plan/CoreStrategy.aspx,https://www.wigan.gov.uk/Docs/PDF/Council/Strategies-Plans-and-Policies/Planning/Adopted-Core-Strategy.pdf,2025-12-09,,,
3800582,wigan-metropolitan-borough-council-local-plan-2026-2,Inspectors Report 15.08.2013,,wigan-metropolitan-borough-council-local-plan-2026,inspectors-report,https://www.wigan.gov.uk/Council/Strategies-Plans-and-Policies/Planning/Local-plan/CoreStrategy.aspx,https://www.wigan.gov.uk/Docs/PDF/Council/Strategies-Plans-and-Policies/Planning/Current-local-plans/Inspectors-Report-15-08-2013.pdf,2025-12-09,,,
3800583,wigan-metropolitan-borough-council-local-plan-1,Latest Remaining Policies UDP April 2006,,wigan-metropolitan-borough-council-local-plan,local-plan,https://www.wigan.gov.uk/Council/Strategies-Plans-and-Policies/Planning/Local-plan/ReplacementWiganUDP.aspx,https://www.wigan.gov.uk/Docs/PDF/Council/Strategies-Plans-and-Policies/Planning/Latest-Remaining-Policies-UDP-April-2006.pdf,2025-12-09,,,
3800584,wigan-metropolitan-borough-council-local-plan-2027-1,Greater Manchester Joint Waste Plan,,wigan-metropolitan-borough-council-local-plan-2027,minerals-and-waste-plan,https://www.wigan.gov.uk/Council/Strategies-Plans-and-Policies/Planning/Local-plan/JointWastePlan.aspx,https://www.greatermanchester-ca.gov.uk/media/1994/greater_manchester_waste_plan_opt.pdf,2025-12-09,,,
3800585,wigan-metropolitan-borough-council-local-plan-2027-2,Authority monitoring report 2019-2020,,wigan-metropolitan-borough-council-local-plan-2027,authority-monitoring-report,https://www.wigan.gov.uk/Council/Strategies-Plans-and-Policies/Planning/Local-plan/JointWastePlan.aspx,https://www.wigan.gov.uk/Docs/PDF/Council/Strategies-Plans-and-Policies/Planning/Local-plan/Authority-monitoring-report-Waste-plan.pdf,2025-12-09,,,
3800586,wigan-metropolitan-borough-council-local-plan-2,Greater Manchester Joint Minerals Plan,,wigan-metropolitan-borough-council-local-plan,minerals-and-waste-plan,https://www.wigan.gov.uk/Council/Strategies-Plans-and-Policies/Planning/Local-plan/GM-Joint-Minerals-Development-Plan.aspx,https://www.greatermanchester-ca.gov.uk/media/1995/the_minerals_plan_april_2013_final.pdf,2025-12-09,,,
3800587,wigan-metropolitan-borough-council-local-plan-3,Authority monitoring report 2019-2020,,wigan-metropolitan-borough-council-local-plan,authority-monitoring-report,https://www.wigan.gov.uk/Council/Strategies-Plans-and-Policies/Planning/Local-plan/GM-Joint-Minerals-Development-Plan.aspx,https://www.wigan.gov.uk/Docs/PDF/Council/Strategies-Plans-and-Policies/Planning/Local-plan/Authority-monitoring-report-Minerals-plan.pdf,2025-12-09,,,
3800588,ashford-borough-council-local-plan-2030-1,Adopted Ashford Local Plan 2030,,ashford-borough-council-local-plan-2030,local-plan,https://www.ashford.gov.uk/local-plan,https://www.ashford.gov.uk/media/jw3nbvq1/adopted-ashford-local-plan-2030.pdf,2025-12-09,,,
3800589,ashford-borough-council-local-plan-2030-2,Local Plan 2030 Adoption Statement,,ashford-borough-council-local-plan-2030,adoption-statement,https://www.ashford.gov.uk/local-plan,https://www.ashford.gov.uk/media/2ktpj13j/local-plan-2030-adoption-statement-210219-4.docx,2025-12-09,,,
3800590,ashford-borough-council-local-plan-2030-3,Ashford Strategic Flood Risk Assessment (SFRA) 2014,,ashford-borough-council-local-plan-2030,strategic-flood-risk-assessment,https://www.ashford.gov.uk/planning-and-development/our-planning-policies/current-local-plans/ashford-local-plan-2030/local-plan-2030-evidence-base/local-plan-natural-and-built-environment-background-documents/,https://www.ashford.gov.uk/media/3rwjw2hp/final-ashford-sfra-report-july-2014-use.pdf,2025-12-09,,,
3800591,ashford-borough-council-local-plan-2030-4,Updated Appendix C (2017),,ashford-borough-council-local-plan-2030,strategic-flood-risk-assessment,https://www.ashford.gov.uk/planning-and-development/our-planning-policies/current-local-plans/ashford-local-plan-2030/local-plan-2030-evidence-base/local-plan-natural-and-built-environment-background-documents/,https://www.ashford.gov.uk/media/0empsxyy/sfra-appendix-c-completely-combined.pdf,2025-12-09,,,
3800592,ashford-borough-council-local-plan-2030-5,Updated Appendix E (2017),,ashford-borough-council-local-plan-2030,strategic-flood-risk-assessment,https://www.ashford.gov.uk/planning-and-development/our-planning-policies/current-local-plans/ashford-local-plan-2030/local-plan-2030-evidence-base/local-plan-natural-and-built-environment-background-documents/,https://www.ashford.gov.uk/media/5c2hah5k/sfra-appendix-e-completely-combined.pdf,2025-12-09,,,
3800593,ashford-borough-council-local-plan-2030-6,Water Cycle Study 2016,,ashford-borough-council-local-plan-2030,water-cycle-study,https://www.ashford.gov.uk/planning-and-development/our-planning-policies/current-local-plans/ashford-local-plan-2030/local-plan-2030-evidence-base/local-plan-natural-and-built-environment-background-documents/,https://www.ashford.gov.uk/media/mmxfkfee/water-cycle-study.pdf,2025-12-09,,,
3800594,ashford-borough-council-local-plan-2030-7,Green Corridor Action Plan 2017,,ashford-borough-council-local-plan-2030,local-plan,https://www.ashford.gov.uk/planning-and-development/our-planning-policies/current-local-plans/ashford-local-plan-2030/local-plan-2030-evidence-base/local-plan-natural-and-built-environment-background-documents/,https://www.ashford.gov.uk/media/3a5dp5jy/green-corridor-action-plan-2017.pdf,2025-12-09,,,
3800595,ashford-borough-council-local-plan-2030-8,Adopted Heritage Strategy 2017,,ashford-borough-council-local-plan-2030,local-plan,https://www.ashford.gov.uk/planning-and-development/our-planning-policies/current-local-plans/ashford-local-plan-2030/local-plan-2030-evidence-base/local-plan-natural-and-built-environment-background-documents/,https://www.ashford.gov.uk/media/4vylecac/adoptedashfordheritagestrategy-1.pdf,2025-12-09,,,
3800596,ashford-borough-council-local-plan-2030-9,Landscape and Visual Appraisal 2017,,ashford-borough-council-local-plan-2030,local-plan,https://www.ashford.gov.uk/planning-and-development/our-planning-policies/current-local-plans/ashford-local-plan-2030/local-plan-2030-evidence-base/local-plan-natural-and-built-environment-background-documents/,https://www.ashford.gov.uk/media/qvffw4tx/landscape-and-visual-appraisal.pdf,2025-12-09,,,
3800597,ashford-borough-council-local-plan-1,Adopted Chilmington Green Area Action Plan July 2013,,ashford-borough-council-local-plan,area-action-plan,https://www.ashford.gov.uk/planning-and-development/our-planning-policies/current-local-plans/chilmington-green-area-action-plan/,https://www.ashford.gov.uk/media/4h5oxnxg/chilmington-green-area-action-plan.pdf,2025-12-09,,,
3800598,ashford-borough-council-local-plan-2,SA and SEA Adoption Statement July 2013,,ashford-borough-council-local-plan,adoption-statement,https://www.ashford.gov.uk/planning-and-development/our-planning-policies/current-local-plans/chilmington-green-area-action-plan/,https://www.ashford.gov.uk/media/2t4fewkw/sa-and-sea-adoption-statement-chilmington-green.pdf,2025-12-09,,,
3800599,ashford-borough-council-local-plan-3,Chilmington Green AAP Inspectors Report,,ashford-borough-council-local-plan,area-action-plan,https://www.ashford.gov.uk/planning-and-development/our-planning-policies/current-local-plans/chilmington-green-area-action-plan/,https://www.ashford.gov.uk/media/kwnm03k4/chilmington-green-area-action-plan-inspectors-report.pdf,2025-12-09,,,
3800600,ashford-borough-council-local-plan-4,Core Strategy 2008,,ashford-borough-council-local-plan,core-strategy,https://www.ashford.gov.uk/planning-and-development/our-planning-policies/current-local-plans/chilmington-green-area-action-plan/,https://www.ashford.gov.uk/media/jynn2k0p/adopted_core_strategy.pdf,2025-12-09,,,
3800601,ashford-borough-council-local-plan-5,Strategic Housing Market Assessment (SHMA) 2025 - Report to Inform Regulation 18 Consultation,,ashford-borough-council-local-plan,strategic-housing-market-assessment,https://www.ashford.gov.uk/planning-and-development/our-planning-policies/emerging-local-plan-and-design-code/emerging-evidence-base-documents/,https://www.ashford.gov.uk/media/3xsjpjpl/shma-report-to-inform-regulation-18-consultation.pdf,2025-12-09,,,
3800602,ashford-borough-council-local-plan-6,Gypsy and Traveller Accommodation Assessment (GTAA) 2025,,ashford-borough-council-local-plan,gypsy-and-traveller-assessment,https://www.ashford.gov.uk/planning-and-development/our-planning-policies/emerging-local-plan-and-design-code/emerging-evidence-base-documents/,https://www.ashford.gov.uk/media/tkqhthkd/ashford-gtaa-2025-final-report-redacted.pdf,2025-12-09,,,
3800603,ashford-borough-council-local-plan-7,Local Development Scheme 2024,,ashford-borough-council-local-plan,local-development-scheme,https://www.ashford.gov.uk/planning-and-development/our-planning-policies/emerging-local-plan-and-design-code/local-plan-timetable-and-how-to-get-involved/,https://www.ashford.gov.uk/media/zegd5h5p/lds-2024-1-use.pdf,2025-12-09,,,
3800604,ashford-borough-council-local-plan-8,Statement of Community Involvement,,ashford-borough-council-local-plan,landscape-character-assessment,https://www.ashford.gov.uk/planning-and-development/our-planning-policies/emerging-local-plan-and-design-code/local-plan-timetable-and-how-to-get-involved/,https://www.ashford.gov.uk/media/r0nikldw/sci-update-2023_finalcabinetv_rev1march24.pdf,2025-12-09,,,
3800605,hart-district-council-local-plan-2032-1,Hart Local Plan (Strategy and Sites) 2032,,hart-district-council-local-plan-2032,local-plan,https://www.hart.gov.uk/planning-and-building-control/planning-policy/new-hart-local-plan,https://gbr01.safelinks.protection.outlook.com/?url=https%3A%2F%2Fwww.hart.gov.uk%2Fsites%2Fdefault%2Ffiles%2F2024-08%2FHart-Local-Plan-strategy-and-Sites-2032.pdf&data=05%7C02%7CIan.Wallis%40hart.gov.uk%7C61a29e912cc34e76508a08ddd4e5c42b%7C437487d01c5f47b6bd4ea482ae3b011e%7C0%7C0%7C638900805506127463%7CUnknown%7CTWFpbGZsb3d8eyJFbXB0eU1hcGkiOnRydWUsIlYiOiIwLjAuMDAwMCIsIlAiOiJXaW4zMiIsIkFOIjoiTWFpbCIsIldUIjoyfQ%3D%3D%7C0%7C%7C%7C&sdata=bqlOdEWd3FZjMFrn2p69z4hnf5VcGJD%2FkeRpdClPPh8%3D&reserved=0,2025-12-09,,,
3800606,hart-district-council-local-plan-1996-1,Saved Policies from the Hart Local Plan (Replacement) 1996-2006,,hart-district-council-local-plan-1996,local-plan,https://www.hart.gov.uk/planning-and-building-control/planning-policy/new-hart-local-plan,https://gbr01.safelinks.protection.outlook.com/?url=https%3A%2F%2Fwww.hart.gov.uk%2Fsites%2Fdefault%2Ffiles%2F2023-07%2FHart-Local-Plan-Replacement%2529-1996-to-2006-saved-policies.pdf&data=05%7C02%7CIan.Wallis%40hart.gov.uk%7C61a29e912cc34e76508a08ddd4e5c42b%7C437487d01c5f47b6bd4ea482ae3b011e%7C0%7C0%7C638900805506158035%7CUnknown%7CTWFpbGZsb3d8eyJFbXB0eU1hcGkiOnRydWUsIlYiOiIwLjAuMDAwMCIsIlAiOiJXaW4zMiIsIkFOIjoiTWFpbCIsIldUIjoyfQ%3D%3D%7C0%7C%7C%7C&sdata=jdcSfRgpRg2FQESqVgTAiQizVGqHm6NLRd%2F%2FGQGd%2Bp4%3D&reserved=0,2025-12-09,,,
3800607,hart-district-council-local-plan-1,Local Development Scheme September 2025,,hart-district-council-local-plan,local-development-scheme,https://www.hart.gov.uk/planning-and-building-control/planning-policy/new-hart-local-plan,https://www.hart.gov.uk/sites/default/files/2025-09/Local-Development-Scheme-September-2025.pdf,2025-12-09,,,
3800608,hart-district-council-local-plan-2,Project Initiation Document,,hart-district-council-local-plan,local-plan,https://www.hart.gov.uk/planning-and-building-control/planning-policy/new-hart-local-plan,https://www.hart.gov.uk/sites/default/files/2025-10/PID-Redacted-V2.pdf,2025-12-09,,,
3800609,hart-district-council-local-plan-3,Risk Assessment,,hart-district-council-local-plan,local-plan,https://www.hart.gov.uk/planning-and-building-control/planning-policy/new-hart-local-plan,,2025-12-09,,,
3800610,ribble-valley-borough-council-local-plan-2038-1,Regulation 18 Strategic Matters Consultation Document,,ribble-valley-borough-council-local-plan-2038,local-plan,https://www.ribblevalley.gov.uk/localplan,https://www.ribblevalley.gov.uk/downloads/file/3076/regulation-18-strategic-matters-consultation-document,2025-12-09,,,
3800611,ribble-valley-borough-council-local-plan-2038-2,Sustainability Appraisal - Scoping Report,,ribble-valley-borough-council-local-plan-2038,sustainability-appraisal,https://www.ribblevalley.gov.uk/localplan,https://www.ribblevalley.gov.uk/downloads/file/3020/sustainability-appraisal-scoping-report,2025-12-09,,,
3800612,ribble-valley-borough-council-local-plan-2038-3,Statement of Community Involvement,,ribble-valley-borough-council-local-plan-2038,statement-of-community-involvement,https://www.ribblevalley.gov.uk/localplan,https://www.ribblevalley.gov.uk/downloads/file/2617/statement-of-community-involvement-sci-2020,2025-12-09,,,
3800613,ribble-valley-borough-council-local-plan-2038-4,Public Transport Position Paper 2021,,ribble-valley-borough-council-local-plan-2038,local-plan,https://www.ribblevalley.gov.uk/localplan,https://www.ribblevalley.gov.uk/downloads/file/2846/public-transport-position-paper,2025-12-09,,,
3800614,ribble-valley-borough-council-local-plan-2038-5,Service Centre Health Checks 2021,,ribble-valley-borough-council-local-plan-2038,local-plan,https://www.ribblevalley.gov.uk/localplan,https://www.ribblevalley.gov.uk/downloads/file/2456/service-centre-health-checks-2021,2025-12-09,,,
3800615,ribble-valley-borough-council-local-plan-2038-6,Climate Change Strategy 2021,,ribble-valley-borough-council-local-plan-2038,local-plan,https://www.ribblevalley.gov.uk/localplan,https://www.ribblevalley.gov.uk/downloads/file/2570/climate-change-strategy-2021-2030,2025-12-09,,,
3800616,ribble-valley-borough-council-local-plan-1,Adopted Central Lancashire Core Strategy July 2012,,ribble-valley-borough-council-local-plan,core-strategy,https://www.ribblevalley.gov.uk/downloads/download/335/core-strategy-examination-documents,https://www.ribblevalley.gov.uk/downloads/file/1903/adopted-central-lancashire-core-strategy-july-2012,2025-12-09,,,
3800617,ribble-valley-borough-council-local-plan-2,Core Strategy Topic paper - Discussion on the Approach to the Preferred Option - November 2011,,ribble-valley-borough-council-local-plan,core-strategy,https://www.ribblevalley.gov.uk/downloads/download/335/core-strategy-examination-documents,https://www.ribblevalley.gov.uk/downloads/file/1876/core-strategy-topic-paper-discussion-on-the-approach-to-the-preferred-option-november-2011,2025-12-09,,,
3800618,ribble-valley-borough-council-local-plan-3,Core Strategy Generation of Alternative Development Strategy Options June 2011,,ribble-valley-borough-council-local-plan,core-strategy,https://www.ribblevalley.gov.uk/downloads/download/335/core-strategy-examination-documents,https://www.ribblevalley.gov.uk/downloads/file/1879/core-strategy-generation-of-alternative-development-strategy-options-june-2011,2025-12-09,,,
3800619,ribble-valley-borough-council-local-plan-4,Core Strategy Consultation Regulation 25 Report July 2010,,ribble-valley-borough-council-local-plan,core-strategy,https://www.ribblevalley.gov.uk/downloads/download/335/core-strategy-examination-documents,https://www.ribblevalley.gov.uk/downloads/file/1880/core-strategy-consultation-regulation-25-report-july-2010,2025-12-09,,,
3800620,ribble-valley-borough-council-local-plan-5,Core Strategy - Proposed Revisions to Key Statements and Development Management Policies June 2011,,ribble-valley-borough-council-local-plan,development-management-policies,https://www.ribblevalley.gov.uk/downloads/download/335/core-strategy-examination-documents,https://www.ribblevalley.gov.uk/downloads/file/1884/core-strategy-proposed-revisions-to-key-statements-and-development-management-policies-june-2011,2025-12-09,,,
3800621,ribble-valley-borough-council-local-plan-6,Housing Land Availability Schedule October 2013,,ribble-valley-borough-council-local-plan,strategic-housing-land-availability,https://www.ribblevalley.gov.uk/downloads/download/335/core-strategy-examination-documents,https://www.ribblevalley.gov.uk/downloads/file/1873/housing-land-availability-schedule-october-2013,2025-12-09,,,
3800622,ribble-valley-borough-council-local-plan-7,Strategic Housing Land Availability Assessment Report Update November 2013,,ribble-valley-borough-council-local-plan,strategic-housing-land-availability,https://www.ribblevalley.gov.uk/downloads/download/335/core-strategy-examination-documents,https://www.ribblevalley.gov.uk/downloads/file/1888/strategic-housing-land-availability-assessment-report-update-november-2013,2025-12-09,,,
3800623,ribble-valley-borough-council-local-plan-8,Annual Monitoring Report April 2013,,ribble-valley-borough-council-local-plan,authority-monitoring-report,https://www.ribblevalley.gov.uk/downloads/download/335/core-strategy-examination-documents,https://www.ribblevalley.gov.uk/downloads/file/1871/annual-monitoring-report-april-2013,2025-12-09,,,
3800624,ribble-valley-borough-council-local-plan-9,Summary of Representations received at Alternative Options Stage (Reg 25) October 2011,,ribble-valley-borough-council-local-plan,representation-statement,https://www.ribblevalley.gov.uk/downloads/download/335/core-strategy-examination-documents,https://www.ribblevalley.gov.uk/downloads/file/1877/summary-of-representations-received-at-alternative-options-stage-reg-25-october-2011,2025-12-09,,,
3800625,ribble-valley-borough-council-local-plan-10,Summary of Representations received on Reg 25 Consultation March 2011,,ribble-valley-borough-council-local-plan,representation-statement,https://www.ribblevalley.gov.uk/downloads/download/335/core-strategy-examination-documents,https://www.ribblevalley.gov.uk/downloads/file/1878/summary-of-representations-received-on-reg-25-consultation-march-2011,2025-12-09,,,
3800626,ribble-valley-borough-council-local-plan-11,Joint Lancashire Minerals and Waste Local Plan - Site Allocation and Development Management Policies Part 1 Sept 2013,,ribble-valley-borough-council-local-plan,site-allocations,https://www.ribblevalley.gov.uk/downloads/download/335/core-strategy-examination-documents,https://www.ribblevalley.gov.uk/downloads/file/1882/joint-lancashire-minerals-and-waste-local-plan-site-allocation-and-development-management-policies-part-1-sept-2013,2025-12-09,,,
3800627,ribble-valley-borough-council-local-plan-12,Joint Lancashire Minerals and Waste Local Plan - Site Allocation and Development Management Policies Part Two Sep 2013,,ribble-valley-borough-council-local-plan,site-allocations,https://www.ribblevalley.gov.uk/downloads/download/335/core-strategy-examination-documents,https://www.ribblevalley.gov.uk/downloads/file/1883/joint-lancashire-minerals-and-waste-local-plan-site-allocation-and-development-management-policies-part-two-sep-2013,2025-12-09,,,
3800628,east-hampshire-district-council-local-plan-1,Joint Core Strategy,,east-hampshire-district-council-local-plan,core-strategy,https://www.easthants.gov.uk/planning-services/planning-policy/local-plan/adopted-local-plan,,2025-12-09,,,
3800629,east-hampshire-district-council-local-plan-2,Joint Core Strategy Maps,,east-hampshire-district-council-local-plan,core-strategy,https://www.easthants.gov.uk/planning-services/planning-policy/local-plan/adopted-local-plan,,2025-12-09,,,
3800630,east-hampshire-district-council-local-plan-3,JCS Sustainability Appraisal Report,,east-hampshire-district-council-local-plan,sustainability-appraisal,https://www.easthants.gov.uk/planning-services/planning-policy/local-plan/adopted-local-plan,,2025-12-09,,,
3800631,east-hampshire-district-council-local-plan-4,JCS Sustainability Appraisal Adoption Statement,,east-hampshire-district-council-local-plan,adoption-statement,https://www.easthants.gov.uk/planning-services/planning-policy/local-plan/adopted-local-plan,,2025-12-09,,,
3800632,east-hampshire-district-council-local-plan-5,JCS Habitats Regulations Assessment - Appropriate Assessment Report,,east-hampshire-district-council-local-plan,habitats-regulations-assessment,https://www.easthants.gov.uk/planning-services/planning-policy/local-plan/adopted-local-plan,,2025-12-09,,,
3800633,east-hampshire-district-council-local-plan-6,JCS Inspector's Report,,east-hampshire-district-council-local-plan,inspectors-report,https://www.easthants.gov.uk/planning-services/planning-policy/local-plan/adopted-local-plan,,2025-12-09,,,
3800634,east-hampshire-district-council-local-plan-7,JCS Inspector's Report (Schedule of Final Modifications),,east-hampshire-district-council-local-plan,inspectors-report,https://www.easthants.gov.uk/planning-services/planning-policy/local-plan/adopted-local-plan,,2025-12-09,,,
3800635,east-hampshire-district-council-local-plan-8,The Local Plan (Part 2): Housing and Employment Allocations,,east-hampshire-district-council-local-plan,local-plan,https://www.easthants.gov.uk/planning-services/planning-policy/local-plan/adopted-local-plan,,2025-12-09,,,
3800636,east-hampshire-district-council-local-plan-9,The Local Plan (Part 2) Policies Maps,,east-hampshire-district-council-local-plan,policies-map,https://www.easthants.gov.uk/planning-services/planning-policy/local-plan/adopted-local-plan,,2025-12-09,,,
3800637,east-hampshire-district-council-local-plan-10,Local Plan (Part 2) Sustainability Appraisal Report,,east-hampshire-district-council-local-plan,local-plan,https://www.easthants.gov.uk/planning-services/planning-policy/local-plan/adopted-local-plan,,2025-12-09,,,
3800638,east-hampshire-district-council-local-plan-11,Local Plan (Part 2) Sustainability Appraisal Adoption Statement,,east-hampshire-district-council-local-plan,adoption-statement,https://www.easthants.gov.uk/planning-services/planning-policy/local-plan/adopted-local-plan,,2025-12-09,,,
3800639,east-hampshire-district-council-local-plan-12,Local Plan (Part 2) Adoption Statement,,east-hampshire-district-council-local-plan,adoption-statement,https://www.easthants.gov.uk/planning-services/planning-policy/local-plan/adopted-local-plan,,2025-12-09,,,
3800640,east-hampshire-district-council-local-plan-13,Local Plan (Part 2) Inspector's Report,,east-hampshire-district-council-local-plan,local-plan,https://www.easthants.gov.uk/planning-services/planning-policy/local-plan/adopted-local-plan,,2025-12-09,,,
3800641,east-hampshire-district-council-local-plan-14,Remaining Local Plan: Second Review Policies,,east-hampshire-district-council-local-plan,local-plan,https://www.easthants.gov.uk/planning-services/planning-policy/local-plan/adopted-local-plan,,2025-12-09,,,
3800642,east-hampshire-district-council-local-plan-15,Call for Sites Responses - July 2024,,east-hampshire-district-council-local-plan,local-plan,https://www.easthants.gov.uk/planning-services/planning-policy/local-plan/emerging-local-plan/call-brownfield-sites,https://www.easthants.gov.uk/sites/default/files/2024-08/Call%20for%20sites%20responses%20-%20July%202024.pdf,2025-12-09,,,
3800643,east-hampshire-district-council-local-plan-16,Legal Advice on Assessment of Housing Need - 6 March 2025,,east-hampshire-district-council-local-plan,local-plan,https://www.easthants.gov.uk/planning-services/planning-policy/local-plan/emerging-local-plan/communications,https://www.easthants.gov.uk/sites/default/files/2025-04/Legal%20advice%20on%20Assessment%20of%20Housing%20Need%20-%206%20March%202025.pdf,2025-12-09,,,
3800644,nuneaton-and-bedworth-borough-council-local-plan-2021-1,Schedule of Main Modifications,,nuneaton-and-bedworth-borough-council-local-plan-2021,main-modifications,https://www.nuneatonandbedworth.gov.uk/adopted-borough-plan/planning-policy-consultations,https://www.nuneatonandbedworth.gov.uk/downloads/file/1689/schedule-of-main-modifications,2025-12-09,,,
3800645,nuneaton-and-bedworth-borough-council-local-plan-2021-2,Sustainability Appraisal (Main Modifications),,nuneaton-and-bedworth-borough-council-local-plan-2021,main-modifications,https://www.nuneatonandbedworth.gov.uk/adopted-borough-plan/planning-policy-consultations,https://www.nuneatonandbedworth.gov.uk/downloads/file/1690/sustainability-appraisal-main-modifications-,2025-12-09,,,
3800646,nuneaton-and-bedworth-borough-council-local-plan-2021-3,Habitat Regulations Assessment (Main Modifications),,nuneaton-and-bedworth-borough-council-local-plan-2021,main-modifications,https://www.nuneatonandbedworth.gov.uk/adopted-borough-plan/planning-policy-consultations,https://www.nuneatonandbedworth.gov.uk/downloads/file/1691/habitat-regulations-assessment-main-modifications-,2025-12-09,,,
3800647,nuneaton-and-bedworth-borough-council-local-plan-2021-4,Schedule of Additional Modifications,,nuneaton-and-bedworth-borough-council-local-plan-2021,local-plan,https://www.nuneatonandbedworth.gov.uk/adopted-borough-plan/planning-policy-consultations,https://www.nuneatonandbedworth.gov.uk/downloads/file/1692/schedule-of-additional-modifications,2025-12-09,,,
3800648,nuneaton-and-bedworth-borough-council-local-plan-2021-5,Proposed Modifications to the Borough Plan Review Policies Map,,nuneaton-and-bedworth-borough-council-local-plan-2021,policies-map,https://www.nuneatonandbedworth.gov.uk/adopted-borough-plan/planning-policy-consultations,https://www.nuneatonandbedworth.gov.uk/downloads/file/1693/proposed-modifications-to-the-borough-plan-review-policies-map-,2025-12-09,,,
3800649,nuneaton-and-bedworth-borough-council-local-plan-2021-6,Updated Borough Plan Review Policies Map,,nuneaton-and-bedworth-borough-council-local-plan-2021,policies-map,https://www.nuneatonandbedworth.gov.uk/adopted-borough-plan/planning-policy-consultations,https://fs-filestore-eu.s3.eu-west-1.amazonaws.com/nuneaton/Documents/Updated%20Borough%20Plan%20Review%20Policies%20Map.pdf,2025-12-09,,,
3800650,nuneaton-and-bedworth-borough-council-local-plan-2021-7,Updated Borough Plan Review Policies Map - Key,,nuneaton-and-bedworth-borough-council-local-plan-2021,policies-map,https://www.nuneatonandbedworth.gov.uk/adopted-borough-plan/planning-policy-consultations,https://www.nuneatonandbedworth.gov.uk/downloads/file/1698/updated-borough-plan-review-policies-map-key,2025-12-09,,,
3800651,nuneaton-and-bedworth-borough-council-local-plan-2021-8,Site Assessment Form,,nuneaton-and-bedworth-borough-council-local-plan-2021,site-allocations,https://www.nuneatonandbedworth.gov.uk/adopted-borough-plan/planning-policy-consultations,https://www.nuneatonandbedworth.gov.uk/downloads/file/1742/call-for-sites-summer-2025-site-assessment-form,2025-12-09,,,
3800652,nuneaton-and-bedworth-borough-council-local-plan-2021-9,Statement of Community Involvement,,nuneaton-and-bedworth-borough-council-local-plan-2021,statement-of-community-involvement,https://www.nuneatonandbedworth.gov.uk/adopted-borough-plan/planning-policy-consultations,https://www.nuneatonandbedworth.gov.uk/downloads/file/295/statement-of-community-involvement-2023-,2025-12-09,,,
3800653,tameside-metropolitan-borough-council-local-plan-1,Unitary Development Plan,,tameside-metropolitan-borough-council-local-plan,local-plan,https://www.tameside.gov.uk/strategicplanning,,2025-12-09,,,
3800654,tameside-metropolitan-borough-council-local-plan-2,Greater Manchester Joint Waste Development Plan,,tameside-metropolitan-borough-council-local-plan,local-plan,https://www.tameside.gov.uk/strategicplanning,,2025-12-09,,,
3800655,tameside-metropolitan-borough-council-local-plan-3,Greater Manchester Joint Minerals Development Plan,,tameside-metropolitan-borough-council-local-plan,local-plan,https://www.tameside.gov.uk/strategicplanning,,2025-12-09,,,
3800656,tameside-metropolitan-borough-council-local-plan-2021-1,Housing Strategy 2021-2026,,tameside-metropolitan-borough-council-local-plan-2021,local-plan,https://www.tameside.gov.uk/planning,https://www.tameside.gov.uk/TamesideMBC/media/Planning/2-Housing-Strategy-2021-26-LANDSCAPE-Final-14-02-22.pdf,2025-12-09,,,
3800657,torbay-council-local-plan-2012-1,Torbay Local Plan 2012 to 2030,,torbay-council-local-plan-2012,local-plan,https://www.torbay.gov.uk/newlocalplan,https://www.torbay.gov.uk/media/16942/2012to2030torbaylocalplanweb18may16.pdf,2025-12-09,,,
3800658,torbay-council-local-plan-2012-2,Frontispiece,,torbay-council-local-plan-2012,local-plan,https://www.torbay.gov.uk/newlocalplan,https://www.torbay.gov.uk/media/6876/lp-frontispiece.pdf,2025-12-09,,,
3800659,torbay-council-local-plan-2012-3,Key Diagram,,torbay-council-local-plan-2012,policies-map,https://www.torbay.gov.uk/newlocalplan,https://www.torbay.gov.uk/media/6877/lp-keydiagram.pdf,2025-12-09,,,
3800660,torbay-council-local-plan-2012-4,Policies Map Cover,,torbay-council-local-plan-2012,policies-map,https://www.torbay.gov.uk/newlocalplan,https://www.torbay.gov.uk/media/6878/lp-mapbookletcover.pdf,2025-12-09,,,
3800661,torbay-council-local-plan-2012-5,Policies Map Key,,torbay-council-local-plan-2012,policies-map,https://www.torbay.gov.uk/newlocalplan,https://www.torbay.gov.uk/media/11020/policies-map-key.pdf,2025-12-09,,,
3800662,torbay-council-local-plan-2012-6,Brixham,,torbay-council-local-plan-2012,local-plan,https://www.torbay.gov.uk/newlocalplan,https://www.torbay.gov.uk/media/6880/lp-towncentrebrixham.pdf,2025-12-09,,,
3800663,torbay-council-local-plan-2012-7,Paignton,,torbay-council-local-plan-2012,local-plan,https://www.torbay.gov.uk/newlocalplan,https://www.torbay.gov.uk/media/6881/lp-towncentrepaignton.pdf,2025-12-09,,,
3800664,torbay-council-local-plan-2012-8,Torquay,,torbay-council-local-plan-2012,local-plan,https://www.torbay.gov.uk/newlocalplan,https://www.torbay.gov.uk/media/6882/lp-towncentretorquay.pdf,2025-12-09,,,
3800665,torbay-council-local-plan-2012-9,Strategic Delivery Areas Addendum,,torbay-council-local-plan-2012,habitats-regulations-assessment,https://www.torbay.gov.uk/newlocalplan,https://www.torbay.gov.uk/media/21099/hra-site-appraisal-report-2.pdf,2025-12-09,,,
3800666,torbay-council-local-plan-2012-10,Strategic Delivery Areas Proposed Additional Sites,,torbay-council-local-plan-2012,habitats-regulations-assessment,https://www.torbay.gov.uk/newlocalplan,https://www.torbay.gov.uk/media/21102/hra-site-appraisal-report-3.pdf,2025-12-09,,,
3800667,peterborough-city-council-local-plan-2036-1,Peterborough Local Plan 24 July 2019,,peterborough-city-council-local-plan-2036,local-plan,https://www.peterborough.gov.uk/localplan,,2025-12-09,,,
3800668,peterborough-city-council-local-plan-2036-2,Local Plan adoption background,,peterborough-city-council-local-plan-2036,strategic-flood-risk-assessment,https://www.peterborough.gov.uk/localplan,,2025-12-09,,,
3800669,peterborough-city-council-local-plan-2036-3,online version of the Peterborough Policies Map,,peterborough-city-council-local-plan-2036,policies-map,https://www.peterborough.gov.uk/localplan,,2025-12-09,,,
3800670,peterborough-city-council-local-plan-2036-4,Peterborough Policies Map,,peterborough-city-council-local-plan-2036,policies-map,https://www.peterborough.gov.uk/localplan,,2025-12-09,,,
3800671,peterborough-city-council-local-plan-2024-1,Draft Local Plan 2024-2044,,peterborough-city-council-local-plan-2024,local-plan,https://www.peterborough.gov.uk/council/planning-and-development/planning-policies/local-plan-review,,2025-12-09,,,
3800672,peterborough-city-council-local-plan-2024-2,Draft Local Plan comments,,peterborough-city-council-local-plan-2024,local-plan,https://www.peterborough.gov.uk/council/planning-and-development/planning-policies/local-plan-review,,2025-12-09,,,
3800673,peterborough-city-council-local-plan-2024-3,Strategic Housing and Economic Land Availability Assessment (SHELAA) report (Updated November 2025),,peterborough-city-council-local-plan-2024,strategic-housing-land-availability,https://www.peterborough.gov.uk/council/planning-and-development/planning-policies/local-plan-review,,2025-12-09,,,
3800674,peterborough-city-council-local-plan-2024-4,Interactive Policies Map,,peterborough-city-council-local-plan-2024,policies-map,https://www.peterborough.gov.uk/council/planning-and-development/planning-policies/local-plan-review,,2025-12-09,,,
3800675,peterborough-city-council-local-plan-2024-5,"Strategic Housing, Economic Land Availability Assessment (SHELAA) (November 2023)",,peterborough-city-council-local-plan-2024,strategic-housing-land-availability,https://www.peterborough.gov.uk/council/planning-and-development/planning-policies/local-plan-review,,2025-12-09,,,
3800676,peterborough-city-council-local-plan-2024-6,"Strategic Housing, Economic Land Availability Assessment (SHELAA) Addendum (October 2024)",,peterborough-city-council-local-plan-2024,strategic-housing-land-availability,https://www.peterborough.gov.uk/council/planning-and-development/planning-policies/local-plan-review,,2025-12-09,,,
3800677,peterborough-city-council-local-plan-2024-7,Other Issues and Options stage Local Plan documents,,peterborough-city-council-local-plan-2024,local-plan,https://www.peterborough.gov.uk/council/planning-and-development/planning-policies/local-plan-review,,2025-12-09,,,
3800678,peterborough-city-council-local-plan-2036-5,Minerals and Waste Local Plan Adopted July 2021,,peterborough-city-council-local-plan-2036,minerals-and-waste-plan,https://www.peterborough.gov.uk/localplan,,2025-12-09,,,
3800679,peterborough-city-council-local-plan-2036-6,Minerals and Waste Local Plan,,peterborough-city-council-local-plan-2036,minerals-and-waste-plan,https://www.peterborough.gov.uk/localplan,,2025-12-09,,,
3800680,peterborough-city-council-local-plan-2036-7,Examination Library,,peterborough-city-council-local-plan-2036,local-plan,https://www.peterborough.gov.uk/council/planning-and-development/planning-policies/minerals-and-local-waste-plan,,2025-12-09,,,
3800681,peterborough-city-council-local-plan-2036-8,Primary evidence,,peterborough-city-council-local-plan-2036,local-plan,https://www.peterborough.gov.uk/council/planning-and-development/planning-policies/minerals-and-local-waste-plan,,2025-12-09,,,
3800682,peterborough-city-council-local-plan-2036-9,Policy evidence reports,,peterborough-city-council-local-plan-2036,local-plan,https://www.peterborough.gov.uk/council/planning-and-development/planning-policies/minerals-and-local-waste-plan,,2025-12-09,,,
3800683,peterborough-city-council-local-plan-2036-10,Secondary evidence,,peterborough-city-council-local-plan-2036,local-plan,https://www.peterborough.gov.uk/council/planning-and-development/planning-policies/minerals-and-local-waste-plan,,2025-12-09,,,
3800684,milton-keynes-city-council-local-plan-2031-1,Plan:MK Adopted Version (March 2019),,milton-keynes-city-council-local-plan-2031,local-plan,https://www.milton-keynes.gov.uk/planning-and-building/developingmk/planmk,https://www.milton-keynes.gov.uk/sites/default/files/2022-05/PlanMK%20Adoption%20Version%20%28March%202019%29.pdf,2025-12-09,,,
3800685,milton-keynes-city-council-local-plan-2031-2,Plan:MK Adoption Statement (March 2019),,milton-keynes-city-council-local-plan-2031,adoption-statement,https://www.milton-keynes.gov.uk/planning-and-building/developingmk/planmk,https://www.milton-keynes.gov.uk/sites/default/files/2021-12/PlanMK%20Adoption%20Statement%20%28March%202019%29.pdf,2025-12-09,,,
3800686,milton-keynes-city-council-local-plan-2031-3,Plan:MK Sustainability Appraisal Adoption Statement (March 2019),,milton-keynes-city-council-local-plan-2031,adoption-statement,https://www.milton-keynes.gov.uk/planning-and-building/developingmk/planmk,https://www.milton-keynes.gov.uk/sites/default/files/2021-12/Plan%20MK%20-%20SA%20Adoption%20Statement%20%28March%202019%29.pdf,2025-12-09,,,
3800687,milton-keynes-city-council-local-plan-2031-4,Plan:MK Inspector's Report (February 2019),,milton-keynes-city-council-local-plan-2031,inspectors-report,https://www.milton-keynes.gov.uk/planning-and-building/developingmk/planmk,https://www.milton-keynes.gov.uk/sites/default/files/2021-12/PlanMK%20Final%20Inspectors%20Report%20Feb%202019.pdf,2025-12-09,,,
3800688,milton-keynes-city-council-local-plan-2031-5,Adopted Policies Map Sheet 1,,milton-keynes-city-council-local-plan-2031,policies-map,https://www.milton-keynes.gov.uk/planning-and-building/developingmk/planmk,https://www.milton-keynes.gov.uk/sites/default/files/2021-12/Adopted%20Policies%20Map%20Sheet%201.pdf,2025-12-09,,,
3800689,milton-keynes-city-council-local-plan-2031-6,Adopted Policies Map Sheet 2,,milton-keynes-city-council-local-plan-2031,policies-map,https://www.milton-keynes.gov.uk/planning-and-building/developingmk/planmk,https://www.milton-keynes.gov.uk/sites/default/files/2021-12/Adopted%20Policies%20Map%20Sheet%202.pdf,2025-12-09,,,
3800690,milton-keynes-city-council-local-plan-2031-7,Adopted Policies Map Sheet 3,,milton-keynes-city-council-local-plan-2031,policies-map,https://www.milton-keynes.gov.uk/planning-and-building/developingmk/planmk,https://www.milton-keynes.gov.uk/sites/default/files/2021-12/Adopted%20Policies%20Map%20Sheet%203.pdf,2025-12-09,,,
3800691,milton-keynes-city-council-local-plan-2031-8,Adopted Policies Map Sheet 4,,milton-keynes-city-council-local-plan-2031,policies-map,https://www.milton-keynes.gov.uk/planning-and-building/developingmk/planmk,https://www.milton-keynes.gov.uk/sites/default/files/2022-02/Adopted%20Policies%20Map%20Sheet%204.pdf,2025-12-09,,,
3800692,milton-keynes-city-council-local-plan-2031-9,Adopted Policies Map Sheet 5,,milton-keynes-city-council-local-plan-2031,policies-map,https://www.milton-keynes.gov.uk/planning-and-building/developingmk/planmk,https://www.milton-keynes.gov.uk/sites/default/files/2022-02/Adopted%20Policies%20Map%20Sheet%205.pdf,2025-12-09,,,
3800693,milton-keynes-city-council-local-plan-2031-10,Bletchley,,milton-keynes-city-council-local-plan-2031,local-plan,https://www.milton-keynes.gov.uk/planning-and-building/developingmk/planmk,https://www.milton-keynes.gov.uk/sites/default/files/2021-12/Adopted%20Inset%20Map%20Bletchley%20Town%20Centre.pdf,2025-12-09,,,
3800694,milton-keynes-city-council-local-plan-2031-11,Central Milton Keynes,,milton-keynes-city-council-local-plan-2031,local-plan,https://www.milton-keynes.gov.uk/planning-and-building/developingmk/planmk,https://www.milton-keynes.gov.uk/sites/default/files/2021-12/Adopted%20Inset%20Map%20Central%20Milton%20Keynes.pdf,2025-12-09,,,
3800695,milton-keynes-city-council-local-plan-2031-12,Kingston,,milton-keynes-city-council-local-plan-2031,local-plan,https://www.milton-keynes.gov.uk/planning-and-building/developingmk/planmk,https://www.milton-keynes.gov.uk/sites/default/files/2021-12/Adopted%20Inset%20Map%20Kingston%20Town%20Centre.pdf,2025-12-09,,,
3800696,milton-keynes-city-council-local-plan-2031-13,Newport Pagnell,,milton-keynes-city-council-local-plan-2031,local-plan,https://www.milton-keynes.gov.uk/planning-and-building/developingmk/planmk,https://www.milton-keynes.gov.uk/sites/default/files/2021-12/Adopted%20Inset%20Map%20Newport%20Pagnell.pdf,2025-12-09,,,
3800697,milton-keynes-city-council-local-plan-2031-14,Olney,,milton-keynes-city-council-local-plan-2031,local-plan,https://www.milton-keynes.gov.uk/planning-and-building/developingmk/planmk,https://www.milton-keynes.gov.uk/sites/default/files/2021-12/Adopted%20Inset%20Map%20Olney%20District%20Centre.pdf,2025-12-09,,,
3800698,milton-keynes-city-council-local-plan-2031-15,Stony Stratford,,milton-keynes-city-council-local-plan-2031,local-plan,https://www.milton-keynes.gov.uk/planning-and-building/developingmk/planmk,https://www.milton-keynes.gov.uk/sites/default/files/2021-12/Adopted%20Inset%20Map%20Stony%20Stratford%20District%20Centre.pdf,2025-12-09,,,
3800699,milton-keynes-city-council-local-plan-2031-16,Westcroft,,milton-keynes-city-council-local-plan-2031,local-plan,https://www.milton-keynes.gov.uk/planning-and-building/developingmk/planmk,https://www.milton-keynes.gov.uk/sites/default/files/2021-12/Adopted%20Inset%20Map%20Westcroft%20Town%20Centre.pdf,2025-12-09,,,
3800700,milton-keynes-city-council-local-plan-2031-17,Woburn Sands,,milton-keynes-city-council-local-plan-2031,local-plan,https://www.milton-keynes.gov.uk/planning-and-building/developingmk/planmk,https://www.milton-keynes.gov.uk/sites/default/files/2021-12/Adopted%20Inset%20Map%20Woburn%20Sands%20District%20Centre.pdf,2025-12-09,,,
3800701,milton-keynes-city-council-local-plan-2031-18,Wolverton,,milton-keynes-city-council-local-plan-2031,local-plan,https://www.milton-keynes.gov.uk/planning-and-building/developingmk/planmk,https://www.milton-keynes.gov.uk/sites/default/files/2021-12/Adopted%20Inset%20Map%20Wolverton%20Town%20Centre.pdf,2025-12-09,,,
3800702,cumberland-unitary-authority-local-plan-1,Cumberland Consolidated Planning Policy Framework - 2025,,cumberland-unitary-authority-local-plan,local-plan,https://www.cumberland.gov.uk/planning-and-building-control/planning-policy/local-plan,https://www.cumberland.gov.uk/sites/default/files/2025-03/Cumberland%20Consolidated%20Planning%20Policy%20Framework%20-%20March%202025.pdf,2025-12-09,,,
3800703,cumberland-unitary-authority-local-plan-2,Local Development Scheme March 2025 to March 2028,,cumberland-unitary-authority-local-plan,local-development-scheme,https://www.cumberland.gov.uk/planning-and-building-control/planning-policy/cumberland-local-plan,https://www.cumberland.gov.uk/sites/default/files/2025-04/Cumberland%20Local%20Development%20Scheme%202025.pdf,2025-12-09,,,
3800704,cumberland-unitary-authority-local-plan-2021-1,Copeland Local Plan 2021-2039,,cumberland-unitary-authority-local-plan-2021,local-plan,https://www.copeland.gov.uk/content/copeland-local-plan,,2025-12-09,,,
3800705,cumberland-unitary-authority-local-plan-2021-2,Local Plan 2021-2039,,cumberland-unitary-authority-local-plan-2021,local-plan,https://www.copeland.gov.uk/content/copeland-local-plan,,2025-12-09,,,
3800706,cumberland-unitary-authority-local-plan-2021-3,Local Plan 2021-2039 Proposals Map South,,cumberland-unitary-authority-local-plan-2021,policies-map,https://www.copeland.gov.uk/content/copeland-local-plan,,2025-12-09,,,
3800707,cumberland-unitary-authority-local-plan-2015-1,Cumbria Minerals and Waste Local Plan 2015 to 2030,,cumberland-unitary-authority-local-plan-2015,minerals-and-waste-plan,https://www.cumberland.gov.uk/planning-and-building-control/planning-policy/minerals-and-waste-local-plan,https://www.cumberland.gov.uk/sites/default/files/2024-12/cumbria_minerals_and_waste_local_plan_2015_to_2030.pdf,2025-12-09,,,
3800708,cumberland-unitary-authority-local-plan-2015-2,Minerals and Waste Development Scheme,,cumberland-unitary-authority-local-plan-2015,minerals-and-waste-plan,https://www.cumberland.gov.uk/planning-and-building-control/planning-policy/minerals-and-waste-local-plan,https://www.cumberland.gov.uk/sites/default/files/2024-12/minerals_and_waste_development_scheme.pdf,2025-12-09,,,
3800709,cumberland-unitary-authority-local-plan-2015-3,Policies Map Key,,cumberland-unitary-authority-local-plan-2015,policies-map,https://www.cumberland.gov.uk/planning-and-building-control/planning-policy/minerals-and-waste-local-plan,https://www.cumberland.gov.uk/sites/default/files/2024-06/policies_map_key_pdf_170kb.pdf,2025-12-09,,,
3800710,cumberland-unitary-authority-local-plan-2015-4,Policies Map - Part 1: Site Allocations and Broad Areas,,cumberland-unitary-authority-local-plan-2015,policies-map,https://www.cumberland.gov.uk/planning-and-building-control/planning-policy/minerals-and-waste-local-plan,https://www.cumberland.gov.uk/sites/default/files/2024-06/policies_map_-_part_1-_site_allocations_and_broad_areas_0.pdf,2025-12-09,,,
3800711,cumberland-unitary-authority-local-plan-2015-5,Adoption Statement,,cumberland-unitary-authority-local-plan-2015,adoption-statement,https://www.cumberland.gov.uk/planning-and-building-control/planning-policy/minerals-and-waste-local-plan,https://www.cumberland.gov.uk/sites/default/files/2024-06/adoption_statement.pdf,2025-12-09,,,
3800712,cumberland-unitary-authority-local-plan-2015-6,Sustainability Appraisal,,cumberland-unitary-authority-local-plan-2015,sustainability-appraisal,https://www.cumberland.gov.uk/planning-and-building-control/planning-policy/minerals-and-waste-local-plan,https://www.cumberland.gov.uk/sites/default/files/2024-06/sustainability_appraisal.pdf,2025-12-09,,,
3800713,cumberland-unitary-authority-local-plan-2015-7,Site Assessments,,cumberland-unitary-authority-local-plan-2015,site-allocations,https://www.cumberland.gov.uk/planning-and-building-control/planning-policy/minerals-and-waste-local-plan,https://www.cumberland.gov.uk/sites/default/files/2024-06/site_assessments_pdf_19.5mb_.pdf,2025-12-09,,,
3800714,cumberland-unitary-authority-local-plan-2015-8,Habitats Regulations Assessment (HRA),,cumberland-unitary-authority-local-plan-2015,habitats-regulations-assessment,https://www.cumberland.gov.uk/planning-and-building-control/planning-policy/minerals-and-waste-local-plan,https://www.cumberland.gov.uk/sites/default/files/2024-06/habitats_regulations_assessment_hra_pdf_5.5mb.pdf,2025-12-09,,,
3800715,london-borough-of-barnet-local-plan-2021-1,Barnet Local Plan 2021-2036,,london-borough-of-barnet-local-plan-2021,local-plan,https://www.barnet.gov.uk/planning-and-building-control/planning-policies-and-local-plan/barnet-local-plan-2021-2036/adoption-documents,https://www.barnet.gov.uk/sites/default/files/024574_-_bc4796_-_barnet_local_plan_2021-2036_-_web2.pdf,2025-12-09,,,
3800716,london-borough-of-barnet-local-plan-2021-2,Final Integrated Impact Assessment (Regulation 26),,london-borough-of-barnet-local-plan-2021,local-plan,https://www.barnet.gov.uk/planning-and-building-control/planning-policies-and-local-plan/barnet-local-plan-2021-2036/adoption-documents,https://www.barnet.gov.uk/sites/default/files/reg_26_integrated_impact_assessment.pdf,2025-12-09,,,
3800717,london-borough-of-barnet-local-plan-2021-3,Local Plan Adoption Statement,,london-borough-of-barnet-local-plan-2021,adoption-statement,https://www.barnet.gov.uk/planning-and-building-control/planning-policies-and-local-plan/barnet-local-plan-2021-2036/adoption-documents,https://www.barnet.gov.uk/sites/default/files/local_plan_adoption_statement_0.pdf,2025-12-09,,,
3800718,london-borough-of-barnet-local-plan-2021-4,Residential Design Guidance,,london-borough-of-barnet-local-plan-2021,supplementary-planning-document,https://www.barnet.gov.uk/planning-and-building-control/planning-policies-and-local-plan/barnet-local-plan-2021-2036,https://www.barnet.gov.uk/sites/default/files/assets/citizenportal/documents/planningconservationandbuildingcontrol/PlanningPolicy/SPD/ResidentialDesignGuidanceSPDoct2016.pdf,2025-12-09,,,
3800719,london-borough-of-barnet-local-plan-2021-5,Green Infrastructure,,london-borough-of-barnet-local-plan-2021,green-and-blue-infrastructure,https://www.barnet.gov.uk/planning-and-building-control/planning-policies-and-local-plan/barnet-local-plan-2021-2036,https://www.barnet.gov.uk/sites/default/files/assets/citizenportal/documents/planningconservationandbuildingcontrol/PlanningPolicy/SPD/GreenInfrastructureSPDOct2017.pdf,2025-12-09,,,
3800720,london-borough-of-barnet-local-plan-2021-6,North Finchley,,london-borough-of-barnet-local-plan-2021,supplementary-planning-document,https://www.barnet.gov.uk/planning-and-building-control/planning-policies-and-local-plan/barnet-local-plan-2021-2036,https://www.barnet.gov.uk/sites/default/files/the_north_finchley_town_centre_framework_spd_-_feb_2018.pdf,2025-12-09,,,
3800721,london-borough-of-barnet-local-plan-2021-7,Colindale Station,,london-borough-of-barnet-local-plan-2021,supplementary-planning-document,https://www.barnet.gov.uk/planning-and-building-control/planning-policies-and-local-plan/barnet-local-plan-2021-2036,https://www.barnet.gov.uk/sites/default/files/colindale_station_spd_february_2019.pdf,2025-12-09,,,
3800722,london-borough-of-barnet-local-plan-2021-8,Health Impact Assessment Guidance Note,,london-borough-of-barnet-local-plan-2021,health-impact-assessment,https://www.barnet.gov.uk/planning-and-building-control/planning-policies-and-local-plan/barnet-local-plan-2021-2036,https://barnet.moderngov.co.uk/documents/s88937/APPENDIX%20A%20-%20BARNET%20COUNCIL%20HEALTH%20IMPACT%20ASSESSMENT%20GUIDANCE%20NOTE.pdf,2025-12-09,,,
3800723,london-borough-of-barnet-local-plan-2021-9,Edgware Growth Area SPD,,london-borough-of-barnet-local-plan-2021,supplementary-planning-document,https://www.barnet.gov.uk/planning-and-building-control/planning-policies-and-local-plan/edgware-growth-area,https://www.barnet.gov.uk/sites/default/files/edgware_spd.pdf,2025-12-09,,,
3800724,london-borough-of-barnet-local-plan-2031-1,North London Waste Plan (Adopted April 2022),,london-borough-of-barnet-local-plan-2031,local-plan,https://www.walthamforest.gov.uk/planning-and-building-control/planning-policy/local-plan/north-london-waste-plan,,2025-12-09,,,
3800725,london-borough-of-barnet-local-plan-2031-2,Adoption statement,,london-borough-of-barnet-local-plan-2031,adoption-statement,https://www.walthamforest.gov.uk/planning-and-building-control/planning-policy/local-plan/north-london-waste-plan,https://www.walthamforest.gov.uk/sites/default/files/2023-01/Adoption%20Statement%20%28website%29%20AA.pdf,2025-12-09,,,
3800726,london-borough-of-barnet-local-plan-2031-3,Inspectors report,,london-borough-of-barnet-local-plan-2031,local-plan,https://www.walthamforest.gov.uk/planning-and-building-control/planning-policy/local-plan/north-london-waste-plan,https://www.walthamforest.gov.uk/sites/default/files/2023-01/NLWP-Inspector-Report-Final%20AA.pdf,2025-12-09,,,
3800727,london-borough-of-barnet-local-plan-2031-4,Main modifications Feb 2021,,london-borough-of-barnet-local-plan-2031,main-modifications,https://www.walthamforest.gov.uk/planning-and-building-control/planning-policy/local-plan/north-london-waste-plan,https://www.walthamforest.gov.uk/sites/default/files/2022-03/NLWP%20Modifications%20February%202021.pdf,2025-12-09,,,
3800728,london-borough-of-barnet-local-plan-2031-5,Main Modifications Appendix,,london-borough-of-barnet-local-plan-2031,main-modifications,https://www.walthamforest.gov.uk/planning-and-building-control/planning-policy/local-plan/north-london-waste-plan,https://www.walthamforest.gov.uk/sites/default/files/2022-03/NLWP-Main-Mods-Appendix-Final.pdf,2025-12-09,,,
3800729,london-borough-of-barnet-local-plan-2031-6,Sustainability appraisal Addendum Report update March 2021,,london-borough-of-barnet-local-plan-2031,sustainability-appraisal,https://www.walthamforest.gov.uk/planning-and-building-control/planning-policy/local-plan/north-london-waste-plan,https://www.walthamforest.gov.uk/sites/default/files/2022-03/Post-EiP-SA-Addendum-Update-March-2021-final.pdf,2025-12-09,,,
3800730,london-borough-of-barnet-local-plan-2031-7,"Sustainability appraisal, January 2019",,london-borough-of-barnet-local-plan-2031,sustainability-appraisal,https://www.walthamforest.gov.uk/planning-and-building-control/planning-policy/local-plan/north-london-waste-plan,https://www.walthamforest.gov.uk/sites/default/files/2022-03/Sustainability%20Appraisal%20Jan%202019.pdf,2025-12-09,,,
3800731,allerdale-borough-council-local-plan-1,Cumberland Consolidated Planning Policy Framework - 2025,,allerdale-borough-council-local-plan,local-plan,https://www.cumberland.gov.uk/planning-and-building-control/planning-policy/local-plan,https://www.cumberland.gov.uk/sites/default/files/2025-03/Cumberland%20Consolidated%20Planning%20Policy%20Framework%20-%20March%202025.pdf,2025-12-09,,,
3800732,allerdale-borough-council-local-plan-2,Local Development Scheme March 2025 to March 2028,,allerdale-borough-council-local-plan,local-development-scheme,https://www.cumberland.gov.uk/planning-and-building-control/planning-policy/cumberland-local-plan,https://www.cumberland.gov.uk/sites/default/files/2024-12/minerals_and_waste_development_scheme.pdf,2025-12-09,,,
3800733,allerdale-borough-council-local-plan-2015-1,Cumbria Minerals and Waste Local Plan 2015 to 2030,,allerdale-borough-council-local-plan-2015,minerals-and-waste-plan,https://www.cumberland.gov.uk/planning-and-building-control/planning-policy/minerals-and-waste-local-plan,https://www.cumberland.gov.uk/sites/default/files/2024-12/cumbria_minerals_and_waste_local_plan_2015_to_2030.pdf,2025-12-09,,,
3800734,allerdale-borough-council-local-plan-2015-2,Policies Map Key,,allerdale-borough-council-local-plan-2015,policies-map,https://www.cumberland.gov.uk/planning-and-building-control/planning-policy/minerals-and-waste-local-plan,https://www.cumberland.gov.uk/sites/default/files/2024-06/policies_map_key_pdf_170kb.pdf,2025-12-09,,,
3800735,allerdale-borough-council-local-plan-2015-3,Policies Map - Part 1: Site Allocations and Broad Areas,,allerdale-borough-council-local-plan-2015,policies-map,https://www.cumberland.gov.uk/planning-and-building-control/planning-policy/minerals-and-waste-local-plan,https://www.cumberland.gov.uk/sites/default/files/2024-06/policies_map_-_part_1-_site_allocations_and_broad_areas_0.pdf,2025-12-09,,,
3800736,allerdale-borough-council-local-plan-2015-4,Policies Map - Part 1A - Allerdale North,,allerdale-borough-council-local-plan-2015,policies-map,https://www.cumberland.gov.uk/planning-and-building-control/planning-policy/minerals-and-waste-local-plan,https://www.cumberland.gov.uk/sites/default/files/2024-06/policies_map_-_part_1a_-_allerdale_north.pdf,2025-12-09,,,
3800737,allerdale-borough-council-local-plan-2015-5,Policies Map - Part 1B - Allerdale South,,allerdale-borough-council-local-plan-2015,policies-map,https://www.cumberland.gov.uk/planning-and-building-control/planning-policy/minerals-and-waste-local-plan,https://www.cumberland.gov.uk/sites/default/files/2024-06/policies_map_-_part_1b_-_allerdale_south.pdf,2025-12-09,,,
3800738,allerdale-borough-council-local-plan-2015-6,Adoption Statement,,allerdale-borough-council-local-plan-2015,adoption-statement,https://www.cumberland.gov.uk/planning-and-building-control/planning-policy/minerals-and-waste-local-plan,https://www.cumberland.gov.uk/sites/default/files/2024-06/adoption_statement.pdf,2025-12-09,,,
3800739,allerdale-borough-council-local-plan-2015-7,Sustainability Appraisal,,allerdale-borough-council-local-plan-2015,sustainability-appraisal,https://www.cumberland.gov.uk/planning-and-building-control/planning-policy/minerals-and-waste-local-plan,https://www.cumberland.gov.uk/sites/default/files/2024-06/sustainability_appraisal.pdf,2025-12-09,,,
3800740,allerdale-borough-council-local-plan-2015-8,Habitats Regulations Assessment (HRA),,allerdale-borough-council-local-plan-2015,habitats-regulations-assessment,https://www.cumberland.gov.uk/planning-and-building-control/planning-policy/minerals-and-waste-local-plan,https://www.cumberland.gov.uk/sites/default/files/2024-06/habitats_regulations_assessment_hra_pdf_5.5mb.pdf,2025-12-09,,,
3800741,copeland-borough-council-local-plan-2021-1,Copeland Local Plan 2021-2039,,copeland-borough-council-local-plan-2021,local-plan,https://www.copeland.gov.uk/content/copeland-local-plan,https://www.copeland.gov.uk/attachments/copeland-local-plan-document,2025-12-09,,,
3800742,copeland-borough-council-local-plan-2021-2,Local Plan 2021-2039,,copeland-borough-council-local-plan-2021,local-plan,https://www.copeland.gov.uk/content/copeland-local-plan,https://www.copeland.gov.uk/attachments/local-plan-policies-map-north,2025-12-09,,,
3800743,copeland-borough-council-local-plan-2021-3,Local Plan 2021-2039 Proposals Map South,,copeland-borough-council-local-plan-2021,policies-map,https://www.copeland.gov.uk/content/copeland-local-plan,https://www.copeland.gov.uk/attachments/local-plan-policies-map-south-document,2025-12-09,,,
3800744,copeland-borough-council-local-plan-2021-4,Local Plan 2021-2039 Appendices,,copeland-borough-council-local-plan-2021,local-plan,https://www.copeland.gov.uk/content/copeland-local-plan,https://www.copeland.gov.uk/attachments/local-plan-appendices-document,2025-12-09,,,
3800745,chelmsford-city-council-local-plan-2013-1,Chelmsford Adopted Local Plan (with maps),,chelmsford-city-council-local-plan-2013,local-plan-adopted,https://www.chelmsford.gov.uk/localplan,https://www.chelmsford.gov.uk/media/id1jmniz/chelmsford-local-plan-may-2020-includes-a1-plans.pdf,2025-12-09,,,
3800746,chelmsford-city-council-local-plan-2013-2,Chelmsford Adopted Local Plan (text only),,chelmsford-city-council-local-plan-2013,local-plan-adopted,https://www.chelmsford.gov.uk/localplan,https://www.chelmsford.gov.uk/media/fvfjkf0i/chelmsford-adopted-local-plan-may-2020-text-only.pdf,2025-12-09,,,
3800747,chelmsford-city-council-local-plan-2013-3,Policies Map legend,,chelmsford-city-council-local-plan-2013,policies-map,https://www.chelmsford.gov.uk/localplan,https://www.chelmsford.gov.uk/media/zugbfbud/local-plan-policies-map-legend.pdf,2025-12-09,,,
3800748,chelmsford-city-council-local-plan-2025-1,Pre-Submission Local Plan Consultation Document,,chelmsford-city-council-local-plan-2025,local-plan-regulation-19,https://www.chelmsford.gov.uk/new-local-plan,https://www.chelmsford.gov.uk/media/3pomrel4/pre-submission-regulation-19-local-plan-february-2025.pdf,2025-12-09,,,
3800749,chelmsford-city-council-local-plan-2025-2,Pre-Submission Integrated Impact Assessment (IIA),,chelmsford-city-council-local-plan-2025,sustainability-appraisal,https://www.chelmsford.gov.uk/new-local-plan,https://www.chelmsford.gov.uk/media/zp0npdwg/pre-submission-integrated-impact-assessment-iia.pdf,2025-12-09,,,
3800750,chelmsford-city-council-local-plan-2025-3,Issues and Options 'You Said We Did' Feedback Report,,chelmsford-city-council-local-plan-2025,local-plan,https://www.chelmsford.gov.uk/new-local-plan,https://www.chelmsford.gov.uk/media/x1vidmis/issues-and-options-you-said-we-did-feedback-report-may-2024.pdf,2025-12-09,,,
3800751,chelmsford-city-council-local-plan-2025-4,Preferred Options 'You Said We Did' Feedback Report,,chelmsford-city-council-local-plan-2025,local-plan-regulation-18,https://www.chelmsford.gov.uk/new-local-plan,https://www.chelmsford.gov.uk/media/2prcbcez/preferred-options-you-said-we-did-feedback-report-february-2025.pdf,2025-12-09,,,
3800752,chelmsford-city-council-local-plan-2025-5,Pre-Submission Regulation 19 Document Feedback Report,,chelmsford-city-council-local-plan-2025,local-plan-regulation-19,https://www.chelmsford.gov.uk/new-local-plan,https://www.chelmsford.gov.uk/media/nvafkrpg/pre-submission-regulation-19-document-feedback-report-july-2025.pdf,2025-12-09,,,
3800753,chelmsford-city-council-local-plan-2025-6,Pre-Submission Regulation 19 Integrated Impact Assessment Feedback Report,,chelmsford-city-council-local-plan-2025,local-plan-regulation-19,https://www.chelmsford.gov.uk/new-local-plan,https://www.chelmsford.gov.uk/media/mdwpvowe/pre-submission-regulation-19-integrated-impact-assessment-feedback-report-july-2025.pdf,2025-12-09,,,
3800754,chelmsford-city-council-local-plan-2025-7,Pre Submission Topic Paper Climate Change (February 2025),,chelmsford-city-council-local-plan-2025,local-plan-regulation-19,https://www.chelmsford.gov.uk/new-local-plan,https://www.chelmsford.gov.uk/media/t2dd3jvz/pre-submission-topic-paper-climate-change-february-2025.pdf,2025-12-09,,,
3800755,chelmsford-city-council-local-plan-2025-8,Pre Submission Topic Paper Employment (February 2025),,chelmsford-city-council-local-plan-2025,local-plan-regulation-19,https://www.chelmsford.gov.uk/new-local-plan,https://www.chelmsford.gov.uk/media/jqhc0jcp/pre-submission-topic-paper-employment-february-2025.pdf,2025-12-09,,,
3800756,chelmsford-city-council-local-plan-2025-9,Pre Submission Topic Paper Health and Wellbeing (February 2025),,chelmsford-city-council-local-plan-2025,local-plan-regulation-19,https://www.chelmsford.gov.uk/new-local-plan,https://www.chelmsford.gov.uk/media/r2snz3ua/pre-submission-topic-paper-health-and-wellbeing-february-2025.pdf,2025-12-09,,,
3800757,chelmsford-city-council-local-plan-2025-10,Pre Submission Topic Paper Historic Environment (February 2025),,chelmsford-city-council-local-plan-2025,local-plan-regulation-19,https://www.chelmsford.gov.uk/new-local-plan,https://www.chelmsford.gov.uk/media/xljhv0v0/pre-submission-topic-paper-historic-environment-february-2025.pdf,2025-12-09,,,
3800758,chelmsford-city-council-local-plan-2025-11,Pre Submission Topic Paper Housing (February 2025),,chelmsford-city-council-local-plan-2025,local-plan-regulation-19,https://www.chelmsford.gov.uk/new-local-plan,https://www.chelmsford.gov.uk/media/d0vdy243/pre-submission-topic-paper-housing-february-2025.pdf,2025-12-09,,,
3800759,chelmsford-city-council-local-plan-2025-12,Pre Submission Topic Paper Infrastructure (February 2025),,chelmsford-city-council-local-plan-2025,local-plan-regulation-19,https://www.chelmsford.gov.uk/new-local-plan,https://www.chelmsford.gov.uk/media/jowcxzli/pre-submission-topic-paper-infrastructure-february-2025.pdf,2025-12-09,,,
3800760,chelmsford-city-council-local-plan-2025-13,Pre Submission Topic Paper Spatial Strategy and Strategic Sites (February 2025),,chelmsford-city-council-local-plan-2025,local-plan-regulation-19,https://www.chelmsford.gov.uk/new-local-plan,https://www.chelmsford.gov.uk/media/bauor352/pre-submission-topic-paper-spatial-strategy-and-strategic-sites-february-2025.pdf,2025-12-09,,,
3800761,chelmsford-city-council-local-plan-2025-14,Pre Submission Topic Paper Transport (February 2025),,chelmsford-city-council-local-plan-2025,local-plan-regulation-19,https://www.chelmsford.gov.uk/new-local-plan,https://www.chelmsford.gov.uk/media/ivulznlj/pre-submission-topic-paper-transport-february-2025.pdf,2025-12-09,,,
3800762,chelmsford-city-council-local-plan-2025-15,AH001 Chelmsford Strategic Housing Needs Assessment,,chelmsford-city-council-local-plan-2025,strategic-housing-market-assessment,https://www.chelmsford.gov.uk/new-local-plan,https://www.chelmsford.gov.uk/media/51bhsgcp/ah001-chelmsford-strategic-housing-needs-assessment-2023.pdf,2025-12-09,,,
3800763,chelmsford-city-council-local-plan-2025-16,AH002 Housing Capacity in Chelmsford City Centre and Urban Area 2024,,chelmsford-city-council-local-plan-2025,local-plan,https://www.chelmsford.gov.uk/new-local-plan,https://www.chelmsford.gov.uk/media/efsj0ith/ah002-housing-capacity-in-chelmsford-city-centre-and-urban-area-2024.pdf,2025-12-09,,,
3800764,chelmsford-city-council-local-plan-2025-17,AH003 Chelmsford Gypsy and Traveller Accommodation Assessment (GTAA) 2024,,chelmsford-city-council-local-plan-2025,gypsy-and-traveller-assessment,https://www.chelmsford.gov.uk/new-local-plan,https://www.chelmsford.gov.uk/media/id5pvppk/ah003-chelmsford-gypsy-and-traveller-accommodation-assessment-gtaa-2024.pdf,2025-12-09,,,
3800765,chelmsford-city-council-local-plan-2025-18,AH004 Chelmsford Strategic Housing Needs Assessment Addendum (November 2024),,chelmsford-city-council-local-plan-2025,strategic-housing-market-assessment,https://www.chelmsford.gov.uk/new-local-plan,https://www.chelmsford.gov.uk/media/e2bfsv3i/ah004-chelmsford-strategic-housing-needs-assessment-addendum-november-2024.pdf,2025-12-09,,,
3800766,chelmsford-city-council-local-plan-2025-19,"CC002 Water Cycle Study, Scoping 2024",,chelmsford-city-council-local-plan-2025,water-cycle-study,https://www.chelmsford.gov.uk/new-local-plan,https://www.chelmsford.gov.uk/media/jnhg5fv0/cc002-water-cycle-study-stage-1-scoping-2024.pdf,2025-12-09,,,
3800767,chelmsford-city-council-local-plan-2025-20,"CC003 Water Cycle Study, Stage 2 Detailed Study 2024",,chelmsford-city-council-local-plan-2025,water-cycle-study,https://www.chelmsford.gov.uk/new-local-plan,https://www.chelmsford.gov.uk/media/pj4b0dg1/cc003-water-cycle-study-stage-2-detailed-study-2024.pdf,2025-12-09,,,
3800768,chelmsford-city-council-local-plan-2025-21,CC007-A Net Zero Carbon Viability Study for Essex – Summary report 2022,,chelmsford-city-council-local-plan-2025,viability-assessment,https://www.chelmsford.gov.uk/new-local-plan,https://www.chelmsford.gov.uk/media/oj2kfos0/cc007-a-net-zero-carbon-viability-study-for-essex-summary-report-2022.pdf,2025-12-09,,,
3800769,chelmsford-city-council-local-plan-2025-22,CC007-B Net Zero Carbon Viability Study for Essex – Main report 2022,,chelmsford-city-council-local-plan-2025,viability-assessment,https://www.chelmsford.gov.uk/new-local-plan,https://www.chelmsford.gov.uk/media/oblhn4w0/cc007-b-net-zero-carbon-viability-study-for-essex-technical-appendix-2022.pdf,2025-12-09,,,
3800770,chelmsford-city-council-local-plan-2025-23,Chelmsford Local Development Scheme 2025-2028,,chelmsford-city-council-local-plan-2025,local-development-scheme,https://www.chelmsford.gov.uk/new-local-plan,https://www.chelmsford.gov.uk/media/ehzd1alh/chelmsford-local-development-scheme-2025-2028.pdf,2025-12-09,,,
3800771,maidstone-borough-council-local-plan-2021-1,Adopted Local Plan Review 2021-2038,,maidstone-borough-council-local-plan-2021,local-plan-adopted,https://maidstone.gov.uk/home/primary-services/planning-and-building/local-plan,,2025-12-09,,,
3800772,maidstone-borough-council-local-plan-2021-2,"Heathlands, Lidsing and Invicta Park Barracks - SPDs",,maidstone-borough-council-local-plan-2021,supplementary-planning-document,https://maidstone.gov.uk/home/primary-services/planning-and-building/local-plan,,2025-12-09,,,
3800773,maidstone-borough-council-local-plan-2021-3,Local Plan Monitoring and Process Documents,,maidstone-borough-council-local-plan-2021,local-plan,https://maidstone.gov.uk/home/primary-services/planning-and-building/local-plan,,2025-12-09,,,
3800774,maidstone-borough-council-local-plan-1,New Local Plan,,maidstone-borough-council-local-plan,local-plan,https://maidstone.gov.uk/home/primary-services/planning-and-building/local-plan,,2025-12-09,,,
3800775,maidstone-borough-council-local-plan-2,"Maidstone Gypsy, Traveller and Travelling Showpeople DPD",,maidstone-borough-council-local-plan,local-plan,https://maidstone.gov.uk/home/primary-services/planning-and-building/local-plan,,2025-12-09,,,
3800776,wakefield-metropolitan-district-council-local-plan-2024-1,"Volume 1 Development Strategy, Strategic and Local Policies",,wakefield-metropolitan-district-council-local-plan-2024,local-plan,https://www.wakefield.gov.uk/localplan,https://www.wakefield.gov.uk/media/cezexgd0/volume-1-development-strategy-strategic-and-local-policies.pdf,2025-12-09,,,
3800777,wakefield-metropolitan-district-council-local-plan-2024-2,Volume 2 Settlement Specific Policies,,wakefield-metropolitan-district-council-local-plan-2024,local-plan,https://www.wakefield.gov.uk/localplan,https://www.wakefield.gov.uk/media/sgqhjxbi/volume-2-settlement-specific-policies.pdf,2025-12-09,,,
3800778,wakefield-metropolitan-district-council-local-plan-2024-3,Schedule of Policy Renumbering,,wakefield-metropolitan-district-council-local-plan-2024,local-plan,https://www.wakefield.gov.uk/localplan,https://www.wakefield.gov.uk/media/rpchul21/schedule-of-policy-renumbering.pdf,2025-12-09,,,
3800779,wakefield-metropolitan-district-council-local-plan-2024-4,Policies Map - Northern,,wakefield-metropolitan-district-council-local-plan-2024,local-plan,https://www.wakefield.gov.uk/localplan,https://www.wakefield.gov.uk/media/fdkpo1ln/policies-map-northern.pdf,2025-12-09,,,
3800780,wakefield-metropolitan-district-council-local-plan-2024-5,Policies Map - South East,,wakefield-metropolitan-district-council-local-plan-2024,local-plan,https://www.wakefield.gov.uk/localplan,https://www.wakefield.gov.uk/media/53ig0f12/policies-map-south-east.pdf,2025-12-09,,,
3800781,wakefield-metropolitan-district-council-local-plan-2024-6,Policies Map - Western,,wakefield-metropolitan-district-council-local-plan-2024,local-plan,https://www.wakefield.gov.uk/localplan,https://www.wakefield.gov.uk/media/zebnska3/policies-map-western.pdf,2025-12-09,,,
3800782,wakefield-metropolitan-district-council-local-plan-2024-7,Local Plan Inset Maps - Northern,,wakefield-metropolitan-district-council-local-plan-2024,local-plan,https://www.wakefield.gov.uk/localplan,https://www.wakefield.gov.uk/media/132bp1fm/local-plan-inset-maps-northern.pdf,2025-12-09,,,
3800783,wakefield-metropolitan-district-council-local-plan-2024-8,Local Plan Inset Maps - SE Western,,wakefield-metropolitan-district-council-local-plan-2024,local-plan,https://www.wakefield.gov.uk/localplan,https://www.wakefield.gov.uk/media/osta042l/local-plan-inset-maps-se-western.pdf,2025-12-09,,,
3800784,wakefield-metropolitan-district-council-local-plan-2024-9,Local Plan Inset Maps - Wakefield City,,wakefield-metropolitan-district-council-local-plan-2024,local-plan,https://www.wakefield.gov.uk/localplan,https://www.wakefield.gov.uk/media/qzvpru05/local-plan-inset-maps-wakefield-city.pdf,2025-12-09,,,
3800785,wakefield-metropolitan-district-council-local-plan-2024-10,Mineral Safeguarding Area Map,,wakefield-metropolitan-district-council-local-plan-2024,local-plan,https://www.wakefield.gov.uk/localplan,https://www.wakefield.gov.uk/media/mh1am0kh/mineral-safeguarding-area.pdf,2025-12-09,,,
3800786,wakefield-metropolitan-district-council-local-plan-2024-11,Hot Food Takeaway Exclusion Area Map,,wakefield-metropolitan-district-council-local-plan-2024,local-plan,https://www.wakefield.gov.uk/localplan,https://www.wakefield.gov.uk/media/prpivwib/hot-food-takeaway-exclusion-area.pdf,2025-12-09,,,
3800787,wakefield-metropolitan-district-council-local-plan-2024-12,Housing Viability Value Areas Map,,wakefield-metropolitan-district-council-local-plan-2024,local-plan,https://www.wakefield.gov.uk/localplan,https://www.wakefield.gov.uk/media/wfqn3qs1/housing-viability-value-area.pdf,2025-12-09,,,
3800788,wakefield-metropolitan-district-council-local-plan-2024-13,Hot Food Takeaway Exclusion Map Revised,,wakefield-metropolitan-district-council-local-plan-2024,local-plan,https://www.wakefield.gov.uk/localplan,https://www.wakefield.gov.uk/media/lraf4pac/nppf-revised-hft-excl-area-a1l-map.pdf,2025-12-09,,,
3800789,wakefield-metropolitan-district-council-local-plan-2024-14,Local Plan Adoption Statement,,wakefield-metropolitan-district-council-local-plan-2024,adoption-statement,https://www.wakefield.gov.uk/localplan,https://www.wakefield.gov.uk/media/3ioft42d/local-plan-adoption-statement.pdf,2025-12-09,,,
3800790,wakefield-metropolitan-district-council-local-plan-2024-15,Sustainability Appraisal Post Adoption Statement,,wakefield-metropolitan-district-council-local-plan-2024,adoption-statement,https://www.wakefield.gov.uk/localplan,https://www.wakefield.gov.uk/media/yfgmjqnz/sustainability-appraisal-post-adoption-statement.pdf,2025-12-09,,,
3800791,wakefield-metropolitan-district-council-local-plan-2024-16,Wakefield District Local Plan 2036 Final SA Report,,wakefield-metropolitan-district-council-local-plan-2024,sustainability-appraisal,https://www.wakefield.gov.uk/localplan,https://www.wakefield.gov.uk/media/orblqn1c/wakefield-district-local-plan-203-final-sa-report.pdf,2025-12-09,,,
3800792,wakefield-metropolitan-district-council-local-plan-2024-17,SA Report Appendices D-E January 2024,,wakefield-metropolitan-district-council-local-plan-2024,sustainability-appraisal,https://www.wakefield.gov.uk/localplan,https://www.wakefield.gov.uk/media/nscd3kfx/sa-report-appendices-d-e-january-2024.pdf,2025-12-09,,,
3800793,wakefield-metropolitan-district-council-local-plan-2024-18,SA Report Appendices F January 2024,,wakefield-metropolitan-district-council-local-plan-2024,sustainability-appraisal,https://www.wakefield.gov.uk/localplan,https://www.wakefield.gov.uk/media/cutg1bna/sa-report-appendices-f-january-2024.pdf,2025-12-09,,,
3800794,wakefield-metropolitan-district-council-local-plan-2024-19,SA Report Appendices G-I January 2024,,wakefield-metropolitan-district-council-local-plan-2024,sustainability-appraisal,https://www.wakefield.gov.uk/localplan,https://www.wakefield.gov.uk/media/imfhr2cd/sa-report-appendices-g-i-january-2024.pdf,2025-12-09,,,
3800795,wakefield-metropolitan-district-council-local-plan-2024-20,SA Addendum October 2021,,wakefield-metropolitan-district-council-local-plan-2024,sustainability-appraisal,https://www.wakefield.gov.uk/localplan,https://www.wakefield.gov.uk/media/iejhthtr/sa-addendum.pdf,2025-12-09,,,
3800796,london-borough-of-tower-hamlets-local-plan-2031-1,Tower Hamlets Local Plan 2031: Managing Growth and Sharing Benefits,,london-borough-of-tower-hamlets-local-plan-2031,local-plan,https://www.towerhamlets.gov.uk/lgnl/planning_and_building_control/planning_policy_guidance/Local_plan/local_plan.aspx,https://www.towerhamlets.gov.uk/Documents/Planning-and-building-control/Strategic-Planning/Local-Plan/TH_Local_Plan_2031_accessibility_checked.pdf,2025-12-09,,,
3800797,london-borough-of-tower-hamlets-local-plan-2031-2,Policies Map,,london-borough-of-tower-hamlets-local-plan-2031,local-plan,https://www.towerhamlets.gov.uk/lgnl/planning_and_building_control/planning_policy_guidance/Local_plan/local_plan.aspx,https://www.towerhamlets.gov.uk/Documents/Planning-and-building-control/Strategic-Planning/Local-Plan/Policies-Map-15-01-2020.pdf,2025-12-09,,,
3800798,london-borough-of-tower-hamlets-local-plan-2031-3,Introduction,,london-borough-of-tower-hamlets-local-plan-2031,local-plan,https://www.towerhamlets.gov.uk/lgnl/planning_and_building_control/planning_policy_guidance/Local_plan/local_plan.aspx,https://www.towerhamlets.gov.uk/Documents/Planning-and-building-control/Strategic-Planning/Local-Plan/Introduction.pdf,2025-12-09,,,
3800799,london-borough-of-tower-hamlets-local-plan-2031-4,Policies Part 1,,london-borough-of-tower-hamlets-local-plan-2031,local-plan,https://www.towerhamlets.gov.uk/lgnl/planning_and_building_control/planning_policy_guidance/Local_plan/local_plan.aspx,https://www.towerhamlets.gov.uk/Documents/Planning-and-building-control/Strategic-Planning/Local-Plan/PoliciesPart1.pdf,2025-12-09,,,
3800800,london-borough-of-tower-hamlets-local-plan-2031-5,Policies Part 2,,london-borough-of-tower-hamlets-local-plan-2031,local-plan,https://www.towerhamlets.gov.uk/lgnl/planning_and_building_control/planning_policy_guidance/Local_plan/local_plan.aspx,https://www.towerhamlets.gov.uk/Documents/Planning-and-building-control/Strategic-Planning/Local-Plan/PoliciesPart2.pdf,2025-12-09,,,
3800801,london-borough-of-tower-hamlets-local-plan-2031-6,Sub Area 1: City Fringe,,london-borough-of-tower-hamlets-local-plan-2031,local-plan,https://www.towerhamlets.gov.uk/lgnl/planning_and_building_control/planning_policy_guidance/Local_plan/local_plan.aspx,https://www.towerhamlets.gov.uk/Documents/Planning-and-building-control/Strategic-Planning/Local-Plan/SubArea1CityFringe.pdf,2025-12-09,,,
3800802,london-borough-of-tower-hamlets-local-plan-2031-7,Sub Area 2: Central,,london-borough-of-tower-hamlets-local-plan-2031,local-plan,https://www.towerhamlets.gov.uk/lgnl/planning_and_building_control/planning_policy_guidance/Local_plan/local_plan.aspx,https://www.towerhamlets.gov.uk/Documents/Planning-and-building-control/Strategic-Planning/Local-Plan/SubArea2Central.pdf,2025-12-09,,,
3800803,london-borough-of-tower-hamlets-local-plan-2031-8,Sub Area 3: Lower Lea Valley,,london-borough-of-tower-hamlets-local-plan-2031,local-plan,https://www.towerhamlets.gov.uk/lgnl/planning_and_building_control/planning_policy_guidance/Local_plan/local_plan.aspx,https://www.towerhamlets.gov.uk/Documents/Planning-and-building-control/Strategic-Planning/Local-Plan/SubArea3LowerLeaValley.pdf,2025-12-09,,,
3800804,london-borough-of-tower-hamlets-local-plan-2031-9,Sub Area 4: Isle of Dogs and South Poplar,,london-borough-of-tower-hamlets-local-plan-2031,local-plan,https://www.towerhamlets.gov.uk/lgnl/planning_and_building_control/planning_policy_guidance/Local_plan/local_plan.aspx,https://www.towerhamlets.gov.uk/Documents/Planning-and-building-control/Strategic-Planning/Local-Plan/SubArea4IsleofDogs.pdf,2025-12-09,,,
3800805,london-borough-of-tower-hamlets-local-plan-2031-10,Monitoring and appendices,,london-borough-of-tower-hamlets-local-plan-2031,local-plan,https://www.towerhamlets.gov.uk/lgnl/planning_and_building_control/planning_policy_guidance/Local_plan/local_plan.aspx,https://www.towerhamlets.gov.uk/Documents/Planning-and-building-control/Strategic-Planning/Local-Plan/MonitoringAppendices.pdf,2025-12-09,,,
3800806,london-borough-of-tower-hamlets-local-plan-2031-11,Tower Hamlets Local Plan Viability Assessment (2018),,london-borough-of-tower-hamlets-local-plan-2031,viability-assessment,https://www.towerhamlets.gov.uk/lgnl/planning_and_building_control/planning_policy_guidance/Local_plan/core_strategy_adoption-exam.aspx,https://www.towerhamlets.gov.uk/Documents/Planning-and-building-control/Strategic-Planning/Local-Plan/Submission_2018/London_Borough_of_Tower_Hamlets_Local_Plan_Viability_Assessment_2018.pdf,2025-12-09,,,
3800807,london-borough-of-tower-hamlets-local-plan-2031-12,Strategic Housing Market Assessment,,london-borough-of-tower-hamlets-local-plan-2031,strategic-housing-market-assessment,https://www.towerhamlets.gov.uk/lgnl/planning_and_building_control/planning_policy_guidance/Local_plan/core_strategy_adoption-exam.aspx,https://www.towerhamlets.gov.uk/Documents/Planning-and-building-control/Strategic-Planning/Local-Plan/Submission_2018/Strategic_Housing_Market_Assessment_2017.pdf,2025-12-09,,,
3800808,london-borough-of-tower-hamlets-local-plan-2031-13,Strategic Housing Market Assessment (2014),,london-borough-of-tower-hamlets-local-plan-2031,strategic-housing-market-assessment,https://www.towerhamlets.gov.uk/lgnl/planning_and_building_control/planning_policy_guidance/Local_plan/core_strategy_adoption-exam.aspx,https://www.towerhamlets.gov.uk/Documents/Planning-and-building-control/Strategic-Planning/Local-Plan/Submission_2018/SHMA_Strategic_Housing_Market_Assessment_2014.pdf,2025-12-09,,,
3800809,london-borough-of-tower-hamlets-local-plan-2031-14,Employment Land Review (2016),,london-borough-of-tower-hamlets-local-plan-2031,employment-land-review,https://www.towerhamlets.gov.uk/lgnl/planning_and_building_control/planning_policy_guidance/Local_plan/core_strategy_adoption-exam.aspx,https://www.towerhamlets.gov.uk/Documents/Planning-and-building-control/Strategic-Planning/Local-Plan/Employment_Land_Review_2016.pdf,2025-12-09,,,
3800810,vale-of-white-horse-district-council-local-plan-2011-1,Local Plan 2031 Part 1: Strategic Sites and Policies,,vale-of-white-horse-district-council-local-plan-2011,local-plan,https://www.whitehorsedc.gov.uk/vale-of-white-horse-district-council/planning-and-development/local-plan-and-planning-policies/local-plan-2031/,https://www.whitehorsedc.gov.uk/wp-content/uploads/sites/3/2020/10/Local-Plan-2031-Part-1.pdf,2025-12-09,,,
3800811,vale-of-white-horse-district-council-local-plan-2011-2,Local Plan 2031 Part 1: Strategic Sites and Policies – Appendices,,vale-of-white-horse-district-council-local-plan-2011,local-plan,https://www.whitehorsedc.gov.uk/vale-of-white-horse-district-council/planning-and-development/local-plan-and-planning-policies/local-plan-2031/,https://www.whitehorsedc.gov.uk/wp-content/uploads/sites/3/2020/10/Local-Plan-2031-Part-1-Appendicies.pdf,2025-12-09,,,
3800812,vale-of-white-horse-district-council-local-plan-2011-3,Local Plan Part 1- Adoption Statement,,vale-of-white-horse-district-council-local-plan-2011,adoption-statement,https://www.whitehorsedc.gov.uk/vale-of-white-horse-district-council/planning-and-development/local-plan-and-planning-policies/local-plan-2031/,https://www.whitehorsedc.gov.uk/wp-content/uploads/sites/3/2019/07/Local-Plan-2031-Part-1-Adoption-Statement-LPP1.pdf,2025-12-09,,,
3800813,vale-of-white-horse-district-council-local-plan-2011-4,Local Plan Part 1 – Sustainability Appraisal Adoption Statement,,vale-of-white-horse-district-council-local-plan-2011,adoption-statement,https://www.whitehorsedc.gov.uk/vale-of-white-horse-district-council/planning-and-development/local-plan-and-planning-policies/local-plan-2031/,https://www.whitehorsedc.gov.uk/wp-content/uploads/sites/3/2019/07/Vale-LPP1-SA-Adoption-Statement-161206-LPP1.pdf,2025-12-09,,,
3800814,vale-of-white-horse-district-council-local-plan-2011-5,Local Plan Part 1 Review,,vale-of-white-horse-district-council-local-plan-2011,local-plan-review,https://www.whitehorsedc.gov.uk/vale-of-white-horse-district-council/planning-and-development/local-plan-and-planning-policies/local-plan-2031/,https://www.whitehorsedc.gov.uk/wp-content/uploads/sites/3/2021/12/Local-Plan-Part-1-Review-Dec-2021..pdf,2025-12-09,,,
3800815,vale-of-white-horse-district-council-local-plan-2011-6,Local Plan 2031 Part 2: Detailed Policies and Additional Sites,,vale-of-white-horse-district-council-local-plan-2011,local-plan,https://www.whitehorsedc.gov.uk/vale-of-white-horse-district-council/planning-and-development/local-plan-and-planning-policies/local-plan-2031/,https://www.whitehorsedc.gov.uk/wp-content/uploads/sites/3/2021/03/VOWHDC-Master-1.pdf,2025-12-09,,,
3800816,vale-of-white-horse-district-council-local-plan-2011-7,Local Plan 2031 Part 2: Detailed Policies and Additional Sites – Appendices,,vale-of-white-horse-district-council-local-plan-2011,local-plan,https://www.whitehorsedc.gov.uk/vale-of-white-horse-district-council/planning-and-development/local-plan-and-planning-policies/local-plan-2031/,https://www.southandvale.gov.uk/app/uploads/sites/3/2025/05/Vale-of-White-Horse-Local-Plan-2031-Part-2-Detailed-Policies-and-Additional-Sites-–-Appendices.pdf,2025-12-09,,,
3800817,vale-of-white-horse-district-council-local-plan-2011-8,Local Plan 2031 Part 2 – Adoption Statement,,vale-of-white-horse-district-council-local-plan-2011,adoption-statement,https://www.whitehorsedc.gov.uk/vale-of-white-horse-district-council/planning-and-development/local-plan-and-planning-policies/local-plan-2031/,https://www.whitehorsedc.gov.uk/wp-content/uploads/sites/3/2020/10/2019-10-10-VoWH-Adoption-Statement-FINAL_0-1.pdf,2025-12-09,,,
3800818,vale-of-white-horse-district-council-local-plan-2011-9,Local Plan 2031 Part 2 – Sustainability Appraisal Adoption Statement,,vale-of-white-horse-district-council-local-plan-2011,adoption-statement,https://www.whitehorsedc.gov.uk/vale-of-white-horse-district-council/planning-and-development/local-plan-and-planning-policies/local-plan-2031/,https://www.whitehorsedc.gov.uk/wp-content/uploads/sites/3/2020/10/VoWH-LPP2-Sustainability-Appraisal-Adoption-Statement-191025-1.pdf,2025-12-09,,,
3800819,vale-of-white-horse-district-council-local-plan-2011-10,Local Plan Part 2 Review Cabinet Report,,vale-of-white-horse-district-council-local-plan-2011,local-plan-review,https://www.whitehorsedc.gov.uk/vale-of-white-horse-district-council/planning-and-development/local-plan-and-planning-policies/local-plan-2031/,https://democratic.whitehorsedc.gov.uk/documents/s61489/LPP2%20Cabinet%20Report%20Final.pdf,2025-12-09,,,
3800820,vale-of-white-horse-district-council-local-plan-2011-11,Local Plan Part 2 Review Statement,,vale-of-white-horse-district-council-local-plan-2011,local-plan-review,https://www.whitehorsedc.gov.uk/vale-of-white-horse-district-council/planning-and-development/local-plan-and-planning-policies/local-plan-2031/,https://www.southandvale.gov.uk/app/uploads/sites/3/2024/09/20240925-LPP2-Statement_Redacted.pdf,2025-12-09,,,
3800821,vale-of-white-horse-district-council-local-plan-2011-12,Abingdon-on-Thames and Oxford Fringe Sub-Area Policies Map,,vale-of-white-horse-district-council-local-plan-2011,local-plan,https://www.whitehorsedc.gov.uk/vale-of-white-horse-district-council/planning-and-development/local-plan-and-planning-policies/local-plan-2031/,https://www.whitehorsedc.gov.uk/wp-content/uploads/sites/3/2020/10/Adopted-October-2019-constraint-sub-area-abingdon-north-v3.pdf,2025-12-09,,,
3800822,vale-of-white-horse-district-council-local-plan-2011-13,South East Vale Sub-Area Policies Map,,vale-of-white-horse-district-council-local-plan-2011,local-plan,https://www.whitehorsedc.gov.uk/vale-of-white-horse-district-council/planning-and-development/local-plan-and-planning-policies/local-plan-2031/,https://www.whitehorsedc.gov.uk/wp-content/uploads/sites/3/2020/10/Adopted-October-2019-constraint-sub-area-east-v3.pdf,2025-12-09,,,
3800823,vale-of-white-horse-district-council-local-plan-2011-14,Western Vale Sub-Area Policies Map,,vale-of-white-horse-district-council-local-plan-2011,local-plan,https://www.whitehorsedc.gov.uk/vale-of-white-horse-district-council/planning-and-development/local-plan-and-planning-policies/local-plan-2031/,https://www.whitehorsedc.gov.uk/wp-content/uploads/sites/3/2020/10/Adopted-October-2019-constraint-sub-area-western-v3.pdf,2025-12-09,,,
3800824,vale-of-white-horse-district-council-local-plan-2021-1,Sustainability Appraisal Technical Addendum to Scoping Report,,vale-of-white-horse-district-council-local-plan-2021,strategic-environmental-assessment,https://www.whitehorsedc.gov.uk/vale-of-white-horse-district-council/planning-and-development/local-plan-and-planning-policies/local-plan-2041/,https://theconversation.southandvale.gov.uk/policy-and-programmes/sa_consultation/user_uploads/sa---sea-of-jlp---technical-addendum-to-scoping-report.pdf,2025-12-09,,,
3800825,london-borough-of-bexley-local-plan-1,Bexley Local Plan,,london-borough-of-bexley-local-plan,local-plan,https://www.bexley.gov.uk/local-plan,https://www.bexley.gov.uk/sites/default/files/2023-07/bexley-local-plan-adopted-26-april-2023.pdf,2025-12-09,,,
3800826,london-borough-of-bexley-local-plan-2,Bexley Local Plan Policies Map,,london-borough-of-bexley-local-plan,policies-map,https://www.bexley.gov.uk/local-plan,,2025-12-09,,,
3800827,london-borough-of-bexley-local-plan-3,Infrastructure Delivery Plan,,london-borough-of-bexley-local-plan,infrastructure-delivery-plan,https://www.bexley.gov.uk/local-plan,https://www.bexley.gov.uk/sites/default/files/2022-01/SD21-infrastructure-delivery-plan-IDP.pdf,2025-12-09,,,
3800828,london-borough-of-bexley-local-plan-4,Bexley Local Plan IIA Post Adoption Statement,,london-borough-of-bexley-local-plan,adoption-statement,https://www.bexley.gov.uk/local-plan,https://www.bexley.gov.uk/sites/default/files/2023-06/bexley-local-plan-iia-post-adoption-statement.pdf,2025-12-09,,,
3800829,london-borough-of-bexley-local-plan-5,Bexley Local Development Scheme 2025,,london-borough-of-bexley-local-plan,local-development-scheme,https://www.bexley.gov.uk/local-plan,https://www.bexley.gov.uk/sites/default/files/2025-03/bexley-local-development-scheme-march-2025.pdf,2025-12-09,,,
3800830,london-borough-of-bexley-local-plan-6,Statement of Community Involvement,,london-borough-of-bexley-local-plan,statement-of-community-involvement,https://www.bexley.gov.uk/local-plan,https://www.bexley.gov.uk/sites/default/files/2023-02/Statement-of-Community-Involvement-to-reflect-removal-of-covid-19-amendments-december-2022.pdf,2025-12-09,,,
3800831,city-of-london-corporation-local-plan-2026-1,Local Plan (Adopted 2015),,city-of-london-corporation-local-plan-2026,local-plan,https://www.cityoflondon.gov.uk/services/planning/planning-policy/local-plan-2015,https://www.cityoflondon.gov.uk/assets/Services-Environment/planning-local-plan-adopted-2015.pdf,2025-12-09,,,
3800832,city-of-london-corporation-local-plan-2026-2,Local Plan (Adopted 2015) Policies Map A,,city-of-london-corporation-local-plan-2026,policies-map,https://www.cityoflondon.gov.uk/services/planning/planning-policy/local-plan-2015,https://www.cityoflondon.gov.uk/assets/Services-Environment/planning-local-plan-adopted-policies-mapa-adopted-2015.pdf,2025-12-09,,,
3800833,city-of-london-corporation-local-plan-2026-3,Local Plan (adopted 2015) Policies Map B revised Sept. 2020,,city-of-london-corporation-local-plan-2026,policies-map,https://www.cityoflondon.gov.uk/services/planning/planning-policy/local-plan-2015,https://www.cityoflondon.gov.uk/assets/Services-Environment/planning-local-plan-adopted-policies-mapb-adopted-2015-revised-sept-2020.pdf,2025-12-09,,,
3800834,city-of-london-corporation-local-plan-2026-4,City of London Corporation Local Development Scheme (2025),,city-of-london-corporation-local-plan-2026,local-development-scheme,https://www.cityoflondon.gov.uk/services/planning/planning-policy/local-plan-2015,https://www.cityoflondon.gov.uk/assets/Services-Environment/2025-city-of-london-corporation-local-development-scheme.pdf,2025-12-09,,,
3800835,doncaster-metropolitan-borough-council-local-plan-2015-1,Doncaster Local Plan Adopted 23 Sept 2021,,doncaster-metropolitan-borough-council-local-plan-2015,local-plan,https://www.doncaster.gov.uk/localplan,https://dmbcwebstolive01.blob.core.windows.net:443/media/Default/Planning/Documents/Local%20Plan/Submission/Doncaster%20Local%20Plan%20Adopted%2023%20Sept%202021.pdf,2025-12-09,,,
3800836,doncaster-metropolitan-borough-council-local-plan-2015-2,Policies Map,,doncaster-metropolitan-borough-council-local-plan-2015,policies-map,https://www.doncaster.gov.uk/localplan,,2025-12-09,,,
3800837,doncaster-metropolitan-borough-council-local-plan-2015-3,Doncaster Local Development Scheme August 2025,,doncaster-metropolitan-borough-council-local-plan-2015,local-development-scheme,https://www.doncaster.gov.uk/localplan,https://www.doncaster.gov.uk/Documents/DocumentView/Stream/Media/Default/Planning/Documents/Local Plan/Doncaster Local Development Scheme August 2025.pdf,2025-12-09,,,
3800838,doncaster-metropolitan-borough-council-local-plan-2015-4,Adoption Statement,,doncaster-metropolitan-borough-council-local-plan-2015,adoption-statement,https://www.doncaster.gov.uk/localplan,https://dmbcwebstolive01.blob.core.windows.net:443/media/Default/Planning/Documents/Local%20Plan/Submission/Adoption%20Statement.pdf,2025-12-09,,,
3800839,doncaster-metropolitan-borough-council-local-plan-2015-5,Local Plan - Inspectors Final Report,,doncaster-metropolitan-borough-council-local-plan-2015,inspectors-report,https://www.doncaster.gov.uk/localplan,,2025-12-09,,,
3800840,doncaster-metropolitan-borough-council-local-plan-2015-6,Local Plan - Inspectors Final Report Appendix,,doncaster-metropolitan-borough-council-local-plan-2015,inspectors-report,https://www.doncaster.gov.uk/localplan,,2025-12-09,,,
3800841,doncaster-metropolitan-borough-council-local-plan-2015-7,Sustainability Appraisal Post Adoption Statement - September 2021,,doncaster-metropolitan-borough-council-local-plan-2015,adoption-statement,https://www.doncaster.gov.uk/localplan,https://dmbcwebstolive01.blob.core.windows.net:443/media/Default/Planning/Documents/Local%20Plan/Site%20Selection/Sustainability%20Appraisal%20Post%20Adoption%20Statement%20-%20September%202021.pdf,2025-12-09,,,
3800842,doncaster-metropolitan-borough-council-local-plan-2015-8,Habitats Regulation Assessment,,doncaster-metropolitan-borough-council-local-plan-2015,local-plan,https://www.doncaster.gov.uk/localplan,https://dmbcwebstolive01.blob.core.windows.net:443/media/Default/Planning/Documents/Local%20Plan/Submission/Other%20Docs/Habitats%20Regulation%20Assessment.pdf,2025-12-09,,,
3800843,doncaster-metropolitan-borough-council-local-plan-2015-9,Habitats Regulation Assessment Addendum,,doncaster-metropolitan-borough-council-local-plan-2015,local-plan,https://www.doncaster.gov.uk/localplan,https://dmbcwebstolive01.blob.core.windows.net:443/media/Default/Planning/Documents/Local%20Plan/Submission/Modifications/Habitats%20Regulation%20Assessment%20Addendum.pdf,2025-12-09,,,
3800844,derby-city-council-local-plan-2023-1,Derby Local Plan 2023-2043,,derby-city-council-local-plan-2023,local-plan,https://www.derby.gov.uk/news/2025/november/new-local-plan-to-shape-derbys-growth-for-the-next-20-years/,,2025-12-09,,,
3800845,derby-city-council-local-plan-2028-1,Adopted Local Plan,,derby-city-council-local-plan-2028,local-plan-adopted,https://derby.gov.uk/environment-and-planning/planning/local-plan/,,2025-12-09,,,
3800846,derby-city-council-local-plan-1,Emerging Local Plan for Derby (LPD),,derby-city-council-local-plan,local-plan,https://derby.gov.uk/environment-and-planning/planning/local-plan/,,2025-12-09,,,
3800847,derby-city-council-local-plan-2,Minerals Local Plan,,derby-city-council-local-plan,minerals-and-waste-plan,https://derby.gov.uk/environment-and-planning/planning/local-plan/,,2025-12-09,,,
3800848,derby-city-council-local-plan-3,Waste Local Plan,,derby-city-council-local-plan,minerals-and-waste-plan,https://derby.gov.uk/environment-and-planning/planning/local-plan/,,2025-12-09,,,
3800849,newark-and-sherwood-district-council-local-plan-1,Report on the examination of the amended core strategy,,newark-and-sherwood-district-council-local-plan,core-strategy,https://www.newark-sherwooddc.gov.uk/makingcorestrategy/,https://www.newark-sherwooddc.gov.uk/media/nsdc-redesign/documents-and-images/your-council/planning-policy/local-development-framework/amended-core-strategy-dpd/making-of-the-core-strategy/report-on-the-examination-of-the-amended-core-strategy.pdf,2025-12-09,,,
3800850,newark-and-sherwood-district-council-local-plan-2,Proposed Modifications,,newark-and-sherwood-district-council-local-plan,local-plan,https://www.newark-sherwooddc.gov.uk/makingcorestrategy/,https://www.newark-sherwooddc.gov.uk/media/newark-and-sherwood/images-and-files/planning-policy/pdfs/allocations-development-managment-options-report/final-proposed-modifications/finalModification.pdf,2025-12-09,,,
3800851,newark-and-sherwood-district-council-local-plan-3,Representation Guidance Notes ACS Modifications,,newark-and-sherwood-district-council-local-plan,local-plan,https://www.newark-sherwooddc.gov.uk/makingcorestrategy/,https://www.newark-sherwooddc.gov.uk/media/newark-and-sherwood/images-and-files/planning-policy/Representation-Guidance-Notes-ACS-Modifications.pdf,2025-12-09,,,
3800852,newark-and-sherwood-district-council-local-plan-4,June 2018 IIA and Habitats Regulations Review of the Final Modifications,,newark-and-sherwood-district-council-local-plan,sustainability-appraisal,https://www.newark-sherwooddc.gov.uk/makingcorestrategy/,https://www.newark-sherwooddc.gov.uk/media/newark-and-sherwood/images-and-files/planning-policy/June-2018-IIA-and-Habitats-Regulations-Review-of-the-Final-Modifications.pdf,2025-12-09,,,
3800853,newark-and-sherwood-district-council-local-plan-5,Appropriate Assessment,,newark-and-sherwood-district-council-local-plan,habitats-regulations-assessment,https://www.newark-sherwooddc.gov.uk/makingcorestrategy/,https://www.newark-sherwooddc.gov.uk/media/newark-and-sherwood/images-and-files/planning-policy/Final-NSDC-AA.pdf,2025-12-09,,,
3800854,newark-and-sherwood-district-council-local-plan-6,2025 SHELAA Methodology,,newark-and-sherwood-district-council-local-plan,strategic-housing-land-availability,https://www.newark-sherwooddc.gov.uk/localplan/,https://www.newark-sherwooddc.gov.uk/media/nsdc-redesign/documents-and-images/your-council/planning-policy/NSDC-SHELAA-Methodology.pdf,2025-12-09,,,
3800855,newark-and-sherwood-district-council-local-plan-7,NSDC - Matter 1,,newark-and-sherwood-district-council-local-plan,examination-hearing-statement,https://www.newark-sherwooddc.gov.uk/hearingstatements/,https://www.newark-sherwooddc.gov.uk/media/newark-and-sherwood/images-and-files/planning-policy/pdfs/publication-amended-core-strategy/uploads/hearing-statements/Matter-1.pdf,2025-12-09,,,
3800856,newark-and-sherwood-district-council-local-plan-8,NSDC - Matter 2,,newark-and-sherwood-district-council-local-plan,examination-hearing-statement,https://www.newark-sherwooddc.gov.uk/hearingstatements/,https://www.newark-sherwooddc.gov.uk/media/newark-and-sherwood/images-and-files/planning-policy/pdfs/publication-amended-core-strategy/uploads/hearing-statements/Matter-2.pdf,2025-12-09,,,
3800857,newark-and-sherwood-district-council-local-plan-9,NSDC - Matter 20,,newark-and-sherwood-district-council-local-plan,examination-hearing-statement,https://www.newark-sherwooddc.gov.uk/hearingstatements/,https://www.newark-sherwooddc.gov.uk/media/newark-and-sherwood/images-and-files/planning-policy/pdfs/publication-amended-core-strategy/uploads/hearing-statements/Matter-20.pdf,2025-12-09,,,
3800858,london-borough-of-barking-and-dagenham-local-plan-2021-1,Barking and Dagenham 2037 Local Plan,,london-borough-of-barking-and-dagenham-local-plan-2021,local-plan,https://www.lbbd.gov.uk/planning-building-control-and-local-land-charges/planning-guidance-and-policies/local-plan,https://www.lbbd.gov.uk/sites/default/files/2024-10/B%26D_LocalPlan_A4_SEP24_digital.pdf,2025-12-09,,,
3800859,london-borough-of-barking-and-dagenham-local-plan-2021-2,Appendix 2: Site Allocation Proformas,,london-borough-of-barking-and-dagenham-local-plan-2021,site-allocations,https://www.lbbd.gov.uk/planning-building-control-and-local-land-charges/planning-guidance-and-policies/local-plan,https://www.lbbd.gov.uk/sites/default/files/2025-07/Barking%20and%20Dagenham%20Local%20Plan%202037%20Appendix%202%20Site%20Allocation%20Proformas.pdf,2025-12-09,,,
3800860,london-borough-of-barking-and-dagenham-local-plan-2021-3,Policies Map,,london-borough-of-barking-and-dagenham-local-plan-2021,policies-map,https://www.lbbd.gov.uk/planning-building-control-and-local-land-charges/planning-guidance-and-policies/local-plan,https://www.lbbd.gov.uk/sites/default/files/2024-10/Local%20Plan%20Policies%27%20Map%20September%202024.pdf,2025-12-09,,,
3800861,london-borough-of-barking-and-dagenham-local-plan-2021-4,Inspectors' Report 15 August 2024,,london-borough-of-barking-and-dagenham-local-plan-2021,local-plan,https://www.lbbd.gov.uk/planning-building-control-and-local-land-charges/planning-guidance-and-policies/local-plan,https://www.lbbd.gov.uk/sites/default/files/2024-08/LBBD%20Local%20Plan%20-%20Inspectors%20Report%20-%20FINAL.docx,2025-12-09,,,
3800862,london-borough-of-barking-and-dagenham-local-plan-2021-5,Main Modifications Appendix,,london-borough-of-barking-and-dagenham-local-plan-2021,main-modifications,https://www.lbbd.gov.uk/planning-building-control-and-local-land-charges/planning-guidance-and-policies/local-plan,https://www.lbbd.gov.uk/sites/default/files/2024-08/LBBD%20Local%20Plan%20-%20Main%20Mods%20Appendix%20-%20FINAL%20%282%29.docx,2025-12-09,,,
3800863,london-borough-of-barking-and-dagenham-local-plan-2021-6,Additional Modifications,,london-borough-of-barking-and-dagenham-local-plan-2021,local-plan,https://www.lbbd.gov.uk/planning-building-control-and-local-land-charges/planning-guidance-and-policies/local-plan,https://www.lbbd.gov.uk/sites/default/files/2024-10/Additional%20Modifications%20Schedule%20September%202024.pdf,2025-12-09,,,
3800864,london-borough-of-barking-and-dagenham-local-plan-2021-7,Local Development Scheme February 2025 Update,,london-borough-of-barking-and-dagenham-local-plan-2021,local-development-scheme,https://www.lbbd.gov.uk/planning-building-control-and-local-land-charges/planning-guidance-and-policies/local-plan,https://www.lbbd.gov.uk/sites/default/files/2025-02/LDS%20February%202025%20Update.pdf,2025-12-09,,,
3800865,london-borough-of-barking-and-dagenham-local-plan-2021-8,Statement of Community Involvement Refresh - August 2020,,london-borough-of-barking-and-dagenham-local-plan-2021,statement-of-community-involvement,https://www.lbbd.gov.uk/planning-building-control-and-local-land-charges/planning-guidance-and-policies/local-plan,https://www.lbbd.gov.uk/sites/default/files/2022-08/LBBD-Statement-of-Community-Involvement-Refresh-Aug-2020_0_0.pdf,2025-12-09,,,
3800866,london-borough-of-barking-and-dagenham-local-plan-2021-9,C1_Regulation 19 (2) Draft Local Plan.pdf,,london-borough-of-barking-and-dagenham-local-plan-2021,local-plan-regulation-19,https://yourcall.befirst.london/13753/widgets/39553/documents/21416,,2025-12-09,,,
3800867,london-borough-of-barking-and-dagenham-local-plan-2021-10,Barking and Dagenham Draft Local Plan Regulation 19 Consultation version,,london-borough-of-barking-and-dagenham-local-plan-2021,local-plan-regulation-19,https://www.lbbd.gov.uk/planning-building-control-and-local-land-charges/planning-guidance-and-policies/local-plan,https://lucmaps.co.uk/Hub_Components/10589_LBBD/LBBD%20Local%20Plan%20Reg%2019%20Consultation%20Document%20Sep%202020%20(Redsize%20V1).pdf,2025-12-09,,,
3800868,london-borough-of-barking-and-dagenham-local-plan-1,Barking and Dagenham Draft Local Plan Regulation 18 Consultation version,,london-borough-of-barking-and-dagenham-local-plan,local-plan-regulation-18,https://www.lbbd.gov.uk/planning-building-control-and-local-land-charges/planning-guidance-and-policies/local-plan,https://www.lbbd.gov.uk/sites/default/files/2022-09/LBBD-Draft-Local-Plan-Reg-18-Consultation-version_121219.pdf,2025-12-09,,,
3800869,london-borough-of-barking-and-dagenham-local-plan-2,Issues and options report,,london-borough-of-barking-and-dagenham-local-plan,local-plan,https://www.lbbd.gov.uk/planning-building-control-and-local-land-charges/planning-guidance-and-policies/local-plan,https://www.lbbd.gov.uk/sites/default/files/2022-09/Issues-and-Options-Report%20%281%29.pdf,2025-12-09,,,
3800870,london-borough-of-barking-and-dagenham-local-plan-3,Issues and options summary,,london-borough-of-barking-and-dagenham-local-plan,local-plan,https://www.lbbd.gov.uk/planning-building-control-and-local-land-charges/planning-guidance-and-policies/local-plan,https://www.lbbd.gov.uk/sites/default/files/2022-09/Issues-and-Options-Summary%20%281%29.pdf,2025-12-09,,,
3800871,london-borough-of-barking-and-dagenham-local-plan-4,Barking and Dagenham Local Plan sustainability appraisal scoping report,,london-borough-of-barking-and-dagenham-local-plan,sustainability-appraisal,https://www.lbbd.gov.uk/planning-building-control-and-local-land-charges/planning-guidance-and-policies/local-plan,https://www.lbbd.gov.uk/sites/default/files/2022-09/Barking-and-Dagenham-Local-Plan-Sustainability-Appraisal-Scoping-Report%20%281%29.pdf,2025-12-09,,,
3800872,south-tyneside-council-local-plan-1,About the Local Plan,,south-tyneside-council-local-plan,local-plan,https://www.southtyneside.gov.uk/article/3663/Local-Plan,,2025-12-09,,,
3800873,south-tyneside-council-local-plan-2,About the Local Plan examination,,south-tyneside-council-local-plan,local-plan,https://www.southtyneside.gov.uk/article/24174/Local-Plan-examination,,2025-12-09,,,
3800874,south-tyneside-council-local-plan-3,Local Plan document library,,south-tyneside-council-local-plan,local-plan,https://www.southtyneside.gov.uk/article/24174/Local-Plan-examination,,2025-12-09,,,
3800875,south-tyneside-council-local-plan-4,International Advanced Manufacturing Park (IAMP) Area Action Plan,,south-tyneside-council-local-plan,area-action-plan,https://www.southtyneside.gov.uk/planning,,2025-12-09,,,
3800876,oadby-and-wigston-borough-council-local-plan-2020-1,Regulation 19 Pre-Submission Draft Local Plan – January 2025,,oadby-and-wigston-borough-council-local-plan-2020,local-plan-regulation-19,https://oadby-wigston.gov.uk/newlocalplan,https://oadby-wigston.gov.uk/files/documents/regulation_19_pre_submission_draft_local_plan_n_january_2025/Regulation%2019%20Pre-Submission%20Draft%20Local%20Plan%20-%20January%202025.pdf,2025-12-09,,,
3800877,oadby-and-wigston-borough-council-local-plan-2020-2,Regulation 19 Draft Adopted Policies Map – January 2025,,oadby-and-wigston-borough-council-local-plan-2020,policies-map,https://oadby-wigston.gov.uk/newlocalplan,https://oadby-wigston.gov.uk/files/documents/regulation_19_draft_adopted_policies_map_n_january_2025/Regulation%2019%20Draft%20Adopted%20Policies%20Map%20-%20January%202025.pdf,2025-12-09,,,
3800878,oadby-and-wigston-borough-council-local-plan-2020-3,Regulation 19 Sustainability Appraisal Report – December 2024,,oadby-and-wigston-borough-council-local-plan-2020,sustainability-appraisal,https://oadby-wigston.gov.uk/newlocalplan,https://oadby-wigston.gov.uk/files/documents/regulation_19_sustainability_appraisal_report_n_december_2024/Regulation%2019%20Sustainability%20Report%20-%20December%202024.pdf,2025-12-09,,,
3800879,oadby-and-wigston-borough-council-local-plan-2020-4,Regulation 19 Habitat Regulations Assessment Report – November 2024,,oadby-and-wigston-borough-council-local-plan-2020,habitats-regulations-assessment,https://oadby-wigston.gov.uk/newlocalplan,https://oadby-wigston.gov.uk/files/documents/regulation_19_habitat_regulations_assessment_report_n_november_2024/Regulation%2019%20Habitat%20Regulations%20Assessment%20Report%20-%20November%202024.pdf,2025-12-09,,,
3800880,oadby-and-wigston-borough-council-local-plan-2020-5,Regulation 19 Statement of Representation Procedure and Availability of Documents – January 2025,,oadby-and-wigston-borough-council-local-plan-2020,consultation-statement,https://oadby-wigston.gov.uk/newlocalplan,https://oadby-wigston.gov.uk/files/documents/regulation_19_statement_of_representation_procedure_and_availability_of_documents_n_january_2025/Regulation%2019%20Statement%20of%20Representation%20Procedure%20and%20Availability%20of%20Documents.pdf,2025-12-09,,,
3800881,oadby-and-wigston-borough-council-local-plan-2020-6,Regulation 18 Statement of Consultation Report (Winter 2024),,oadby-and-wigston-borough-council-local-plan-2020,consultation-statement,https://oadby-wigston.gov.uk/newlocalplan,https://oadby-wigston.gov.uk/files/documents/regulation_18_statement_of_consultation_report_winter_2024/Regulation%2018%20Statement%20of%20Consultation%20Report%20%28Winter%202024%29%20.pdf,2025-12-09,,,
3800882,oadby-and-wigston-borough-council-local-plan-2020-7,Regulation 19 Local Plan Equality Impact Assessment – December 2024,,oadby-and-wigston-borough-council-local-plan-2020,equalities-impact-assessment,https://oadby-wigston.gov.uk/newlocalplan,https://oadby-wigston.gov.uk/files/documents/regulation_19_local_plan_equality_impact_assessment_n_december_2024/Regulation%2019%20Equalities%20Impact%20Assessment%20December%202024.pdf,2025-12-09,,,
3800883,oadby-and-wigston-borough-council-local-plan-2020-8,Regulation 19 Local Plan Health Impact Assessment – December 2024,,oadby-and-wigston-borough-council-local-plan-2020,health-impact-assessment,https://oadby-wigston.gov.uk/newlocalplan,https://oadby-wigston.gov.uk/files/documents/regulation_19_local_plan_health_impact_assessment_n_december_2024/Regulation%2019%20Health%20Impact%20Assessment%20Dec%202024.pdf,2025-12-09,,,
3800884,oadby-and-wigston-borough-council-local-plan-2020-9,Regulation 19 Duty to Co-operate Statement – January 2025,,oadby-and-wigston-borough-council-local-plan-2020,consultation-statement,https://oadby-wigston.gov.uk/newlocalplan,https://oadby-wigston.gov.uk/files/documents/regulation_19_duty_to_co_operate_statement_n_january_2025/Regulation%2019%20Duty%20to%20Co-operate%20Statement%20%E2%80%93%20January%202025.pdf,2025-12-09,,,
3800885,oadby-and-wigston-borough-council-local-plan-2020-10,Regulation 19 Local Plan FAQs Sheet,,oadby-and-wigston-borough-council-local-plan-2020,consultation-statement,https://oadby-wigston.gov.uk/newlocalplan,https://oadby-wigston.gov.uk/files/documents/regulation_19_local_plan_faqs_sheet/Regulation%2019%20Local%20Plan%20-%20FAQs%20Sheet%2025.pdf,2025-12-09,,,
3800886,oadby-and-wigston-borough-council-local-plan-2020-11,Draft Local Plan Reg 18B Preferred Options Document,,oadby-and-wigston-borough-council-local-plan-2020,local-plan-regulation-18,https://oadby-wigston.gov.uk/pages/new_local_plan_progress_so_far,https://www.oadby-wigston.gov.uk/files/documents/draft_local_plan_reg_18b_preferred_options_document/OWBC%20Reg%2018B%20PO%20Draft%20Local%20Plan%20-%20Spring%202024.pdf,2025-12-09,,,
3800887,oadby-and-wigston-borough-council-local-plan-2020-12,Sustainability Appraisal Report – March 2024,,oadby-and-wigston-borough-council-local-plan-2020,sustainability-appraisal,https://oadby-wigston.gov.uk/pages/new_local_plan_progress_so_far,https://www.oadby-wigston.gov.uk/files/documents/sustainability_appraisal_report_n_march_2024/Sustainability%20Appraisal%20Report%20-%20March%202024.pdf,2025-12-09,,,
3800888,oadby-and-wigston-borough-council-local-plan-2020-13,Habitats Regulations Assessment Screening Report - March 2024,,oadby-and-wigston-borough-council-local-plan-2020,habitats-regulations-assessment,https://oadby-wigston.gov.uk/pages/new_local_plan_progress_so_far,https://www.oadby-wigston.gov.uk/files/documents/habitats_regulations_assessment_screening_report_march_2024/Habitats%20Regulations%20Assessment%20Screening%20Report%20-%20March%202024.pdf,2025-12-09,,,
3800889,oadby-and-wigston-borough-council-local-plan-2020-14,Regulation 18A Issues and Options Consultation Draft (2021),,oadby-and-wigston-borough-council-local-plan-2020,local-plan-regulation-18,https://oadby-wigston.gov.uk/pages/new_local_plan_progress_so_far,https://www.oadby-wigston.gov.uk/files/documents/regulation_18a_issues_and_options_consultation_draft_2021/Regulation%2018A%20Issues%20and%20Options%20Consultation%20Draft%20%282021%29.pdf,2025-12-09,,,
3800890,oadby-and-wigston-borough-council-local-plan-2020-15,Sustainability Appraisal Scoping Report (2021),,oadby-and-wigston-borough-council-local-plan-2020,sustainability-appraisal,https://oadby-wigston.gov.uk/pages/new_local_plan_progress_so_far,https://www.oadby-wigston.gov.uk/files/documents/sustainability_appraisal_scoping_report_2021/Sustainability%20Appraisal%20Scoping%20Report%20%282021%29.pdf,2025-12-09,,,
3800891,oadby-and-wigston-borough-council-local-plan-2020-16,Local Plan Issues and Options (Regulation 18A) Statement of Consultation,,oadby-and-wigston-borough-council-local-plan-2020,consultation-statement,https://oadby-wigston.gov.uk/pages/new_local_plan_progress_so_far,https://www.oadby-wigston.gov.uk/files/documents/local_plan_issues_and_options_regulation_18a_statement_of_consultation/Local%20Plan%20Issues%20and%20Options%20%28Regulation%2018A%29%20Statement%20of%20Consultation.pdf,2025-12-09,,,
3800892,tonbridge-and-malling-borough-council-local-plan-2025-1,Interim Duty to Cooperate Statement,,tonbridge-and-malling-borough-council-local-plan-2025,local-plan,https://www.tmbc.gov.uk/downloads/download/636/local-plan---background-papers,https://www.tmbc.gov.uk/downloads/file/4225/interim-duty-to-cooperate-statement,2025-12-09,,,
3800893,tonbridge-and-malling-borough-council-local-plan-2025-2,Interim Infrastructure Delivery Plan,,tonbridge-and-malling-borough-council-local-plan-2025,infrastructure-delivery-plan,https://www.tmbc.gov.uk/downloads/download/636/local-plan---background-papers,https://www.tmbc.gov.uk/downloads/file/4224/interim-infrastructure-delivery-plan,2025-12-09,,,
3800894,tonbridge-and-malling-borough-council-local-plan-2025-3,Annexe 1 - Infrastructure Delivery Schedules,,tonbridge-and-malling-borough-council-local-plan-2025,infrastructure-delivery-plan,https://www.tmbc.gov.uk/downloads/download/636/local-plan---background-papers,https://www.tmbc.gov.uk/downloads/file/4223/annexe-1-infrastructure-delivery-schedules,2025-12-09,,,
3800895,tonbridge-and-malling-borough-council-local-plan-2025-4,Windfall Allowance Topic Paper (November 2025),,tonbridge-and-malling-borough-council-local-plan-2025,local-plan,https://www.tmbc.gov.uk/downloads/download/636/local-plan---background-papers,https://www.tmbc.gov.uk/downloads/file/4226/windfall-allowance-topic-paper-november-2025-,2025-12-09,,,
3800896,tonbridge-and-malling-borough-council-local-plan-2025-5,Local Development Scheme,,tonbridge-and-malling-borough-council-local-plan-2025,local-development-scheme,https://www.tmbc.gov.uk/local-plan/local-development-scheme,https://www.tmbc.gov.uk/downloads/file/3290/local-development-scheme,2025-12-09,,,
3800897,tonbridge-and-malling-borough-council-local-plan-1,Core Strategy,,tonbridge-and-malling-borough-council-local-plan,core-strategy,https://www.tmbc.gov.uk/developmentplan,https://www.tmbc.gov.uk/downloads/file/276/core-strategy,2025-12-09,,,
3800898,tonbridge-and-malling-borough-council-local-plan-2,Development Land Allocations DPD,,tonbridge-and-malling-borough-council-local-plan,site-allocations,https://www.tmbc.gov.uk/developmentplan,https://www.tmbc.gov.uk/downloads/file/1358/development-land-allocations-dpd,2025-12-09,,,
3800899,tonbridge-and-malling-borough-council-local-plan-3,Managing Development and the Environment DPD,,tonbridge-and-malling-borough-council-local-plan,local-plan,https://www.tmbc.gov.uk/developmentplan,https://www.tmbc.gov.uk/downloads/file/1273/managing-development-and-the-environment,2025-12-09,,,
3800900,tonbridge-and-malling-borough-council-local-plan-4,Saved Policies from the Tonbridge and Malling Borough Local Plan,,tonbridge-and-malling-borough-council-local-plan,local-plan,https://www.tmbc.gov.uk/developmentplan,https://www.tmbc.gov.uk/downloads/file/1155/saved-policies-april-2010,2025-12-09,,,
3800901,guildford-borough-council-local-plan-1,Local Development Scheme 2025,,guildford-borough-council-local-plan,local-development-scheme,https://www.guildford.gov.uk/lds,https://www.guildford.gov.uk/media/36649/LDS-March-2025/pdf/LDS_March_2025_final_v2.pdf?m=1740649863927,2025-12-09,,,
3800902,hastings-borough-council-local-plan-1,Draft New Local Plan,,hastings-borough-council-local-plan,local-plan,https://www.hastings.gov.uk/planning/policy/,,2025-12-09,,,
3800903,hastings-borough-council-local-plan-2,Current adopted Local Plan and guidance,,hastings-borough-council-local-plan,local-plan-adopted,https://www.hastings.gov.uk/planning/policy/,,2025-12-09,,,
3800904,hastings-borough-council-local-plan-3,Adopted guidance,,hastings-borough-council-local-plan,local-plan,https://www.hastings.gov.uk/planning/policy/,,2025-12-09,,,
3800905,hastings-borough-council-local-plan-4,The Adopted Local List of Heritage Assets,,hastings-borough-council-local-plan,local-plan,https://www.hastings.gov.uk/planning/policy/,,2025-12-09,,,
3800906,hastings-borough-council-local-plan-5,Local Plan monitoring,,hastings-borough-council-local-plan,local-plan,https://www.hastings.gov.uk/planning/policy/,,2025-12-09,,,
3800907,hastings-borough-council-local-plan-6,Draft Conservation Area Appraisals,,hastings-borough-council-local-plan,conservation-area-appraisal,https://www.hastings.gov.uk/planning/policy/,,2025-12-09,,,
3800908,leeds-city-council-local-plan-2028-1,Adopted Core Strategy with CSSR Policies Sept 2019,,leeds-city-council-local-plan-2028,core-strategy,https://www.leeds.gov.uk/planning/planning-policy/adopted-local-plan/core-strategy-introduction,https://www.leeds.gov.uk/sites/default/files/files-imported/2f1fb7967571ff329ad57bc4f5d99e8be244e0167d10c92825a7016edeb15907.pdf,2025-12-09,,,
3800909,leeds-city-council-local-plan-2028-2,Adoption Statement Sept 2019,,leeds-city-council-local-plan-2028,adoption-statement,https://www.leeds.gov.uk/planning/planning-policy/adopted-local-plan/core-strategy-introduction,https://www.leeds.gov.uk/sites/default/files/files-imported/7c33efae0c0f4931f2b2caff678a3f2d82053df86383386d780a5c97fac5b78a.pdf,2025-12-09,,,
3800910,leeds-city-council-local-plan-2028-3,Sustainability Appraisal Adoption Statement Oct 2019,,leeds-city-council-local-plan-2028,adoption-statement,https://www.leeds.gov.uk/planning/planning-policy/adopted-local-plan/core-strategy-introduction,https://www.leeds.gov.uk/sites/default/files/files-imported/b6ede9adfd16a5b715905d77892025d138ccfedfa9f06c1ed2cc07c3b3dd1ca8.pdf,2025-12-09,,,
3800911,leeds-city-council-local-plan-2028-4,Core Strategy Monitoring Framework Update Oct 2019,,leeds-city-council-local-plan-2028,core-strategy,https://www.leeds.gov.uk/planning/planning-policy/adopted-local-plan/core-strategy-introduction,https://www.leeds.gov.uk/sites/default/files/files-imported/db572101dc97b4ba90dfbb4f27950e98007e212980889cf5dfb2d3d554601bae.pdf,2025-12-09,,,
3800912,leeds-city-council-local-plan-2028-5,Inspectors report 2019 on the Core Strategy Selective Review,,leeds-city-council-local-plan-2028,core-strategy,https://www.leeds.gov.uk/planning/planning-policy/adopted-local-plan/core-strategy-introduction,https://www.leeds.gov.uk/sites/default/files/files-imported/91bfe863de3ac739e5a039b9bd4f7b167fa22941380d2f1ee9399147b91760cc.pdf,2025-12-09,,,
3800913,leeds-city-council-local-plan-2028-6,Inspectors report 2014 on the Core Strategy,,leeds-city-council-local-plan-2028,core-strategy,https://www.leeds.gov.uk/planning/planning-policy/adopted-local-plan/core-strategy-introduction,https://www.leeds.gov.uk/sites/default/files/files-imported/9723fbb4499468e4ff9d10f9cd09a37eb6c82ec16738bab223e793a70cad1c43.pdf,2025-12-09,,,
3800914,leeds-city-council-local-plan-2022-1,Leeds Local Plan - issues and options 2025 executive summary,,leeds-city-council-local-plan-2022,local-plan,https://www.leeds.gov.uk/planning/planning-policy/emerging-local-plan/leeds-local-plan-consultation,https://s3webstaticfiles.s3.eu-west-2.amazonaws.com/Documents/Leeds+Local+Plan+2025+Exec+Summary.pdf,2025-12-09,,,
3800915,salford-city-council-local-plan-1,Salford Local Plan: Development Management Policies and Designations,,salford-city-council-local-plan,development-management-policies,https://www.salford.gov.uk/planning-building-and-regeneration/planning-policies/local-planning-policy/salfords-development-plan/salford-local-plan/part-one-salford-local-plan/salford-local-plan-adoption-2023/,https://www.salford.gov.uk/media/398824/salford-local-plan-development-management-policies-and-designations.pdf,2025-12-09,,,
3800916,salford-city-council-local-plan-2,Policies map,,salford-city-council-local-plan,policies-map,https://www.salford.gov.uk/planning-building-and-regeneration/planning-policies/local-planning-policy/salfords-development-plan/salford-local-plan/part-one-salford-local-plan/salford-local-plan-adoption-2023/,https://www.salford.gov.uk/media/398822/local-plan-policies-map.pdf,2025-12-09,,,
3800917,salford-city-council-local-plan-3,Adoption statement,,salford-city-council-local-plan,adoption-statement,https://www.salford.gov.uk/planning-building-and-regeneration/planning-policies/local-planning-policy/salfords-development-plan/salford-local-plan/part-one-salford-local-plan/salford-local-plan-adoption-2023/,https://www.salford.gov.uk/media/398819/230118-adoption-statement.pdf,2025-12-09,,,
3800918,salford-city-council-local-plan-4,Sustainability appraisal adoption statement,,salford-city-council-local-plan,adoption-statement,https://www.salford.gov.uk/planning-building-and-regeneration/planning-policies/local-planning-policy/salfords-development-plan/salford-local-plan/part-one-salford-local-plan/salford-local-plan-adoption-2023/,https://www.salford.gov.uk/media/398821/230118-sa-adoption-statement.pdf,2025-12-09,,,
3800919,salford-city-council-local-plan-5,Sustainability appraisal (SA) of SLP: DMP (January 2020),,salford-city-council-local-plan,sustainability-appraisal,https://www.salford.gov.uk/planning-building-and-regeneration/planning-policies/local-planning-policy/salfords-development-plan/salford-local-plan/part-one-salford-local-plan/salford-local-plan-adoption-2023/,https://www.salford.gov.uk/media/395006/sustainability-appraisal-of-slpdmp-main-report-jan-2020.pdf,2025-12-09,,,
3800920,salford-city-council-local-plan-6,Habitats Regulations Assessment – SLP: DMP (December 2019),,salford-city-council-local-plan,habitats-regulations-assessment,https://www.salford.gov.uk/planning-building-and-regeneration/planning-policies/local-planning-policy/salfords-development-plan/salford-local-plan/part-one-salford-local-plan/salford-local-plan-adoption-2023/,https://www.salford.gov.uk/media/394988/hra-salford-local-plan-slpdmp-jan-2020.pdf,2025-12-09,,,
3800921,salford-city-council-local-plan-2042-1,Local Development Scheme,,salford-city-council-local-plan-2042,local-development-scheme,https://www.salford.gov.uk/planning-building-and-regeneration/planning-policies/local-planning-policy/salfords-development-plan/salford-local-plan/part-two-salford-local-plan/,https://www.salford.gov.uk/media/5sph1vjg/local-development-scheme-24-july-2025.pdf,2025-12-09,,,
3800922,salford-city-council-local-plan-2004-1,UDP written statement as adopted 21 June 2006,,salford-city-council-local-plan-2004,local-plan,https://www.salford.gov.uk/planning-building-and-regeneration/planning-policies/local-planning-policy/archived-planning-policy-documents/,https://www.salford.gov.uk/media/386576/udp-final.pdf,2025-12-09,,,
3800923,salford-city-council-local-plan-2004-2,UDP policies map,,salford-city-council-local-plan-2004,policies-map,https://www.salford.gov.uk/planning-building-and-regeneration/planning-policies/local-planning-policy/archived-planning-policy-documents/,https://www.salford.gov.uk/media/398825/udp-policies-map.pdf,2025-12-09,,,
3800924,salford-city-council-local-plan-2004-3,UDP written statement saved policies,,salford-city-council-local-plan-2004,local-plan,https://www.salford.gov.uk/planning-building-and-regeneration/planning-policies/local-planning-policy/archived-planning-policy-documents/,https://www.salford.gov.uk/media/386606/udp-written-statement-saved-policies.pdf,2025-12-09,,,
3800925,city-of-lincoln-council-local-plan-2023-1,The Central Lincolnshire Local Plan,,city-of-lincoln-council-local-plan-2023,local-plan,https://www.lincoln.gov.uk/planning/planning-building-policies-publications-1/,,2025-12-09,,,
3800926,city-of-lincoln-council-local-plan-2023-2,Local Plan Adopted 13 April 2023,,city-of-lincoln-council-local-plan-2023,local-plan,https://www.lincoln.gov.uk/planning/new-local-plan-policies,,2025-12-09,,,
3800927,city-of-lincoln-council-local-plan-2023-3,Local Plan Policies - Energy Efficiency and BNG,,city-of-lincoln-council-local-plan-2023,local-plan,https://www.lincoln.gov.uk/planning,,2025-12-09,,,
3800928,brentwood-borough-council-local-plan-2016-1,Brentwood Local Plan 2016-2033,,brentwood-borough-council-local-plan-2016,local-plan,https://www.brentwood.gov.uk/adopted-local-plan,https://www.brentwood.gov.uk/sites/default/files/documents/20124/533660/Brentwood+Local+Plan+2016-2033+Adopted+March+2022.pdf,2025-12-09,,,
3800929,brentwood-borough-council-local-plan-2016-2,Policies Map,,brentwood-borough-council-local-plan-2016,policies-map,https://www.brentwood.gov.uk/adopted-local-plan,https://www.brentwood.gov.uk/sites/default/files/documents/20124/533660/Policies+Map+(23.3MB).pdf,2025-12-09,,,
3800930,brentwood-borough-council-local-plan-2016-3,Local Plan Adoption Statement,,brentwood-borough-council-local-plan-2016,adoption-statement,https://www.brentwood.gov.uk/adopted-local-plan,https://www.brentwood.gov.uk/sites/default/files/documents/20124/533660/Local+Plan+Adoption+Statement.pdf,2025-12-09,,,
3800931,brentwood-borough-council-local-plan-2016-4,Sustainability Appraisal Adoption Statement,,brentwood-borough-council-local-plan-2016,adoption-statement,https://www.brentwood.gov.uk/adopted-local-plan,https://www.brentwood.gov.uk/sites/default/files/documents/20124/533660/Sustainability+Appraisal+Adoption+Statement.pdf,2025-12-09,,,
3800932,brentwood-borough-council-local-plan-2016-5,Sustainability Appraisal of the Brentwood Borough Local Plan Scoping Report,,brentwood-borough-council-local-plan-2016,sustainability-appraisal,https://www.brentwood.gov.uk/adopted-local-plan,https://document.brentwood.gov.uk/pdf/31052013163708u.pdf,2025-12-09,,,
3800933,brentwood-borough-council-local-plan-2016-6,Sustainability Appraisal of the Pre Submission Local Plan,,brentwood-borough-council-local-plan-2016,sustainability-appraisal,https://www.brentwood.gov.uk/adopted-local-plan,https://document.brentwood.gov.uk/pdf/30012019125454000000.pdf,2025-12-09,,,
3800934,brentwood-borough-council-local-plan-2016-7,Sustainability Appraisal of the Brentwood Local Plan,,brentwood-borough-council-local-plan-2016,sustainability-appraisal,https://www.brentwood.gov.uk/adopted-local-plan,https://document.brentwood.gov.uk/pdf/15102019082333000000.pdf,2025-12-09,,,
3800935,brentwood-borough-council-local-plan-2016-8,Sustainability Appraisal of the Brentwood Local Plan SA Report Addendum,,brentwood-borough-council-local-plan-2016,sustainability-appraisal,https://www.brentwood.gov.uk/adopted-local-plan,,2025-12-09,,,
3800936,brentwood-borough-council-local-plan-2016-9,Part 1 SCI Brentwood Borough,,brentwood-borough-council-local-plan-2016,statement-of-community-involvement,https://www.brentwood.gov.uk/adopted-local-plan,https://document.brentwood.gov.uk/pdf/30012019092158000000.pdf,2025-12-09,,,
3800937,west-lancashire-borough-council-local-plan-2023-1,"Scope, Issues and Options Consultation Document 2021",,west-lancashire-borough-council-local-plan-2023,local-plan,http://www.westlancs.gov.uk/planning/planning-policy/the-local-plan/the-local-plan-2023-2040.aspx,http://www.westlancs.gov.uk/media/547534/lp-io-document-2021-11-18.pdf,2025-12-09,,,
3800938,west-lancashire-borough-council-local-plan-2023-2,"Local Plan Scope, Issues and Options Consultation Feedback",,west-lancashire-borough-council-local-plan-2023,local-plan,http://www.westlancs.gov.uk/planning/planning-policy/the-local-plan/the-local-plan-2023-2040.aspx,http://www.westlancs.gov.uk/media/547253/local-plan-scope-issues-options-consultationfeedback.pdf,2025-12-09,,,
3800939,west-lancashire-borough-council-local-plan-2023-3,March 2025 Local Development Scheme,,west-lancashire-borough-council-local-plan-2023,local-development-scheme,http://www.westlancs.gov.uk/planning/planning-policy/the-local-plan/the-local-plan-2023-2040.aspx,http://www.westlancs.gov.uk/media/548151/west-lancashire-bc-local-development-scheme-2025.pdf,2025-12-09,,,
3800940,west-lancashire-borough-council-local-plan-2023-4,HEDNA Main Report and Appendix 1,,west-lancashire-borough-council-local-plan-2023,local-plan,http://www.westlancs.gov.uk/planning/planning-policy/the-local-plan/the-local-plan-2023-2040/evidence-base.aspx,http://www.westlancs.gov.uk/media/547111/housing-and-economic-development-need-assessment-wlbc-2022.pdf,2025-12-09,,,
3800941,west-lancashire-borough-council-local-plan-2023-5,HEDNA Appendix 2,,west-lancashire-borough-council-local-plan-2023,local-plan,http://www.westlancs.gov.uk/planning/planning-policy/the-local-plan/the-local-plan-2023-2040/evidence-base.aspx,http://www.westlancs.gov.uk/media/547112/hedna-appendix-2-economic-site-assessments.pdf,2025-12-09,,,
3800942,west-lancashire-borough-council-local-plan-2023-6,Strategic Housing and Employment Land Availability Assessment Consultation Feedback,,west-lancashire-borough-council-local-plan-2023,strategic-housing-land-availability,http://www.westlancs.gov.uk/planning/planning-policy/the-local-plan/the-local-plan-2023-2040.aspx,http://www.westlancs.gov.uk/media/547254/local-plan-shelaa-consultation-feedback.pdf,2025-12-09,,,
3800943,west-lancashire-borough-council-local-plan-2023-7,Local Plan 2023-2040 I&O Duty to Cooperate Statement,,west-lancashire-borough-council-local-plan-2023,local-plan,http://www.westlancs.gov.uk/planning/planning-policy/the-local-plan/the-local-plan-2023-2040.aspx,http://www.westlancs.gov.uk/media/546468/lp-2040-io-duty-to-cooperate-statement.pdf,2025-12-09,,,
3800944,west-lancashire-borough-council-local-plan-2023-8,Liverpool City Region SoCG (Oct 2019),,west-lancashire-borough-council-local-plan-2023,statement-of-common-ground,http://www.westlancs.gov.uk/planning/planning-policy/the-local-plan/the-local-plan-2023-2040.aspx,http://www.westlancs.gov.uk/media/545519/lcr_socg_2019_final.pdf,2025-12-09,,,
3800945,hertsmere-borough-council-local-plan-2024-1,Local Plan 2024 Consultation Document,,hertsmere-borough-council-local-plan-2024,local-plan,https://www.hertsmere.gov.uk/newlocalplan,https://www.hertsmere.gov.uk/asset-library/imported-assets/09-Planning-Building-Control/Planning-Policy/Local-Plan/hertsmere-local-plan-regulation-18-consultation-document-2024-compressed-pdf-9.56-mb.pdf,2025-12-09,,,
3800946,hertsmere-borough-council-local-plan-2024-2,Frequently Asked Questions,,hertsmere-borough-council-local-plan-2024,local-plan,https://www.hertsmere.gov.uk/newlocalplan,https://www.hertsmere.gov.uk/asset-library/imported-assets/09-Planning-Building-Control/Planning-Policy/local-plan-2024-faqs-final.pdf,2025-12-09,,,
3800947,hertsmere-borough-council-local-plan-2024-3,Draft HELAA Report 2024,,hertsmere-borough-council-local-plan-2024,strategic-housing-land-availability,https://www.hertsmere.gov.uk/planning-building-control/planning-policy/hertsmere-local-plan/new-local-plan/supporting-studies,https://www.hertsmere.gov.uk/asset-library/imported-assets/09-Planning-Building-Control/Planning-Policy/HELAA-2018-LC/Draft-HELAA-Report-2024-for-publication.pdf,2025-12-09,,,
3800948,hertsmere-borough-council-local-plan-2024-4,Local Plan Interim Sustainability Appraisal 2024 (Draft),,hertsmere-borough-council-local-plan-2024,sustainability-appraisal,https://www.hertsmere.gov.uk/planning-building-control/planning-policy/hertsmere-local-plan/new-local-plan/supporting-studies,https://www.hertsmere.gov.uk/asset-library/imported-assets/09-Planning-Building-Control/Planning-Policy/Local-Plan/Hertsmere-Sustainability-Appraisal-update-2024-Draft.pdf,2025-12-09,,,
3800949,hertsmere-borough-council-local-plan-2024-5,"Assessment and comparison of Green Belt housing and employment sites, 2024",,hertsmere-borough-council-local-plan-2024,local-plan,https://www.hertsmere.gov.uk/planning-building-control/planning-policy/hertsmere-local-plan/new-local-plan/supporting-studies,https://www.hertsmere.gov.uk/asset-library/imported-assets/09-Planning-Building-Control/Planning-Policy/Local-Plan/Assessment-and-comparison-of-Green-Belt-housing-and-employment-sites-2024-pdf-2.21-Mb.pdf,2025-12-09,,,
3800950,hertsmere-borough-council-local-plan-2024-6,South West Hertfordshire LHNA 2024,,hertsmere-borough-council-local-plan-2024,local-plan,https://www.hertsmere.gov.uk/planning-building-control/planning-policy/hertsmere-local-plan/new-local-plan/supporting-studies,https://www.hertsmere.gov.uk/asset-library/imported-assets/09-Planning-Building-Control/Planning-Policy/Final-LHNA-Report-2023-2.6MB.pdf,2025-12-09,,,
3800951,hertsmere-borough-council-local-plan-2012-1,Core Strategy - Development Plan Document (DPD),,hertsmere-borough-council-local-plan-2012,core-strategy,https://www.hertsmere.gov.uk/local-plan,https://www.hertsmere.gov.uk/asset-library/imported-assets/09-Planning-Building-Control/Planning-Policy/Local-Development-Framework/core-strategy-dpd-2013.pdf,2025-12-09,,,
3800952,hertsmere-borough-council-local-plan-2012-2,Elstree Way Corridor Area Action,,hertsmere-borough-council-local-plan-2012,area-action-plan,https://www.hertsmere.gov.uk/local-plan,https://www.hertsmere.gov.uk/asset-library/imported-assets/09-Planning-Building-Control/Planning-Policy/Local-Plan/ewc-aap-final-adopted-plan.pdf,2025-12-09,,,
3800953,hertsmere-borough-council-local-plan-2012-3,Site Allocations and Development Management (SADM) Policies Plan,,hertsmere-borough-council-local-plan-2012,site-allocations,https://www.hertsmere.gov.uk/local-plan,https://www.hertsmere.gov.uk/asset-library/imported-assets/09-Planning-Building-Control/Planning-Policy/Local-Plan/final-adopted-sadm-01-02-2017.pdf,2025-12-09,,,
3800954,hertsmere-borough-council-local-plan-2012-4,Statement of Community Involvement,,hertsmere-borough-council-local-plan-2012,statement-of-community-involvement,https://www.hertsmere.gov.uk/local-plan,https://www.hertsmere.gov.uk/asset-library/imported-assets/09-Planning-Building-Control/Planning-Policy/Local-Plan/hertsmeres-statement-of-community-involvement-july-2021.pdf,2025-12-09,,,
3800955,hertsmere-borough-council-local-plan-2012-5,Local Development Scheme 2023,,hertsmere-borough-council-local-plan-2012,local-development-scheme,https://www.hertsmere.gov.uk/local-plan,https://www.hertsmere.gov.uk/asset-library/imported-assets/09-Planning-Building-Control/Planning-Policy/Local-Plan/local-development-scheme-november-2023.pdf,2025-12-09,,,
3800956,medway-council-local-plan-1,Medway Local Plan 2003,,medway-council-local-plan,local-plan,https://www.medway.gov.uk/downloads/file/2400/medway_local_plan_2003,https://www.medway.gov.uk/download/downloads/id/2400/medway_local_plan_2003.pdf,2025-12-09,,,
3800957,medway-council-local-plan-2041-1,Medway Land Availability Assessment September 2023,,medway-council-local-plan-2041,local-plan,https://www.medway.gov.uk/downloads/200149/planning_policy,https://www.medway.gov.uk/download/downloads/id/8413/medway_land_availability_assessment_september_2023.pdf,2025-12-09,,,
3800958,liverpool-city-council-local-plan-2013-1,Liverpool Local Plan 2013-2033,,liverpool-city-council-local-plan-2013,local-plan,https://www.liverpool.gov.uk/localplan,https://www.liverpool.gov.uk/media/1tkbedcv/01-liverpool-local-plan-main-document.pdf,2025-12-09,,,
3800959,liverpool-city-council-local-plan-2013-2,Liverpool Local Plan 2013-2033: Appendix 1,,liverpool-city-council-local-plan-2013,local-plan,https://www.liverpool.gov.uk/localplan,https://www.liverpool.gov.uk/media/dndb5sle/02-liverpool-local-plan-appendix-1.pdf,2025-12-09,,,
3800960,liverpool-city-council-local-plan-2013-3,Liverpool Local Plan 2013-2033: Appendix 2,,liverpool-city-council-local-plan-2013,local-plan,https://www.liverpool.gov.uk/localplan,https://www.liverpool.gov.uk/media/es2aaab5/03-liverpool-local-plan-appendix-2.pdf,2025-12-09,,,
3800961,liverpool-city-council-local-plan-2013-4,Liverpool Local Plan 2013-2033: Appendix 3 and 4,,liverpool-city-council-local-plan-2013,local-plan,https://www.liverpool.gov.uk/localplan,https://www.liverpool.gov.uk/media/23bflokb/04-liverpool-local-plan-appendix-3.pdf,2025-12-09,,,
3800962,liverpool-city-council-local-plan-2013-5,Liverpool Local Plan 2013-2033: Annexes 1 and 2,,liverpool-city-council-local-plan-2013,local-plan,https://www.liverpool.gov.uk/localplan,https://www.liverpool.gov.uk/media/v5nnm0q3/05-liverpool-local-plan-annexes-1-and-2.pdf,2025-12-09,,,
3800963,liverpool-city-council-local-plan-2013-6,Local Plan Policies Map,,liverpool-city-council-local-plan-2013,policies-map,https://www.liverpool.gov.uk/localplan,https://www.liverpool.gov.uk/media/42aitxg2/liverpool-prop-map_lo.pdf,2025-12-09,,,
3800964,liverpool-city-council-local-plan-2013-7,Local Plan Inset Map (City Centre),,liverpool-city-council-local-plan-2013,local-plan,https://www.liverpool.gov.uk/localplan,https://www.liverpool.gov.uk/media/3fmd4ebf/liverpool-inset-map_lov3.pdf,2025-12-09,,,
3800965,liverpool-city-council-local-plan-2013-8,Report on the Examination of the Liverpool Local Plan 2013-2033,,liverpool-city-council-local-plan-2013,inspectors-report,https://www.liverpool.gov.uk/localplan,https://www.liverpool.gov.uk/media/wgae4hp0/liverpool-final-report.pdf,2025-12-09,,,
3800966,liverpool-city-council-local-plan-2013-9,Appendix 1 - Schedule of Main Modifications,,liverpool-city-council-local-plan-2013,main-modifications,https://www.liverpool.gov.uk/localplan,https://www.liverpool.gov.uk/media/5ddh3edd/appendix-1-schedule-of-main-modifications_.pdf,2025-12-09,,,
3800967,liverpool-city-council-local-plan-2013-10,Appendix 2 - Appendices to the Main Modifications Schedule 2,,liverpool-city-council-local-plan-2013,main-modifications,https://www.liverpool.gov.uk/localplan,https://www.liverpool.gov.uk/media/dimpd3dc/appendix-2-appendices-to-the-mm-schedule-2-not-accessible.pdf,2025-12-09,,,
3800968,liverpool-city-council-local-plan-2013-11,Sustainability Appraisal incorporating Equality Impact Assessment and Health Impact Assessment of the Submission Draft Liverpool Local Plan January 2018,,liverpool-city-council-local-plan-2013,sustainability-appraisal,https://www.liverpool.gov.uk/localplan,https://www.liverpool.gov.uk/media/fnyk4d4k/sa-incl-eqia-hia-of-the-submission-draft-liverpool-local-plan-january-2018.pdf,2025-12-09,,,
3800969,liverpool-city-council-local-plan-2013-12,Sustainability Appraisal incorporating Equality Impact Assessment and Health Impact Assessment of the Submission Draft Liverpool Local Plan: Appendices January 2018,,liverpool-city-council-local-plan-2013,sustainability-appraisal,https://www.liverpool.gov.uk/localplan,https://www.liverpool.gov.uk/media/v1znjibs/sa-incl-eqia-hia-of-the-submission-draft-liverpool-local-plan-appendices-january-2018.pdf,2025-12-09,,,
3800970,liverpool-city-council-local-plan-2013-13,"Sustainability Appraisal incorporating Equality Impact Assessment and Health Impact Assessment of the Submission Draft Liverpool Local Plan: Non-Technical Summary, January 2018",,liverpool-city-council-local-plan-2013,sustainability-appraisal,https://www.liverpool.gov.uk/localplan,https://www.liverpool.gov.uk/media/0lufeo2o/nts-of-the-sa-incl-eqia-hia-of-the-submission-draft-liverpool-local-plan-january-2018.pdf,2025-12-09,,,
3800971,liverpool-city-council-local-plan-2013-14,"Assessment of Main Modifications Sustainability Appraisal, Equalities Impact Assessment and Health Impact Assessment of the Main Modifications to the Liverpool Local Plan, March 2021",,liverpool-city-council-local-plan-2013,main-modifications,https://www.liverpool.gov.uk/localplan,https://www.liverpool.gov.uk/media/iccjegwf/sa-of-the-main-modifications-to-the-liverpool-local-plan.pdf,2025-12-09,,,
3800972,liverpool-city-council-local-plan-2013-15,Strategic Environmental Assessment Adoption Statement,,liverpool-city-council-local-plan-2013,adoption-statement,https://www.liverpool.gov.uk/localplan,https://www.liverpool.gov.uk/media/coqpwiv5/liverpool-local-plan-sea-adoption-statement.pdf,2025-12-09,,,
3800973,liverpool-city-council-local-plan-2013-16,"Habitats Regulations Assessment (HRA) - Main modifications, February 2021",,liverpool-city-council-local-plan-2013,habitats-regulations-assessment,https://www.liverpool.gov.uk/localplan,https://www.liverpool.gov.uk/media/u3jjsrn4/local-plan-main-mods-hra-final-for-consultation-v2.pdf,2025-12-09,,,
3800974,liverpool-city-council-local-plan-2013-17,The Liverpool Local Plan Consultation Statement Submission May 2018,,liverpool-city-council-local-plan-2013,consultation-statement,https://www.liverpool.gov.uk/localplan,https://www.liverpool.gov.uk/media/vw0l04l2/the-liverpool-local-plan-consultation-statement-submission-may-2018-final-sd2.pdf,2025-12-09,,,
3800975,westmorland-and-furness-council-local-plan-1,Westmorland and Furness Local Development Scheme 2025,,westmorland-and-furness-council-local-plan,local-development-scheme,https://www.westmorlandandfurness.gov.uk/localplan,https://www.westmorlandandfurness.gov.uk/sites/default/files/2025-08/Westmorland%20and%20Furness%20LDS%20February%202025_2.pdf,2025-12-09,,,
3800976,westmorland-and-furness-council-local-plan-2,Infrastructure Funding Statement 2023 - 2024,,westmorland-and-furness-council-local-plan,local-plan,https://www.westmorlandandfurness.gov.uk/planning-and-building-control/planning/planning-policy/infrastructure-planning-policy-documents,https://www.westmorlandandfurness.gov.uk/sites/default/files/2024-12/IFS%202023-24%20accessible%20version.pdf,2025-12-09,,,
3800977,westmorland-and-furness-council-local-plan-3,Infrastructure Funding Statement 2022 - 2023,,westmorland-and-furness-council-local-plan,local-plan,https://www.westmorlandandfurness.gov.uk/planning-and-building-control/planning/planning-policy/infrastructure-planning-policy-documents,https://www.southlakeland.gov.uk/media/8510/westmorland_and_furness_council_ifs_22-23_web_191223.pdf,2025-12-09,,,
3800978,westmorland-and-furness-council-local-plan-4,South Lakeland Infrastructure Funding Statement 2021-2022,,westmorland-and-furness-council-local-plan,local-plan,https://www.westmorlandandfurness.gov.uk/planning-and-building-control/planning/planning-policy/infrastructure-planning-policy-documents,https://www.southlakeland.gov.uk/media/8180/ifs-2021-22-final.pdf,2025-12-09,,,
3800979,westmorland-and-furness-council-local-plan-5,South Lakeland Infrastructure Funding Statement 2020-2021,,westmorland-and-furness-council-local-plan,local-plan,https://www.westmorlandandfurness.gov.uk/planning-and-building-control/planning/planning-policy/infrastructure-planning-policy-documents,https://www.southlakeland.gov.uk/media/7778/ifs-2020-21-accessible-clean-version-final.pdf,2025-12-09,,,
3800980,westmorland-and-furness-council-local-plan-6,South Lakeland Infrastructure Funding Statement 2019-2020,,westmorland-and-furness-council-local-plan,local-plan,https://www.westmorlandandfurness.gov.uk/planning-and-building-control/planning/planning-policy/infrastructure-planning-policy-documents,https://www.southlakeland.gov.uk/media/7426/ifs-2019-20-web.pdf,2025-12-09,,,
3800981,westmorland-and-furness-council-local-plan-7,"Infrastructure Delivery Plan, August 2017",,westmorland-and-furness-council-local-plan,infrastructure-delivery-plan,https://www.westmorlandandfurness.gov.uk/planning-and-building-control/planning/planning-policy/infrastructure-planning-policy-documents,https://www.southlakeland.gov.uk/media/4287/infrastructure-delivery-plan-august-2017.pdf,2025-12-09,,,
3800982,westmorland-and-furness-council-local-plan-8,"Infrastructure Delivery Plan Executive Summary, August 2017",,westmorland-and-furness-council-local-plan,infrastructure-delivery-plan,https://www.westmorlandandfurness.gov.uk/planning-and-building-control/planning/planning-policy/infrastructure-planning-policy-documents,https://www.southlakeland.gov.uk/media/4288/idp-executive-summary-august-2017.pdf,2025-12-09,,,
3800983,westmorland-and-furness-council-local-plan-9,CIL Examiner's Report,,westmorland-and-furness-council-local-plan,local-plan,https://www.westmorlandandfurness.gov.uk/planning-and-building-control/planning/planning-policy/infrastructure-planning-policy-documents,https://www.southlakeland.gov.uk/media/1458/s-lakeland-report-final.pdf,2025-12-09,,,
3800984,westmorland-and-furness-council-local-plan-10,Barrow Infrastructure Funding Statement 2019-2020,,westmorland-and-furness-council-local-plan,local-plan,https://www.westmorlandandfurness.gov.uk/planning-and-building-control/planning/planning-policy/infrastructure-planning-policy-documents,https://www.barrowbc.gov.uk/sites/default/files/attachment/8890.pdf,2025-12-09,,,
3800985,westmorland-and-furness-council-local-plan-11,"Infrastructure Delivery Plan, January 2018",,westmorland-and-furness-council-local-plan,infrastructure-delivery-plan,https://www.westmorlandandfurness.gov.uk/planning-and-building-control/planning/planning-policy/infrastructure-planning-policy-documents,https://www.barrowbc.gov.uk/sites/default/files/attachment/5982.pdf,2025-12-09,,,
3800986,westmorland-and-furness-council-local-plan-12,Eden Infrastructure Funding Statement 2021-2022,,westmorland-and-furness-council-local-plan,local-plan,https://www.westmorlandandfurness.gov.uk/planning-and-building-control/planning/planning-policy/infrastructure-planning-policy-documents,https://www.eden.gov.uk/media/6398/2021-2022_infrastructure_funding_statement_final.pdf,2025-12-09,,,
3800987,westmorland-and-furness-council-local-plan-13,"Eden Local Plan Infrastructure Delivery Plan, June2017",,westmorland-and-furness-council-local-plan,infrastructure-delivery-plan,https://www.westmorlandandfurness.gov.uk/planning-and-building-control/planning/planning-policy/infrastructure-planning-policy-documents,https://www.eden.gov.uk/media/6358/idp_july_2017.pdf,2025-12-09,,,
3800988,westmorland-and-furness-council-local-plan-2015-1,Cumbria Infrastructure Funding Statement 2021-2022,,westmorland-and-furness-council-local-plan-2015,local-plan,https://www.westmorlandandfurness.gov.uk/planning-and-building-control/planning/planning-policy/infrastructure-planning-policy-documents,https://www.westmorlandandfurness.gov.uk/sites/default/files/2024-11/Cumbria%20IFS%202021-2022%20FINAL.pdf,2025-12-09,,,
3800989,westmorland-and-furness-council-local-plan-2015-2,Cumbria Infrastructure Funding Statement 2020-2021,,westmorland-and-furness-council-local-plan-2015,local-plan,https://www.westmorlandandfurness.gov.uk/planning-and-building-control/planning/planning-policy/infrastructure-planning-policy-documents,https://www.westmorlandandfurness.gov.uk/sites/default/files/2024-11/Cumbria%20IFS%202020-2021%20FINAL.pdf,2025-12-09,,,
3800990,westmorland-and-furness-council-local-plan-2015-3,Cumbria Infrastructure Funding Statement 2019-2020,,westmorland-and-furness-council-local-plan-2015,local-plan,https://www.westmorlandandfurness.gov.uk/planning-and-building-control/planning/planning-policy/infrastructure-planning-policy-documents,https://www.westmorlandandfurness.gov.uk/sites/default/files/2024-11/Cumbria%20IFS%20Report%202019-2020%20%28Final%29.pdf,2025-12-09,,,
3800991,rother-district-council-local-plan-2006-1,Rother District Local Plan 2006,,rother-district-council-local-plan-2006,local-plan,https://www.rother.gov.uk/planning-and-building-control/planning-policy/local-plan/2006-local-plan-supplementary-planning-documents-spd/,https://rdcpublic.blob.core.windows.net/website-uploads/2020/01/local-plan_1.pdf,2025-12-09,,,
3800992,rother-district-council-local-plan-2006-2,RDLP 2006 – Proposals Map,,rother-district-council-local-plan-2006,policies-map,https://www.rother.gov.uk/planning-and-building-control/planning-policy/local-plan/2006-local-plan-supplementary-planning-documents-spd/,https://rdcpublic.blob.core.windows.net/website-uploads/2020/03/Proposals-Maps.pdf,2025-12-09,,,
3800993,royal-borough-of-windsor-and-maidenhead-local-plan-2013-1,BLP Adoption SA Statement (2022),,royal-borough-of-windsor-and-maidenhead-local-plan-2013,local-plan,https://www.rbwm.gov.uk/planning-and-building-control/planning-policy/sustainability-appraisal,,2025-12-09,,,
3800994,royal-borough-of-windsor-and-maidenhead-local-plan-2013-2,Sustainability Appraisal Report (2017),,royal-borough-of-windsor-and-maidenhead-local-plan-2013,sustainability-appraisal,https://www.rbwm.gov.uk/planning-and-building-control/planning-policy/sustainability-appraisal,,2025-12-09,,,
3800995,royal-borough-of-windsor-and-maidenhead-local-plan-2013-3,SA Regulation 19 Addendum (Jan 18),,royal-borough-of-windsor-and-maidenhead-local-plan-2013,local-plan-regulation-19,https://www.rbwm.gov.uk/planning-and-building-control/planning-policy/sustainability-appraisal,,2025-12-09,,,
3800996,royal-borough-of-windsor-and-maidenhead-local-plan-2013-4,Sustainability Appraisal (SA) Vol 1 of 3 Non-Technical Summary (Oct 19),,royal-borough-of-windsor-and-maidenhead-local-plan-2013,sustainability-appraisal,https://www.rbwm.gov.uk/planning-and-building-control/planning-policy/sustainability-appraisal,,2025-12-09,,,
3800997,royal-borough-of-windsor-and-maidenhead-local-plan-2013-5,Sustainability Appraisal (SA) Vol 2 of 3 Main Report (Oct 19),,royal-borough-of-windsor-and-maidenhead-local-plan-2013,sustainability-appraisal,https://www.rbwm.gov.uk/planning-and-building-control/planning-policy/sustainability-appraisal,,2025-12-09,,,
3800998,royal-borough-of-windsor-and-maidenhead-local-plan-2013-6,Sustainability Appraisal (SA) Vol 3 of 3 Appendices (Oct 19),,royal-borough-of-windsor-and-maidenhead-local-plan-2013,sustainability-appraisal,https://www.rbwm.gov.uk/planning-and-building-control/planning-policy/sustainability-appraisal,,2025-12-09,,,
3800999,royal-borough-of-windsor-and-maidenhead-local-plan-2013-7,Sustainability Appraisal Addendum (2021),,royal-borough-of-windsor-and-maidenhead-local-plan-2013,sustainability-appraisal,https://www.rbwm.gov.uk/planning-and-building-control/planning-policy/sustainability-appraisal,,2025-12-09,,,
3801000,royal-borough-of-windsor-and-maidenhead-local-plan-2013-8,Open Space Study (2019),,royal-borough-of-windsor-and-maidenhead-local-plan-2013,local-plan,https://www.rbwm.gov.uk/planning-and-building-control/planning-policy/open-space-study,,2025-12-09,,,
3801001,royal-borough-of-windsor-and-maidenhead-local-plan-2013-9,SFRA level 1,,royal-borough-of-windsor-and-maidenhead-local-plan-2013,strategic-flood-risk-assessment,https://www.rbwm.gov.uk/planning-and-building-control/planning-policy/strategic-flood-risk-assessment,,2025-12-09,,,
3801002,royal-borough-of-windsor-and-maidenhead-local-plan-2026-1,LDF Options Paper March 2009 - Part 1: Chapters 1 to 4,,royal-borough-of-windsor-and-maidenhead-local-plan-2026,local-plan,https://www.rbwm.gov.uk/planning-and-building-control/planning-policy/archived-core-strategy,https://www.rbwm.gov.uk/sites/default/files/2024-06/pp_ldf_options_march09_part1_paper.pdf,2025-12-09,,,
3801003,royal-borough-of-windsor-and-maidenhead-local-plan-2026-2,LDF Options Paper March 2009 - Part 2: Chapters 5 and 6,,royal-borough-of-windsor-and-maidenhead-local-plan-2026,local-plan,https://www.rbwm.gov.uk/planning-and-building-control/planning-policy/archived-core-strategy,https://www.rbwm.gov.uk/sites/default/files/2024-06/pp_ldf_options_march09_part2_paper.pdf,2025-12-09,,,
3801004,royal-borough-of-windsor-and-maidenhead-local-plan-2026-3,LDF Options Consultation: Report of Consultation (June 2009),,royal-borough-of-windsor-and-maidenhead-local-plan-2026,local-plan,https://www.rbwm.gov.uk/planning-and-building-control/planning-policy/archived-core-strategy,https://www.rbwm.gov.uk/sites/default/files/2024-06/pp_ldf_options_jun09_consultation_report.pdf,2025-12-09,,,
3801005,royal-borough-of-windsor-and-maidenhead-local-plan-2026-4,LDF Options Consultation: Report of Consultation (Detailed Responses) (June 2009),,royal-borough-of-windsor-and-maidenhead-local-plan-2026,local-plan,https://www.rbwm.gov.uk/planning-and-building-control/planning-policy/archived-core-strategy,https://www.rbwm.gov.uk/sites/default/files/2024-06/pp_ldf_options_jun09_detailed_consultation_responses_report.pdf,2025-12-09,,,
3801006,royal-borough-of-windsor-and-maidenhead-local-plan-2026-5,"LDF Options Paper Summary Newsletter - Pages 1, 2, 5 and 6",,royal-borough-of-windsor-and-maidenhead-local-plan-2026,local-plan,https://www.rbwm.gov.uk/planning-and-building-control/planning-policy/archived-core-strategy,https://www.rbwm.gov.uk/sites/default/files/2024-06/pp_ldf_options_paper_newsletter.pdf,2025-12-09,,,
3801007,royal-borough-of-windsor-and-maidenhead-local-plan-2026-6,LDF Options Paper Summary Newsletter Insert - Pages 3 and 4,,royal-borough-of-windsor-and-maidenhead-local-plan-2026,local-plan,https://www.rbwm.gov.uk/planning-and-building-control/planning-policy/archived-core-strategy,https://www.rbwm.gov.uk/sites/default/files/2024-06/pp_ldf_options_paper_insert_newsletter.pdf,2025-12-09,,,
3801008,royal-borough-of-windsor-and-maidenhead-local-plan-2026-7,Inspector's Report on Core Strategy and Policies DPD,,royal-borough-of-windsor-and-maidenhead-local-plan-2026,inspectors-report,https://www.rbwm.gov.uk/planning-and-building-control/planning-policy/archived-core-strategy,https://www.rbwm.gov.uk/sites/default/files/2024-06/pp_cs_inspectors_report_final.pdf,2025-12-09,,,
3801009,royal-borough-of-windsor-and-maidenhead-local-plan-2026-8,Inspector's Report on Core Strategy - Fact check Letter,,royal-borough-of-windsor-and-maidenhead-local-plan-2026,inspectors-report,https://www.rbwm.gov.uk/planning-and-building-control/planning-policy/archived-core-strategy,https://www.rbwm.gov.uk/sites/default/files/2024-06/pp_cs_fact_check_document.pdf,2025-12-09,,,
3801010,royal-borough-of-windsor-and-maidenhead-local-plan-2026-9,Inspector's Report on Core Strategy - Press Notice,,royal-borough-of-windsor-and-maidenhead-local-plan-2026,inspectors-report,https://www.rbwm.gov.uk/planning-and-building-control/planning-policy/archived-core-strategy,https://www.rbwm.gov.uk/sites/default/files/2024-06/pp_cs_press_notice_exam_decision.pdf,2025-12-09,,,
3801011,royal-borough-of-windsor-and-maidenhead-local-plan-2026-10,Minutes of meeting with GOSE to discuss the Inspector's Report,,royal-borough-of-windsor-and-maidenhead-local-plan-2026,inspectors-report,https://www.rbwm.gov.uk/planning-and-building-control/planning-policy/archived-core-strategy,https://www.rbwm.gov.uk/sites/default/files/2024-06/pp_gose_and_pins_cs_meeting_mintues.pdf,2025-12-09,,,
3801012,royal-borough-of-windsor-and-maidenhead-local-plan-2026-11,Consultation Statement: Core Strategy DPD and Delivery and Development Principles DPD,,royal-borough-of-windsor-and-maidenhead-local-plan-2026,consultation-statement,https://www.rbwm.gov.uk/planning-and-building-control/planning-policy/archived-core-strategy,https://www.rbwm.gov.uk/sites/default/files/2024-06/pp_consultation_statement_cs_review_scoping_report.pdf,2025-12-09,,,
3801013,royal-borough-of-windsor-and-maidenhead-local-plan-2026-12,Revised Scoping Report: Core Strategy DPD and Delivery and Development Principles DPD,,royal-borough-of-windsor-and-maidenhead-local-plan-2026,core-strategy,https://www.rbwm.gov.uk/planning-and-building-control/planning-policy/archived-core-strategy,https://www.rbwm.gov.uk/sites/default/files/2024-06/pp_revised_scoping_cs_ddp_dpds_report.pdf,2025-12-09,,,
3801014,wokingham-borough-council-local-plan-2023-1,Local Development Scheme,,wokingham-borough-council-local-plan-2023,local-development-scheme,https://www.wokingham.gov.uk/planning-policy/emerging-local-plan-update,https://www.wokingham.gov.uk/sites/wokingham/files/2024-09/WBC%20Local%20Development%20Scheme%202024%20Final.pdf,2025-12-09,,,
3801015,shropshire-council-local-plan-1,Adopted Local Plan,,shropshire-council-local-plan,local-plan-adopted,https://www.shropshire.gov.uk/planning-policy/,,2025-12-09,,,
3801016,shropshire-council-local-plan-2,Next Local Plan,,shropshire-council-local-plan,local-plan,https://www.shropshire.gov.uk/planning-policy/,,2025-12-09,,,
3801017,shropshire-council-local-plan-3,One more week to respond to Local Plan 'call for sites',,shropshire-council-local-plan,local-plan,https://www.shropshire.gov.uk/planning/,,2025-12-09,,,
3801018,shropshire-council-local-plan-4,Archive - including information on the withdrawn Local Plan,,shropshire-council-local-plan,local-plan,https://www.shropshire.gov.uk/planning-policy/,,2025-12-09,,,
3801019,fareham-borough-council-local-plan-1,Planning for the Future,,fareham-borough-council-local-plan,local-plan,https://www.fareham.gov.uk/planning/local_plan/,https://www.fareham.gov.uk/PDF/planning/publicationplan/201029_Fareham_BC_Planning_White_Paper_response.pdf,2025-12-09,,,
3801020,fareham-borough-council-local-plan-2,Levelling Up and Regeneration,,fareham-borough-council-local-plan,local-plan,https://www.fareham.gov.uk/planning/local_plan/,https://www.fareham.gov.uk/pdf/planning/local_plan/FBCLURBConsultationResponse.pdf,2025-12-09,,,
3801021,newcastle-city-council-local-plan-2015-1,Development and Allocations Plan 2015-2030,,newcastle-city-council-local-plan-2015,local-plan,https://newcastle.gov.uk/newcastleplan,https://www.newcastle.gov.uk/sites/default/files/2020-06/DAP%20FINAL%20Adoption%20-%20Online%20Version.pdf,2025-12-09,,,
3801022,newcastle-city-council-local-plan-2015-2,DAP Policies Map,,newcastle-city-council-local-plan-2015,policies-map,https://newcastle.gov.uk/newcastleplan,https://www.newcastle.gov.uk/sites/default/files/2020-06/DAP%20Policies%20Map.pdf,2025-12-09,,,
3801023,newcastle-city-council-local-plan-2015-3,DAP Adoption Statement,,newcastle-city-council-local-plan-2015,adoption-statement,https://newcastle.gov.uk/newcastleplan,https://www.newcastle.gov.uk/sites/default/files/2020-06/Appendix%207%20-%20DAP%20Adoption%20Statement.pdf,2025-12-09,,,
3801024,newcastle-city-council-local-plan-2015-4,Sustainability Appraisal Adoption Statement,,newcastle-city-council-local-plan-2015,adoption-statement,https://newcastle.gov.uk/newcastleplan,https://www.newcastle.gov.uk/sites/default/files/2020-06/Appendix%206%20-%20Sustainability%20Appraisal%20Adoption%20Statement.pdf,2025-12-09,,,
3801025,newcastle-city-council-local-plan-2015-5,Policy Review,,newcastle-city-council-local-plan-2015,local-plan,https://newcastle.gov.uk/newcastleplan,https://www.newcastle.gov.uk/sites/default/files/2020-06/Appendix%205%20-%20Policy%20Review.pdf,2025-12-09,,,
3801026,newcastle-city-council-local-plan-2010-1,"Core Strategy and Urban Core Plan for Gateshead and Newcastle upon Tyne, 2010-2030",,newcastle-city-council-local-plan-2010,core-strategy,https://newcastle.gov.uk/newcastleplan,https://www.newcastle.gov.uk/sites/default/files/2019-01/planning_for_the_future_core_strategy_and_urban_core_plan_2010-2030.pdf,2025-12-09,,,
3801027,newcastle-city-council-local-plan-2010-2,Adoption Statement,,newcastle-city-council-local-plan-2010,local-plan,https://newcastle.gov.uk/newcastleplan,https://newcastle.gov.uk/sites/default/files/2019-01/csucp_adoption_statement.pdf,2025-12-09,,,
3801028,newcastle-city-council-local-plan-2010-3,Sustainability Appraisal Adoption Statement,,newcastle-city-council-local-plan-2010,adoption-statement,https://newcastle.gov.uk/newcastleplan,https://newcastle.gov.uk/sites/default/files/2019-01/csucp_sa_adoption_statement.pdf,2025-12-09,,,
3801029,newcastle-city-council-local-plan-2010-4,Introduction,,newcastle-city-council-local-plan-2010,local-plan,https://newcastle.gov.uk/newcastleplan,https://www.newcastle.gov.uk/sites/default/files/2019-01/section_1_-_introduction.pdf,2025-12-09,,,
3801030,newcastle-city-council-local-plan-2010-5,Spatial Vision and Strategy,,newcastle-city-council-local-plan-2010,local-plan,https://newcastle.gov.uk/newcastleplan,https://www.newcastle.gov.uk/sites/default/files/2019-01/section_2_-_spatial_vision_and_strategy.pdf,2025-12-09,,,
3801031,newcastle-city-council-local-plan-2010-6,Strategic Policies,,newcastle-city-council-local-plan-2010,core-strategy,https://newcastle.gov.uk/newcastleplan,https://www.newcastle.gov.uk/sites/default/files/2019-01/section_3_-_strategic_policies.pdf,2025-12-09,,,
3801032,newcastle-city-council-local-plan-2010-7,Urban Core Policies,,newcastle-city-council-local-plan-2010,local-plan,https://newcastle.gov.uk/newcastleplan,https://www.newcastle.gov.uk/sites/default/files/2019-01/section_4_-_urban_core_policies.pdf,2025-12-09,,,
3801033,newcastle-city-council-local-plan-2010-8,Site Areas and Site Specific Policies,,newcastle-city-council-local-plan-2010,local-plan,https://newcastle.gov.uk/newcastleplan,https://www.newcastle.gov.uk/sites/default/files/2019-01/section_5_-_site_areas_and_site_specific_policies.pdf,2025-12-09,,,
3801034,newcastle-city-council-local-plan-2010-9,Delivery and Monitoring,,newcastle-city-council-local-plan-2010,local-plan,https://newcastle.gov.uk/newcastleplan,https://newcastle.gov.uk/sites/default/files/2019-01/section_6_-_delivery_and_monitoring.pdf,2025-12-09,,,
3801035,newcastle-city-council-local-plan-2010-10,Endnotes and Appendices,,newcastle-city-council-local-plan-2010,local-plan,https://newcastle.gov.uk/newcastleplan,https://newcastle.gov.uk/sites/default/files/2019-01/section_7_-_endnotes_and_appendices.pdf,2025-12-09,,,
3801036,newcastle-city-council-local-plan-2010-11,The Inspector's Report,,newcastle-city-council-local-plan-2010,local-plan,https://newcastle.gov.uk/newcastleplan,https://newcastle.gov.uk/sites/default/files/2019-01/inspectors_report_on_the_examination_in_public_into_planning_for_the_future.pdf,2025-12-09,,,
3801037,newcastle-city-council-local-plan-2010-12,Annex 1 Main Modifications,,newcastle-city-council-local-plan-2010,main-modifications,https://newcastle.gov.uk/newcastleplan,https://www.newcastle.gov.uk/sites/default/files/2019-01/annex_1_main_modifications.pdf,2025-12-09,,,
3801038,newcastle-city-council-local-plan-2010-13,Key preparation stages of the Core Strategy and Urban Core Plan,,newcastle-city-council-local-plan-2010,core-strategy,https://newcastle.gov.uk/newcastleplan,https://newcastle.gov.uk/sites/default/files/2019-01/key_preparation_stages_of_the_core_strategy_and_urban_core_plan_csucp.pdf,2025-12-09,,,
3801039,newcastle-city-council-local-plan-2010-14,Newcastle upon Tyne Policies Map,,newcastle-city-council-local-plan-2010,policies-map,https://newcastle.gov.uk/newcastleplan,https://www.newcastle.gov.uk/sites/default/files/2020-06/Newcastle%20upon%20Tyne%20Policies%20Map.pdf,2025-12-09,,,
3801040,nottingham-city-council-local-plan-1,Nottingham City Aligned Core Strategy - ACS (2014),,nottingham-city-council-local-plan,core-strategy,https://www.nottinghamcity.gov.uk/localplan,https://www.nottinghamcity.gov.uk/media/kyhhfdx4/the-nottingham-city-aligned-core-strategy-acs.pdf,2025-12-09,,,
3801041,nottingham-city-council-local-plan-2,Land and Planning Policies Document - LAPP (2020),,nottingham-city-council-local-plan,local-plan,https://www.nottinghamcity.gov.uk/localplan,https://www.nottinghamcity.gov.uk/media/blqmbjvu/land-and-planning-policies-document-lapp-2020.pdf,2025-12-09,,,
3801042,nottingham-city-council-local-plan-3,LAPP Policies Map,,nottingham-city-council-local-plan,local-plan,https://www.nottinghamcity.gov.uk/localplan,https://www.nottinghamcity.gov.uk/media/n1fcvkgo/lapp-policies-map-combined2.pdf,2025-12-09,,,
3801043,nottingham-city-council-local-plan-4,Inspector's Report,,nottingham-city-council-local-plan,inspectors-report,https://www.nottinghamcity.gov.uk/localplan,https://www.nottinghamcity.gov.uk/media/ki0f2yed/inspector-report-letter-report-and-mm-schedule.pdf,2025-12-09,,,
3801044,nottingham-city-council-local-plan-5,"Land and Planning Policies Document - Preferred Option, September 2013",,nottingham-city-council-local-plan,local-plan,https://www.nottinghamcity.gov.uk/information-for-business/planning-and-building-control/planning-policy/the-local-plan-and-planning-policy/previous-stages-of-the-local-plan-part-2/,https://www.nottinghamcity.gov.uk/media/ic1evbvn/lapp-preferred-option-document-september-2013-4-web-final-1.pdf,2025-12-09,,,
3801045,nottingham-city-council-local-plan-6,"Policies Maps Revisions, September 2013",,nottingham-city-council-local-plan,policies-map,https://www.nottinghamcity.gov.uk/information-for-business/planning-and-building-control/planning-policy/the-local-plan-and-planning-policy/previous-stages-of-the-local-plan-part-2/,https://www.nottinghamcity.gov.uk/media/0gmmojsk/lapp-policies-map-revisions-sep-2013-1.pdf,2025-12-09,,,
3801046,nottingham-city-council-local-plan-7,"Report of Consultation for the Issues and Option and Additional Sites Consultations, September 2013",,nottingham-city-council-local-plan,local-plan,https://www.nottinghamcity.gov.uk/information-for-business/planning-and-building-control/planning-policy/the-local-plan-and-planning-policy/previous-stages-of-the-local-plan-part-2/,https://www.nottinghamcity.gov.uk/media/z4hfb0km/report-of-consultation.pdf,2025-12-09,,,
3801047,nottingham-city-council-local-plan-8,"Sustainability Appraisal, September 2013",,nottingham-city-council-local-plan,sustainability-appraisal,https://www.nottinghamcity.gov.uk/information-for-business/planning-and-building-control/planning-policy/the-local-plan-and-planning-policy/previous-stages-of-the-local-plan-part-2/,https://www.nottinghamcity.gov.uk/media/f2fptwdo/sustainability-appraisal-1.pdf,2025-12-09,,,
3801048,gravesham-borough-council-local-plan-1,Local Plan Core Strategy,,gravesham-borough-council-local-plan,local-plan,https://www.gravesham.gov.uk/localplan,,2025-12-09,,,
3801049,gravesham-borough-council-local-plan-2,Gravesham Local Plan Policies Map,,gravesham-borough-council-local-plan,local-plan,https://www.gravesham.gov.uk/localplan,,2025-12-09,,,
3801050,gravesham-borough-council-local-plan-3,Planning Inspector's Report,,gravesham-borough-council-local-plan,inspectors-report,https://www.gravesham.gov.uk/localplan,https://democracy.gravesham.gov.uk/documents/s25507/Appendix%202a%20Inspectors%20Report.pdf,2025-12-09,,,
3801051,gravesham-borough-council-local-plan-4,Gravesham Local Plan First Review – Saved and Deleted Policies Version,,gravesham-borough-council-local-plan,local-plan,https://www.gravesham.gov.uk/localplan,https://www.gravesham.gov.uk/downloads/file/1024/gravesham-local-plan-first-review-saved-and-deleted-policies-version-september-2014-,2025-12-09,,,
3801052,gravesham-borough-council-local-plan-2024-1,Kent Minerals and Waste Local Plan (KMWLP),,gravesham-borough-council-local-plan-2024,minerals-and-waste-plan,https://www.gravesham.gov.uk/localplan,,2025-12-09,,,
3801053,east-devon-district-council-local-plan-2020-1,East Devon Local Plan 2020-2042,,east-devon-district-council-local-plan-2020,local-plan-regulation-19,https://eastdevon.gov.uk/local-plan,https://eastdevon.gov.uk/media/gtimzhle/regulation-19-plan.pdf,2025-12-09,,,
3801054,east-devon-district-council-local-plan-2020-2,East Devon Local Plan 2020-2042 (Printer Friendly),,east-devon-district-council-local-plan-2020,local-plan,https://eastdevon.gov.uk/local-plan,https://eastdevon.gov.uk/media/cyvhwwjs/regulation-19-plan-pf.pdf,2025-12-09,,,
3801055,east-devon-district-council-local-plan-2020-3,Key Diagram,,east-devon-district-council-local-plan-2020,policies-map,https://eastdevon.gov.uk/local-plan,https://eastdevon.gov.uk/media/fuwhycqp/reg-19-key-diagram.pdf,2025-12-09,,,
3801056,east-devon-district-council-local-plan-2020-4,Sustainability Appraisal,,east-devon-district-council-local-plan-2020,sustainability-appraisal,https://eastdevon.gov.uk/local-plan,https://eastdevon.gov.uk/media/eayfexsn/csd-003-sustainability-appraisal.pdf,2025-12-09,,,
3801057,east-devon-district-council-local-plan-2020-5,Sustainability Appraisal Non-Technical Summary,,east-devon-district-council-local-plan-2020,local-plan,https://eastdevon.gov.uk/local-plan,https://eastdevon.gov.uk/media/5mfptido/csd-003b-sustainability-appraisal-non-technical-summary.pdf,2025-12-09,,,
3801058,east-devon-district-council-local-plan-2021-1,Issues and Options Report,,east-devon-district-council-local-plan-2021,local-plan,https://eastdevon.gov.uk/newlocalplan,https://eastdevon.gov.uk/media/3721875/issuesandoptionsreport-jan2021.pdf,2025-12-09,,,
3801059,solihull-metropolitan-borough-council-local-plan-1,"Solihull Local Plan : Shaping a Sustainable Future, December 2013",,solihull-metropolitan-borough-council-local-plan,local-plan,https://www.solihull.gov.uk/planning-and-building-control/solihull-local-plan,https://www.solihull.gov.uk/sites/default/files/migrated/Planning_LDF_Local_Plan_Final.pdf,2025-12-09,,,
3801060,solihull-metropolitan-borough-council-local-plan-2,Inspector's Final Report,,solihull-metropolitan-borough-council-local-plan,local-plan,https://www.solihull.gov.uk/planning-and-building-control/solihull-local-plan,https://www.solihull.gov.uk/sites/default/files/migrated/Planning_LDF_SolihullLP.pdf,2025-12-09,,,
3801061,solihull-metropolitan-borough-council-local-plan-3,Inspector's Report Appendix 1,,solihull-metropolitan-borough-council-local-plan,inspectors-report,https://www.solihull.gov.uk/planning-and-building-control/solihull-local-plan,https://www.solihull.gov.uk/sites/default/files/migrated/Planning_LDF_Appendix_1_-_Schedule_of_main_modifications_required_to_make_the_Plan_sound.pdf,2025-12-09,,,
3801062,solihull-metropolitan-borough-council-local-plan-4,The Adoption Statement,,solihull-metropolitan-borough-council-local-plan,adoption-statement,https://www.solihull.gov.uk/planning-and-building-control/solihull-local-plan,https://www.solihull.gov.uk/sites/default/files/migrated/Planning_LDF_Adoption_Statement.pdf,2025-12-09,,,
3801063,solihull-metropolitan-borough-council-local-plan-5,Sustainability Appraisal Report,,solihull-metropolitan-borough-council-local-plan,sustainability-appraisal,https://www.solihull.gov.uk/planning-and-building-control/solihull-local-plan,https://www.solihull.gov.uk/sites/default/files/migrated/Planning_LDF_Sustainability_Appraisal_Report_January_2012.pdf,2025-12-09,,,
3801064,solihull-metropolitan-borough-council-local-plan-6,Sustainability Appraisal Report - non Technical Summary,,solihull-metropolitan-borough-council-local-plan,sustainability-appraisal,https://www.solihull.gov.uk/planning-and-building-control/solihull-local-plan,https://www.solihull.gov.uk/sites/default/files/migrated/Planning_LDF_Sustainability_Appraisal_Report_Non_Technical_Summary_January_2012.pdf,2025-12-09,,,
3801065,solihull-metropolitan-borough-council-local-plan-7,Sustainability Appraisal Addendum Report,,solihull-metropolitan-borough-council-local-plan,sustainability-appraisal,https://www.solihull.gov.uk/planning-and-building-control/solihull-local-plan,https://www.solihull.gov.uk/sites/default/files/migrated/Planning_LDF_Sustainability_Appraisal_Addendum_Report_August_2012.pdf,2025-12-09,,,
3801066,solihull-metropolitan-borough-council-local-plan-8,Sustainability Appraisal Addendum Report,,solihull-metropolitan-borough-council-local-plan,sustainability-appraisal,https://www.solihull.gov.uk/planning-and-building-control/solihull-local-plan,https://www.solihull.gov.uk/sites/default/files/migrated/Planning_LDF_Sustainability_Appraisal_Addendum_Report_June_2013.pdf,2025-12-09,,,
3801067,solihull-metropolitan-borough-council-local-plan-9,Withdrawal notice - 9 October 2024,,solihull-metropolitan-borough-council-local-plan,local-plan,https://www.solihull.gov.uk/planning-and-building-control/solihull-local-plan-examination-public,https://www.solihull.gov.uk/sites/default/files/2024-10/Solihull-Local-Plan-Withdrawal-Notice.pdf,2025-12-09,,,
3801068,solihull-metropolitan-borough-council-local-plan-10,SMBC011,,solihull-metropolitan-borough-council-local-plan,local-plan,https://www.solihull.gov.uk/planning-and-building-control/solihull-local-plan-examination-public,https://www.solihull.gov.uk/sites/default/files/2024-09/SMBC011.pdf,2025-12-09,,,
3801069,solihull-metropolitan-borough-council-local-plan-11,SMBC026,,solihull-metropolitan-borough-council-local-plan,local-plan,https://www.solihull.gov.uk/planning-and-building-control/solihull-local-plan-examination-public,https://www.solihull.gov.uk/sites/default/files/2024-08/Solihull-Local-Plan-EiP-v2.pdf,2025-12-09,,,
3801070,solihull-metropolitan-borough-council-local-plan-12,Solihull Gypsy and Traveller Site Allocations Plan,,solihull-metropolitan-borough-council-local-plan,gypsy-and-traveller-assessment,https://www.solihull.gov.uk/planning-and-building-control/gypsy-and-traveller-development-plan-document,https://www.solihull.gov.uk/sites/default/files/migrated/Planning_Gypsy_Gypsy_and_Traveller_Site_Allocations_Plan.pdf,2025-12-09,,,
3801071,solihull-metropolitan-borough-council-local-plan-13,Inspectors Final Report,,solihull-metropolitan-borough-council-local-plan,inspectors-report,https://www.solihull.gov.uk/planning-and-building-control/gypsy-and-traveller-development-plan-document,https://www.solihull.gov.uk/sites/default/files/migrated/Planning_Gypsy_GT_Inspectors_Report_2014_FINAL.pdf,2025-12-09,,,
3801072,solihull-metropolitan-borough-council-local-plan-14,The Adoption Statement,,solihull-metropolitan-borough-council-local-plan,adoption-statement,https://www.solihull.gov.uk/planning-and-building-control/gypsy-and-traveller-development-plan-document,https://www.solihull.gov.uk/sites/default/files/migrated/Planning_Gypsy_G_T_SA_Plan_Adoption_Statement.pdf,2025-12-09,,,
3801073,solihull-metropolitan-borough-council-local-plan-15,Schedule of Main Modifications,,solihull-metropolitan-borough-council-local-plan,main-modifications,https://www.solihull.gov.uk/planning-and-building-control/gypsy-and-traveller-development-plan-document,https://www.solihull.gov.uk/sites/default/files/migrated/Planning_Gypsy_Schedule_of_Main_Modifications_only_v3_FINAL%20with%20proposals%20map.pdf,2025-12-09,,,
3801074,solihull-metropolitan-borough-council-local-plan-16,Sustainability Appraisal Report to the Submission Draft,,solihull-metropolitan-borough-council-local-plan,sustainability-appraisal,https://www.solihull.gov.uk/planning-and-building-control/gypsy-and-traveller-development-plan-document,https://www.solihull.gov.uk/sites/default/files/migrated/Planning_Gypsy_DPD_005_Submission_Draft_DPD_SA.pdf,2025-12-09,,,
3801075,solihull-metropolitan-borough-council-local-plan-17,Sustainability Appraisal Report to the Submission Document,,solihull-metropolitan-borough-council-local-plan,sustainability-appraisal,https://www.solihull.gov.uk/planning-and-building-control/gypsy-and-traveller-development-plan-document,https://www.solihull.gov.uk/sites/default/files/migrated/Planning_Gypsy_DPD_003_Submission_SA_Opinion.pdf,2025-12-09,,,
3801076,solihull-metropolitan-borough-council-local-plan-18,Sustainability Appraisal Report to the Main Modifications,,solihull-metropolitan-borough-council-local-plan,main-modifications,https://www.solihull.gov.uk/planning-and-building-control/gypsy-and-traveller-development-plan-document,https://www.solihull.gov.uk/sites/default/files/migrated/Planning_Gypsy_Sustainability_Appraisal_of_Main_Modifications.pdf,2025-12-09,,,
3801077,solihull-metropolitan-borough-council-local-plan-19,Statement of Consultation,,solihull-metropolitan-borough-council-local-plan,consultation-statement,https://www.solihull.gov.uk/planning-and-building-control/gypsy-and-traveller-development-plan-document,https://www.solihull.gov.uk/sites/default/files/migrated/Planning_Gypsy_DPD_027_Statement_of_Consultation_for_Submission.pdf,2025-12-09,,,
3801078,three-rivers-district-council-local-plan-1,Local Development Scheme (December 2024),,three-rivers-district-council-local-plan,local-development-scheme,https://www.threerivers.gov.uk/services/planning/planning-policy/local-development-scheme,https://cdn.threerivers.gov.uk/files/2024/12/24377cf0-bee1-11ef-9e6f-23f6ad693d1c-FINAL%20DEC%202024%20LDS.pdf,2025-12-09,,,
3801079,three-rivers-district-council-local-plan-2,Local Development Scheme (March 2024),,three-rivers-district-council-local-plan,local-development-scheme,https://www.threerivers.gov.uk/services/planning/planning-policy/local-development-scheme,https://cdn.threerivers.gov.uk/files/2024/03/35bcdd60-e1ee-11ee-9ee3-6738b6923b6a-Local%20Development%20Scheme%20March%202024.pdf,2025-12-09,,,
3801080,three-rivers-district-council-local-plan-3,Local Development Scheme (December 2022),,three-rivers-district-council-local-plan,local-development-scheme,https://www.threerivers.gov.uk/services/planning/planning-policy/local-development-scheme,https://cdn-trdc.prod.trdc.blazecms.app/files/2023/01/18dd8290-9e91-11ed-8d80-6dc425ce7e94-revised-appendix-1-local-development-scheme-dec-2022%20(1).pdf,2025-12-09,,,
3801081,three-rivers-district-council-local-plan-4,Local Development Scheme (February 2022),,three-rivers-district-council-local-plan,local-development-scheme,https://www.threerivers.gov.uk/services/planning/planning-policy/local-development-scheme,https://cdn-trdc.prod.trdc.blazecms.app/files/2023/01/36730eb0-9e91-11ed-8d80-6dc425ce7e94-local-development-scheme-2022%20(1).pdf,2025-12-09,,,
3801082,three-rivers-district-council-local-plan-5,Local Development Scheme (November 2020),,three-rivers-district-council-local-plan,local-development-scheme,https://www.threerivers.gov.uk/services/planning/planning-policy/local-development-scheme,https://cdn-trdc.prod.trdc.blazecms.app/files/2023/01/456b4d60-9e91-11ed-8d80-6dc425ce7e94-local-development-scheme-nov-2020%20(1).pdf,2025-12-09,,,
3801083,runnymede-borough-council-local-plan-2030-1,Financial Monitoring Report to 31 May 20,,runnymede-borough-council-local-plan-2030,authority-monitoring-report,https://www.runnymede.gov.uk/downloads/download/15/local-plan,https://www.runnymede.gov.uk/downloads/file/242/financial-monitoring-report-to-31-may-20,2025-12-09,,,
3801084,runnymede-borough-council-local-plan-2030-2,Financial Monitoring Report to 31 Aug 20,,runnymede-borough-council-local-plan-2030,authority-monitoring-report,https://www.runnymede.gov.uk/downloads/download/15/local-plan,https://www.runnymede.gov.uk/downloads/file/243/financial-monitoring-report-to-31-aug-20,2025-12-09,,,
3801085,runnymede-borough-council-local-plan-2030-3,Financial Monitoring Report Apr - June 20,,runnymede-borough-council-local-plan-2030,authority-monitoring-report,https://www.runnymede.gov.uk/downloads/download/15/local-plan,https://www.runnymede.gov.uk/downloads/file/244/financial-monitoring-report-apr-june-20,2025-12-09,,,
3801086,waverley-borough-council-local-plan-2023-1,Frequently Asked Questions,,waverley-borough-council-local-plan-2023,local-plan,https://www.waverley.gov.uk/newlocalplan,https://www.waverley.gov.uk/Portals/0/Documents/services/planning-and-building/planning-strategies-and-policies/local-plan/New Local Plan/Frequently Asked Questions.pdf?ver=OrHOe3auTVj_kTd9tM1frg%3d%3d,2025-12-09,,,
3801087,waverley-borough-council-local-plan-2023-2,Waverley Local Plan Workshops June 2025 - Final Report,,waverley-borough-council-local-plan-2023,local-plan,https://www.waverley.gov.uk/newlocalplan,https://www.waverley.gov.uk/Portals/0/Documents/services/planning-and-building/planning-strategies-and-policies/local-plan/New Local Plan/Waverley Local Plan Workshops June 2025 - Final report 2 Sep 25.pdf?ver=FsFAcLQPBL3IO0ZA2kV3gg%3d%3d,2025-12-09,,,
3801088,waverley-borough-council-local-plan-2023-3,Local Development Scheme (March 2025),,waverley-borough-council-local-plan-2023,local-development-scheme,https://www.waverley.gov.uk/Services/Planning-and-building/Planning-strategies-and-policies/Local-plan/Local-plan-timetable-Local-Development-Scheme,https://www.waverley.gov.uk/Portals/0/Documents/services/planning-and-building/planning policy/Final LDS Update March 2025.pdf?ver=kBUQCOkH0U89pFQj52OeJA%3d%3d,2025-12-09,,,
3801089,waverley-borough-council-local-plan-2023-4,Letter to Deputy PM,,waverley-borough-council-local-plan-2023,local-plan,https://www.waverley.gov.uk/Services/Planning-and-building/Planning-strategies-and-policies/Local-plan/Local-plan-timetable-Local-Development-Scheme,https://www.waverley.gov.uk/Portals/0/Documents/services/planning-and-building/planning-strategies-and-policies/Letter to Deputy PM 190924.pdf?ver=SeZxOd-5ZJxl6RvRWJV-hg%3d%3d,2025-12-09,,,
3801090,waverley-borough-council-local-plan-2023-5,Council's Response,,waverley-borough-council-local-plan-2023,local-plan,https://www.waverley.gov.uk/Services/Planning-and-building/Planning-strategies-and-policies/Local-plan/Local-plan-timetable-Local-Development-Scheme,https://www.waverley.gov.uk/Portals/0/Documents/services/planning-and-building/planning-strategies-and-policies/Response to NPPF 240924.pdf?ver=hPTXsMvdoYDbfI54pxo_yQ%3d%3d,2025-12-09,,,
3801091,waverley-borough-council-local-plan-2023-6,Technical Note,,waverley-borough-council-local-plan-2023,local-plan,https://www.waverley.gov.uk/Services/Planning-and-building/Planning-strategies-and-policies/Local-plan/Local-plan-timetable-Local-Development-Scheme,https://www.waverley.gov.uk/Portals/0/Documents/services/planning-and-building/planning-strategies-and-policies/Technical note on implications of proposed Standard Method.pdf?ver=w-xaSTMU1hhYwntF4IexqQ%3d%3d,2025-12-09,,,
3801092,south-derbyshire-district-council-local-plan-1,South Derbyshire Draft Local Plan Chapters 1 - 9,,south-derbyshire-district-council-local-plan,local-plan,https://www.southderbyshire.gov.uk/localplan,https://www.southderbyshire.gov.uk/assets/attach/1723/South-Derbyshire-Draft-Local-Plan-Chapters-1-to-9.pdf,2025-12-09,,,
3801093,south-derbyshire-district-council-local-plan-2,South Derbyshire Draft Local Plan Chapter 10 Planning for Areas 1 - 4,,south-derbyshire-district-council-local-plan,local-plan,https://www.southderbyshire.gov.uk/localplan,https://www.southderbyshire.gov.uk/assets/attach/1724/South-Derbyshire-Draft-Local-Plan-Part-1-Chapter-10-Planning-for-Places-Areas-1-to-4.pdf,2025-12-09,,,
3801094,south-derbyshire-district-council-local-plan-3,South Derbyshire Draft Local Plan Chapter 10 Planning for Areas 5 - 7,,south-derbyshire-district-council-local-plan,local-plan,https://www.southderbyshire.gov.uk/localplan,https://www.southderbyshire.gov.uk/assets/attach/1725/South-Derbyshire-Draft-Local-Plan-Part-1-Chapter-10-Planning-for-Places-Areas-5-to-7.pdf,2025-12-09,,,
3801095,south-derbyshire-district-council-local-plan-4,South Derbyshire Draft Local Plan Chapter 10 Planning for Areas 8 - 11,,south-derbyshire-district-council-local-plan,local-plan,https://www.southderbyshire.gov.uk/localplan,https://www.southderbyshire.gov.uk/assets/attach/1726/South-Derbyshire-Draft-Local-Plan-Part-1-Chapter-10-Planning-for-Places-Areas-8-to-11.pdf,2025-12-09,,,
3801096,south-derbyshire-district-council-local-plan-5,South Derbyshire Draft Local Plan Appendix,,south-derbyshire-district-council-local-plan,local-plan,https://www.southderbyshire.gov.uk/localplan,https://www.southderbyshire.gov.uk/assets/attach/1585/South-Derbyshire-Draft-Local-Plan-Part-1-Appendix.pdf,2025-12-09,,,
3801097,south-derbyshire-district-council-local-plan-6,Sustainability Appraisal Main Report September 2013,,south-derbyshire-district-council-local-plan,sustainability-appraisal,https://www.southderbyshire.gov.uk/localplan,https://www.southderbyshire.gov.uk/assets/attach/1730/Sustainability-Appraisal-Main-Report-September-2013.pdf,2025-12-09,,,
3801098,south-derbyshire-district-council-local-plan-7,Sustainability Appraisal Appendix 1 - 4,,south-derbyshire-district-council-local-plan,sustainability-appraisal,https://www.southderbyshire.gov.uk/localplan,https://www.southderbyshire.gov.uk/assets/attach/1727/Sustainability-Appraisal-Appendix-1-to-4.pdf,2025-12-09,,,
3801099,south-derbyshire-district-council-local-plan-8,Sustainability Appraisal Appendix 5,,south-derbyshire-district-council-local-plan,sustainability-appraisal,https://www.southderbyshire.gov.uk/localplan,https://www.southderbyshire.gov.uk/assets/attach/1728/Sustainability-Appraisal-Appendix-5.pdf,2025-12-09,,,
3801100,south-derbyshire-district-council-local-plan-9,Sustainability Appraisal Appendix 6,,south-derbyshire-district-council-local-plan,sustainability-appraisal,https://www.southderbyshire.gov.uk/localplan,https://www.southderbyshire.gov.uk/assets/attach/1729/Sustainability-Appraisal-Appendix-6.pdf,2025-12-09,,,
3801101,south-derbyshire-district-council-local-plan-10,Draft Consultation Statement,,south-derbyshire-district-council-local-plan,consultation-statement,https://www.southderbyshire.gov.uk/localplan,https://www.southderbyshire.gov.uk/assets/attach/1583/Draft-Consultation-Statement.pdf,2025-12-09,,,
3801102,south-derbyshire-district-council-local-plan-11,Draft Consultation Statement Appendix A,,south-derbyshire-district-council-local-plan,consultation-statement,https://www.southderbyshire.gov.uk/localplan,https://www.southderbyshire.gov.uk/assets/attach/1717/Draft-Consultation-Statement-Appendix-A.pdf,2025-12-09,,,
3801103,south-derbyshire-district-council-local-plan-12,Draft Consultation Statement Appendix B,,south-derbyshire-district-council-local-plan,consultation-statement,https://www.southderbyshire.gov.uk/localplan,https://www.southderbyshire.gov.uk/assets/attach/1718/Draft-Consultation-Statement-Appendix-B.pdf,2025-12-09,,,
3801104,south-derbyshire-district-council-local-plan-13,Draft Consultation Statement Appendix C,,south-derbyshire-district-council-local-plan,consultation-statement,https://www.southderbyshire.gov.uk/localplan,https://www.southderbyshire.gov.uk/assets/attach/1719/Draft-Consultation-Statement-Appendix-C.pdf,2025-12-09,,,
3801105,south-derbyshire-district-council-local-plan-14,Draft Consultation Statement Appendix D,,south-derbyshire-district-council-local-plan,consultation-statement,https://www.southderbyshire.gov.uk/localplan,https://www.southderbyshire.gov.uk/assets/attach/1721/Draft-Consultation-Statement-Appendix-D.pdf,2025-12-09,,,
3801106,south-derbyshire-district-council-local-plan-15,Draft Consultation Statement Appendix E,,south-derbyshire-district-council-local-plan,consultation-statement,https://www.southderbyshire.gov.uk/localplan,https://www.southderbyshire.gov.uk/assets/attach/1861/Draft-Consultation-Statement-Appendix-E.pdf,2025-12-09,,,
3801107,south-derbyshire-district-council-local-plan-16,Draft Consultation Statement Appendix F,,south-derbyshire-district-council-local-plan,consultation-statement,https://www.southderbyshire.gov.uk/localplan,https://www.southderbyshire.gov.uk/assets/attach/1582/Draft-Consultation-Statement-Appendix-F.pdf,2025-12-09,,,
3801108,south-derbyshire-district-council-local-plan-17,Draft Infrastructure Delivery Plan,,south-derbyshire-district-council-local-plan,infrastructure-delivery-plan,https://www.southderbyshire.gov.uk/localplan,https://www.southderbyshire.gov.uk/assets/attach/1584/Draft-Infrastructure-Delivery-Plan.pdf,2025-12-09,,,
3801109,south-derbyshire-district-council-local-plan-18,Habitats Screening Report,,south-derbyshire-district-council-local-plan,local-plan,https://www.southderbyshire.gov.uk/localplan,https://www.southderbyshire.gov.uk/assets/attach/1722/Habitats-Screening-Report.pdf,2025-12-09,,,
3801110,north-hertfordshire-district-council-local-plan-2011-1,Local Plan 2011-2031 Proposed Submission October 2016,,north-hertfordshire-district-council-local-plan-2011,local-plan,https://www.north-herts.gov.uk/proposed-submission-local-plan-2011-2031,https://www.north-herts.gov.uk/sites/default/files/Proposed%20Submission%20Local%20Plan.pdf,2025-12-09,,,
3801111,north-hertfordshire-district-council-local-plan-2011-2,Draft Sustainability Appraisal of North Hertfordshire Proposed Submission Local Plan,,north-hertfordshire-district-council-local-plan-2011,sustainability-appraisal,https://www.north-herts.gov.uk/proposed-submission-local-plan-2011-2031,https://www.north-herts.gov.uk/sites/default/files/Sustainability%20Appraisal%20of%20the%20Proposed%20Submission%20Local%20Plan.pdf,2025-12-09,,,
3801112,north-hertfordshire-district-council-local-plan-2011-3,Statement of Consultation,,north-hertfordshire-district-council-local-plan-2011,consultation-statement,https://www.north-herts.gov.uk/proposed-submission-local-plan-2011-2031,https://www.north-herts.gov.uk/sites/default/files/Statement%20of%20consultation.pdf,2025-12-09,,,
3801113,north-hertfordshire-district-council-local-plan-2011-4,"Sheet 1 Side A - Hitchin, Letchworth Garden City and Baldock Areas",,north-hertfordshire-district-council-local-plan-2011,local-plan,https://www.north-herts.gov.uk/proposed-submission-local-plan-2011-2031,https://www.north-herts.gov.uk/sites/default/files/North%20Herts%20Sheet%201%20Side%20A_0.pdf,2025-12-09,,,
3801114,north-hertfordshire-district-council-local-plan-2011-5,Sheet 1 Side B - Southern Area and Luton Borders,,north-hertfordshire-district-council-local-plan-2011,local-plan,https://www.north-herts.gov.uk/proposed-submission-local-plan-2011-2031,https://www.north-herts.gov.uk/sites/default/files/North%20Herts%20Sheet%201%20Side%20B.pdf,2025-12-09,,,
3801115,north-hertfordshire-district-council-local-plan-2011-6,Sheet 2 Side A - Northern and Baldock Areas,,north-hertfordshire-district-council-local-plan-2011,local-plan,https://www.north-herts.gov.uk/proposed-submission-local-plan-2011-2031,https://www.north-herts.gov.uk/sites/default/files/North%20Herts%20Sheet%202%20Side%20A.pdf,2025-12-09,,,
3801116,north-hertfordshire-district-council-local-plan-2011-7,Sheet 2 Side B - Royston Area,,north-hertfordshire-district-council-local-plan-2011,local-plan,https://www.north-herts.gov.uk/proposed-submission-local-plan-2011-2031,https://www.north-herts.gov.uk/sites/default/files/North%20Herts%20Sheet%202%20Side%20B.pdf,2025-12-09,,,
3801117,north-hertfordshire-district-council-local-plan-2011-8,"Sheet 3 Side A - Town Centre Insets - Letchworth Garden City, Royston, Baldock and Hitchin",,north-hertfordshire-district-council-local-plan-2011,local-plan,https://www.north-herts.gov.uk/proposed-submission-local-plan-2011-2031,https://www.north-herts.gov.uk/sites/default/files/North%20Herts%20Sheet%203%20Side%20A.pdf,2025-12-09,,,
3801118,north-hertfordshire-district-council-local-plan-2011-9,Council's response to Question 6 in Inspector's Letter of 9 August (ED168) including Statement of Common Ground between NHDC and Hertfordshire County Council,,north-hertfordshire-district-council-local-plan-2011,statement-of-common-ground,https://www.north-herts.gov.uk/examination-documents-subject-consultation-may-2021,https://www.north-herts.gov.uk/sites/default/files/ED177%20NHDC%20response%20to%20Q6%20Inspector%27s%20letter%209%208%2019%20and%20SoCG%20with%20HCC%20redacted%20pdf.pdf,2025-12-09,,,
3801119,north-hertfordshire-district-council-local-plan-2011-10,"Statement of Common Ground between NHDC, Luton Borough Council, Bloor Homes and The Crown Estate re: Luton Market Housing Area",,north-hertfordshire-district-council-local-plan-2011,statement-of-common-ground,https://www.north-herts.gov.uk/examination-documents-subject-consultation-may-2021,https://www.north-herts.gov.uk/sites/default/files/ED224.%20SOCG%20re%20housing%20need%20and%20delivery%20in%20Luton%20BC.pdf,2025-12-09,,,
3801120,north-hertfordshire-district-council-local-plan-2011-11,NHDC Updated 5 Year Housing Land Supply Paper,,north-hertfordshire-district-council-local-plan-2011,local-plan,https://www.north-herts.gov.uk/examination-documents-subject-consultation-may-2021,https://www.north-herts.gov.uk/sites/default/files/ED178%20NHDC%20Updated%205%20Year%20Housing%20Land%20Supply%20Paper.pdf,2025-12-09,,,
3801121,north-hertfordshire-district-council-local-plan-2011-12,North Hertfordshire District Council: Note on Local Plan provision for Gypsy & Traveller Accommodation,,north-hertfordshire-district-council-local-plan-2011,local-plan,https://www.north-herts.gov.uk/examination-documents-subject-consultation-may-2021,https://www.north-herts.gov.uk/sites/default/files/ED228%20%20North%20Herts%20Local%20plan%20Matter%2025%20Gypsy%20and%20Traveller%20provision.pdf,2025-12-09,,,
3801122,huntingdonshire-district-council-local-plan-2046-1,Preferred Options Draft Local Plan to 2046,,huntingdonshire-district-council-local-plan-2046,local-plan-regulation-18,https://huntingdonshire.gov.uk/planning/local-plan-update/preferred-options/,https://huntingdonshire.gov.uk/media/u55dwlck/final-preferred-options-draft-local-plan-to-2046.pdf,2025-12-09,,,
3801123,huntingdonshire-district-council-local-plan-2046-2,Sustainability Appraisal,,huntingdonshire-district-council-local-plan-2046,sustainability-appraisal,https://huntingdonshire.gov.uk/planning/local-plan-update/preferred-options/,https://huntingdonshire.gov.uk/media/5uwn3ora/sustainability-appraisal-for-the-preferred-options-local-plan-to-2046-for-consultation.pdf,2025-12-09,,,
3801124,huntingdonshire-district-council-local-plan-2046-3,Interactive Map User Guide,,huntingdonshire-district-council-local-plan-2046,local-plan,https://huntingdonshire.gov.uk/planning/local-plan-update/preferred-options/,https://huntingdonshire.gov.uk/media/q2ipfeyt/interactive-map-user-guidance.pdf,2025-12-09,,,
3801125,huntingdonshire-district-council-local-plan-2046-4,Local Plan Exhibition Boards,,huntingdonshire-district-council-local-plan-2046,local-plan,https://huntingdonshire.gov.uk/planning/local-plan-update/preferred-options/,https://huntingdonshire.gov.uk/media/15vhfyxf/2025-local-plan-exhibition-boards.pdf,2025-12-09,,,
3801126,herefordshire-council-local-plan-2011-1,Statement of Community Involvement,,herefordshire-council-local-plan-2011,statement-of-community-involvement,https://www.herefordshire.gov.uk/planning-and-building-control/local-plan/statement-of-community-involvement/,https://www.herefordshire.gov.uk/media/ck0dtmmb/statement_of_community_involvement_january_2022.pdf,2025-12-09,,,
3801127,herefordshire-council-local-plan-2011-2,Sustainability Appraisal Report October 2015,,herefordshire-council-local-plan-2011,sustainability-appraisal,https://www.herefordshire.gov.uk/planning-and-building-control/local-plan/local-plan-core-strategy/sustainability-appraisal-sa-and-habitats-regulations-assessment-hra-reports/,https://www.herefordshire.gov.uk/media/lhhd3ub2/sustainability_appraisal_report_october_2015.pdf,2025-12-09,,,
3801128,herefordshire-council-local-plan-2011-3,Local Plan Core Strategy: Main Modifications - Sustainability Appraisal and Habitats Regulations Assessment Addendum April 2015,,herefordshire-council-local-plan-2011,main-modifications,https://www.herefordshire.gov.uk/planning-and-building-control/local-plan/local-plan-core-strategy/sustainability-appraisal-sa-and-habitats-regulations-assessment-hra-reports/,https://www.herefordshire.gov.uk/media/xytl4ivc/local_plan_core_strategy__main_modifications_-_sustainability_appraisal_and_habitats_regulations_assessment_addendum_april_2015.pdf,2025-12-09,,,
3801129,herefordshire-council-local-plan-2011-4,Sustainability Appraisal including Strategic Environmental Assessment Non-Technical Summary,,herefordshire-council-local-plan-2011,sustainability-appraisal,https://www.herefordshire.gov.uk/planning-and-building-control/local-plan/local-plan-core-strategy/sustainability-appraisal-sa-and-habitats-regulations-assessment-hra-reports/,https://www.herefordshire.gov.uk/media/suplaclz/sustainability_appraisal_including_strategic_environmental_assessment_non-technical_summary.pdf,2025-12-09,,,
3801130,herefordshire-council-local-plan-2011-5,"Advice to HC on aligning HRA, Core Strategy and Statement of intent to prepare Nutrient Mgt Plan 2013",,herefordshire-council-local-plan-2011,habitats-regulations-assessment,https://www.herefordshire.gov.uk/planning-and-building-control/local-plan/local-plan-core-strategy/sustainability-appraisal-sa-and-habitats-regulations-assessment-hra-reports/,https://www.herefordshire.gov.uk/media/jwmkooxm/advice_to_hc_on_aligning_hra-_core_strategy_and_statement_of_intent_to_prepare_nutrient_mgt_plan_2013.pdf,2025-12-09,,,
3801131,herefordshire-council-local-plan-2011-6,Habitats Regulations Assessment for Revised Preferred Options Aug 2011,,herefordshire-council-local-plan-2011,habitats-regulations-assessment,https://www.herefordshire.gov.uk/planning-and-building-control/local-plan/local-plan-core-strategy/sustainability-appraisal-sa-and-habitats-regulations-assessment-hra-reports/,https://www.herefordshire.gov.uk/media/u5vjpcx1/habitats_regulations_assessment_for_revised_preferred_options_aug_2011.pdf,2025-12-09,,,
3801132,herefordshire-council-local-plan-2011-7,Draft Habitats Regulations Assessment for Preferred Options Nov 2010,,herefordshire-council-local-plan-2011,habitats-regulations-assessment,https://www.herefordshire.gov.uk/planning-and-building-control/local-plan/local-plan-core-strategy/sustainability-appraisal-sa-and-habitats-regulations-assessment-hra-reports/,https://www.herefordshire.gov.uk/media/lokf2d41/draft_habitats_regulations_assessment_for_preferred_options_nov_2010.pdf,2025-12-09,,,
3801133,herefordshire-council-local-plan-2011-8,Introduction March 2023,,herefordshire-council-local-plan-2011,authority-monitoring-report,https://www.herefordshire.gov.uk/planning-and-building-control/local-plan/authority-monitoring-reports/,https://www.herefordshire.gov.uk/media/gpclg2xa/amr_2023_-_introduction.pdf,2025-12-09,,,
3801134,herefordshire-council-local-plan-2011-9,Section 1 - LDS monitoring summary March 2023,,herefordshire-council-local-plan-2011,local-development-scheme,https://www.herefordshire.gov.uk/planning-and-building-control/local-plan/authority-monitoring-reports/,https://www.herefordshire.gov.uk/media/3u4btqzh/amr_2023_-_section_1_lds_monitoring.pdf,2025-12-09,,,
3801135,herefordshire-council-local-plan-2011-10,Section 7 - Herefordshire Housing Delivery Test Action Plan 2020,,herefordshire-council-local-plan-2011,housing-delivery-test,https://www.herefordshire.gov.uk/planning-and-building-control/local-plan/authority-monitoring-reports/,https://www.herefordshire.gov.uk/media/gzvo0axx/amr_2020_-_section_7_herefordshire_housing_delivery_test_action_plan.pdf,2025-12-09,,,
3801136,charnwood-borough-council-local-plan-2021-1,Schedule of Further Main Modifications (CHP9 Infrastructure Delivery),,charnwood-borough-council-local-plan-2021,main-modifications,https://www.charnwood.gov.uk/localplan,https://www.charnwood.gov.uk/files/documents/exam_98_schedule_of_further_main_modifications_chp9_infrastructure_delivery_290525/EXAM%2098%20Schedule%20of%20Further%20Main%20Modifications%20%28Chp9%20Infrastructure%20%20Delivery%29%20-%20290525.pdf,2025-12-09,,,
3801137,charnwood-borough-council-local-plan-2021-2,Sustainability Appraisal Addendum Update Note June 2025,,charnwood-borough-council-local-plan-2021,sustainability-appraisal,https://www.charnwood.gov.uk/localplan,https://www.charnwood.gov.uk/files/documents/exam_99_sustainability_appraisal_addendum_update_note_june_20251/EXAM%2099%20Sustainability%20Appraisal%20Addendum%20Update%20Note%20June%202025.pdf,2025-12-09,,,
3801138,charnwood-borough-council-local-plan-2021-3,"Tracked Changes Version Chp 9 Infrastructure - INF1, INF2 & Supporting Text",,charnwood-borough-council-local-plan-2021,local-plan,https://www.charnwood.gov.uk/localplan,https://www.charnwood.gov.uk/files/documents/tracked_changes_version_chp_9_infrastructure_inf1_inf2_and_supporting_text/Tracked%20Changes%20Version%20Chp%209%20Infrastructure%20-%20INF1%2C%20INF2%20%26%20Supporting%20Text.pdf,2025-12-09,,,
3801139,charnwood-borough-council-local-plan-2021-4,Policies Map 1 - Charnwood Local Plan,,charnwood-borough-council-local-plan-2021,policies-map,https://www.charnwood.gov.uk/pages/localplanmaps,https://www.charnwood.gov.uk/files/documents/policies_map_1_charnwood_local_plan/Policies%20Map%201%20-%20Charnwood%20Local%20Plan.pdf,2025-12-09,,,
3801140,charnwood-borough-council-local-plan-2021-5,Policies Map 2 - Charnwood Local Plan,,charnwood-borough-council-local-plan-2021,policies-map,https://www.charnwood.gov.uk/pages/localplanmaps,https://www.charnwood.gov.uk/files/documents/policies_map_2_charnwood_local_plan/Policies%20Map%202%20-%20Charnwood%20Local%20Plan.pdf,2025-12-09,,,
3801141,charnwood-borough-council-local-plan-2011-1,Local Plan Review – November 2020,,charnwood-borough-council-local-plan-2011,local-plan-review,https://www.charnwood.gov.uk/pages/local_plan,https://www.charnwood.gov.uk/files/documents/local_plan_review_n_november_2020/Local%20Plan%20Review%20Final.pdf,2025-12-09,,,
3801142,mid-suffolk-district-council-local-plan-2018-1,Part 1 of the Joint Local Plan,,mid-suffolk-district-council-local-plan-2018,local-plan,https://www.midsuffolk.gov.uk/joint-local-plan,https://www.midsuffolk.gov.uk/documents/d/asset-library-54706/babergh-and-mid-suffolk-joint-local-plan-part-1-nov-2023,2025-12-09,,,
3801143,mid-suffolk-district-council-local-plan-2018-2,Examination report,,mid-suffolk-district-council-local-plan-2018,inspectors-report,https://www.midsuffolk.gov.uk/joint-local-plan,https://www.midsuffolk.gov.uk/documents/d/asset-library-54706/k01-bmsdc-jlp-final-report-and-schedule,2025-12-09,,,
3801144,bracknell-forest-council-local-plan-2024-1,Bracknell Forest Local Plan to 2037,,bracknell-forest-council-local-plan-2024,local-plan,https://www.bracknell-forest.gov.uk/planning-and-building-control/planning/planning-policy/development-plan/bracknell-forest-local-plan,,2025-12-09,,,
3801145,bracknell-forest-council-local-plan-2024-2,Sustainability Appraisal of the Bracknell Forest Local Plan,,bracknell-forest-council-local-plan-2024,sustainability-appraisal,https://www.bracknell-forest.gov.uk/planning-and-building-control/planning/planning-policy/development-plan/bracknell-forest-local-plan,,2025-12-09,,,
3801146,bracknell-forest-council-local-plan-2024-3,Sustainability Appraisal Addendum,,bracknell-forest-council-local-plan-2024,local-plan,https://www.bracknell-forest.gov.uk/planning-and-building-control/planning/planning-policy/development-plan/bracknell-forest-local-plan,,2025-12-09,,,
3801147,bracknell-forest-council-local-plan-2024-4,Statement of Adoption of Bracknell Forest Local Plan,,bracknell-forest-council-local-plan-2024,adoption-statement,https://www.bracknell-forest.gov.uk/planning-and-building-control/planning/planning-policy/development-plan/bracknell-forest-local-plan,https://www.bracknell-forest.gov.uk/sites/default/files/2024-03/statement-of-adoption-of-bracknell-forest-local-plan.pdf,2025-12-09,,,
3801148,bracknell-forest-council-local-plan-2024-5,Sustainability Appraisal Adoption Statement,,bracknell-forest-council-local-plan-2024,adoption-statement,https://www.bracknell-forest.gov.uk/planning-and-building-control/planning/planning-policy/development-plan/bracknell-forest-local-plan,https://www.bracknell-forest.gov.uk/sites/default/files/2024-03/sustainability-appraisal-post-adoption-statement.pdf,2025-12-09,,,
3801149,bracknell-forest-council-local-plan-1,Site Allocations Local Plan,,bracknell-forest-council-local-plan,site-allocations,https://www.bracknell-forest.gov.uk/planning-and-building-control/planning/planning-policy/development-plan/site-allocations-local-plan,,2025-12-09,,,
3801150,bracknell-forest-council-local-plan-2,Site Allocations Local Plan Adoption Statement,,bracknell-forest-council-local-plan,adoption-statement,https://www.bracknell-forest.gov.uk/planning-and-building-control/planning/planning-policy/development-plan/site-allocations-local-plan,https://www.bracknell-forest.gov.uk/sites/default/files/2021-08/salp-adoption-statement.pdf,2025-12-09,,,
3801151,bracknell-forest-council-local-plan-3,Site Allocations Local Plan Sustainability Appraisal,,bracknell-forest-council-local-plan,sustainability-appraisal,https://www.bracknell-forest.gov.uk/planning-and-building-control/planning/planning-policy/development-plan/site-allocations-local-plan,https://www.bracknell-forest.gov.uk/sites/default/files/2021-08/salp-sustainability-appraisal.pdf,2025-12-09,,,
3801152,bracknell-forest-council-local-plan-4,Site Allocations Local Plan Sustainability Appraisal Appendices,,bracknell-forest-council-local-plan,sustainability-appraisal,https://www.bracknell-forest.gov.uk/planning-and-building-control/planning/planning-policy/development-plan/site-allocations-local-plan,https://www.bracknell-forest.gov.uk/sites/default/files/2021-08/salp-sa-appendices-v2.pdf,2025-12-09,,,
3801153,bracknell-forest-council-local-plan-5,Site Allocations Local Plan Sustainability Appraisal Non-technical Summary,,bracknell-forest-council-local-plan,sustainability-appraisal,https://www.bracknell-forest.gov.uk/planning-and-building-control/planning/planning-policy/development-plan/site-allocations-local-plan,https://www.bracknell-forest.gov.uk/sites/default/files/2021-08/salp-sa-non-tech-summary.pdf,2025-12-09,,,
3801154,bracknell-forest-council-local-plan-6,Site Allocations Local Plan Supplementary Sustainability Appraisal,,bracknell-forest-council-local-plan,sustainability-appraisal,https://www.bracknell-forest.gov.uk/planning-and-building-control/planning/planning-policy/development-plan/site-allocations-local-plan,https://www.bracknell-forest.gov.uk/sites/default/files/2021-08/salp-supp-sa.pdf,2025-12-09,,,
3801155,bracknell-forest-council-local-plan-7,Site Allocations Local Plan Sustainability Appraisal Post-adoption Statement,,bracknell-forest-council-local-plan,adoption-statement,https://www.bracknell-forest.gov.uk/planning-and-building-control/planning/planning-policy/development-plan/site-allocations-local-plan,https://www.bracknell-forest.gov.uk/sites/default/files/2021-08/salp-sa-post-adoption-statement.pdf,2025-12-09,,,
3801156,bracknell-forest-council-local-plan-8,Site Allocations Local Plan Inspector's Report,,bracknell-forest-council-local-plan,inspectors-report,https://www.bracknell-forest.gov.uk/planning-and-building-control/planning/planning-policy/development-plan/site-allocations-local-plan,https://www.bracknell-forest.gov.uk/sites/default/files/2021-08/salp-inspectors-report.pdf,2025-12-09,,,
3801157,preston-city-council-local-plan-1,Preston's Local Plan,,preston-city-council-local-plan,local-plan,https://www.preston.gov.uk/article/928/Planning-policy,,2025-12-09,,,
3801158,preston-city-council-local-plan-2,Evidence library,,preston-city-council-local-plan,local-plan,https://www.preston.gov.uk/article/928/Planning-policy,,2025-12-09,,,
3801159,preston-city-council-local-plan-3,Central Lancashire Local Plan,,preston-city-council-local-plan,local-plan,https://www.preston.gov.uk/article/928/Planning-policy,,2025-12-09,,,
3801160,preston-city-council-local-plan-2010-1,Central Lancashire Core Strategy,,preston-city-council-local-plan-2010,core-strategy,https://www.preston.gov.uk/article/928/Planning-policy,,2025-12-09,,,
3801161,fylde-borough-council-local-plan-2011-1,Adopted Fylde Local Plan to 2032,,fylde-borough-council-local-plan-2011,local-plan,https://new.fylde.gov.uk/adopted-local-plan,https://new.fylde.gov.uk/wp-content/uploads/2021/12/Fylde-Local-Plan-to-2032-incorporating-Partial-Review-adopted.pdf,2025-12-09,,,
3801162,fylde-borough-council-local-plan-2011-2,Adopted Policies Map,,fylde-borough-council-local-plan-2011,policies-map,https://new.fylde.gov.uk/adopted-local-plan,https://new.fylde.gov.uk/wp-content/uploads/2019/09/Policies-Map-Adopted-2018-compressed.pdf,2025-12-09,,,
3801163,fylde-borough-council-local-plan-2011-3,Inset Map Kirkham,,fylde-borough-council-local-plan-2011,local-plan,https://new.fylde.gov.uk/adopted-local-plan,https://new.fylde.gov.uk/wp-content/uploads/2019/09/SD002b-KIRKHAM-INSET-MAP.pdf,2025-12-09,,,
3801164,fylde-borough-council-local-plan-2011-4,Inset Map St Annes,,fylde-borough-council-local-plan-2011,local-plan,https://new.fylde.gov.uk/adopted-local-plan,https://new.fylde.gov.uk/wp-content/uploads/2019/09/4b-Adopted-Inset-Map-St-Annes.pdf,2025-12-09,,,
3801165,fylde-borough-council-local-plan-2011-5,Inset Map Lytham,,fylde-borough-council-local-plan-2011,local-plan,https://new.fylde.gov.uk/adopted-local-plan,https://new.fylde.gov.uk/wp-content/uploads/2019/09/4c-Adopted-Inset-Map-Lytham.pdf,2025-12-09,,,
3801166,fylde-borough-council-local-plan-2011-6,Inspectors report – 19 September 2018,,fylde-borough-council-local-plan-2011,inspectors-report,https://new.fylde.gov.uk/adopted-local-plan,https://new.fylde.gov.uk/wp-content/uploads/2019/09/5-Fylde-Local-Plan-to-2032-Inspector-s-Final-Report-including-Appendix.pdf,2025-12-09,,,
3801167,fylde-borough-council-local-plan-2011-7,Submission Sustainability Main Report August 2016,,fylde-borough-council-local-plan-2011,local-plan,https://new.fylde.gov.uk/adopted-local-plan,https://new.fylde.gov.uk/wp-content/uploads/2019/09/6a-The-Sustainability-Appraisal-Main-Report.pdf,2025-12-09,,,
3801168,fylde-borough-council-local-plan-2011-8,Sustainability Appraisal Non Technical Summary,,fylde-borough-council-local-plan-2011,sustainability-appraisal,https://new.fylde.gov.uk/adopted-local-plan,https://new.fylde.gov.uk/wp-content/uploads/2019/09/6b-The-Sustainability-Appraisal-Non-Technical-Summary.pdf,2025-12-09,,,
3801169,fylde-borough-council-local-plan-2011-9,Sustainability Appraisal Appendices,,fylde-borough-council-local-plan-2011,sustainability-appraisal,https://new.fylde.gov.uk/adopted-local-plan,https://new.fylde.gov.uk/wp-content/uploads/2019/09/6c-The-Sustainability-Appraisal-Report-Appendices.pdf,2025-12-09,,,
3801170,fylde-borough-council-local-plan-2011-10,Sustainability Appraisal Report Addendum 2018,,fylde-borough-council-local-plan-2011,sustainability-appraisal,https://new.fylde.gov.uk/adopted-local-plan,https://new.fylde.gov.uk/wp-content/uploads/2019/09/7-Fylde-Local-Plan-Sustainability-Appraisal-Report-Addendum.pdf,2025-12-09,,,
3801171,fylde-borough-council-local-plan-2011-11,Sustainability Appraisal Post Adoption Statement October 2018,,fylde-borough-council-local-plan-2011,adoption-statement,https://new.fylde.gov.uk/adopted-local-plan,https://new.fylde.gov.uk/wp-content/uploads/2019/09/8-Post-Adoption-SEA-Statement.pdf,2025-12-09,,,
3801172,fylde-borough-council-local-plan-2011-12,Notice of Adoption,,fylde-borough-council-local-plan-2011,adoption-statement,https://new.fylde.gov.uk/adopted-local-plan,https://new.fylde.gov.uk/wp-content/uploads/2019/09/1-Notice-of-Adoption.pdf,2025-12-09,,,
3801173,fylde-borough-council-local-plan-2011-13,SD001 - The Fylde Local Plan to 2032,,fylde-borough-council-local-plan-2011,local-plan,https://new.fylde.gov.uk/local-plan,https://new.fylde.gov.uk/wp-content/uploads/2019/09/SD001-The-Fylde-Local-Plan-to-2032.pdf,2025-12-09,,,
3801174,fylde-borough-council-local-plan-2011-14,SD002a - The Fylde Local Plan to 2032 Policies Map,,fylde-borough-council-local-plan-2011,policies-map,https://new.fylde.gov.uk/local-plan,https://new.fylde.gov.uk/wp-content/uploads/2019/09/SD002a-The-Fylde-Local-Plan-to-2032-Policies-Map.pdf,2025-12-09,,,
3801175,fylde-borough-council-local-plan-2011-15,SD003 - The Infrastructure Delivery Plan,,fylde-borough-council-local-plan-2011,infrastructure-delivery-plan,https://new.fylde.gov.uk/local-plan,https://new.fylde.gov.uk/wp-content/uploads/2019/09/SD003-The-Infrasturcture-Delivery-Plan-2016.pdf,2025-12-09,,,
3801176,fylde-borough-council-local-plan-2011-16,SD004a - The Sustainability Appraisal Main Report,,fylde-borough-council-local-plan-2011,sustainability-appraisal,https://new.fylde.gov.uk/local-plan,https://new.fylde.gov.uk/wp-content/uploads/2019/09/SD004a-The-Sustainability-Appraisal-Main-Report.pdf,2025-12-09,,,
3801177,fylde-borough-council-local-plan-2011-17,SD004b -  The Sustainability Appraisal Non Technical Summary,,fylde-borough-council-local-plan-2011,sustainability-appraisal,https://new.fylde.gov.uk/local-plan,https://new.fylde.gov.uk/wp-content/uploads/2019/09/SD004b-The-Sustainability-Appraisal-Non-Technical-Summary.pdf,2025-12-09,,,
3801178,fylde-borough-council-local-plan-2011-18,SD005 - The Habitats Regulations Assessment,,fylde-borough-council-local-plan-2011,habitats-regulations-assessment,https://new.fylde.gov.uk/local-plan,https://new.fylde.gov.uk/wp-content/uploads/2019/09/SD005-Habitats-Regulations-Assessment.pdf,2025-12-09,,,
3801179,fylde-borough-council-local-plan-2011-19,SD006 - The Viability Assessment,,fylde-borough-council-local-plan-2011,viability-assessment,https://new.fylde.gov.uk/local-plan,http://new.fylde.gov.uk/wp-content/uploads/2019/09/SD006-The-Viability-Assessment.pdf,2025-12-09,,,
3801180,fylde-borough-council-local-plan-2011-20,SD008 - The Health Impact Assessment,,fylde-borough-council-local-plan-2011,health-impact-assessment,https://new.fylde.gov.uk/local-plan,https://new.fylde.gov.uk/wp-content/uploads/2019/09/SD008-Health-Impact-Assessment.pdf,2025-12-09,,,
3801181,fylde-borough-council-local-plan-2011-21,BD093 - The Statement of Community Involvement,,fylde-borough-council-local-plan-2011,statement-of-community-involvement,https://new.fylde.gov.uk/local-plan,https://new.fylde.gov.uk/wp-content/uploads/2019/09/BD093-Adopted-Statement-of-Community-Involvement-2015.pdf,2025-12-09,,,
3801182,fylde-borough-council-local-plan-2011-22,BD094 - The Local Development Scheme 2015,,fylde-borough-council-local-plan-2011,local-development-scheme,https://new.fylde.gov.uk/local-plan,https://new.fylde.gov.uk/wp-content/uploads/2019/09/BD094-Local-Development-Scheme-2015.pdf,2025-12-09,,,
3801183,royal-borough-of-kensington-and-chelsea-local-plan-1,New Local Plan July 2024,,royal-borough-of-kensington-and-chelsea-local-plan,local-plan,https://www.rbkc.gov.uk/localplan,https://www.rbkc.gov.uk/sites/default/files/media/documents/AA_24-09-03%20Local%20Plan%202024_Final%20Clean%20Version%20_02.pdf,2025-12-09,,,
3801184,royal-borough-of-kensington-and-chelsea-local-plan-2,Local Plan Policies Map July 2024,,royal-borough-of-kensington-and-chelsea-local-plan,local-plan,https://www.rbkc.gov.uk/localplan,https://www.rbkc.gov.uk/sites/default/files/media/documents/NLPR%20Policies%20Map_July2024_compressed.pdf,2025-12-09,,,
3801185,royal-borough-of-kensington-and-chelsea-local-plan-3,NLPR adoption statement,,royal-borough-of-kensington-and-chelsea-local-plan,adoption-statement,https://www.rbkc.gov.uk/localplan,https://www.rbkc.gov.uk/sites/default/files/media/documents/24-07-22%20NLPR%20Adoption%20Statement.pdf,2025-12-09,,,
3801186,royal-borough-of-kensington-and-chelsea-local-plan-4,Integrated Impact Assessment (IIA) January 2024,,royal-borough-of-kensington-and-chelsea-local-plan,local-plan,https://www.rbkc.gov.uk/localplan,https://planningconsult.rbkc.gov.uk/gf2.ti/f/1590370/194005413.1/PDF/-/RBKC IIA Report_MM Update_Compiled.pdf,2025-12-09,,,
3801187,royal-borough-of-kensington-and-chelsea-local-plan-5,IIA Adoption Statement,,royal-borough-of-kensington-and-chelsea-local-plan,adoption-statement,https://www.rbkc.gov.uk/localplan,https://www.rbkc.gov.uk/sites/default/files/media/documents/24-07-18%20IIA%20Adoption%20Statement.pdf,2025-12-09,,,
3801188,royal-borough-of-kensington-and-chelsea-local-plan-6,Local Plan 2019,,royal-borough-of-kensington-and-chelsea-local-plan,local-plan,https://www.rbkc.gov.uk/localplan,https://www.rbkc.gov.uk/sites/default/files/media/documents/Local%20plan%202019%20%28full%20document%29.pdf,2025-12-09,,,
3801189,royal-borough-of-kensington-and-chelsea-local-plan-7,Local Plan Proposals Map,,royal-borough-of-kensington-and-chelsea-local-plan,local-plan,https://www.rbkc.gov.uk/localplan,https://www.rbkc.gov.uk/sites/default/files/media/documents/2019%20LOCAL%20PLAN%20Proposals%20Map_0.pdf,2025-12-09,,,
3801190,royal-borough-of-kensington-and-chelsea-local-plan-8,Section 1: Spatial Strategy (Chapters 1-16),,royal-borough-of-kensington-and-chelsea-local-plan,local-plan,https://www.rbkc.gov.uk/localplan,https://www.rbkc.gov.uk/sites/default/files/media/documents/2019%20LOCAL%20PLAN%20SECTION%201%20SPATIAL%20STRATEGY.pdf,2025-12-09,,,
3801191,royal-borough-of-kensington-and-chelsea-local-plan-9,Section 2: Delivery Strategy (Chapters 17-27),,royal-borough-of-kensington-and-chelsea-local-plan,local-plan,https://www.rbkc.gov.uk/localplan,https://www.rbkc.gov.uk/sites/default/files/media/documents/2019%20LOCAL%20PLAN%20SECTION%202%20DELIVERY%20STRATEGY.pdf,2025-12-09,,,
3801192,royal-borough-of-kensington-and-chelsea-local-plan-10,Section 3: Supporting Information (Chapters 28-32),,royal-borough-of-kensington-and-chelsea-local-plan,local-plan,https://www.rbkc.gov.uk/localplan,https://www.rbkc.gov.uk/sites/default/files/media/documents/2019%20LOCAL%20PLAN%20SECTION%203%20SUPPORTING%20INFORMATION.pdf,2025-12-09,,,
3801193,royal-borough-of-kensington-and-chelsea-local-plan-11,Adoption statement,,royal-borough-of-kensington-and-chelsea-local-plan,adoption-statement,https://www.rbkc.gov.uk/localplan,http://planningconsult.rbkc.gov.uk/gf2.ti/f/799106/55752293.1/PDF/-/190911_LPPR_Adoption_Statement.pdf,2025-12-09,,,
3801194,royal-borough-of-kensington-and-chelsea-local-plan-12,Integrated Impact Assessment (May 2017),,royal-borough-of-kensington-and-chelsea-local-plan,local-plan,https://www.rbkc.gov.uk/localplan,http://planningconsult.rbkc.gov.uk/gf2.ti/f/799106/26692389.1/PDF/-/IIA_Report__Submission_Arcadis__May_2017.pdf,2025-12-09,,,
3801195,royal-borough-of-kensington-and-chelsea-local-plan-13,Integrated Impact Assessment Addendum (July 2018),,royal-borough-of-kensington-and-chelsea-local-plan,local-plan,https://www.rbkc.gov.uk/localplan,http://planningconsult.rbkc.gov.uk/gf2.ti/f/799106/39250533.1/PDF/-/180718__IIA_Addendum_Report__FINAL.pdf,2025-12-09,,,
3801196,royal-borough-of-kensington-and-chelsea-local-plan-14,IIA Adoption Statement (September 2019),,royal-borough-of-kensington-and-chelsea-local-plan,adoption-statement,https://www.rbkc.gov.uk/localplan,http://planningconsult.rbkc.gov.uk/gf2.ti/f/799106/55763781.1/PDF/-/190911_SEA_SA_Adoption_Statement2.pdf,2025-12-09,,,
3801197,royal-borough-of-kensington-and-chelsea-local-plan-15,"Inspector's Report on the Examination of LPPR, 31 July 2019",,royal-borough-of-kensington-and-chelsea-local-plan,inspectors-report,http://planningconsult.rbkc.gov.uk/consult.ti/LPPRexam,https://planningconsult.rbkc.gov.uk/gf2.ti/f/799106/54172837.1/PDF/-/RBKC_LPPR__Inspectors_Report__July_2019.pdf,2025-12-09,,,
3801198,royal-borough-of-kensington-and-chelsea-local-plan-16,"Inspector's Main Modifications (appended to the Inspector's Report), 31 July 2019",,royal-borough-of-kensington-and-chelsea-local-plan,inspectors-report,http://planningconsult.rbkc.gov.uk/consult.ti/LPPRexam,https://planningconsult.rbkc.gov.uk/gf2.ti/f/799106/54172997.1/PDF/-/RBKC_LPPR__Main_Modifications_Appendix__July_2019.pdf,2025-12-09,,,
3801199,sevenoaks-district-council-local-plan-1,Interactive policies map,,sevenoaks-district-council-local-plan,policies-map,https://www.sevenoaks.gov.uk/planning,,2025-12-09,,,
3801200,sevenoaks-district-council-local-plan-2,Interactive policies map,,sevenoaks-district-council-local-plan,policies-map,https://www.sevenoaks.gov.uk/info/20008/planning_and_development,,2025-12-09,,,
3801201,brighton-and-hove-city-council-local-plan-2030-1,City Plan Part 1,,brighton-and-hove-city-council-local-plan-2030,local-plan,https://www.brighton-hove.gov.uk/planning/planning-policy/city-plan-part-one,https://www.brighton-hove.gov.uk/sites/default/files/2021-05/CD01-City%20Plan%20Part%20One%20%28adopted%20March%202016%29.pdf,2025-12-09,,,
3801202,brighton-and-hove-city-council-local-plan-2030-2,Annex 1 - Implementation and Monitoring,,brighton-and-hove-city-council-local-plan-2030,local-plan,https://www.brighton-hove.gov.uk/planning/planning-policy/city-plan-part-one,https://www.brighton-hove.gov.uk/sites/default/files/migrated/article/inline/FINAL%20annex%201%20%28mar%202016%29.pdf,2025-12-09,,,
3801203,brighton-and-hove-city-council-local-plan-2030-3,Annex 2 - Infrastructure Delivery Plan,,brighton-and-hove-city-council-local-plan-2030,local-plan,https://www.brighton-hove.gov.uk/planning/planning-policy/city-plan-part-one,https://www.brighton-hove.gov.uk/sites/default/files/migrated/article/inline/FINAL%20annex%202%20%28jun%202017%29.pdf,2025-12-09,,,
3801204,brighton-and-hove-city-council-local-plan-2030-4,Annex 3 - Housing Implementation Strategy,,brighton-and-hove-city-council-local-plan-2030,local-plan,https://www.brighton-hove.gov.uk/planning/planning-policy/city-plan-part-one,https://www.brighton-hove.gov.uk/sites/default/files/migrated/article/inline/FINAL%20annex%203%20%28mar%202016%29.pdf,2025-12-09,,,
3801205,brighton-and-hove-city-council-local-plan-2030-5,Annex 4 - Local Plan Policies to be Replaced by the City Plan Part 1,,brighton-and-hove-city-council-local-plan-2030,local-plan,https://www.brighton-hove.gov.uk/planning/planning-policy/city-plan-part-one,https://www.brighton-hove.gov.uk/sites/default/files/migrated/article/inline/FINAL%20annex%204%20%28mar%202016%29.pdf,2025-12-09,,,
3801206,brighton-and-hove-city-council-local-plan-2030-6,The City Plan Part 1 Inspector's Report,,brighton-and-hove-city-council-local-plan-2030,inspectors-report,https://www.brighton-hove.gov.uk/planning/planning-policy/city-plan-part-one,https://www.brighton-hove.gov.uk/sites/default/files/migrated/article/inline/Brighton%20%2B%20Hove%20City%20Plan%20Report%20final.pdf,2025-12-09,,,
3801207,brighton-and-hove-city-council-local-plan-2030-7,Appendix,,brighton-and-hove-city-council-local-plan-2030,local-plan,https://www.brighton-hove.gov.uk/planning/planning-policy/city-plan-part-one,https://www.brighton-hove.gov.uk/sites/default/files/migrated/article/inline/Report%20Appendix%20MMs.pdf,2025-12-09,,,
3801208,brighton-and-hove-city-council-local-plan-2030-8,City Plan Part One Adoption Statement,,brighton-and-hove-city-council-local-plan-2030,adoption-statement,https://www.brighton-hove.gov.uk/planning/planning-policy/city-plan-part-one,https://www.brighton-hove.gov.uk/sites/default/files/migrated/article/inline/public%20notice%20Adoption%20finalwithamendedaddress.pdf,2025-12-09,,,
3801209,brighton-and-hove-city-council-local-plan-2030-9,City Plan Part One Sustainability Appraisal Adoption Statement,,brighton-and-hove-city-council-local-plan-2030,adoption-statement,https://www.brighton-hove.gov.uk/planning/planning-policy/city-plan-part-one,https://www.brighton-hove.gov.uk/sites/default/files/migrated/article/inline/FINAL%20SEA%20SA%20post%20adoption%20statement%2021.03.16.pdf,2025-12-09,,,
3801210,brighton-and-hove-city-council-local-plan-2030-10,Final Sustainability Appraisal March 2016,,brighton-and-hove-city-council-local-plan-2030,sustainability-appraisal,https://www.brighton-hove.gov.uk/planning/planning-policy/city-plan-part-one,https://www.brighton-hove.gov.uk/sites/default/files/migrated/article/inline/SA%20combined.pdf,2025-12-09,,,
3801211,brighton-and-hove-city-council-local-plan-2030-11,Final Sustainability Appraisal Non-Technical Summary March 2016,,brighton-and-hove-city-council-local-plan-2030,sustainability-appraisal,https://www.brighton-hove.gov.uk/planning/planning-policy/city-plan-part-one,https://www.brighton-hove.gov.uk/sites/default/files/migrated/article/inline/SA%20NTS%20combined.pdf,2025-12-09,,,
3801212,brighton-and-hove-city-council-local-plan-1,"East Sussex, South Downs and Brighton & Hove Waste and Minerals Plan - adopted in 2013",,brighton-and-hove-city-council-local-plan,minerals-and-waste-plan,https://www.brighton-hove.gov.uk/planning/planning-policy/development-plans,https://www.brighton-hove.gov.uk/sites/default/files/2024-04/Waste_and_Minerals_Plan_February_2013.pdf,2025-12-09,,,
3801213,brighton-and-hove-city-council-local-plan-2,"East Sussex, South Downs and Brighton & Hove Waste and Minerals Sites Plan - adopted in 2017",,brighton-and-hove-city-council-local-plan,local-plan,https://www.brighton-hove.gov.uk/planning/planning-policy/development-plans,https://www.brighton-hove.gov.uk/sites/default/files/2024-04/WMSP%20-%20Adopted%20Version%20Feb%202017.pdf,2025-12-09,,,
3801214,brighton-and-hove-city-council-local-plan-3,Revised Policies,,brighton-and-hove-city-council-local-plan,local-plan,https://www.brighton-hove.gov.uk/planning/planning-policy/waste-and-minerals,https://www.eastsussex.gov.uk/media/1r0l2t3z/r-lpm08-policies-map-amendments-document-2024-10-24.pdf,2025-12-09,,,
3801215,brighton-and-hove-city-council-local-plan-4,SCI Adopted 12 March 2015,,brighton-and-hove-city-council-local-plan,statement-of-community-involvement,https://www.brighton-hove.gov.uk/planning/planning-policy/statement-community-involvement,https://www.brighton-hove.gov.uk/sites/default/files/migrated/article/inline/FINALSCIADOPTED12thMarch2015.pdf,2025-12-09,,,
3801216,cheltenham-borough-council-local-plan-2011-1,JCS Plan Adopted Version December 2017,,cheltenham-borough-council-local-plan-2011,local-plan,https://strategiclocalplan.org/adopted-jcs/,https://strategiclocalplan.org/wp-content/uploads/2024/06/jcs-plan.pdf,2025-12-09,,,
3801217,cheltenham-borough-council-local-plan-2011-2,JCS Interactive Policies Map Adoption Version December 2017,,cheltenham-borough-council-local-plan-2011,policies-map,https://strategiclocalplan.org/adopted-jcs/,,2025-12-09,,,
3801218,cheltenham-borough-council-local-plan-1,Cheltenham Plan,,cheltenham-borough-council-local-plan,local-plan,https://www.cheltenham.gov.uk/localplan,https://www.cheltenham.gov.uk/downloads/file/8169/cheltenham_plan,2025-12-09,,,
3801219,cheltenham-borough-council-local-plan-2,Proposals map,,cheltenham-borough-council-local-plan,policies-map,https://www.cheltenham.gov.uk/localplan,https://www.cheltenham.gov.uk/downloads/file/8170/proposals_map,2025-12-09,,,
3801220,cheltenham-borough-council-local-plan-3,Site maps,,cheltenham-borough-council-local-plan,local-plan,https://www.cheltenham.gov.uk/localplan,https://www.cheltenham.gov.uk/downloads/file/8171/site_maps,2025-12-09,,,
3801221,cheltenham-borough-council-local-plan-4,Adoption statement,,cheltenham-borough-council-local-plan,adoption-statement,https://www.cheltenham.gov.uk/localplan,https://www.cheltenham.gov.uk/downloads/file/8167/adoption_statement,2025-12-09,,,
3801222,cheltenham-borough-council-local-plan-5,Sustainability appraisal adoption statement,,cheltenham-borough-council-local-plan,adoption-statement,https://www.cheltenham.gov.uk/localplan,https://www.cheltenham.gov.uk/downloads/file/8168/sustainability_appraisal_adoption_statement,2025-12-09,,,
3801223,slough-borough-council-local-plan-1,Core Strategy,,slough-borough-council-local-plan,core-strategy,https://www.slough.gov.uk/planning-policy/local-development-plan-slough,,2025-12-09,,,
3801224,slough-borough-council-local-plan-2,Site Allocations,,slough-borough-council-local-plan,site-allocations,https://www.slough.gov.uk/planning-policy/local-development-plan-slough,,2025-12-09,,,
3801225,slough-borough-council-local-plan-3,Local Plan Saved Policies,,slough-borough-council-local-plan,local-plan,https://www.slough.gov.uk/planning-policy/local-development-plan-slough,,2025-12-09,,,
3801226,slough-borough-council-local-plan-4,Mineral and Waste Local Plan Policies,,slough-borough-council-local-plan,minerals-and-waste-plan,https://www.slough.gov.uk/planning-policy/local-development-plan-slough,,2025-12-09,,,
3801227,slough-borough-council-local-plan-5,Supplementary Residential Extension Guidelines (RESPD),,slough-borough-council-local-plan,supplementary-planning-document,https://www.slough.gov.uk/planning-policy/local-development-plan-slough,,2025-12-09,,,
3801228,slough-borough-council-local-plan-2025-1,The New Local Plan for Slough,,slough-borough-council-local-plan-2025,local-plan,https://www.slough.gov.uk/localplan,,2025-12-09,,,
3801229,slough-borough-council-local-plan-2025-2,Call for Sites for the Local Plan,,slough-borough-council-local-plan-2025,local-plan,https://www.slough.gov.uk/localplan,,2025-12-09,,,
3801230,slough-borough-council-local-plan-2025-3,Emerging Local Plan – Updates to Planning Committee,,slough-borough-council-local-plan-2025,local-plan,https://www.slough.gov.uk/planning-policy/new-local-plan-slough/5,,2025-12-09,,,
3801231,dartford-borough-council-local-plan-2037-1,The Dartford Plan,,dartford-borough-council-local-plan-2037,local-plan,https://www.dartford.gov.uk/policy-1/dartford-plan-2024/1,https://www.dartford.gov.uk/downloads/file/2709/the-dartford-plan,2025-12-09,,,
3801232,dartford-borough-council-local-plan-2037-2,Policies maps,,dartford-borough-council-local-plan-2037,policies-map,https://www.dartford.gov.uk/planningpolicy,,2025-12-09,,,
3801233,dartford-borough-council-local-plan-2037-3,Habitats Regulations and Residential Sites in Dartford Borough Guidance for Developers 2024,,dartford-borough-council-local-plan-2037,local-plan,https://www.dartford.gov.uk/policy-1/dartford-plan-2024/1,,2025-12-09,,,
3801234,dartford-borough-council-local-plan-2037-4,Riverside strategy,,dartford-borough-council-local-plan-2037,local-plan,https://www.dartford.gov.uk/planning,https://www.dartford.gov.uk/downloads/file/2273/riverside-strategy,2025-12-09,,,
3801235,dartford-borough-council-local-plan-2037-5,Area Appraisals,,dartford-borough-council-local-plan-2037,local-plan,https://www.dartford.gov.uk/planningpolicy,,2025-12-09,,,
3801236,new-forest-national-park-authority-local-plan-2016-1,New Forest National Park Local Plan 2016 – 2036,,new-forest-national-park-authority-local-plan-2016,local-plan,https://www.newforestnpa.gov.uk/localplan,https://www.newforestnpa.gov.uk/app/uploads/2019/09/Local-Plan-2016-2036-finalforweb.pdf,2025-12-09,,,
3801237,new-forest-national-park-authority-local-plan-2016-2,Sustainability Appraisal Report for Adopted Local Plan,,new-forest-national-park-authority-local-plan-2016,sustainability-appraisal,https://www.newforestnpa.gov.uk/localplan,https://www.newforestnpa.gov.uk/app/uploads/2019/08/SA-Report-for-Adopted-Local-Plan-August-2019.pdf,2025-12-09,,,
3801238,new-forest-national-park-authority-local-plan-2016-3,Post Adoption SEA Statement,,new-forest-national-park-authority-local-plan-2016,strategic-environmental-assessment,https://www.newforestnpa.gov.uk/localplan,https://www.newforestnpa.gov.uk/app/uploads/2019/08/Post-Adoption-SEA-Statement-Final.pdf,2025-12-09,,,
3801239,new-forest-national-park-authority-local-plan-2016-4,Adoption Statement,,new-forest-national-park-authority-local-plan-2016,adoption-statement,https://www.newforestnpa.gov.uk/localplan,https://www.newforestnpa.gov.uk/app/uploads/2019/08/Adoption-Statement.pdf,2025-12-09,,,
3801240,new-forest-national-park-authority-local-plan-2016-5,Final Inspectors' Report - July 2019,,new-forest-national-park-authority-local-plan-2016,local-plan,https://www.newforestnpa.gov.uk/localplan,https://www.newforestnpa.gov.uk/app/uploads/2018/07/Inspectors-Report-Final.pdf,2025-12-09,,,
3801241,new-forest-national-park-authority-local-plan-2016-6,Inspectors' Report Appendix - Main Modifications,,new-forest-national-park-authority-local-plan-2016,main-modifications,https://www.newforestnpa.gov.uk/localplan,https://www.newforestnpa.gov.uk/app/uploads/2018/07/Main-Modifications-Appendix-to-Inspectors-Report-2.pdf,2025-12-09,,,
3801242,new-forest-national-park-authority-local-plan-2016-7,Schedule of Proposed Main Modifications - April 2019,,new-forest-national-park-authority-local-plan-2016,main-modifications,https://www.newforestnpa.gov.uk/planning/local-plan/examination/,https://www.newforestnpa.gov.uk/app/uploads/2019/04/2-Schedule-of-Proposed-Main-Modifications-April-2019.pdf,2025-12-09,,,
3801243,new-forest-national-park-authority-local-plan-2016-8,Policies Map with insets A3,,new-forest-national-park-authority-local-plan-2016,policies-map,https://www.newforestnpa.gov.uk/planning/local-plan/examination/,https://www.newforestnpa.gov.uk/app/uploads/2019/04/5-Policies-Map-with-insets-A3.pdf,2025-12-09,,,
3801244,new-forest-national-park-authority-local-plan-2016-9,Consultation statement,,new-forest-national-park-authority-local-plan-2016,consultation-statement,https://www.newforestnpa.gov.uk/planning/local-plan/examination/,https://www.newforestnpa.gov.uk/app/uploads/2018/01/Consultation-Statement-May-2018.pdf,2025-12-09,,,
3801245,new-forest-national-park-authority-local-plan-2016-10,Habitat Regulations Assessment Addendum,,new-forest-national-park-authority-local-plan-2016,habitats-regulations-assessment,https://www.newforestnpa.gov.uk/planning/local-plan/examination/,https://www.newforestnpa.gov.uk/app/uploads/2019/01/New-Forest-NPA-Local-Plan_Ashurst-Hospital-HRA-Addendum.pdf,2025-12-09,,,
3801246,new-forest-national-park-authority-local-plan-1,Core strategy,,new-forest-national-park-authority-local-plan,core-strategy,https://www.newforestnpa.gov.uk/localplan,https://www.newforestnpa.gov.uk/app/uploads/2018/03/finalCoreStrategyDec2010_TOWEB_1.pdf,2025-12-09,,,
3801247,london-borough-of-hackney-local-plan-2033-1,decentralised energy master plan,,london-borough-of-hackney-local-plan-2033,local-plan,https://www.hackney.gov.uk/planning-policy,,2025-12-09,,,
3801248,london-borough-of-hackney-local-plan-2033-2,authority monitoring report 2023 to 2024,,london-borough-of-hackney-local-plan-2033,authority-monitoring-report,https://www.hackney.gov.uk/planning-policy,,2025-12-09,,,
3801249,london-borough-of-hackney-local-plan-2033-3,Hackney's Local Development Scheme 2025 to 2028,,london-borough-of-hackney-local-plan-2033,local-development-scheme,https://www.hackney.gov.uk/planning-policy,,2025-12-09,,,
3801250,london-borough-of-hackney-local-plan-2033-4,infrastructure delivery plan (2018),,london-borough-of-hackney-local-plan-2033,infrastructure-delivery-plan,https://www.hackney.gov.uk/planning-policy,,2025-12-09,,,
3801251,london-borough-of-hackney-local-plan-2033-5,infrastructure funding statement 2024,,london-borough-of-hackney-local-plan-2033,local-plan,https://www.hackney.gov.uk/planning-policy,,2025-12-09,,,
3801252,london-borough-of-hackney-local-plan-1,adopted SALP – July 2016,,london-borough-of-hackney-local-plan,local-plan,https://www.hackney.gov.uk/planning-policy,,2025-12-09,,,
3801253,harlow-district-council-local-plan-1,Local Development Scheme 2025,,harlow-district-council-local-plan,local-development-scheme,https://www.harlow.gov.uk/planning-and-building-control/planning-policy/local-plan/local-development-scheme,https://www.harlow.gov.uk/sites/default/files/documents/Local%20Development%20Scheme%202025.pdf,2025-12-09,,,
3801254,harlow-district-council-local-plan-2,Adopted Replacement Local Plan (July 2006),,harlow-district-council-local-plan,local-plan,https://www.harlow.gov.uk/planning-and-building-control/planning-policy/adopted-replacement-local-plan,https://www.harlow.gov.uk/sites/default/files/documents/Adopted%20Replacement%20Harlow%20Local%20Plan.pdf,2025-12-09,,,
3801255,harlow-district-council-local-plan-3,Adopted Replacement Local Plan proposals map,,harlow-district-council-local-plan,policies-map,https://www.harlow.gov.uk/planning-and-building-control/planning-policy/adopted-replacement-local-plan,https://www.harlow.gov.uk/sites/default/files/documents/Adopted%20Replacement%20Harlow%20Local%20Plan%20proposals%20map.pdf,2025-12-09,,,
3801256,harlow-district-council-local-plan-4,Replacement Local Plan - Proposed Modifications to the Second Deposit Draft - Full Report,,harlow-district-council-local-plan,local-plan,https://www.harlow.gov.uk/planning-and-building-control/planning-policy/adopted-replacement-local-plan,https://www.harlow.gov.uk/sites/default/files/documents/Replacement%20Harlow%20Local%20Plan%20-%20Proposed%20Modifications%20to%20the%20Second%20Deposit%20Draft%20-%20Full%20Report.pdf,2025-12-09,,,
3801257,harlow-district-council-local-plan-5,Replacement Local Plan - Modifications - Report on Objections,,harlow-district-council-local-plan,local-plan,https://www.harlow.gov.uk/planning-and-building-control/planning-policy/adopted-replacement-local-plan,https://www.harlow.gov.uk/sites/default/files/documents/Replacement%20Harlow%20Local%20Plan%20-%20Modifications%20-%20Report%20on%20Objections.pdf,2025-12-09,,,
3801258,harlow-district-council-local-plan-6,Replacement Local Plan - Inspectors Report,,harlow-district-council-local-plan,local-plan,https://www.harlow.gov.uk/planning-and-building-control/planning-policy/adopted-replacement-local-plan,https://www.harlow.gov.uk/sites/default/files/documents/Replacement%20Harlow%20Locan%20Plan%20-%20Inspector%27s%20Report.pdf,2025-12-09,,,
3801259,harlow-district-council-local-plan-7,Local Development Scheme 2023 (Local Plan full review),,harlow-district-council-local-plan,local-development-scheme,https://www.harlow.gov.uk/planning-and-building-control/planning-policy/local-plan/local-development-scheme,https://www.harlow.gov.uk/sites/default/files/documents/Local%20Development%20Scheme%202023%20%28Local%20Plan%20full%20review%29.pdf,2025-12-09,,,
3801260,harlow-district-council-local-plan-8,Local Development Scheme 2021,,harlow-district-council-local-plan,local-development-scheme,https://www.harlow.gov.uk/planning-and-building-control/planning-policy/local-plan/local-development-scheme,https://www.harlow.gov.uk/sites/default/files/documents/Local%20Development%20Scheme%202021.pdf,2025-12-09,,,
3801261,south-oxfordshire-district-council-local-plan-2035-1,South Oxfordshire Local Plan 2035,,south-oxfordshire-district-council-local-plan-2035,local-plan,https://www.southoxon.gov.uk/south-oxfordshire-district-council/planning-and-development/local-plan-and-planning-policies/local-plan-2035/adopted-local-plan-2035/,https://www.southoxon.gov.uk/wp-content/uploads/sites/2/2021/02/SODC-LP2035-Publication-Feb-2021.pdf,2025-12-09,,,
3801262,south-oxfordshire-district-council-local-plan-2035-2,South Oxfordshire Local Plan Policies Map – North and South,,south-oxfordshire-district-council-local-plan-2035,policies-map,https://www.southoxon.gov.uk/south-oxfordshire-district-council/planning-and-development/local-plan-and-planning-policies/local-plan-2035/adopted-local-plan-2035/,https://www.southoxon.gov.uk/wp-content/uploads/sites/2/2021/02/Adopted-Policies-Layers-Map-2020-Dec-North-and-South-25000.pdf,2025-12-09,,,
3801263,south-oxfordshire-district-council-local-plan-2035-3,South Oxfordshire Local Plan Sustainability Appraisal Post Adoption Statement,,south-oxfordshire-district-council-local-plan-2035,adoption-statement,https://www.southoxon.gov.uk/south-oxfordshire-district-council/planning-and-development/local-plan-and-planning-policies/local-plan-2035/adopted-local-plan-2035/,https://www.southoxon.gov.uk/wp-content/uploads/sites/2/2021/02/SODC-LP2035-Sustainability-Appraisal-Feb-2021.pdf,2025-12-09,,,
3801264,south-oxfordshire-district-council-local-plan-2035-4,South Oxfordshire Local Plan – Equality Impact Assessment,,south-oxfordshire-district-council-local-plan-2035,equalities-impact-assessment,https://www.southoxon.gov.uk/south-oxfordshire-district-council/planning-and-development/local-plan-and-planning-policies/local-plan-2035/adopted-local-plan-2035/,https://www.southoxon.gov.uk/wp-content/uploads/sites/2/2022/02/South-Oxfordshire-Local-Plan-Equality-Impact-Assessment-December-2020.pdf,2025-12-09,,,
3801265,south-oxfordshire-district-council-local-plan-2035-5,Adoption Statement,,south-oxfordshire-district-council-local-plan-2035,adoption-statement,https://www.southoxon.gov.uk/south-oxfordshire-district-council/planning-and-development/local-plan-and-planning-policies/local-plan-2035/adopted-local-plan-2035/,https://www.southoxon.gov.uk/wp-content/uploads/sites/2/2020/12/Adoption-Statement-South-Oxfordshire-Local-Plan-2011-2035.pdf,2025-12-09,,,
3801266,south-oxfordshire-district-council-local-plan-2041-1,Technical Addendum,,south-oxfordshire-district-council-local-plan-2041,strategic-environmental-assessment,https://www.southoxon.gov.uk/south-oxfordshire-district-council/planning-and-development/local-plan-and-planning-policies/local-plan-2041/,https://theconversation.southandvale.gov.uk/policy-and-programmes/sa_consultation/user_uploads/sa---sea-of-jlp---technical-addendum-to-scoping-report.pdf,2025-12-09,,,
3801267,sandwell-metropolitan-borough-council-local-plan-2024-1,Sandwell Local Plan Issues and Options Main Document,,sandwell-metropolitan-borough-council-local-plan-2024,local-plan,https://www.sandwell.gov.uk/downloads/download/382/sandwell-local-plan-issues-and-options-consultation-documents,https://www.sandwell.gov.uk/downloads/file/895/sandwell-local-plan-issues-and-options-main-document,2025-12-09,,,
3801268,sandwell-metropolitan-borough-council-local-plan-2024-2,Sandwell Local Plan Issues and Options Habitat Regulations Assessment,,sandwell-metropolitan-borough-council-local-plan-2024,habitats-regulations-assessment,https://www.sandwell.gov.uk/downloads/download/382/sandwell-local-plan-issues-and-options-consultation-documents,https://www.sandwell.gov.uk/downloads/file/894/sandwell-local-plan-issues-and-options-habitat-regulations-assessment,2025-12-09,,,
3801269,sandwell-metropolitan-borough-council-local-plan-2024-3,Sandwell Local Plan Issues and Options Sustainability Appraisal,,sandwell-metropolitan-borough-council-local-plan-2024,sustainability-appraisal,https://www.sandwell.gov.uk/downloads/download/382/sandwell-local-plan-issues-and-options-consultation-documents,https://www.sandwell.gov.uk/downloads/file/893/sandwell-local-plan-issues-and-options-sustainability-appraisal,2025-12-09,,,
3801270,sandwell-metropolitan-borough-council-local-plan-2024-4,Sandwell Local Plan Issues and Options Sustainability Appraisal Scoping Report,,sandwell-metropolitan-borough-council-local-plan-2024,sustainability-appraisal,https://www.sandwell.gov.uk/downloads/download/382/sandwell-local-plan-issues-and-options-consultation-documents,https://www.sandwell.gov.uk/downloads/file/896/sandwell-local-plan-issues-and-options-sustainability-appraisal-scoping-report,2025-12-09,,,
3801271,bedford-borough-council-local-plan-2040-1,Local Plan 2040: Plan for Submission,,bedford-borough-council-local-plan-2040,local-plan,https://www.bedford.gov.uk/planning-and-building-control/planning-policy/local-plan-2040,https://edrms.bedford.gov.uk/OpenDocument.aspx?id=xivh8bP%2bAJZXEaq26SnEFQ%3d%3d&name=PLAN%20FOR%20SUBMISSION.pdf,2025-12-09,,,
3801272,bedford-borough-council-local-plan-2040-2,Summary leaflet,,bedford-borough-council-local-plan-2040,local-plan,https://www.bedford.gov.uk/planning-and-building-control/planning-policy/local-plan-2040,https://edrms.bedford.gov.uk/OpenDocument.aspx?id=qC7XLl3IBEvSneOWxGQrtA%3d%3d&name=ENV062_22%20Local%20Plan%202040%20A4%20leaflet%20FINAL.pdf,2025-12-09,,,
3801273,bedford-borough-council-local-plan-2040-3,Supporting documents,,bedford-borough-council-local-plan-2040,local-plan,https://www.bedford.gov.uk/planning-and-building-control/planning-policy/local-plan-2040,https://edrms.bedford.gov.uk/OpenDocument.aspx?id=oyyvRaBrkCtl%2b3qr%2bSrI8g%3d%3d&name=Local%20Plan%202040%20Supporting%20documents.pdf,2025-12-09,,,
3801274,bedford-borough-council-local-plan-2040-4,Statement of Representations Procedure,,bedford-borough-council-local-plan-2040,local-plan,https://www.bedford.gov.uk/planning-and-building-control/planning-policy/local-plan-2040,https://edrms.bedford.gov.uk/OpenDocument.aspx?id=zzmaxH9El7sGNdvcfLrmig%3d%3d&name=Statement%20of%20representations%20procedure.pdf,2025-12-09,,,
3801275,bedford-borough-council-local-plan-2040-5,Local Plan 2040 Draft Plan: Strategy options and draft policies,,bedford-borough-council-local-plan-2040,local-plan-regulation-18,https://www.bedford.gov.uk/planning-and-building-control/planning-policy/local-plan-2040,https://edrms.bedford.gov.uk/OpenDocument.aspx?id=UD8zSRxBPNPiWCWZhdO1TA%3d%3d&name=LOCAL%20PLAN%202040%20DRAFT%20PLAN.pdf,2025-12-09,,,
3801276,sheffield-city-council-local-plan-1,Sheffield Plan examination,,sheffield-city-council-local-plan,local-plan,https://www.sheffield.gov.uk/planning,,2025-12-09,,,
3801277,sheffield-city-council-local-plan-2,Building regulations,,sheffield-city-council-local-plan,development-management-policies,https://www.sheffield.gov.uk/planning,,2025-12-09,,,
3801278,sheffield-city-council-local-plan-3,Conservation and design,,sheffield-city-council-local-plan,supplementary-planning-document,https://www.sheffield.gov.uk/planning,,2025-12-09,,,
3801279,city-of-york-council-local-plan-2033-1,City of York Local Plan Publication Draft (Regulation 19 Consultation) (February 2018),,city-of-york-council-local-plan-2033,local-plan-regulation-19,https://www.york.gov.uk/downloads/download/420/local-plan-submission-documents-1,https://www.york.gov.uk/downloads/file/1314/cd001-city-of-york-local-plan-publication-draft-regulation-19-consultation-february-2018-,2025-12-09,,,
3801280,city-of-york-council-local-plan-2033-2,Errata Addendum to Local Plan Publication Draft and Sustainability Appraisal (February 2018),,city-of-york-council-local-plan-2033,sustainability-appraisal,https://www.york.gov.uk/downloads/download/420/local-plan-submission-documents-1,https://www.york.gov.uk/downloads/file/1315/cd002-errata-addendum-to-local-plan-publication-draft-and-sustainability-appraisal-february-2018-,2025-12-09,,,
3801281,city-of-york-council-local-plan-2033-3,City of York Local Plan Publication Draft Schedule of Minor Modifications to 25th May 2018,,city-of-york-council-local-plan-2033,local-plan-regulation-19,https://www.york.gov.uk/downloads/download/420/local-plan-submission-documents-1,https://www.york.gov.uk/downloads/file/1316/cd003-city-of-york-local-plan-publication-draft-schedule-of-minor-modifications-to-25th-may-2018,2025-12-09,,,
3801282,city-of-york-council-local-plan-2033-4,City of York Publication Draft Local Plan Policies Maps - North,,city-of-york-council-local-plan-2033,policies-map,https://www.york.gov.uk/downloads/download/420/local-plan-submission-documents-1,https://www.york.gov.uk/downloads/file/1317/cd004a-city-of-york-publication-draft-local-plan-policies-maps-north,2025-12-09,,,
3801283,city-of-york-council-local-plan-2033-5,City of York Publication Draft Local Plan Policies Maps - South,,city-of-york-council-local-plan-2033,policies-map,https://www.york.gov.uk/downloads/download/420/local-plan-submission-documents-1,https://www.york.gov.uk/downloads/file/3398/cd004b-city-of-york-publication-draft-local-plan-policies-maps-south,2025-12-09,,,
3801284,city-of-york-council-local-plan-2033-6,City of York Publication Draft Local Plan Policies Maps - City Centre,,city-of-york-council-local-plan-2033,policies-map,https://www.york.gov.uk/downloads/download/420/local-plan-submission-documents-1,https://www.york.gov.uk/downloads/file/3400/cd004c-city-of-york-publication-draft-local-plan-policies-maps-city-centre,2025-12-09,,,
3801285,city-of-york-council-local-plan-2033-7,City of York Local Plan Sustainability Appraisal Publication Draft Regulation 19 Consultation (February 2018),,city-of-york-council-local-plan-2033,sustainability-appraisal,https://www.york.gov.uk/downloads/download/420/local-plan-submission-documents-1,https://www.york.gov.uk/downloads/file/1320/cd008-city-of-york-local-plan-sustainability-appraisal-publication-draft-regulation-19-consultation-february-2018-,2025-12-09,,,
3801286,city-of-york-council-local-plan-2033-8,City of York Local Plan Habitat Regulation Assessment of the Local Plan (April 2018),,city-of-york-council-local-plan-2033,local-plan,https://www.york.gov.uk/downloads/download/420/local-plan-submission-documents-1,https://www.york.gov.uk/downloads/file/1332/cd012-city-of-york-local-plan-habitat-regulation-assessment-of-the-local-plan-april-2018-,2025-12-09,,,
3801287,city-of-york-council-local-plan-2033-9,City of York Local Plan Consultation Statement Regulation 22 (May 2018),,city-of-york-council-local-plan-2033,consultation-statement,https://www.york.gov.uk/downloads/download/420/local-plan-submission-documents-1,https://www.york.gov.uk/downloads/file/3403/cd013a-city-of-york-local-plan-consultation-statement-regulation-22-may-2018-,2025-12-09,,,
3801288,city-of-york-council-local-plan-2033-10,City of York Local Plan Viability Assessment Update Study (April 2018),,city-of-york-council-local-plan-2033,viability-assessment,https://www.york.gov.uk/downloads/download/420/local-plan-submission-documents-1,https://www.york.gov.uk/downloads/file/1391/cd018-city-of-york-local-plan-viability-assessment-update-study-april-2018-,2025-12-09,,,
3801289,city-of-york-council-local-plan-2033-11,LP Submission Draft Statement to demonstrate compliance with the Duty to co-operate (April 2018),,city-of-york-council-local-plan-2033,local-plan-submission,https://www.york.gov.uk/downloads/download/420/local-plan-submission-documents-1,https://www.york.gov.uk/downloads/file/1394/cd020-lp-submission-draft-statement-to-demonstrate-compliance-with-the-duty-to-co-operate-april-2018-,2025-12-09,,,
3801290,city-of-york-council-local-plan-2033-12,City of York Local Development Scheme (November 2017),,city-of-york-council-local-plan-2033,local-development-scheme,https://www.york.gov.uk/downloads/download/420/local-plan-submission-documents-1,https://www.york.gov.uk/downloads/file/1384/cd015-city-of-york-local-development-scheme-november-2017-,2025-12-09,,,
3801291,city-of-york-council-local-plan-2033-13,City of York Statement of Community Involvement (SCI) (Adopted December 2007),,city-of-york-council-local-plan-2033,statement-of-community-involvement,https://www.york.gov.uk/downloads/download/420/local-plan-submission-documents-1,https://www.york.gov.uk/downloads/file/1388/cd016-city-of-york-statement-of-community-involvement-sci-adopted-december-2007-,2025-12-09,,,
3801292,royal-borough-of-kingston-upon-thames-local-plan-2019-1,Local Development Scheme February 2025,,royal-borough-of-kingston-upon-thames-local-plan-2019,local-development-scheme,https://www.kingston.gov.uk/planning-and-building-control/planning-policy/local-development-scheme-2025-2027,https://www.kingston.gov.uk/sites/default/files/2025-04/RBK_Local_Development_Scheme__February_2025_.pdf,2025-12-09,,,
3801293,royal-borough-of-kingston-upon-thames-local-plan-2027-1,Core Strategy,,royal-borough-of-kingston-upon-thames-local-plan-2027,core-strategy,https://www.kingston.gov.uk/new-local-plan,https://www.kingston.gov.uk/sites/default/files/downloads/Core_Strategy.pdf,2025-12-09,,,
3801294,stafford-borough-council-local-plan-2020-1,Issues and Options Consultation Document,,stafford-borough-council-local-plan-2020,local-plan,https://www.staffordbc.gov.uk/local-plan,https://www.staffordbc.gov.uk/sites/default/files/cme/DocMan1/Planning%20Policy/New%20Stafford%20Borough%20Local%20Plan%202020-2040/Issues_and_Options_Consultation_Document_Feb2020_0.pdf,2025-12-09,,,
3801295,stafford-borough-council-local-plan-2020-2,Issues and Options Frequently Asked Questions,,stafford-borough-council-local-plan-2020,local-plan,https://www.staffordbc.gov.uk/local-plan,https://www.staffordbc.gov.uk/sites/default/files/cme/DocMan1/Planning%20Policy/New%20Stafford%20Borough%20Local%20Plan%202020-2040/Issues_and_Options_Frequently_Asked_Questions_0.pdf,2025-12-09,,,
3801296,stafford-borough-council-local-plan-2020-3,Issues and Options Stakeholder Engagement Plan,,stafford-borough-council-local-plan-2020,local-plan,https://www.staffordbc.gov.uk/local-plan,https://www.staffordbc.gov.uk/sites/default/files/cme/DocMan1/Planning%20Policy/New%20Stafford%20Borough%20Local%20Plan%202020-2040/Issues_and_Options_Stakeholder_Engagement_Plan_0.pdf,2025-12-09,,,
3801297,stafford-borough-council-local-plan-2011-1,The Plan for Stafford Borough,,stafford-borough-council-local-plan-2011,local-plan,https://www.staffordbc.gov.uk/local-plan,,2025-12-09,,,
3801298,stafford-borough-council-local-plan-2011-2,The Plan for Stafford Borough - Part 2,,stafford-borough-council-local-plan-2011,local-plan,https://www.staffordbc.gov.uk/local-plan,,2025-12-09,,,
3801299,stafford-borough-council-local-plan-2011-3,Statement of Community Involvement,,stafford-borough-council-local-plan-2011,statement-of-community-involvement,https://www.staffordbc.gov.uk/local-plan,,2025-12-09,,,
3801300,stafford-borough-council-local-plan-2011-4,Stafford Borough Policy Map,,stafford-borough-council-local-plan-2011,policies-map,https://www.staffordbc.gov.uk/local-plan,,2025-12-09,,,
3801301,stafford-borough-council-local-plan-2011-5,Habitats Regulations Assessment,,stafford-borough-council-local-plan-2011,habitats-regulations-assessment,https://www.staffordbc.gov.uk/local-plan,,2025-12-09,,,
3801302,stafford-borough-council-local-plan-2011-6,Landscape Character Assessment,,stafford-borough-council-local-plan-2011,landscape-character-assessment,https://www.staffordbc.gov.uk/local-plan,,2025-12-09,,,
3801303,stafford-borough-council-local-plan-2011-7,Sustainability Appraisal,,stafford-borough-council-local-plan-2011,sustainability-appraisal,https://www.staffordbc.gov.uk/local-plan,,2025-12-09,,,
3801304,stafford-borough-council-local-plan-2011-8,Strategic Housing Land Availability Assessment,,stafford-borough-council-local-plan-2011,strategic-housing-land-availability,https://www.staffordbc.gov.uk/planning-policy,,2025-12-09,,,
3801305,london-borough-of-enfield-local-plan-1,Areas of Special Character,,london-borough-of-enfield-local-plan,local-plan,https://www.enfield.gov.uk/localplan,https://www.enfield.gov.uk/__data/assets/pdf_file/0008/105110/Area-of-special-character-Planning.pdf,2025-12-09,,,
3801306,london-borough-of-enfield-local-plan-2,Council Response to IN11 October 2025,,london-borough-of-enfield-local-plan,examination-hearing-statement,https://www.enfield.gov.uk/localplan,https://www.enfield.gov.uk/__data/assets/pdf_file/0029/104798/LBE-response-to-IN11-October-2025-Planning.pdf,2025-12-09,,,
3801307,london-borough-of-enfield-local-plan-3,IN11 Inspector's Letter,,london-borough-of-enfield-local-plan,examination-hearing-statement,https://www.enfield.gov.uk/localplan,https://www.enfield.gov.uk/__data/assets/pdf_file/0014/104360/Inspector-letter-new-towns-Planning.pdf,2025-12-09,,,
3801308,london-borough-of-enfield-local-plan-4,Stage 3 Cover Letter for Submission,,london-borough-of-enfield-local-plan,examination-hearing-statement,https://www.enfield.gov.uk/localplan,https://www.enfield.gov.uk/__data/assets/pdf_file/0021/104259/Stage-3-cover-letter-for-submission-Planning.pdf,2025-12-09,,,
3801309,london-borough-of-enfield-local-plan-5,ELP EiP Covering Letter Actions,,london-borough-of-enfield-local-plan,examination-hearing-statement,https://www.enfield.gov.uk/localplan,https://www.enfield.gov.uk/__data/assets/pdf_file/0018/103482/ELP-EiP-covering-letter-actions-19-Sep-Planning.pdf,2025-12-09,,,
3801310,london-borough-of-enfield-local-plan-6,Note on Colosseum Retail Park,,london-borough-of-enfield-local-plan,examination-hearing-statement,https://www.enfield.gov.uk/localplan,https://www.enfield.gov.uk/__data/assets/pdf_file/0019/103483/Enfield-enclosure-1-colosseum-retail-park-Planning.pdf,2025-12-09,,,
3801311,london-borough-of-enfield-local-plan-7,Note on Meridian Water,,london-borough-of-enfield-local-plan,examination-hearing-statement,https://www.enfield.gov.uk/localplan,https://www.enfield.gov.uk/__data/assets/pdf_file/0020/103484/Enfield-enclosure-2-meridian-water-note-Planning.pdf,2025-12-09,,,
3801312,london-borough-of-enfield-local-plan-8,Note on PTAL Ratings,,london-borough-of-enfield-local-plan,examination-hearing-statement,https://www.enfield.gov.uk/localplan,https://www.enfield.gov.uk/__data/assets/pdf_file/0021/103485/Enfield-enclosure-3-PTAL-ratings-submission-Planning.pdf,2025-12-09,,,
3801313,london-borough-of-enfield-local-plan-9,Note on Air Quality Issues,,london-borough-of-enfield-local-plan,examination-hearing-statement,https://www.enfield.gov.uk/localplan,https://www.enfield.gov.uk/__data/assets/pdf_file/0022/103486/Enfield-enclosure-4-air-quality-submission-Planning.pdf,2025-12-09,,,
3801314,london-borough-of-enfield-local-plan-10,IN10 Inspectors Letter,,london-borough-of-enfield-local-plan,examination-hearing-statement,https://www.enfield.gov.uk/localplan,https://www.enfield.gov.uk/__data/assets/pdf_file/0020/102179/IN10-Covering-Letter-Planning.pdf,2025-12-09,,,
3801315,london-borough-of-enfield-local-plan-11,Appendix 1 MIQ's,,london-borough-of-enfield-local-plan,examination-hearing-statement,https://www.enfield.gov.uk/localplan,https://www.enfield.gov.uk/__data/assets/pdf_file/0017/102176/IN10-Appendix-1-Stage-3-MIQs-Planning.pdf,2025-12-09,,,
3801316,london-borough-of-enfield-local-plan-12,Appendix 2 Guidance Note,,london-borough-of-enfield-local-plan,examination-hearing-statement,https://www.enfield.gov.uk/localplan,https://www.enfield.gov.uk/__data/assets/pdf_file/0018/102177/IN10-Appendix-2-Stage-2-Written-Statement-Guidance-Planning.pdf,2025-12-09,,,
3801317,london-borough-of-enfield-local-plan-13,Comer Homes Statement of Common Ground,,london-borough-of-enfield-local-plan,statement-of-common-ground,https://www.enfield.gov.uk/localplan,https://www.enfield.gov.uk/__data/assets/pdf_file/0034/97855/Comer-Homes-SoCG-Planning.pdf,2025-12-09,,,
3801318,london-borough-of-enfield-local-plan-14,Landvest Parkview Nurseries Statement of Common Ground,,london-borough-of-enfield-local-plan,statement-of-common-ground,https://www.enfield.gov.uk/localplan,https://www.enfield.gov.uk/__data/assets/pdf_file/0035/97856/Landvest-Parkview-Nurseries-Statement-of-Common-Ground-Planning.pdf,2025-12-09,,,
3801319,london-borough-of-enfield-local-plan-15,Canal and River Trust Statement of Common Ground,,london-borough-of-enfield-local-plan,statement-of-common-ground,https://www.enfield.gov.uk/localplan,https://www.enfield.gov.uk/__data/assets/pdf_file/0038/96968/SUB14s-Planning.pdf,2025-12-09,,,
3801320,london-borough-of-enfield-local-plan-16,Kenninghall Holdings Statement of Common Ground,,london-borough-of-enfield-local-plan,statement-of-common-ground,https://www.enfield.gov.uk/localplan,https://www.enfield.gov.uk/__data/assets/pdf_file/0032/96971/SUB14t-Planning.pdf,2025-12-09,,,
3801321,london-borough-of-enfield-local-plan-17,Berkeley Homes Statement of Common Ground,,london-borough-of-enfield-local-plan,statement-of-common-ground,https://www.enfield.gov.uk/localplan,https://www.enfield.gov.uk/__data/assets/pdf_file/0037/96967/SUB14r-Planning.pdf,2025-12-09,,,
3801322,london-borough-of-enfield-local-plan-18,E7.10 Updates to Policy SS1 Housing Requirement,,london-borough-of-enfield-local-plan,local-plan,https://www.enfield.gov.uk/localplan,https://www.enfield.gov.uk/__data/assets/pdf_file/0039/96969/E7.10-Updates-to-Policy-SS1-Housing-Requirement-Planning.pdf,2025-12-09,,,
3801323,london-borough-of-enfield-local-plan-19,Inspector's Letter IN9,,london-borough-of-enfield-local-plan,examination-hearing-statement,https://www.enfield.gov.uk/localplan,https://www.enfield.gov.uk/__data/assets/pdf_file/0022/94603/IN9-Stage-2-MIQs-Covering-Letter-FINAL-Planning.pdf,2025-12-09,,,
3801324,london-borough-of-enfield-local-plan-20,"Appendix 1 – Matters, Issues and Questions",,london-borough-of-enfield-local-plan,examination-hearing-statement,https://www.enfield.gov.uk/localplan,https://www.enfield.gov.uk/__data/assets/pdf_file/0020/94601/IN9-Appendix-1-Stage-2-MIQs-FINAL2-Planning.pdf,2025-12-09,,,
3801325,london-borough-of-enfield-local-plan-21,Appendix 2 – Further Guidance Note,,london-borough-of-enfield-local-plan,examination-hearing-statement,https://www.enfield.gov.uk/localplan,https://www.enfield.gov.uk/__data/assets/pdf_file/0021/94602/IN9-Appendix-2-Stage-2-Written-Statement-Guidance-Planning.pdf,2025-12-09,,,
3801326,broadland-district-council-local-plan-2018-1,The Strategy,,broadland-district-council-local-plan-2018,local-plan,https://www.gnlp.org.uk/local-plan-examination-local-plan-examination-document-library/j-inspectors-report-and-adoption,https://www.gnlp.org.uk/sites/gnlp/files/2024-03/Strategy%20-%20draft%20final%202.pdf,2025-12-09,,,
3801327,broadland-district-council-local-plan-2018-2,Part 2 The Sites Plan,,broadland-district-council-local-plan-2018,local-plan,https://www.gnlp.org.uk/local-plan-examination-local-plan-examination-document-library/j-inspectors-report-and-adoption,https://www.gnlp.org.uk/sites/gnlp/files/2024-11/Adopted_GNLP_2024_SITES_PLAN_final_24-08-02-compressed.pdf,2025-12-09,,,
3801328,broadland-district-council-local-plan-2018-3,Part 3 The Monitoring Framework,,broadland-district-council-local-plan-2018,local-plan,https://www.gnlp.org.uk/local-plan-examination-local-plan-examination-document-library/j-inspectors-report-and-adoption,https://www.gnlp.org.uk/sites/gnlp/files/2024-12/Adopted_GNLP_2024_MONITORING_final_24-08-02.pdf,2025-12-09,,,
3801329,broadland-district-council-local-plan-2018-4,GNLP Inspectors' Report,,broadland-district-council-local-plan-2018,inspectors-report,https://www.gnlp.org.uk/local-plan-examination-local-plan-examination-document-library/j-inspectors-report-and-adoption,https://www.gnlp.org.uk/sites/gnlp/files/2024-02/Greater%20Norwich%20LP%20-%20Inspectors%20Report%20-%20FINAL%20%281%29.pdf,2025-12-09,,,
3801330,broadland-district-council-local-plan-2018-5,Broadland District Council Adoption Statement,,broadland-district-council-local-plan-2018,adoption-statement,https://www.gnlp.org.uk/local-plan-examination-local-plan-examination-document-library/j-inspectors-report-and-adoption,https://www.gnlp.org.uk/sites/gnlp/files/2024-04/BDC%20Final%20Adoption%20Statement_0.pdf,2025-12-09,,,
3801331,broadland-district-council-local-plan-2018-6,Broadland Policies Map Booklet,,broadland-district-council-local-plan-2018,policies-map,https://www.gnlp.org.uk/local-plan-examination-local-plan-examination-document-library/j-inspectors-report-and-adoption,https://www.gnlp.org.uk/sites/gnlp/files/2024-03/Broadland%20Policies%20Map.pdf,2025-12-09,,,
3801332,broadland-district-council-local-plan-2018-7,Sustainability Appraisal of the Greater Norwich Local Plan (2018-2038) Post Adoption Statement,,broadland-district-council-local-plan-2018,sustainability-appraisal,https://www.gnlp.org.uk/local-plan-examination-local-plan-examination-document-library/j-inspectors-report-and-adoption,https://www.gnlp.org.uk/sites/gnlp/files/2024-03/LC-1089_GNLP_SA_Post_Adoption_Statement_9_010324EH_0.pdf,2025-12-09,,,
3801333,broadland-district-council-local-plan-2018-8,Appendix 1: Schedule of Main Modifications - Strategy,,broadland-district-council-local-plan-2018,main-modifications,https://www.gnlp.org.uk/local-plan-examination-local-plan-examination-document-library/j-inspectors-report-and-adoption,https://www.gnlp.org.uk/sites/gnlp/files/2024-02/Appendix%201%20Schedule%20of%20Main%20Modifications%20-%20Strategy.pdf,2025-12-09,,,
3801334,broadland-district-council-local-plan-2018-9,Appendix 2: Schedule of Main Modifications - Sites,,broadland-district-council-local-plan-2018,main-modifications,https://www.gnlp.org.uk/local-plan-examination-local-plan-examination-document-library/j-inspectors-report-and-adoption,https://www.gnlp.org.uk/sites/gnlp/files/2024-02/Appendix%202%20Schedule%20of%20Main%20Modifications%20-%20Sites.pdf,2025-12-09,,,
3801335,broadland-district-council-local-plan-2018-10,9. Gypsy and Traveller Sites,,broadland-district-council-local-plan-2018,gypsy-and-traveller-assessment,https://www.gnlp.org.uk/local-plan-examination-local-plan-examination-document-library/j-inspectors-report-and-adoption,https://www.gnlp.org.uk/sites/gnlp/files/2024-02/9.%20Gypsy%20and%20Traveller%20Sites%20%20-%20draft%20final.pdf,2025-12-09,,,
3801336,broadland-district-council-local-plan-2008-1,"Joint Core Strategy for Broadland, Norwich and South Norfolk",,broadland-district-council-local-plan-2008,core-strategy,https://www.gnlp.org.uk/node/30,https://www.gnlp.org.uk/sites/gnlp/files/2021-01/JCS-adopted-doc-2014.pdf,2025-12-09,,,
3801337,broadland-district-council-local-plan-2008-2,Inspector's Report,,broadland-district-council-local-plan-2008,inspectors-report,https://www.gnlp.org.uk/node/30,https://www.gnlp.org.uk/sites/gnlp/files/2021-01/Inspector%27s%20Report.pdf,2025-12-09,,,
3801338,broadland-district-council-local-plan-2008-3,Main Modification Appendix,,broadland-district-council-local-plan-2008,local-plan,https://www.gnlp.org.uk/node/30,https://www.gnlp.org.uk/sites/gnlp/files/2021-01/Main%20Modification%20Appendix.pdf,2025-12-09,,,
3801339,broadland-district-council-local-plan-2008-4,Schedule of Adopted Content January 2014,,broadland-district-council-local-plan-2008,local-plan,https://www.gnlp.org.uk/node/30,https://www.gnlp.org.uk/sites/gnlp/files/2021-01/3.-Schedule-of-Adopted-Content.pdf,2025-12-09,,,
3801340,norwich-city-council-local-plan-2018-1,GNLP Inspectors' Report,,norwich-city-council-local-plan-2018,inspectors-report,https://www.gnlp.org.uk/local-plan-examination-local-plan-examination-document-library/j-inspectors-report-and-adoption,https://www.gnlp.org.uk/sites/gnlp/files/2024-02/GNLP%20Inspectors%27%20Report.pdf,2025-12-09,,,
3801341,norwich-city-council-local-plan-2018-2,Appendix 1: Schedule of Main Modifications - Strategy,,norwich-city-council-local-plan-2018,main-modifications,https://www.gnlp.org.uk/local-plan-examination-local-plan-examination-document-library/j-inspectors-report-and-adoption,https://www.gnlp.org.uk/sites/gnlp/files/2024-02/J1.2%20Appendix%201%20Schedule%20of%20Main%20Modifications%20-%20Strategy.pdf,2025-12-09,,,
3801342,norwich-city-council-local-plan-2018-3,Appendix 2: Schedule of Main Modifications - Sites,,norwich-city-council-local-plan-2018,main-modifications,https://www.gnlp.org.uk/local-plan-examination-local-plan-examination-document-library/j-inspectors-report-and-adoption,https://www.gnlp.org.uk/sites/gnlp/files/2024-02/J1.3%20Appendix%202%20Schedule%20of%20Main%20Modifications%20-%20Sites.pdf,2025-12-09,,,
3801343,norwich-city-council-local-plan-2018-4,The Strategy,,norwich-city-council-local-plan-2018,local-plan,https://www.gnlp.org.uk/local-plan-examination-local-plan-examination-document-library/j-inspectors-report-and-adoption,https://www.gnlp.org.uk/sites/gnlp/files/2024-12/Adopted_GNLP_2024_STRATEGY_final_24-10-18_0.pdf,2025-12-09,,,
3801344,norwich-city-council-local-plan-2018-5,3. Norwich,,norwich-city-council-local-plan-2018,site-allocations,https://www.gnlp.org.uk/local-plan-examination-local-plan-examination-document-library/j-inspectors-report-and-adoption,https://www.gnlp.org.uk/sites/gnlp/files/2024-02/J2.4%203.%20Norwich.pdf,2025-12-09,,,
3801345,norwich-city-council-local-plan-2018-6,Norwich Policies Map Booklet,,norwich-city-council-local-plan-2018,policies-map,https://www.gnlp.org.uk/local-plan-examination-local-plan-examination-document-library/j-inspectors-report-and-adoption,https://www.gnlp.org.uk/sites/gnlp/files/2024-02/J3.2%20Norwich%20Policies%20Map%20Booklet.pdf,2025-12-09,,,
3801346,norwich-city-council-local-plan-2018-7,Norwich City Council Adoption Statement,,norwich-city-council-local-plan-2018,adoption-statement,https://www.gnlp.org.uk/local-plan-examination-local-plan-examination-document-library/j-inspectors-report-and-adoption,https://www.gnlp.org.uk/sites/gnlp/files/2024-03/Norwich%20City%20Council%20Adoption%20Statement.pdf,2025-12-09,,,
3801347,norwich-city-council-local-plan-2018-8,Sustainability Appraisal of the Greater Norwich Local Plan (2018-2038) Post Adoption Statement,,norwich-city-council-local-plan-2018,sustainability-appraisal,https://www.gnlp.org.uk/local-plan-examination-local-plan-examination-document-library/j-inspectors-report-and-adoption,https://www.gnlp.org.uk/sites/gnlp/files/2024-03/SA%20Post%20Adoption%20Statement.pdf,2025-12-09,,,
3801348,norwich-city-council-local-plan-2008-1,"Joint Core Strategy for Broadland, Norwich and South Norfolk",,norwich-city-council-local-plan-2008,core-strategy,https://www.gnlp.org.uk/node/30,https://www.gnlp.org.uk/sites/gnlp/files/2021-01/JCS-adopted-doc-2014.pdf,2025-12-09,,,
3801349,norwich-city-council-local-plan-2008-2,Inspector's Report,,norwich-city-council-local-plan-2008,inspectors-report,https://www.gnlp.org.uk/node/30,https://www.gnlp.org.uk/sites/gnlp/files/2021-01/Inspector%27s%20Report.pdf,2025-12-09,,,
3801350,norwich-city-council-local-plan-2008-3,Norwich,,norwich-city-council-local-plan-2008,adoption-statement,https://www.gnlp.org.uk/node/30,https://www.gnlp.org.uk/sites/gnlp/files/2021-01/JCS-Adoption-statement-Norwich-FINAL.pdf,2025-12-09,,,
3801351,norwich-city-council-local-plan-2008-4,HRA Supplementary Statement July 2012,,norwich-city-council-local-plan-2008,habitats-regulations-assessment,https://www.gnlp.org.uk/node/30,https://www.gnlp.org.uk/sites/gnlp/files/2021-01/PSJCS-5-HRA-Supplementary-Statement-and-Report.pdf,2025-12-09,,,
3801352,walsall-metropolitan-borough-council-local-plan-1,Consultation on the Walsall Borough Local Plan has launched: Have your say,,walsall-metropolitan-borough-council-local-plan,local-plan,https://www.walsall.gov.uk/planning,,2025-12-09,,,
3801353,walsall-metropolitan-borough-council-local-plan-2,Black Country Core Strategy (BCCS),,walsall-metropolitan-borough-council-local-plan,core-strategy,https://www.walsall.gov.uk/planning-and-building-control/planning-policy/current-planning-policy,,2025-12-09,,,
3801354,walsall-metropolitan-borough-council-local-plan-3,Walsall Site Allocations Document,,walsall-metropolitan-borough-council-local-plan,site-allocations,https://www.walsall.gov.uk/planning-and-building-control/planning-policy/current-planning-policy,,2025-12-09,,,
3801355,walsall-metropolitan-borough-council-local-plan-4,Site allocation document examination,,walsall-metropolitan-borough-council-local-plan,site-allocations,https://www.walsall.gov.uk/planning-and-building-control/planning-policy/current-planning-policy,,2025-12-09,,,
3801356,walsall-metropolitan-borough-council-local-plan-5,Unitary Development Plan,,walsall-metropolitan-borough-council-local-plan,local-plan,https://www.walsall.gov.uk/planning-and-building-control/planning-policy/current-planning-policy,,2025-12-09,,,
3801357,walsall-metropolitan-borough-council-local-plan-6,Walsall Town Centre Area Action Plan,,walsall-metropolitan-borough-council-local-plan,area-action-plan,https://www.walsall.gov.uk/planning-and-building-control/planning-policy/current-planning-policy,,2025-12-09,,,
3801358,walsall-metropolitan-borough-council-local-plan-7,Walsall town centre area action plan examination,,walsall-metropolitan-borough-council-local-plan,area-action-plan,https://www.walsall.gov.uk/planning-and-building-control/planning-policy/current-planning-policy,,2025-12-09,,,
3801359,south-gloucestershire-council-local-plan-1,New Local Plan – Phase 3,,south-gloucestershire-council-local-plan,local-plan,https://beta.southglos.gov.uk/publications/local-plan-phase-3-towards-a-preferred-strategy/,https://beta.southglos.gov.uk/static/ceed9365341546cfcbadc6849ff0e770/New_Local_Plan_Phase_3_towards_a_preferred_strategy_FULL_web.pdf,2025-12-09,,,
3801360,south-gloucestershire-council-local-plan-2,Easy Read New Local Plan – Phase 3,,south-gloucestershire-council-local-plan,local-plan,https://www.southglos.gov.uk/newlocalplan,https://beta.southglos.gov.uk/static/db8c0fa3b313ab4061ec1f988fd31b63/Easy_Read_Local_Plan_phase_3_towards_a_preferred_strategy_consultation.pdf,2025-12-09,,,
3801361,south-gloucestershire-council-local-plan-3,Local Plan Factual Correction Note February 2024,,south-gloucestershire-council-local-plan,local-plan,https://www.southglos.gov.uk/newlocalplan,https://beta.southglos.gov.uk/static/2c4ff10200e5ed92ec26e039403b410b/Local-Plan-factual-correction-note-February-2024.pdf,2025-12-09,,,
3801362,south-gloucestershire-council-local-plan-4,Local Plan Delivery Programme 2025-2028,,south-gloucestershire-council-local-plan,local-development-scheme,https://www.southglos.gov.uk/newlocalplan,https://www.southglos.gov.uk/static/915289dd69fab607fb4f9c176dd962dd/Local-Plan-Delivery-Programme-2025-2028.pdf,2025-12-09,,,
3801363,south-gloucestershire-council-local-plan-5,Commenting on the Local Plan – Frequently asked questions,,south-gloucestershire-council-local-plan,local-plan,https://www.southglos.gov.uk/newlocalplan,https://www.southglos.gov.uk/static/4df867f528ef81d1cd24865d7d71debe/Commenting_on_the_Local_Plan.pdf,2025-12-09,,,
3801364,south-gloucestershire-council-local-plan-6,BCC DtC Letter October 2023,,south-gloucestershire-council-local-plan,local-plan,https://www.southglos.gov.uk/newlocalplan,https://www.southglos.gov.uk/static/555df3a2212c50db7937e70e639e66a8/BCC-DtC-letter-October2023.pdf,2025-12-09,,,
3801365,south-gloucestershire-council-local-plan-7,2022 Authority's Monitoring Report,,south-gloucestershire-council-local-plan,authority-monitoring-report,https://www.southglos.gov.uk/newlocalplan,https://beta.southglos.gov.uk/static/5229be7d5faf83728eb03ca835ac3495/Authority-Monitoring-Report-2022.pdf,2025-12-09,,,
3801366,south-gloucestershire-council-local-plan-8,Q1 Responses,,south-gloucestershire-council-local-plan,local-plan,https://consultations.southglos.gov.uk/LocalPlan2020/consultationHome,https://consultations.southglos.gov.uk/gf2.ti/f/1222658/124565509.1/PDF/-/Q1%20Responses.pdf,2025-12-09,,,
3801367,south-gloucestershire-council-local-plan-9,Q2 Responses,,south-gloucestershire-council-local-plan,local-plan,https://consultations.southglos.gov.uk/LocalPlan2020/consultationHome,https://consultations.southglos.gov.uk/gf2.ti/f/1222658/124565541.1/PDF/-/Q2%20Responses.pdf,2025-12-09,,,
3801368,south-gloucestershire-council-local-plan-10,Q3 Responses,,south-gloucestershire-council-local-plan,local-plan,https://consultations.southglos.gov.uk/LocalPlan2020/consultationHome,https://consultations.southglos.gov.uk/gf2.ti/f/1222658/124565605.1/PDF/-/Q3%20Responses.pdf,2025-12-09,,,
3801369,south-gloucestershire-council-local-plan-11,Houses in Multiple Occupation (HMO) guidance for new developments supplementary planning document (SPD),,south-gloucestershire-council-local-plan,supplementary-planning-document,https://www.southglos.gov.uk/newlocalplan,https://www.southglos.gov.uk/static/1341dd64c9a593d9886218a6c84c985c/Houses-in-Multiple-Occupation-SPD.pdf,2025-12-09,,,
3801370,south-gloucestershire-council-local-plan-12,Houses in Multiple Occupation Supplementary Planning Document Proposed Edits September 2025,,south-gloucestershire-council-local-plan,local-plan,https://www.southglos.gov.uk/newlocalplan,https://www.southglos.gov.uk/static/cc2c048b23d37c5a9d4a8cd532985034/Houses-in-Multiple-Occupation-Supplementary-Planning-Document-proposed-edits-Sept-25.pdf,2025-12-09,,,
3801371,surrey-heath-borough-council-local-plan-2019-1,"Submission Statement of Fact, December 2024",,surrey-heath-borough-council-local-plan-2019,local-plan,https://www.surreyheath.gov.uk/newlocalplan,https://www.surreyheath.gov.uk/sites/default/files/2024-12/Submission%20Statement%20of%20Fact%2C%20December%202024.pdf,2025-12-09,,,
3801372,surrey-heath-borough-council-local-plan-2019-2,Notice of Examination Hearings,,surrey-heath-borough-council-local-plan-2019,examination-hearing-statement,https://www.surreyheath.gov.uk/newlocalplan,https://www.surreyheath.gov.uk/sites/default/files/2025-08/Notice%20of%20Examination%20Hearings.pdf,2025-12-09,,,
3801373,surrey-heath-borough-council-local-plan-2019-3,Inspector Letter re Consultation and Further Hearing,,surrey-heath-borough-council-local-plan-2019,local-plan,https://www.localplanservices.co.uk/shlocalplanexamination,https://www.localplanservices.co.uk/_files/ugd/017f5b_a20abed793ac4358b6e331876a8cf9f4.pdf,2025-12-09,,,
3801374,surrey-heath-borough-council-local-plan-2019-4,Updated position on Net Zero Carbon Viability & Definition with Proposed Modifications to Policies SS3a and DH8,,surrey-heath-borough-council-local-plan-2019,local-plan,https://www.localplanservices.co.uk/shlocalplanexamination,https://www.localplanservices.co.uk/_files/ugd/017f5b_c11651e4b08f42c3badfd2e67ffeaeb6.pdf,2025-12-09,,,
3801375,surrey-heath-borough-council-local-plan-2019-5,Strategic Land Availability Assessment Update 2025,,surrey-heath-borough-council-local-plan-2019,local-plan,https://www.localplanservices.co.uk/shlocalplanexamination,https://017f5bf8-ff4d-415b-be58-79dae2836c33.usrfiles.com/ugd/017f5b_88851ef0d241496081b592d2045e2c25.pdf,2025-12-09,,,
3801376,surrey-heath-borough-council-local-plan-2019-6,Level 2 Strategic Flood Risk Assessment Addendum,,surrey-heath-borough-council-local-plan-2019,strategic-flood-risk-assessment,https://www.localplanservices.co.uk/shlocalplanexamination,https://www.localplanservices.co.uk/_files/ugd/017f5b_a600d25b43574d5783cc4b761dd66ef3.pdf,2025-12-09,,,
3801377,surrey-heath-borough-council-local-plan-2019-7,Level 2 Strategic Flood Risk Assessment,,surrey-heath-borough-council-local-plan-2019,strategic-flood-risk-assessment,https://www.localplanservices.co.uk/shlocalplanexamination,https://www.localplanservices.co.uk/_files/ugd/017f5b_d472d8abf84d4ba599aee7a9aa3008d3.pdf,2025-12-09,,,
3801378,surrey-heath-borough-council-local-plan-2019-8,Sequential and Exception Test for Site Allocations,,surrey-heath-borough-council-local-plan-2019,site-allocations,https://www.localplanservices.co.uk/shlocalplanexamination,https://www.localplanservices.co.uk/_files/ugd/017f5b_8169b456e5754a79ad8c48935d09ab85.pdf,2025-12-09,,,
3801379,surrey-heath-borough-council-local-plan-2019-9,Sequential & Exception Tests for Site Allocations - Flood Map for Planning Addendum,,surrey-heath-borough-council-local-plan-2019,site-allocations,https://www.localplanservices.co.uk/shlocalplanexamination,https://017f5bf8-ff4d-415b-be58-79dae2836c33.usrfiles.com/ugd/017f5b_d247deaf755e41b6a5f7549cd4c7d0ab.pdf,2025-12-09,,,
3801380,surrey-heath-borough-council-local-plan-2019-10,Water Cycle Study - Stage 2,,surrey-heath-borough-council-local-plan-2019,water-cycle-study,https://www.localplanservices.co.uk/shlocalplanexamination,https://www.localplanservices.co.uk/_files/ugd/017f5b_371739a3c69343aaab315a54616a8193.pdf,2025-12-09,,,
3801381,surrey-heath-borough-council-local-plan-2019-11,Statement of Common Ground with the Environment Agency (Position Update),,surrey-heath-borough-council-local-plan-2019,statement-of-common-ground,https://www.localplanservices.co.uk/shlocalplanexamination,https://www.localplanservices.co.uk/_files/ugd/017f5b_b7bd46c1cbaa4bcf9ca498b3b31a4980.pdf,2025-12-09,,,
3801382,surrey-heath-borough-council-local-plan-2019-12,Statement of Common Ground with Homes England,,surrey-heath-borough-council-local-plan-2019,statement-of-common-ground,https://www.localplanservices.co.uk/shlocalplanexamination,https://017f5bf8-ff4d-415b-be58-79dae2836c33.usrfiles.com/ugd/017f5b_f9a10e976e454f14ac4182a56037e802.pdf,2025-12-09,,,
3801383,surrey-heath-borough-council-local-plan-2019-13,Chobham Neighbourhood Plan 2024 - 2038,,surrey-heath-borough-council-local-plan-2019,neighbourhood-plan,https://www.localplanservices.co.uk/shlocalplanexamination,https://017f5bf8-ff4d-415b-be58-79dae2836c33.usrfiles.com/ugd/017f5b_cae7e27049e04dc2801694a8325120f4.pdf,2025-12-09,,,
3801384,surrey-heath-borough-council-local-plan-2019-14,Surrey Viability Toolkit – Net Zero Carbon Development Report,,surrey-heath-borough-council-local-plan-2019,local-plan,https://www.localplanservices.co.uk/shlocalplanexamination,https://017f5bf8-ff4d-415b-be58-79dae2836c33.usrfiles.com/ugd/017f5b_9e1fbafe9efe4ae99ea39cead43eee2b.pdf,2025-12-09,,,
3801385,surrey-heath-borough-council-local-plan-2019-15,Surrey Viability Toolkit – Part A Summary Report,,surrey-heath-borough-council-local-plan-2019,local-plan,https://www.localplanservices.co.uk/shlocalplanexamination,https://017f5bf8-ff4d-415b-be58-79dae2836c33.usrfiles.com/ugd/017f5b_b4a2f8cbdf7b4a24a44781a118025403.pdf,2025-12-09,,,
3801386,surrey-heath-borough-council-local-plan-2019-16,Surrey Viability Toolkit – Part B Energy Modelling and Technical Feasibility Report,,surrey-heath-borough-council-local-plan-2019,local-plan,https://www.localplanservices.co.uk/shlocalplanexamination,https://017f5bf8-ff4d-415b-be58-79dae2836c33.usrfiles.com/ugd/017f5b_9a1eea0da1454a5d8b4bdc885aad871b.pdf,2025-12-09,,,
3801387,surrey-heath-borough-council-local-plan-2019-17,Schedule of Proposed Changes to Policies Map,,surrey-heath-borough-council-local-plan-2019,policies-map,https://www.localplanservices.co.uk/shlocalplanexamination,https://www.localplanservices.co.uk/_files/ugd/017f5b_b802845da84343248f44ab34b128d9e7.pdf,2025-12-09,,,
3801388,london-borough-of-southwark-local-plan-2019-1,The Southwark Plan 2022,,london-borough-of-southwark-local-plan-2019,local-plan,https://www.southwark.gov.uk/planning-environment-and-building-control/planning/planning-policy-and-guidance/southwark-plan-2022,https://www.southwark.gov.uk/sites/default/files/2024-09/Southwark%20Plan%202022%20reduced%201.pdf,2025-12-09,,,
3801389,london-borough-of-southwark-local-plan-2019-2,Southwark Plan: strategic policies,,london-borough-of-southwark-local-plan-2019,core-strategy,https://www.southwark.gov.uk/planning-environment-and-building-control/planning/planning-policy-and-guidance/southwark-plan-0,https://www.southwark.gov.uk/sites/default/files/2024-09/Southwark%20Plan%20strategic%20policies%20section.pdf,2025-12-09,,,
3801390,london-borough-of-southwark-local-plan-2019-3,Southwark Plan: development management policies,,london-borough-of-southwark-local-plan-2019,development-management-policies,https://www.southwark.gov.uk/planning-environment-and-building-control/planning/planning-policy-and-guidance/southwark-plan-0,https://www.southwark.gov.uk/sites/default/files/2024-09/Southwark%20Plan%20development%20management%20policies.pdf,2025-12-09,,,
3801391,london-borough-of-southwark-local-plan-2019-4,Southwark Plan: area visions,,london-borough-of-southwark-local-plan-2019,local-plan,https://www.southwark.gov.uk/planning-environment-and-building-control/planning/planning-policy-and-guidance/southwark-plan-0,https://www.southwark.gov.uk/sites/default/files/2024-09/Southwark%20plan%20area%20visions.pdf,2025-12-09,,,
3801392,london-borough-of-southwark-local-plan-2019-5,Southwark Plan: implementation policies,,london-borough-of-southwark-local-plan-2019,local-plan,https://www.southwark.gov.uk/planning-environment-and-building-control/planning/planning-policy-and-guidance/southwark-plan-0,https://www.southwark.gov.uk/sites/default/files/2024-09/Southwark%20plan%20implementation%20policies.pdf,2025-12-09,,,
3801393,london-borough-of-southwark-local-plan-2019-6,Integrated impact assessment,,london-borough-of-southwark-local-plan-2019,local-plan,https://www.southwark.gov.uk/planning-environment-and-building-control/planning/planning-policy-and-guidance/southwark-plan-2022,https://www.southwark.gov.uk/sites/default/files/2024-09/Integrated%20Impact%20Assessment%20Report%20and%20Appendices%20February%202022%20%281%29.pdf,2025-12-09,,,
3801394,london-borough-of-southwark-local-plan-2019-7,Equalities impact assessment (EQIA),,london-borough-of-southwark-local-plan-2019,equalities-impact-assessment,https://www.southwark.gov.uk/planning-environment-and-building-control/planning/planning-policy-and-guidance/southwark-plan-2022,https://www.southwark.gov.uk/sites/default/files/2024-09/Equalities%20Impact%20Assessment%20Full%20Assessment%20February%202022%20%281%29.pdf,2025-12-09,,,
3801395,london-borough-of-southwark-local-plan-2019-8,Habitats regulation assessment,,london-borough-of-southwark-local-plan-2019,local-plan,https://www.southwark.gov.uk/planning-environment-and-building-control/planning/planning-policy-and-guidance/southwark-plan-2022,https://www.southwark.gov.uk/sites/default/files/2024-09/Habitats%20Regulation%20Assessment%20February%202022%20%281%29.pdf,2025-12-09,,,
3801396,london-borough-of-southwark-local-plan-2019-9,Inspector's report,,london-borough-of-southwark-local-plan-2019,inspectors-report,https://www.southwark.gov.uk/planning-environment-and-building-control/planning/planning-policy-and-guidance/southwark-plan-2022,https://www.southwark.gov.uk/sites/default/files/2024-12/NSP%20Inspectors%20Report%20%282%29.pdf,2025-12-09,,,
3801397,london-borough-of-southwark-local-plan-2019-10,plan's adoption statement,,london-borough-of-southwark-local-plan-2019,adoption-statement,https://www.southwark.gov.uk/planning-environment-and-building-control/planning/planning-policy-and-guidance/southwark-plan-2022,https://www.southwark.gov.uk/sites/default/files/2024-09/adoption%20statement%20%281%29.pdf,2025-12-09,,,
3801398,london-borough-of-southwark-local-plan-2019-11,Council Assembly report,,london-borough-of-southwark-local-plan-2019,local-plan,https://www.southwark.gov.uk/planning-environment-and-building-control/planning/planning-policy-and-guidance/southwark-plan-2022,https://moderngov.southwark.gov.uk/documents/s105154/Report%20Adoption%20of%20Southwark%20Plan%202022.pdf,2025-12-09,,,
3801399,london-borough-of-southwark-local-plan-2019-12,Southwark Plan glossary,,london-borough-of-southwark-local-plan-2019,local-plan,https://www.southwark.gov.uk/planning-environment-and-building-control/planning/planning-policy-and-guidance/southwark-plan-2022,https://www.southwark.gov.uk/sites/default/files/2024-09/Southwark%20Plan%202022%20glossary%20%281%29.pdf,2025-12-09,,,
3801400,london-borough-of-southwark-local-plan-2019-13,validation requirements and document,,london-borough-of-southwark-local-plan-2019,local-plan,https://www.southwark.gov.uk/planning-environment-and-building-control/planning/planning-policy-and-guidance/southwark-plan-0,https://www.southwark.gov.uk/sites/default/files/2024-09/Southwark%20Plan%202022%20validation%20requirements%20and%20relevant%20planning%20documents%201_0.pdf,2025-12-09,,,
3801401,london-borough-of-southwark-local-plan-2019-14,EQIA appendices,,london-borough-of-southwark-local-plan-2019,local-plan,https://www.southwark.gov.uk/planning-environment-and-building-control/planning/planning-policy-and-guidance/southwark-plan-2022,https://www.southwark.gov.uk/sites/default/files/2024-09/Equalities%20Impact%20Assessment%20Appendices%20February%202022%20%281%29.pdf,2025-12-09,,,
3801402,london-borough-of-southwark-local-plan-2019-15,assessment summary,,london-borough-of-southwark-local-plan-2019,local-plan,https://www.southwark.gov.uk/planning-environment-and-building-control/planning/planning-policy-and-guidance/southwark-plan-2022,https://www.southwark.gov.uk/sites/default/files/2024-09/Equalities%20Impact%20Assessment%20summary%20February%202022%20%281%29.pdf,2025-12-09,,,
3801403,"bournemouth,-christchurch-and-poole-council-local-plan-1",Examination library,,"bournemouth,-christchurch-and-poole-council-local-plan",local-plan,https://www.bcpcouncil.gov.uk/planning-and-building-control/planning-policy/bcp-local-plan-and-community-infrastructure-levy-cil/withdrawn-draft-local-plan-and-cil-draft-charging-schedule-2024,,2025-12-09,,,
3801404,"bournemouth,-christchurch-and-poole-council-local-plan-2",The draft Local Plan consultation,,"bournemouth,-christchurch-and-poole-council-local-plan",local-plan,https://www.bcpcouncil.gov.uk/planning-and-building-control/planning-policy/bcp-local-plan-and-community-infrastructure-levy-cil/withdrawn-draft-local-plan-and-cil-draft-charging-schedule-2024,,2025-12-09,,,
3801405,"bournemouth,-christchurch-and-poole-council-local-plan-3",Draft Local Plan – part 2 – ward policies,,"bournemouth,-christchurch-and-poole-council-local-plan",local-plan,https://www.bcpcouncil.gov.uk/planning-and-building-control/planning-policy/bcp-local-plan-and-community-infrastructure-levy-cil/withdrawn-draft-local-plan-and-cil-draft-charging-schedule-2024,,2025-12-09,,,
3801406,"bournemouth,-christchurch-and-poole-council-local-plan-4",Draft Local Plan policy maps by wards,,"bournemouth,-christchurch-and-poole-council-local-plan",policies-map,https://www.bcpcouncil.gov.uk/planning-and-building-control/planning-policy/bcp-local-plan-and-community-infrastructure-levy-cil/withdrawn-draft-local-plan-and-cil-draft-charging-schedule-2024,,2025-12-09,,,
3801407,"bournemouth,-christchurch-and-poole-council-local-plan-5",Representations on Draft Local Plan and CIL,,"bournemouth,-christchurch-and-poole-council-local-plan",local-plan,https://www.bcpcouncil.gov.uk/planning-and-building-control/planning-policy/bcp-local-plan-and-community-infrastructure-levy-cil/withdrawn-draft-local-plan-and-cil-draft-charging-schedule-2024,,2025-12-09,,,
3801408,"bournemouth,-christchurch-and-poole-council-local-plan-6",Local Plan and CIL: evidence,,"bournemouth,-christchurch-and-poole-council-local-plan",local-plan,https://www.bcpcouncil.gov.uk/local-plan,,2025-12-09,,,
3801409,"bournemouth,-christchurch-and-poole-council-local-plan-7",Local Plan and CIL: consultation and engagement,,"bournemouth,-christchurch-and-poole-council-local-plan",local-plan,https://www.bcpcouncil.gov.uk/local-plan,,2025-12-09,,,
3801410,north-yorkshire-council-local-plan-2045-1,Local Development Scheme March 2025,,north-yorkshire-council-local-plan-2045,local-development-scheme,https://www.northyorks.gov.uk/localplan,https://www.northyorks.gov.uk/sites/default/files/2025-03/Local%20Development%20Scheme%20March%202025%20Final.pdf,2025-12-09,,,
3801411,north-yorkshire-council-local-plan-2045-2,Local Plan consultation portal,,north-yorkshire-council-local-plan-2045,local-plan,https://www.northyorks.gov.uk/localplan,,2025-12-09,,,
3801412,north-yorkshire-council-local-plan-1,North Yorkshire Consolidated Planning Policy Framework,,north-yorkshire-council-local-plan,local-plan,https://www.northyorks.gov.uk/planning-and-conservation/planning-policy/consolidated-planning-policy-framework-and-schedule-evidence,https://www.northyorks.gov.uk/sites/default/files/2025-10/NY%20Consolidated%20Planning%20Policy%20Framework%20-%20update%20October%202025.pdf,2025-12-09,,,
3801413,north-yorkshire-council-local-plan-2,Schedule of Planning Policy Evidence Base Documents for North Yorkshire,,north-yorkshire-council-local-plan,local-plan,https://www.northyorks.gov.uk/planning-and-conservation/planning-policy/consolidated-planning-policy-framework-and-schedule-evidence,https://www.northyorks.gov.uk/sites/default/files/2023-12/Schedule%20of%20evidence%20base%20for%20North%20Yorkshire%20-%20accessible.pdf,2025-12-09,,,
3801414,forest-of-dean-district-council-local-plan-2026-1,Allocations Plan,,forest-of-dean-district-council-local-plan-2026,local-plan,https://www.fdean.gov.uk/adopted-local-plan,https://www.fdean.gov.uk/media/ruscm3s1/allocations-plan.pdf,2025-12-09,,,
3801415,forest-of-dean-district-council-local-plan-2026-2,Allocations Plan Adoption Statement,,forest-of-dean-district-council-local-plan-2026,adoption-statement,https://www.fdean.gov.uk/adopted-local-plan,https://www.fdean.gov.uk/media/3zgfkx2j/allocations-plan-adoption-statement.pdf,2025-12-09,,,
3801416,forest-of-dean-district-council-local-plan-2026-3,Forest Of Dean Allocations Plan Inspectors Report,,forest-of-dean-district-council-local-plan-2026,local-plan,https://www.fdean.gov.uk/adopted-local-plan,https://www.fdean.gov.uk/media/awrdjien/forest-of-dean-allocations-plan-inspectors-report.pdf,2025-12-09,,,
3801417,forest-of-dean-district-council-local-plan-2026-4,Allocations Plan Sustainability Appraisal Main Document March 2015,,forest-of-dean-district-council-local-plan-2026,sustainability-appraisal,https://www.fdean.gov.uk/adopted-local-plan,https://www.fdean.gov.uk/media/dv5nwv20/allocations-plan-sustainability-appraisal-main-document-march-2015.pdf,2025-12-09,,,
3801418,forest-of-dean-district-council-local-plan-2026-5,Allocations Plan Sustainability Appraisal adoption statement,,forest-of-dean-district-council-local-plan-2026,adoption-statement,https://www.fdean.gov.uk/adopted-local-plan,https://www.fdean.gov.uk/media/wfvdzqqg/allocations-plan-sustainability-appraisal.pdf,2025-12-09,,,
3801419,forest-of-dean-district-council-local-plan-1,Core Strategy,,forest-of-dean-district-council-local-plan,core-strategy,https://www.fdean.gov.uk/adopted-local-plan,https://www.fdean.gov.uk/media/szzpnzxj/core-strategy.pdf,2025-12-09,,,
3801420,forest-of-dean-district-council-local-plan-2,Core Strategy Adoption Statement,,forest-of-dean-district-council-local-plan,adoption-statement,https://www.fdean.gov.uk/adopted-local-plan,https://www.fdean.gov.uk/media/5icnycdx/core-strategy-adoption-statement.pdf,2025-12-09,,,
3801421,forest-of-dean-district-council-local-plan-3,Core Strategy Examiners Report,,forest-of-dean-district-council-local-plan,core-strategy,https://www.fdean.gov.uk/adopted-local-plan,https://www.fdean.gov.uk/media/x14hs3fg/core-strategy-examiners-report.pdf,2025-12-09,,,
3801422,forest-of-dean-district-council-local-plan-4,Core Strategy Proposals Map Feb 2012,,forest-of-dean-district-council-local-plan,policies-map,https://www.fdean.gov.uk/adopted-local-plan,https://www.fdean.gov.uk/media/tlsl3zel/core-strategy-proposals_map_feb_2012.pdf,2025-12-09,,,
3801423,forest-of-dean-district-council-local-plan-5,Cinderford Northern Quarter Adopted Area Action Plan,,forest-of-dean-district-council-local-plan,area-action-plan,https://www.fdean.gov.uk/adopted-local-plan,https://www.fdean.gov.uk/media/eg1djl4j/cinderford-northern-quarter-adopted-area-action-plan.pdf,2025-12-09,,,
3801424,forest-of-dean-district-council-local-plan-6,Area Action Plan Adoption Statement,,forest-of-dean-district-council-local-plan,adoption-statement,https://www.fdean.gov.uk/adopted-local-plan,https://www.fdean.gov.uk/media/fdnj0r02/area-action-plan-adoption-statement.pdf,2025-12-09,,,
3801425,forest-of-dean-district-council-local-plan-7,Cinderford Area Action Plan Sustainability Appraisal Report Adopted Feb 12,,forest-of-dean-district-council-local-plan,sustainability-appraisal,https://www.fdean.gov.uk/adopted-local-plan,https://www.fdean.gov.uk/media/po1ik5mh/cinderford-area-action-plan-sustainability-appraisal-report-adopted-feb-12.pdf,2025-12-09,,,
3801426,forest-of-dean-district-council-local-plan-2021-1,Local Development Scheme 2025,,forest-of-dean-district-council-local-plan-2021,local-development-scheme,https://www.fdean.gov.uk/planning-and-building/planning-policy/supporting-information-for-the-local-plan-2041/,https://www.fdean.gov.uk/media/wi4j4tfg/local-development-scheme-2025.pdf,2025-12-09,,,
3801427,east-suffolk-council-local-plan-2044-1,Call for Sites Submission Guidance,,east-suffolk-council-local-plan-2044,local-plan,https://www.eastsuffolk.gov.uk/new-local-plan,https://www.eastsuffolk.gov.uk/assets/Planning/Planning-Policy-and-Local-Plans/Local-Plans/Call-for-sites-submission-guidance.pdf,2025-12-09,,,
3801428,east-suffolk-council-local-plan-2044-2,Call for Sites Submission Form,,east-suffolk-council-local-plan-2044,local-plan,https://www.eastsuffolk.gov.uk/new-local-plan,https://www.eastsuffolk.gov.uk/assets/Planning/Planning-Policy-and-Local-Plans/Local-Plans/Call-for-sites-submission-form.pdf,2025-12-09,,,
3801429,north-east-lincolnshire-council-local-plan-1,Draft Plan with Options,,north-east-lincolnshire-council-local-plan,local-plan-regulation-18,https://www.nelincs.gov.uk/draft-plan,https://www.nelincs.gov.uk/assets/uploads/2024/01/2023-LocalPlanReview-DraftPlanWithOptions-Accessible.pdf,2025-12-09,,,
3801430,north-east-lincolnshire-council-local-plan-2,Housing Sites,,north-east-lincolnshire-council-local-plan,local-plan,https://www.nelincs.gov.uk/draft-plan,https://www.nelincs.gov.uk/assets/uploads/2024/01/Figure10.1-HousingSites-1.pdf,2025-12-09,,,
3801431,north-east-lincolnshire-council-local-plan-3,Housing and Economic Development Needs Assessment 2023,,north-east-lincolnshire-council-local-plan,economic-development-strategy,https://www.nelincs.gov.uk/draft-plan,https://www.nelincs.gov.uk/assets/uploads/2024/01/2023-HousingEmploymentDevelopmentNeedsAssessment.pdf,2025-12-09,,,
3801432,north-east-lincolnshire-council-local-plan-4,Green Wedges,,north-east-lincolnshire-council-local-plan,local-plan,https://www.nelincs.gov.uk/draft-plan,https://www.nelincs.gov.uk/assets/uploads/2024/01/2023-GreenWedgesMethodologyAndEvaluation.pdf,2025-12-09,,,
3801433,north-east-lincolnshire-council-local-plan-5,Education Justification Statement 2023,,north-east-lincolnshire-council-local-plan,local-plan,https://www.nelincs.gov.uk/draft-plan,https://www.nelincs.gov.uk/assets/uploads/2024/01/202311-EducationContributionJustificationStatement.pdf,2025-12-09,,,
3801434,north-east-lincolnshire-council-local-plan-6,2023 Sustainability Appraisal,,north-east-lincolnshire-council-local-plan,sustainability-appraisal,https://www.nelincs.gov.uk/planning-and-building-control/planning-policy/sustainability-appraisal/,https://www.nelincs.gov.uk/assets/uploads/2024/01/2023-SustainabilityAppraisalOfNELincsLocalPlanReviewReg18.pdf,2025-12-09,,,
3801435,north-east-lincolnshire-council-local-plan-7,Sustainability Appraisal Scoping Report,,north-east-lincolnshire-council-local-plan,sustainability-appraisal,https://www.nelincs.gov.uk/planning-and-building-control/planning-policy/sustainability-appraisal/,https://www.nelincs.gov.uk/assets/uploads/2023/02/202302-SA-ScopingReport.pdf,2025-12-09,,,
3801436,north-east-lincolnshire-council-local-plan-8,Draft Plan response form,,north-east-lincolnshire-council-local-plan,local-plan-regulation-18,https://www.nelincs.gov.uk/draft-plan,https://www.nelincs.gov.uk/assets/uploads/2024/01/20240111-DraftPlanResponseForm-1.docx,2025-12-09,,,
3801437,north-east-lincolnshire-council-local-plan-9,Scoping and issues paper,,north-east-lincolnshire-council-local-plan,local-plan,https://www.nelincs.gov.uk/planning-and-building-control/planning-policy/local-plan-review/scoping-and-issues/,https://www.nelincs.gov.uk/assets/uploads/2022/09/20220916-ScopingAndIssuesPaper.pdf,2025-12-09,,,
3801438,north-east-lincolnshire-council-local-plan-10,Scoping response form,,north-east-lincolnshire-council-local-plan,local-plan,https://www.nelincs.gov.uk/planning-and-building-control/planning-policy/local-plan-review/scoping-and-issues/,https://www.nelincs.gov.uk/assets/uploads/2022/10/20220930-Scoping-Issues-Questionnaire.docx,2025-12-09,,,
3801439,north-east-lincolnshire-council-local-plan-11,Frequently Asked Questions,,north-east-lincolnshire-council-local-plan,local-plan,https://www.nelincs.gov.uk/planning-and-building-control/planning-policy/local-plan-review,https://www.nelincs.gov.uk/assets/uploads/2024/02/Frequently-Asked-Questions-Local-Plan-3.docx,2025-12-09,,,
3801440,city-of-westminster-local-plan-2019-1,City Plan 2019-2040,,city-of-westminster-local-plan-2019,local-plan,https://www.westminster.gov.uk/planning-policy,https://www.westminster.gov.uk/sites/default/files/media/documents/City%20Plan%202019-2040%20-%20April%202021.pdf,2025-12-09,,,
3801441,city-of-westminster-local-plan-2019-2,Westminster's City Plan 2019-2040 - policies map,,city-of-westminster-local-plan-2019,local-plan,https://www.westminster.gov.uk/planning-policy,https://www.westminster.gov.uk/sites/default/files/media/documents/City%20Plan%202019-2040%20Policies%20Map%20-%20April%202021.pdf,2025-12-09,,,
3801442,city-of-westminster-local-plan-1,Adopted Westminster City Plan 2016,,city-of-westminster-local-plan,local-plan,https://www.westminster.gov.uk/planning-policy,https://www.westminster.gov.uk/sites/default/files/media/documents/core_020_-_adopted_westminster_city_plan_2016_0.pdf,2025-12-09,,,
3801443,city-of-westminster-local-plan-2,Strategic policies map for City Plan,,city-of-westminster-local-plan,local-plan,https://www.westminster.gov.uk/planning-policy,https://www.westminster.gov.uk/sites/default/files/media/documents/Strategic%20policies%20map%20for%20City%20Plan.pdf,2025-12-09,,,
3801444,city-of-westminster-local-plan-3,Introduction - UDP,,city-of-westminster-local-plan,local-plan,https://www.westminster.gov.uk/planning-policy,https://www.westminster.gov.uk/sites/default/files/media/documents/UDP_Introduction.pdf,2025-12-09,,,
3801445,city-of-westminster-local-plan-4,Part 1,,city-of-westminster-local-plan,local-plan,https://www.westminster.gov.uk/planning-policy,https://www.westminster.gov.uk/sites/default/files/media/documents/udp_part1.pdf,2025-12-09,,,
3801446,city-of-westminster-local-plan-5,Chapter 1 - central area,,city-of-westminster-local-plan,local-plan,https://www.westminster.gov.uk/planning-policy,https://www.westminster.gov.uk/sites/default/files/media/documents/Chapter%201%20-%20central%20area.pdf,2025-12-09,,,
3801447,city-of-westminster-local-plan-6,Chapter 2 - commerce - strikethrough,,city-of-westminster-local-plan,local-plan,https://www.westminster.gov.uk/planning-policy,https://www.westminster.gov.uk/sites/default/files/media/documents/Chapter%202%20-%20commerce%20strikethrough.pdf,2025-12-09,,,
3801448,city-of-westminster-local-plan-7,Chapter 3 - housing,,city-of-westminster-local-plan,local-plan,https://www.westminster.gov.uk/planning-policy,https://www.westminster.gov.uk/sites/default/files/media/documents/Chapter%203%20-%20housing.pdf,2025-12-09,,,
3801449,city-of-westminster-local-plan-8,Chapter 04 - transport,,city-of-westminster-local-plan,local-plan,https://www.westminster.gov.uk/planning-policy,https://www.westminster.gov.uk/sites/default/files/media/documents/Chapter%2004%20-%20transport.pdf,2025-12-09,,,
3801450,city-of-westminster-local-plan-9,Chapter 5 - policies for NW Westminster,,city-of-westminster-local-plan,local-plan,https://www.westminster.gov.uk/planning-policy,https://www.westminster.gov.uk/sites/default/files/media/documents/Chapter%205%20-%20policies%20for%20nw%20Westminster.pdf,2025-12-09,,,
3801451,city-of-westminster-local-plan-10,Chapter 6- social and community facilities,,city-of-westminster-local-plan,local-plan,https://www.westminster.gov.uk/planning-policy,https://www.westminster.gov.uk/sites/default/files/media/documents/Chapter%206-%20social%20and%20community%20facilities.pdf,2025-12-09,,,
3801452,city-of-westminster-local-plan-11,Chapter 7 - shopping and services,,city-of-westminster-local-plan,local-plan,https://www.westminster.gov.uk/planning-policy,https://www.westminster.gov.uk/sites/default/files/media/documents/Chapter%207%20-%20shopping%20and%20services.pdf,2025-12-09,,,
3801453,city-of-westminster-local-plan-12,"Chapter 8 - tourism, arts, culture and entertainment maps",,city-of-westminster-local-plan,local-plan,https://www.westminster.gov.uk/planning-policy,https://www.westminster.gov.uk/sites/default/files/media/documents/udpchapter08maps.pdf,2025-12-09,,,
3801454,city-of-westminster-local-plan-13,Chapter 9 - environment,,city-of-westminster-local-plan,local-plan,https://www.westminster.gov.uk/planning-policy,https://www.westminster.gov.uk/sites/default/files/media/documents/Chapter%209%20-%20environment.pdf,2025-12-09,,,
3801455,city-of-westminster-local-plan-14,Chapter 10 - urban design conservation,,city-of-westminster-local-plan,local-plan,https://www.westminster.gov.uk/planning-policy,https://www.westminster.gov.uk/sites/default/files/media/documents/Chapter%2010%20-%20urban%20design%20conservation.pdf,2025-12-09,,,
3801456,city-of-westminster-local-plan-15,Chapter 11 - River Thames,,city-of-westminster-local-plan,local-plan,https://www.westminster.gov.uk/planning-policy,https://www.westminster.gov.uk/sites/default/files/media/documents/Chapter%2011%20-%20River%20Thames.pdf,2025-12-09,,,
3801457,city-of-westminster-local-plan-16,Chapter 12 - Strategic Policies Map,,city-of-westminster-local-plan,local-plan,https://www.westminster.gov.uk/planning-policy,https://www.westminster.gov.uk/sites/default/files/media/documents/Chapter%2012%20-%20Strategic%20Policies%20Map.pdf,2025-12-09,,,
3801458,city-of-westminster-local-plan-17,UDP glossary,,city-of-westminster-local-plan,local-plan,https://www.westminster.gov.uk/planning-policy,https://www.westminster.gov.uk/sites/default/files/media/documents/UDP%20glossary.pdf,2025-12-09,,,
3801459,stockton-on-tees-borough-council-local-plan-2032-1,Local Plan 2019,,stockton-on-tees-borough-council-local-plan-2032,local-plan,https://www.stockton.gov.uk/local-plan,https://www.stockton.gov.uk/media/2518/Local-Plan-2019/pdf/Local_Plan_2019.pdf?m=1645450086087,2025-12-09,,,
3801460,stockton-on-tees-borough-council-local-plan-2032-2,Local plan - map insets,,stockton-on-tees-borough-council-local-plan-2032,local-plan,https://www.stockton.gov.uk/local-plan,https://www.stockton.gov.uk/media/2514/Local-plan-map-insets/pdf/Local_plan_-_map_insets.pdf?m=1645444903380,2025-12-09,,,
3801461,stockton-on-tees-borough-council-local-plan-2032-3,Local plan - map policies,,stockton-on-tees-borough-council-local-plan-2032,local-plan,https://www.stockton.gov.uk/local-plan,https://www.stockton.gov.uk/media/2515/Local-plan-map-policies/pdf/Local_plan_-_map_policies.pdf?m=1645444903687,2025-12-09,,,
3801462,stockton-on-tees-borough-council-local-plan-2032-4,Local plan adoption statement,,stockton-on-tees-borough-council-local-plan-2032,adoption-statement,https://www.stockton.gov.uk/local-plan,https://www.stockton.gov.uk/media/2520/Local-plan-adoption-statement/pdf/Local_plan_adoption_statement.pdf?m=1645466006353,2025-12-09,,,
3801463,stockton-on-tees-borough-council-local-plan-2032-5,Local plan sustainability appraisal adoption statement,,stockton-on-tees-borough-council-local-plan-2032,adoption-statement,https://www.stockton.gov.uk/local-plan,https://www.stockton.gov.uk/media/2521/Local-plan-sustainability-appraisal-adoption-statement/pdf/Local_plan_sustainability_appaisal_adoption_statement.pdf?m=1646054554870,2025-12-09,,,
3801464,stockton-on-tees-borough-council-local-plan-2032-6,Report on the Examination of the Stockton-on-Tees Local Plan,,stockton-on-tees-borough-council-local-plan-2032,local-plan,https://www.stockton.gov.uk/local-plan,https://www.stockton.gov.uk/media/2519/Report-on-the-Examination-of-the-Stockton-on-Tees-Local-Plan/pdf/Report_on_the_examination_of_the_Stockton-on-Tees_Local_Plan.pdf?m=1645460517767,2025-12-09,,,
3801465,stockton-on-tees-borough-council-local-plan-2032-7,Statement of community involvement,,stockton-on-tees-borough-council-local-plan-2032,statement-of-community-involvement,https://www.stockton.gov.uk/local-plan,https://www.stockton.gov.uk/media/2580/Statement-of-community-involvement/pdf/statement-of-community-involvement-nov-16.pdf?m=1645725150457,2025-12-09,,,
3801466,stockton-on-tees-borough-council-local-plan-2032-8,Local Development Scheme 2016 to 2019,,stockton-on-tees-borough-council-local-plan-2032,local-development-scheme,https://www.stockton.gov.uk/local-plan,https://www.stockton.gov.uk/media/2522/Local-Development-Scheme-2016-to-2019/pdf/local-development-scheme-2016-2019.pdf?m=1645466071420,2025-12-09,,,
3801467,london-borough-of-waltham-forest-local-plan-2020-1,Local Plan Part 1: Shaping the Borough 2020-2035,,london-borough-of-waltham-forest-local-plan-2020,local-plan,https://www.walthamforest.gov.uk/localplan,https://www.walthamforest.gov.uk/sites/default/files/2024-02/LBWF_LocalPlan_LP1_Feb2024_compressed.pdf,2025-12-09,,,
3801468,london-borough-of-waltham-forest-local-plan-2020-2,Local Plan Policies Map (February 2024),,london-borough-of-waltham-forest-local-plan-2020,policies-map,https://www.walthamforest.gov.uk/localplan,https://www.walthamforest.gov.uk/sites/default/files/2024-02/LBWF_PolicyMap_2024_reduced.pdf,2025-12-09,,,
3801469,london-borough-of-waltham-forest-local-plan-2020-3,The Adoption Statement,,london-borough-of-waltham-forest-local-plan-2020,adoption-statement,https://www.walthamforest.gov.uk/localplan,https://www.walthamforest.gov.uk/sites/default/files/2024-02/LBWF_LP1_AdoptionStatement.pdf,2025-12-09,,,
3801470,london-borough-of-waltham-forest-local-plan-2020-4,The Sustainability Appraisal Adoption Statement,,london-borough-of-waltham-forest-local-plan-2020,adoption-statement,https://www.walthamforest.gov.uk/localplan,https://www.walthamforest.gov.uk/sites/default/files/2024-02/LBWF_LP1_SA_Adoption_v2.pdf,2025-12-09,,,
3801471,london-borough-of-waltham-forest-local-plan-2031-1,Adopted North London Waste Plan (2022),,london-borough-of-waltham-forest-local-plan-2031,local-plan,https://www.walthamforest.gov.uk/planning-and-building-control/planning-policy/local-plan/north-london-waste-plan,https://www.walthamforest.gov.uk/sites/default/files/2024-09/Adopted%20North%20London%20Waste%20Plan%20March%202022%20AA.pdf,2025-12-09,,,
3801472,london-borough-of-waltham-forest-local-plan-2031-2,Adoption statement,,london-borough-of-waltham-forest-local-plan-2031,adoption-statement,https://www.walthamforest.gov.uk/planning-and-building-control/planning-policy/local-plan/north-london-waste-plan,https://www.walthamforest.gov.uk/sites/default/files/2023-01/Adoption%20Statement%20%28website%29%20AA.pdf,2025-12-09,,,
3801473,london-borough-of-waltham-forest-local-plan-2031-3,Inspectors report,,london-borough-of-waltham-forest-local-plan-2031,inspectors-report,https://www.walthamforest.gov.uk/planning-and-building-control/planning-policy/local-plan/north-london-waste-plan,https://www.walthamforest.gov.uk/sites/default/files/2023-01/NLWP-Inspector-Report-Final%20AA.pdf,2025-12-09,,,
3801474,london-borough-of-waltham-forest-local-plan-2031-4,Main modifications Feb 2021,,london-borough-of-waltham-forest-local-plan-2031,main-modifications,https://www.walthamforest.gov.uk/planning-and-building-control/planning-policy/local-plan/north-london-waste-plan,https://www.walthamforest.gov.uk/sites/default/files/2022-03/NLWP%20Modifications%20February%202021.pdf,2025-12-09,,,
3801475,london-borough-of-waltham-forest-local-plan-2031-5,Main Modifications Appendix,,london-borough-of-waltham-forest-local-plan-2031,main-modifications,https://www.walthamforest.gov.uk/planning-and-building-control/planning-policy/local-plan/north-london-waste-plan,https://www.walthamforest.gov.uk/sites/default/files/2022-03/NLWP-Main-Mods-Appendix-Final.pdf,2025-12-09,,,
3801476,london-borough-of-waltham-forest-local-plan-2031-6,Sustainability appraisal Addendum Report update March 2021,,london-borough-of-waltham-forest-local-plan-2031,sustainability-appraisal,https://www.walthamforest.gov.uk/planning-and-building-control/planning-policy/local-plan/north-london-waste-plan,https://www.walthamforest.gov.uk/sites/default/files/2022-03/Post-EiP-SA-Addendum-Update-March-2021-final.pdf,2025-12-09,,,
3801477,london-borough-of-waltham-forest-local-plan-2031-7,"Sustainability appraisal, January 2019",,london-borough-of-waltham-forest-local-plan-2031,sustainability-appraisal,https://www.walthamforest.gov.uk/planning-and-building-control/planning-policy/local-plan/north-london-waste-plan,https://www.walthamforest.gov.uk/sites/default/files/2022-03/Sustainability%20Appraisal%20Jan%202019.pdf,2025-12-09,,,
3801478,boston-borough-council-local-plan-2011-1,South East Lincolnshire Local Plan 2011-2036,,boston-borough-council-local-plan-2011,local-plan,https://southeastlincslocalplan.org/article/20102/Adopted-Plan,https://southeastlincslocalplan.org/media/21941/South-East-Lincolnshire-Local-Plan-2011-2036/pdf/Local-Plan-text-March-2019.pdf?m=1720710748483,2025-12-09,,,
3801479,boston-borough-council-local-plan-2011-2,Policies map,,boston-borough-council-local-plan-2011,policies-map,https://southeastlincslocalplan.org/article/20102/Adopted-Plan,https://southeastlincslocalplan.org/media/21942/Policies-map/pdf/0-Policies-Map.pdf?m=1720710748117,2025-12-09,,,
3801480,boston-borough-council-local-plan-2011-3,Inset map 1 - Boston,,boston-borough-council-local-plan-2011,local-plan,https://southeastlincslocalplan.org/article/20102/Adopted-Plan,https://southeastlincslocalplan.org/media/21943/Inset-map-1-Boston/pdf/1-Boston.pdf?m=1720710723367,2025-12-09,,,
3801481,london-borough-of-ealing-local-plan-2021-1,The London Plan,,london-borough-of-ealing-local-plan-2021,local-plan,https://www.ealing.gov.uk/info/201164/local_plan/3125/new_local_plan/3,https://www.london.gov.uk/sites/default/files/the_london_plan_2021.pdf,2025-12-09,,,
3801482,bury-metropolitan-borough-council-local-plan-2023-1,Draft Bury Local Plan,,bury-metropolitan-borough-council-local-plan-2023,local-plan,https://www.bury.gov.uk/localplan,https://www.bury.gov.uk/asset-library/draft-local-plan-v7-cabinet.pdf,2025-12-09,,,
3801483,bury-metropolitan-borough-council-local-plan-2023-2,Draft Local Plan Policies Map,,bury-metropolitan-borough-council-local-plan-2023,policies-map,https://www.bury.gov.uk/localplan,https://www.bury.gov.uk/asset-library/policy-map-v2.pdf,2025-12-09,,,
3801484,bury-metropolitan-borough-council-local-plan-1,UDP Part 1: introduction,,bury-metropolitan-borough-council-local-plan,local-plan,https://www.bury.gov.uk/planning-building-control/policy-and-projects/planning-policy/bury-unitary-development-plan,https://www.bury.gov.uk/asset-library/unitary-development-plan-part-1-introduction.pdf,2025-12-09,,,
3801485,bury-metropolitan-borough-council-local-plan-2,UDP Part 1: strategy of the plan,,bury-metropolitan-borough-council-local-plan,local-plan,https://www.bury.gov.uk/planning-building-control/policy-and-projects/planning-policy/bury-unitary-development-plan,https://www.bury.gov.uk/asset-library/unitary-development-plan-part-1-strategy.pdf,2025-12-09,,,
3801486,bury-metropolitan-borough-council-local-plan-3,UDP Part 1: general policies,,bury-metropolitan-borough-council-local-plan,local-plan,https://www.bury.gov.uk/planning-building-control/policy-and-projects/planning-policy/bury-unitary-development-plan,https://www.bury.gov.uk/asset-library/unitary-development-plan-part-1-general-policies.pdf,2025-12-09,,,
3801487,bury-metropolitan-borough-council-local-plan-4,UDP Part 2: chapter 4: Economy,,bury-metropolitan-borough-council-local-plan,local-plan,https://www.bury.gov.uk/planning-building-control/policy-and-projects/planning-policy/bury-unitary-development-plan,https://www.bury.gov.uk/asset-library/unitary-development-plan-part-2-chapter-4-economy.pdf,2025-12-09,,,
3801488,bury-metropolitan-borough-council-local-plan-5,UDP Part 2: chapter 5: Housing,,bury-metropolitan-borough-council-local-plan,local-plan,https://www.bury.gov.uk/planning-building-control/policy-and-projects/planning-policy/bury-unitary-development-plan,https://www.bury.gov.uk/asset-library/unitary-development-plan-part-2-chapter-5-housing.pdf,2025-12-09,,,
3801489,bury-metropolitan-borough-council-local-plan-6,UDP Part 2: chapter 6: Environment,,bury-metropolitan-borough-council-local-plan,local-plan,https://www.bury.gov.uk/planning-building-control/policy-and-projects/planning-policy/bury-unitary-development-plan,https://www.bury.gov.uk/asset-library/unitary-development-plan-part-2-chapter-6-environment.pdf,2025-12-09,,,
3801490,bury-metropolitan-borough-council-local-plan-7,UDP Part 2: chapter 7: Open Land,,bury-metropolitan-borough-council-local-plan,local-plan,https://www.bury.gov.uk/planning-building-control/policy-and-projects/planning-policy/bury-unitary-development-plan,https://www.bury.gov.uk/asset-library/unitary-development-plan-part-2-chapter-7-open-land.pdf,2025-12-09,,,
3801491,bury-metropolitan-borough-council-local-plan-8,UDP Part 2: chapter 8: Recreation and Tourism,,bury-metropolitan-borough-council-local-plan,local-plan,https://www.bury.gov.uk/planning-building-control/policy-and-projects/planning-policy/bury-unitary-development-plan,https://www.bury.gov.uk/asset-library/unitary-development-plan-part-2-chapter-8-recreation-tourism.pdf,2025-12-09,,,
3801492,bury-metropolitan-borough-council-local-plan-9,UDP Part 2: chapter 9: Shopping,,bury-metropolitan-borough-council-local-plan,local-plan,https://www.bury.gov.uk/planning-building-control/policy-and-projects/planning-policy/bury-unitary-development-plan,https://www.bury.gov.uk/asset-library/unitary-development-plan-part-2-chapter-9-shopping.pdf,2025-12-09,,,
3801493,bury-metropolitan-borough-council-local-plan-10,UDP Part 2: chapter 10: Highways and Transportation,,bury-metropolitan-borough-council-local-plan,local-plan,https://www.bury.gov.uk/planning-building-control/policy-and-projects/planning-policy/bury-unitary-development-plan,https://www.bury.gov.uk/asset-library/unitary-development-plan-part-2-chapter-10-transport-highways.pdf,2025-12-09,,,
3801494,bury-metropolitan-borough-council-local-plan-11,UDP Part 2: chapter 11: Community facilities,,bury-metropolitan-borough-council-local-plan,local-plan,https://www.bury.gov.uk/planning-building-control/policy-and-projects/planning-policy/bury-unitary-development-plan,https://www.bury.gov.uk/asset-library/unitary-development-plan-part-2-chapter-11-community-facilities.pdf,2025-12-09,,,
3801495,bury-metropolitan-borough-council-local-plan-12,UDP Part 2: chapter 12: Minerals and waste,,bury-metropolitan-borough-council-local-plan,minerals-and-waste-plan,https://www.bury.gov.uk/planning-building-control/policy-and-projects/planning-policy/bury-unitary-development-plan,https://www.bury.gov.uk/asset-library/unitary-development-plan-part-2-chapter-12-minerals-waste.pdf,2025-12-09,,,
3801496,bury-metropolitan-borough-council-local-plan-13,UDP Part 2: chapter 13: Town Centres,,bury-metropolitan-borough-council-local-plan,retail-and-town-centre-study,https://www.bury.gov.uk/planning-building-control/policy-and-projects/planning-policy/bury-unitary-development-plan,https://www.bury.gov.uk/asset-library/unitary-development-plan-part-2-chapter-13-town-centres.pdf,2025-12-09,,,
3801497,bury-metropolitan-borough-council-local-plan-14,UDP Part 3: chapter 14: Implementation and resources,,bury-metropolitan-borough-council-local-plan,local-plan,https://www.bury.gov.uk/planning-building-control/policy-and-projects/planning-policy/bury-unitary-development-plan,https://www.bury.gov.uk/asset-library/unitary-development-plan-part-3-chapter-14-implementation-and-resources.pdf,2025-12-09,,,
3801498,bury-metropolitan-borough-council-local-plan-15,UDP Part 3: chapter 15: Monitoring and review,,bury-metropolitan-borough-council-local-plan,local-plan,https://www.bury.gov.uk/planning-building-control/policy-and-projects/planning-policy/bury-unitary-development-plan,https://www.bury.gov.uk/asset-library/unitary-development-plan-part-3-chapter-15-monitoring-and-review.pdf,2025-12-09,,,
3801499,bury-metropolitan-borough-council-local-plan-16,Secretary of State letter of saved policies confirmation,,bury-metropolitan-borough-council-local-plan,local-plan,https://www.bury.gov.uk/planning-building-control/policy-and-projects/planning-policy/bury-unitary-development-plan,https://www.bury.gov.uk/asset-library/letter-secretary-of-state-saved-policies-confirmation.pdf,2025-12-09,,,
3801500,bury-metropolitan-borough-council-local-plan-17,Extract from PFE Appendix A: Table A.2 Replaced UDP Policies,,bury-metropolitan-borough-council-local-plan,local-plan,https://www.bury.gov.uk/planning-building-control/policy-and-projects/planning-policy/bury-unitary-development-plan,https://www.bury.gov.uk/asset-library/extract-from-places-for-everyone-appendix-a.pdf,2025-12-09,,,
3801501,blackburn-with-darwen-borough-council-local-plan-2021-1,Blackburn with Darwen Local Plan 2021 to 2037,,blackburn-with-darwen-borough-council-local-plan-2021,local-plan,https://www.blackburn.gov.uk/planning/planning-policies/local-plan-2021-2037,https://blackburn-darwen.org.uk/wp-content/uploads/Blackburn-with-Darwen-Local-Plan-2021-2037.pdf,2025-12-09,,,
3801502,blackburn-with-darwen-borough-council-local-plan-2021-2,Blackburn with Darwen Local Plan 2021 to 2037 Policies Map – Blackburn Section,,blackburn-with-darwen-borough-council-local-plan-2021,policies-map,https://www.blackburn.gov.uk/planning/planning-policies/local-plan-2021-2037,https://blackburn-darwen.org.uk/wp-content/uploads/Local-Plan-Policies-Map-Blackburn-Section-1.pdf,2025-12-09,,,
3801503,blackburn-with-darwen-borough-council-local-plan-2021-3,Blackburn with Darwen Local Plan 2021 to 2037 Policies Map – Darwen Section,,blackburn-with-darwen-borough-council-local-plan-2021,policies-map,https://www.blackburn.gov.uk/planning/planning-policies/local-plan-2021-2037,https://blackburn-darwen.org.uk/wp-content/uploads/Local-Plan-Policies-Map-Darwen-Section-1.pdf,2025-12-09,,,
3801504,blackburn-with-darwen-borough-council-local-plan-2021-4,Blackburn with Darwen Local Plan 2021 to 2037 Policies Map – Rural Section,,blackburn-with-darwen-borough-council-local-plan-2021,policies-map,https://www.blackburn.gov.uk/planning/planning-policies/local-plan-2021-2037,https://blackburn-darwen.org.uk/wp-content/uploads/Local-Plan-Policies-Map-Rural-Section-1.pdf,2025-12-09,,,
3801505,blackburn-with-darwen-borough-council-local-plan-2021-5,Blackburn with Darwen Local Plan 2021 to 2037 Policies Map - Blackburn Town Centre Inset Map,,blackburn-with-darwen-borough-council-local-plan-2021,policies-map,https://www.blackburn.gov.uk/planning/planning-policies/local-plan-2021-2037,https://blackburn-darwen.org.uk/wp-content/uploads/Blackburn-TC-Inset-Map.pdf,2025-12-09,,,
3801506,blackburn-with-darwen-borough-council-local-plan-2021-6,Blackburn with Darwen Local Plan 2021 to 2037 Policies Map - Darwen Town Centre Inset Map,,blackburn-with-darwen-borough-council-local-plan-2021,policies-map,https://www.blackburn.gov.uk/planning/planning-policies/local-plan-2021-2037,https://blackburn-darwen.org.uk/wp-content/uploads/Darwen-TC-Inset-Map.pdf,2025-12-09,,,
3801507,blackburn-with-darwen-borough-council-local-plan-2021-7,Sustainability Appraisal of the Blackburn with Darwen Local Plan,,blackburn-with-darwen-borough-council-local-plan-2021,sustainability-appraisal,https://www.blackburn.gov.uk/planning/planning-policies/local-plan-2021-2037,https://blackburn-darwen.org.uk/wp-content/uploads/Sustainability-Appraisal-of-the-Blackburn-with-Darwen-Local-Plan.pdf,2025-12-09,,,
3801508,blackburn-with-darwen-borough-council-local-plan-2021-8,Addendum Report,,blackburn-with-darwen-borough-council-local-plan-2021,local-plan,https://www.blackburn.gov.uk/planning/planning-policies/local-plan-2021-2037,https://blackburn-darwen.org.uk/wp-content/uploads/Sustainability-Appraisal-Addendum-Report-1.pdf,2025-12-09,,,
3801509,blackburn-with-darwen-borough-council-local-plan-2021-9,Equality Impact Assessment of the Blackburn with Darwen Local Plan,,blackburn-with-darwen-borough-council-local-plan-2021,equalities-impact-assessment,https://www.blackburn.gov.uk/planning/planning-policies/local-plan-2021-2037,https://blackburn-darwen.org.uk/wp-content/uploads/Equality-Impact-Assessment-of-the-Blackburn-with-Darwen-Local-Plan.pdf,2025-12-09,,,
3801510,blackburn-with-darwen-borough-council-local-plan-2021-10,Adoption Statement,,blackburn-with-darwen-borough-council-local-plan-2021,adoption-statement,https://www.blackburn.gov.uk/planning/planning-policies/local-plan-2021-2037,https://blackburn-darwen.org.uk/wp-content/uploads/Adoption-Statement.pdf,2025-12-09,,,
3801511,rossendale-borough-council-local-plan-2019-1,Rossendale Local Plan 2019 to 2036 - Written Statement,,rossendale-borough-council-local-plan-2019,local-plan,https://www.rossendale.gov.uk/localplan,https://www.rossendale.gov.uk/downloads/file/17076/rossendale_local_plan_2019_to_2036_-_written_statement,2025-12-09,,,
3801512,rossendale-borough-council-local-plan-2019-2,Rossendale Local Plan 2019 to 2036 - Policies Map,,rossendale-borough-council-local-plan-2019,policies-map,https://www.rossendale.gov.uk/localplan,https://www.rossendale.gov.uk/downloads/file/17086/rossendale_local_plan_2019_to_2036_-_policies_map,2025-12-09,,,
3801513,rossendale-borough-council-local-plan-2019-3,Rossendale Local Plan 2019 to 2036 - Adoption Statement,,rossendale-borough-council-local-plan-2019,adoption-statement,https://www.rossendale.gov.uk/localplan,https://www.rossendale.gov.uk/downloads/file/17093/rossendale_local_plan_2019_to_2036_-_adoption_statement,2025-12-09,,,
3801514,rossendale-borough-council-local-plan-2019-4,Rossendale Local Plan 2019 to 2036 - Sustainability Appraisal and Strategic Environmental Assessment,,rossendale-borough-council-local-plan-2019,sustainability-appraisal,https://www.rossendale.gov.uk/localplan,https://www.rossendale.gov.uk/downloads/file/17097/rossendale_local_plan_2019_to_2036_-_sustainability_appraisal_and_strategic_environmental_assessment,2025-12-09,,,
3801515,rossendale-borough-council-local-plan-2019-5,Rossendale Local Plan 2019 to 2036 - Inspectors' Report,,rossendale-borough-council-local-plan-2019,local-plan,https://www.rossendale.gov.uk/localplan,https://www.rossendale.gov.uk/downloads/file/17244/rossendale_local_plan_2019_to_2036_-_inspectors_report,2025-12-09,,,
3801516,rossendale-borough-council-local-plan-2019-6,Rossendale Local Plan 2019 to 2036 - Inspectors' Report Further Letter,,rossendale-borough-council-local-plan-2019,local-plan,https://www.rossendale.gov.uk/localplan,https://www.rossendale.gov.uk/downloads/file/17245/rossendale_local_plan_2019_to_2036_-_inspectors_report_further_letter,2025-12-09,,,
3801517,rossendale-borough-council-local-plan-2019-7,Rossendale Local Plan 2019 to 2036 - Appendix to Inspectors' Report - Schedule of Main Modifications,,rossendale-borough-council-local-plan-2019,main-modifications,https://www.rossendale.gov.uk/localplan,https://www.rossendale.gov.uk/downloads/file/18310/rossendale-local-plan-2019-to-2036-appendix-to-inspectors-report-schedule-of-main-modifications,2025-12-09,,,
3801518,rossendale-borough-council-local-plan-2019-8,Local Development Scheme 2019 to 2022,,rossendale-borough-council-local-plan-2019,local-development-scheme,https://www.rossendale.gov.uk/local-plan/adopted-local-plan/3,https://www.rossendale.gov.uk/downloads/file/14598/local-development-scheme-2019-to-2022,2025-12-09,,,
3801519,rossendale-borough-council-local-plan-2019-9,Strategic Housing Market Assessment 2019 update,,rossendale-borough-council-local-plan-2019,strategic-housing-market-assessment,https://www.rossendale.gov.uk/planning-building-control/rossendale-local-plan-2019-2036-examination-pages/2,http://www.rossendale.gov.uk/downloads/file/14930/eb002_-_strategic_housing_market_assessment_2019_update,2025-12-09,,,
3801520,rossendale-borough-council-local-plan-2019-10,Rossendale Local Plan Economic Viability Assessment 2019,,rossendale-borough-council-local-plan-2019,viability-assessment,https://www.rossendale.gov.uk/planning-building-control/rossendale-local-plan-2019-2036-examination-pages/2,http://www.rossendale.gov.uk/downloads/file/14928/eb019_rossendale_local_plan_economic_viability_assessment_2019,2025-12-09,,,
3801521,rossendale-borough-council-local-plan-2019-11,Authority Monitoring Report 2017/18,,rossendale-borough-council-local-plan-2019,authority-monitoring-report,https://www.rossendale.gov.uk/planning-building-control/rossendale-local-plan-2019-2036-examination-pages/2,https://www.rossendale.gov.uk/downloads/file/14771/authority_monitoring_report_for_201718,2025-12-09,,,
3801522,london-borough-of-bromley-local-plan-1,Bromley Local Plan,,london-borough-of-bromley-local-plan,local-plan,https://www.bromley.gov.uk/localplan,https://www.bromley.gov.uk/downloads/file/51/bromley-local-plan,2025-12-09,,,
3801523,london-borough-of-bromley-local-plan-2,Local Plan Map Views of Local Importance,,london-borough-of-bromley-local-plan,local-plan,https://www.bromley.gov.uk/localplan,https://www.bromley.gov.uk/downloads/file/1706/local-plan-map-views-of-local-importance,2025-12-09,,,
3801524,london-borough-of-bromley-local-plan-3,Bromley Statement of Community Involvement Consultation Draft October 2025,,london-borough-of-bromley-local-plan,statement-of-community-involvement,https://www.bromley.gov.uk/downloads/download/701/bromley-statement-of-community-involvement-consultation-draft,https://www.bromley.gov.uk/downloads/file/3831/bromley-statement-of-community-involvement-consultation-draft-october-2025,2025-12-09,,,
3801525,tendring-district-council-local-plan-2013-1,Tendring District Local Plan 2013-2033 and Beyond: North Essex Authorities Shared Strategic Section 1,,tendring-district-council-local-plan-2013,local-plan,https://www.tendringdc.gov.uk/localplan,https://www.tendringdc.gov.uk/sites/default/files/documents/planning/Planning_Policy/Section_1/Tendring%20District%20Local%20Plan%202013-2033%20and%20Beyond%20-%20Section%201_AC.pdf,2025-12-09,,,
3801526,tendring-district-council-local-plan-2013-2,Section 1 Adoption Statement,,tendring-district-council-local-plan-2013,adoption-statement,https://www.tendringdc.gov.uk/localplan,https://www.tendringdc.gov.uk/sites/default/files/documents/planning/Planning_Policy/Section_1/Adoption%20Statement%20for%20Section%201%20Local%20Plan.pdf,2025-12-09,,,
3801527,tendring-district-council-local-plan-2013-3,Inspector's Report on the Examination of NEA S1 - 10th December 2020,,tendring-district-council-local-plan-2013,inspectors-report,https://www.tendringdc.gov.uk/localplan,https://www.tendringdc.gov.uk/sites/default/files/documents/planning/Planning_Policy/S1_Correspondence/Examiners_Report_on_the_Examination_of_NEA_S1___10th_Dec_2020.pdf,2025-12-09,,,
3801528,tendring-district-council-local-plan-2013-4,Schedule of Recommended Main Modifications NEA S1 - 10th December 2020,,tendring-district-council-local-plan-2013,main-modifications,https://www.tendringdc.gov.uk/localplan,https://www.tendringdc.gov.uk/sites/default/files/documents/planning/Planning_Policy/S1_Correspondence/Examiners_Schedule_of_Reccomended_Main_Modifcations_NEA_S1___10th_Dec_2020.pdf,2025-12-09,,,
3801529,tendring-district-council-local-plan-2013-5,PINS Covering Letter to Examiners Report on NEA S1 - 10th December 2020,,tendring-district-council-local-plan-2013,local-plan,https://www.tendringdc.gov.uk/localplan,https://www.tendringdc.gov.uk/sites/default/files/documents/planning/Planning_Policy/S1_Correspondence/PINS_Covering_Letter_to_Examiners_Reoprt_on_NEA_S1___10th_Dec_2020.pdf,2025-12-09,,,
3801530,tendring-district-council-local-plan-2013-6,Tendring District Local Plan 2013-2033 and Beyond: Section 2,,tendring-district-council-local-plan-2013,local-plan,https://www.tendringdc.gov.uk/localplan,https://www.tendringdc.gov.uk/sites/default/files/documents/planning/Planning_Policy/Section_2/Tendring%20District%20Local%20Plan%202013-2033%20and%20Beyond%20-%20Section%202_AC.pdf,2025-12-09,,,
3801531,tendring-district-council-local-plan-2013-7,Section 2 Adoption Statement,,tendring-district-council-local-plan-2013,adoption-statement,https://www.tendringdc.gov.uk/localplan,https://www.tendringdc.gov.uk/sites/default/files/documents/planning/Planning_Policy/Section_2/Section%202%20Adoption%20Statement.pdf,2025-12-09,,,
3801532,tendring-district-council-local-plan-2013-8,Inspectors' Report on the Examination of Section 2 - 24th November 2021,,tendring-district-council-local-plan-2013,local-plan,https://www.tendringdc.gov.uk/localplan,https://www.tendringdc.gov.uk/sites/default/files/documents/planning/Planning_Policy/S2Examination/final_report/Tendring%20Local%20Plan%20-%20Final%20Report.pdf,2025-12-09,,,
3801533,tendring-district-council-local-plan-2013-9,Inspectors' Schedule of Recommended Main Modifications Section 2 - 24th November 2021,,tendring-district-council-local-plan-2013,main-modifications,https://www.tendringdc.gov.uk/localplan,https://www.tendringdc.gov.uk/sites/default/files/documents/planning/Planning_Policy/S2Examination/final_report/Tendring%20Local%20Plan%20-%20Main%20Modifications.pdf,2025-12-09,,,
3801534,tendring-district-council-local-plan-2013-10,PINS Covering Letter to Inspectors' Report on Section 2 - 24th November 2021,,tendring-district-council-local-plan-2013,local-plan,https://www.tendringdc.gov.uk/localplan,https://www.tendringdc.gov.uk/sites/default/files/documents/planning/Planning_Policy/S2Examination/final_report/PINS%20Covering%20Letter%2024Nov21.pdf,2025-12-09,,,
3801535,tendring-district-council-local-plan-2013-11,Policies Map - West Tendring District,,tendring-district-council-local-plan-2013,policies-map,https://www.tendringdc.gov.uk/localplan,https://www.tendringdc.gov.uk/sites/default/files/documents/planning/Planning_Policy/Section_2/Policies%20Map%20-%20West%20Tendring.pdf,2025-12-09,,,
3801536,tendring-district-council-local-plan-2013-12,Policies Map - South East Tendring District,,tendring-district-council-local-plan-2013,policies-map,https://www.tendringdc.gov.uk/localplan,https://www.tendringdc.gov.uk/sites/default/files/documents/planning/Planning_Policy/Section_2/Policies%20Map%20-%20South%20East%20Tendring.pdf,2025-12-09,,,
3801537,tendring-district-council-local-plan-2013-13,Policies Map - North East Tendring District,,tendring-district-council-local-plan-2013,policies-map,https://www.tendringdc.gov.uk/localplan,https://www.tendringdc.gov.uk/sites/default/files/documents/planning/Planning_Policy/Section_2/Policies%20Map%20-%20North%20East%20Tendring.pdf,2025-12-09,,,
3801538,tendring-district-council-local-plan-2013-14,Policies Map - Tendring District,,tendring-district-council-local-plan-2013,policies-map,https://www.tendringdc.gov.uk/localplan,https://www.tendringdc.gov.uk/sites/default/files/documents/planning/Planning_Policy/Section_2/Policies%20Map%20-%20Tendring%20District.pdf,2025-12-09,,,
3801539,tendring-district-council-local-plan-2013-15,Policies Map - Key,,tendring-district-council-local-plan-2013,policies-map,https://www.tendringdc.gov.uk/localplan,https://www.tendringdc.gov.uk/sites/default/files/documents/planning/Planning_Policy/Section_2/Policies%20Map%20-%20Key.pdf,2025-12-09,,,
3801540,horsham-district-council-local-plan-1,Horsham District Planning Framework,,horsham-district-council-local-plan,local-plan-adopted,https://horsham.gov.uk/planning/local-plan/read-the-current-local-plan,,2025-12-09,,,
3801541,south-cambridgeshire-district-council-local-plan-1,Greater Cambridge Local Plan: the 20-year master plan for the Greater Cambridge area,,south-cambridgeshire-district-council-local-plan,local-plan,https://www.greatercambridgeplanning.org/emerging-plans-and-guidance/,,2025-12-09,,,
3801542,south-cambridgeshire-district-council-local-plan-2,Greater Cambridge Local Plan,,south-cambridgeshire-district-council-local-plan,local-plan,https://www.scambs.gov.uk/planning-and-building-control/local-plan-and-neighbourhood-planning,,2025-12-09,,,
3801543,south-cambridgeshire-district-council-local-plan-3,Health Impact Assessment SPD,,south-cambridgeshire-district-council-local-plan,health-impact-assessment,https://www.scambs.gov.uk/planning-and-building-control/local-plan-and-neighbourhood-planning,,2025-12-09,,,
3801544,south-cambridgeshire-district-council-local-plan-4,Strategic Flood Risk Assessment (GCSP),,south-cambridgeshire-district-council-local-plan,strategic-flood-risk-assessment,https://www.scambs.gov.uk/planning-and-building-control/local-plan-and-neighbourhood-planning,,2025-12-09,,,
3801545,south-cambridgeshire-district-council-local-plan-5,North East Cambridge Area Action Plan,,south-cambridgeshire-district-council-local-plan,area-action-plan,https://www.greatercambridgeplanning.org/emerging-plans-and-guidance/,,2025-12-09,,,
3801546,south-cambridgeshire-district-council-local-plan-6,The Adopted Development Plan,,south-cambridgeshire-district-council-local-plan,local-plan,https://www.scambs.gov.uk/planning-and-building-control/local-plan-and-neighbourhood-planning,,2025-12-09,,,
3801547,south-cambridgeshire-district-council-local-plan-7,Open Space in New Developments SPD,,south-cambridgeshire-district-council-local-plan,supplementary-planning-document,https://www.scambs.gov.uk/planning-and-building-control/local-plan-and-neighbourhood-planning,,2025-12-09,,,
3801548,south-cambridgeshire-district-council-local-plan-8,Trees and Development Sites SPD,,south-cambridgeshire-district-council-local-plan,supplementary-planning-document,https://www.scambs.gov.uk/planning-and-building-control/local-plan-and-neighbourhood-planning,,2025-12-09,,,
3801549,basingstoke-and-deane-borough-council-local-plan-2011-1,Adopted Local Plan (2011 to 2029),,basingstoke-and-deane-borough-council-local-plan-2011,local-plan-adopted,https://www.basingstoke.gov.uk/planningpolicy,https://www.basingstoke.gov.uk/content/doclib/1592.pdf,2025-12-09,,,
3801550,basingstoke-and-deane-borough-council-local-plan-2011-2,Local Plan Adoption Statement,,basingstoke-and-deane-borough-council-local-plan-2011,adoption-statement,https://www.basingstoke.gov.uk/planningpolicy,https://www.basingstoke.gov.uk/content/page/44903/Local%20Plan%20Adoption%20Statement.pdf,2025-12-09,,,
3801551,basingstoke-and-deane-borough-council-local-plan-2011-3,SEA Adoption Statement,,basingstoke-and-deane-borough-council-local-plan-2011,adoption-statement,https://www.basingstoke.gov.uk/planningpolicy,https://www.basingstoke.gov.uk/content/page/44905/SEA%20Adoption%20Statement.pdf,2025-12-09,,,
3801552,basingstoke-and-deane-borough-council-local-plan-2011-4,Basingstoke Policies Map,,basingstoke-and-deane-borough-council-local-plan-2011,policies-map,https://www.basingstoke.gov.uk/adopted-policies-map,https://www.basingstoke.gov.uk/content/page/45145/BASINGSTOKE%20POLICIES%20MAP.pdf,2025-12-09,,,
3801553,basingstoke-and-deane-borough-council-local-plan-2011-5,Inspectors report - April 2016,,basingstoke-and-deane-borough-council-local-plan-2011,inspectors-report,https://www.basingstoke.gov.uk/localplanexamination,https://www.basingstoke.gov.uk/content/page/44160/Inspectors%20Report%20April%202016.pdf,2025-12-09,,,
3801554,redditch-borough-council-local-plan-1,Borough of Redditch Local Plan,,redditch-borough-council-local-plan,supplementary-planning-document,https://www.redditchbc.gov.uk/council/policy/planning-policy/,,2025-12-09,,,
3801555,redditch-borough-council-local-plan-2,Borough of Redditch Local Plan Review,,redditch-borough-council-local-plan,local-plan-review,https://www.redditchbc.gov.uk/council/policy/planning-policy/,,2025-12-09,,,
3801556,london-borough-of-sutton-local-plan-2016-1,Sutton Local Plan (2018),,london-borough-of-sutton-local-plan-2016,local-plan,https://www.sutton.gov.uk/-/local-plan-evidence-library,https://www.sutton.gov.uk/documents/d/guest/sutton-local-plan-2018-,2025-12-09,,,
3801557,london-borough-of-sutton-local-plan-2016-2,Sutton Local Plan Appendix (2018),,london-borough-of-sutton-local-plan-2016,local-plan,https://www.sutton.gov.uk/-/local-plan-evidence-library,https://www.sutton.gov.uk/documents/d/guest/sutton-local-plan-appendix-2018-,2025-12-09,,,
3801558,london-borough-of-sutton-local-plan-2024-1,Local Plan Issues and Preferred Options document (2024),,london-borough-of-sutton-local-plan-2024,local-plan-regulation-18,https://www.sutton.gov.uk/-/local-plan-evidence-library,https://www.sutton.gov.uk/documents/d/guest/local-plan-issues-and-preferred-options-2024-,2025-12-09,,,
3801559,london-borough-of-sutton-local-plan-2024-2,Local Plan Issues and Preferred Options Appendices: Changes to the Policies Map (2024),,london-borough-of-sutton-local-plan-2024,policies-map,https://www.sutton.gov.uk/-/local-plan-evidence-library,https://www.sutton.gov.uk/documents/d/guest/local-plan-proposed-changes-to-the-policies-map-2024-,2025-12-09,,,
3801560,london-borough-of-sutton-local-plan-2024-3,Sustainability Appraisal on the Local Plan Issues and Preferred Options (2024),,london-borough-of-sutton-local-plan-2024,sustainability-appraisal,https://www.sutton.gov.uk/-/local-plan-evidence-library,https://www.sutton.gov.uk/documents/d/guest/sustainability-appraisal-on-the-issues-and-preferred-options-document-2024-,2025-12-09,,,
3801561,london-borough-of-sutton-local-plan-2024-4,Local Plan Issues and Preferred Options Equalities Impact Assessment Report 2024,,london-borough-of-sutton-local-plan-2024,equalities-impact-assessment,https://www.sutton.gov.uk/-/local-plan-evidence-library,https://www.sutton.gov.uk/documents/d/guest/local-plan-issues-and-preferred-options-equalities-impact-assessment-report-2024,2025-12-09,,,
3801562,london-borough-of-sutton-local-plan-1,South London Waste Plan (2022),,london-borough-of-sutton-local-plan,local-plan,https://www.sutton.gov.uk/-/local-plan-evidence-library,https://www.sutton.gov.uk/documents/d/guest/south-london-waste-plan-2022-,2025-12-09,,,
3801563,lancaster-city-council-local-plan-2011-1,Policies Map District Wide,,lancaster-city-council-local-plan-2011,policies-map,https://www.lancaster.gov.uk/planning/planning-policy/about-local-plan,https://www.lancaster.gov.uk/assets/attach/14308/CELPR_PoliciesMap_District.pdf,2025-12-09,,,
3801564,lancaster-city-council-local-plan-2011-2,Policies Map Insert 1 Main Urban Areas,,lancaster-city-council-local-plan-2011,policies-map,https://www.lancaster.gov.uk/planning/planning-policy/about-local-plan,https://www.lancaster.gov.uk/assets/attach/14309/CELPR_PoliciesMap_Inset_1.pdf,2025-12-09,,,
3801565,lancaster-city-council-local-plan-2011-3,"Policies Map Insert 2, 3, 4 & 5 (Lancaster City Centre, Carnforth, Morecambe Town Centre and Junction 33)",,lancaster-city-council-local-plan-2011,policies-map,https://www.lancaster.gov.uk/planning/planning-policy/about-local-plan,https://www.lancaster.gov.uk/assets/attach/14310/CELPR_PoliciesMap_Inset_2_3_4_5.pdf,2025-12-09,,,
3801566,lancaster-city-council-local-plan-2011-4,Policies Map Rural Villages,,lancaster-city-council-local-plan-2011,policies-map,https://www.lancaster.gov.uk/planning/planning-policy/about-local-plan,https://www.lancaster.gov.uk/assets/attach/10429/Policies-Map_Rural-Villages.pdf,2025-12-09,,,
3801567,lancaster-city-council-local-plan-2011-5,Policies Map Sustainable Settlements,,lancaster-city-council-local-plan-2011,policies-map,https://www.lancaster.gov.uk/planning/planning-policy/about-local-plan,https://www.lancaster.gov.uk/assets/attach/10430/Policies-Map_Sustainable-Settlements.pdf,2025-12-09,,,
3801568,lancaster-city-council-local-plan-1,AONB Policies map,,lancaster-city-council-local-plan,policies-map,https://www.lancaster.gov.uk/planning/planning-policy/about-local-plan,https://www.lancaster.gov.uk/assets/attach/5090/AS_AONB_AdoptedVersion_March2019_A0P.pdf,2025-12-09,,,
3801569,lancaster-city-council-local-plan-2,Inset map book,,lancaster-city-council-local-plan,local-plan,https://www.lancaster.gov.uk/planning/planning-policy/about-local-plan,https://www.lancaster.gov.uk/assets/attach/5091/AS_AONB_AdoptedVersion_March2019_Mapbook_FinalVersion.pdf,2025-12-09,,,
3801570,woking-borough-council-local-plan-1,Have your say on our new local plan,,woking-borough-council-local-plan,local-plan,https://woking.gov.uk/planning,,2025-12-09,,,
3801571,dartmoor-national-park-authority-local-plan-2018-1,Dartmoor Local Plan 2018-2036,,dartmoor-national-park-authority-local-plan-2018,local-plan,https://www.dartmoor.gov.uk/localplan,https://www.dartmoor.gov.uk/__data/assets/pdf_file/0030/571827/Dartmoor-Local-Plan-20182036.pdf.pdf,2025-12-09,,,
3801572,dartmoor-national-park-authority-local-plan-2018-2,Dartmoor's Greenhouse Gas Assessment,,dartmoor-national-park-authority-local-plan-2018,local-plan,https://www.dartmoor.gov.uk/planning-policy,https://www.dartmoor.gov.uk/__data/assets/pdf_file/0020/472430/Dartmoor-National-Park-Greenhouse-Gas-Assessment-Summary-Report.pdf,2025-12-09,,,
3801573,dartmoor-national-park-authority-local-plan-2018-3,Statement of Community Involvement,,dartmoor-national-park-authority-local-plan-2018,statement-of-community-involvement,https://www.dartmoor.gov.uk/planning-policy,https://www.dartmoor.gov.uk/__data/assets/pdf_file/0028/571807/SCI-2025-Final-New.pdf,2025-12-09,,,
3801574,castle-point-borough-council-local-plan-1,Saved policies,,castle-point-borough-council-local-plan,local-plan,https://www.castlepoint.gov.uk/adopted-local-plan,https://www.castlepoint.gov.uk/download.cfm?doc=docm93jijm4n1267.pdf&ver=1498,2025-12-09,,,
3801575,castle-point-borough-council-local-plan-2,1998 Adopted Local Plan Conformity Check,,castle-point-borough-council-local-plan,local-plan-adopted,https://www.castlepoint.gov.uk/adopted-local-plan,https://www.castlepoint.gov.uk/download.cfm?doc=docm93jijm4n1255.pdf&ver=1486,2025-12-09,,,
3801576,castle-point-borough-council-local-plan-3,Introduction,,castle-point-borough-council-local-plan,local-plan,https://www.castlepoint.gov.uk/adopted-local-plan,https://www.castlepoint.gov.uk/download.cfm?doc=docm93jijm4n1261.pdf&ver=1492,2025-12-09,,,
3801577,castle-point-borough-council-local-plan-4,The Green Belt,,castle-point-borough-council-local-plan,local-plan,https://www.castlepoint.gov.uk/adopted-local-plan,https://www.castlepoint.gov.uk/download.cfm?doc=docm93jijm4n1264.pdf&ver=1495,2025-12-09,,,
3801578,castle-point-borough-council-local-plan-5,Environment and Conservation,,castle-point-borough-council-local-plan,local-plan,https://www.castlepoint.gov.uk/adopted-local-plan,https://www.castlepoint.gov.uk/download.cfm?doc=docm93jijm4n1259.pdf&ver=1490,2025-12-09,,,
3801579,castle-point-borough-council-local-plan-6,Housing and Population,,castle-point-borough-council-local-plan,local-plan,https://www.castlepoint.gov.uk/adopted-local-plan,https://www.castlepoint.gov.uk/download.cfm?doc=docm93jijm4n1260.pdf&ver=1491,2025-12-09,,,
3801580,castle-point-borough-council-local-plan-7,Economic Development,,castle-point-borough-council-local-plan,economic-development-strategy,https://www.castlepoint.gov.uk/adopted-local-plan,https://www.castlepoint.gov.uk/download.cfm?doc=docm93jijm4n1258.pdf&ver=1489,2025-12-09,,,
3801581,castle-point-borough-council-local-plan-8,Shopping,,castle-point-borough-council-local-plan,local-plan,https://www.castlepoint.gov.uk/adopted-local-plan,https://www.castlepoint.gov.uk/download.cfm?doc=docm93jijm4n1265.pdf&ver=1496,2025-12-09,,,
3801582,castle-point-borough-council-local-plan-9,Transport,,castle-point-borough-council-local-plan,local-plan,https://www.castlepoint.gov.uk/adopted-local-plan,https://www.castlepoint.gov.uk/download.cfm?doc=docm93jijm4n1266.pdf&ver=1497,2025-12-09,,,
3801583,castle-point-borough-council-local-plan-10,Recreation,,castle-point-borough-council-local-plan,local-plan,https://www.castlepoint.gov.uk/adopted-local-plan,https://www.castlepoint.gov.uk/download.cfm?doc=docm93jijm4n1262.pdf&ver=1493,2025-12-09,,,
3801584,castle-point-borough-council-local-plan-11,Community Facilities,,castle-point-borough-council-local-plan,local-plan,https://www.castlepoint.gov.uk/adopted-local-plan,https://www.castlepoint.gov.uk/download.cfm?doc=docm93jijm4n1257.pdf&ver=1488,2025-12-09,,,
3801585,castle-point-borough-council-local-plan-12,Appendices,,castle-point-borough-council-local-plan,local-plan,https://www.castlepoint.gov.uk/adopted-local-plan,https://www.castlepoint.gov.uk/download.cfm?doc=docm93jijm4n1256.pdf&ver=1487,2025-12-09,,,
3801586,castle-point-borough-council-local-plan-13,Appendix 19,,castle-point-borough-council-local-plan,local-plan,https://www.castlepoint.gov.uk/adopted-local-plan,https://www.castlepoint.gov.uk/download.cfm?doc=docm93jijm4n1263.pdf&ver=1494,2025-12-09,,,
3801587,castle-point-borough-council-local-plan-14,Proposals Map and Key,,castle-point-borough-council-local-plan,policies-map,https://www.castlepoint.gov.uk/adopted-local-plan,https://www.castlepoint.gov.uk/download.cfm?doc=docm93jijm4n1269.pdf&ver=1500,2025-12-09,,,
3801588,castle-point-borough-council-local-plan-15,Proposals Map Town Centre Inserts,,castle-point-borough-council-local-plan,policies-map,https://www.castlepoint.gov.uk/adopted-local-plan,https://www.castlepoint.gov.uk/download.cfm?doc=docm93jijm4n1268.pdf&ver=1499,2025-12-09,,,
3801589,castle-point-borough-council-local-plan-2026-1,Castle Point Plan Regulation 19 Further Consultation,,castle-point-borough-council-local-plan-2026,local-plan-regulation-19,https://consultation.castlepoint.gov.uk/cpplan/,,2025-12-09,,,
3801590,castle-point-borough-council-local-plan-2026-2,Equality Impact Assessment of the Castle Point Plan (Regulation 19 Draft),,castle-point-borough-council-local-plan-2026,equalities-impact-assessment,https://consultation.castlepoint.gov.uk/cpplan/,,2025-12-09,,,
3801591,castle-point-borough-council-local-plan-2026-3,Sustainability Appraisal and Strategic Environmental Assessment of the Castle Point Plan (Regulation 19 Draft),,castle-point-borough-council-local-plan-2026,sustainability-appraisal,https://consultation.castlepoint.gov.uk/cpplan/,,2025-12-09,,,
3801592,castle-point-borough-council-local-plan-2026-4,Habitats Regulations Assessment of the Castle Point Plan (Regulation 19 Draft),,castle-point-borough-council-local-plan-2026,habitats-regulations-assessment,https://consultation.castlepoint.gov.uk/cpplan/,,2025-12-09,,,
3801593,city-of-wolverhampton-council-local-plan-2042-1,Main Document WLP Reg 19,,city-of-wolverhampton-council-local-plan-2042,local-plan,https://www.wolverhampton.gov.uk/planning/planning-policies/wolverhampton-local-plan/how-to-make-representations,https://www.wolverhampton.gov.uk/sites/default/files/2024-11/Main%20Document%20WLP%20Reg%2019.pdf,2025-12-09,,,
3801594,city-of-wolverhampton-council-local-plan-2042-2,Summary Leaflet WLP Reg 19,,city-of-wolverhampton-council-local-plan-2042,local-plan,https://www.wolverhampton.gov.uk/planning/planning-policies/wolverhampton-local-plan/how-to-make-representations,https://www.wolverhampton.gov.uk/sites/default/files/2024-11/Summary%20Leaflet%20WLP%20Reg%2019.pdf,2025-12-09,,,
3801595,city-of-wolverhampton-council-local-plan-2042-3,Sustainability Appraisal Non-Technical Summary WLP Reg 19,,city-of-wolverhampton-council-local-plan-2042,sustainability-appraisal,https://www.wolverhampton.gov.uk/planning/planning-policies/wolverhampton-local-plan/how-to-make-representations,https://www.wolverhampton.gov.uk/sites/default/files/2024-11/Sustainability%20Appraisal%20Non-Technical%20Summary%20WLP%20Reg%2019.pdf,2025-12-09,,,
3801596,city-of-wolverhampton-council-local-plan-2042-4,Sustainability Appraisal Main Report WLP Reg 19,,city-of-wolverhampton-council-local-plan-2042,sustainability-appraisal,https://www.wolverhampton.gov.uk/planning/planning-policies/wolverhampton-local-plan/how-to-make-representations,https://www.wolverhampton.gov.uk/sites/default/files/2024-11/Sustainability%20Appraisal%20Main%20Report%20WLP%20Reg%2019.pdf,2025-12-09,,,
3801597,city-of-wolverhampton-council-local-plan-2042-5,Sustainability Appraisal Appendices WLP Reg 19,,city-of-wolverhampton-council-local-plan-2042,sustainability-appraisal,https://www.wolverhampton.gov.uk/planning/planning-policies/wolverhampton-local-plan/how-to-make-representations,https://www.wolverhampton.gov.uk/sites/default/files/2024-11/Sustainability%20Appraisal%20Appendices%20WLP%20Reg%2019.pdf,2025-12-09,,,
3801598,city-of-wolverhampton-council-local-plan-2042-6,Wolverhampton Policies Map WLP Reg 19,,city-of-wolverhampton-council-local-plan-2042,policies-map,https://www.wolverhampton.gov.uk/planning/planning-policies/wolverhampton-local-plan/how-to-make-representations,https://www.wolverhampton.gov.uk/sites/default/files/2024-11/Wolverhampton%20Policies%20Map%20WLP%20Reg%2019.pdf,2025-12-09,,,
3801599,city-of-wolverhampton-council-local-plan-2042-7,Notice of Examination Hearings,,city-of-wolverhampton-council-local-plan-2042,examination-hearing-statement,https://www.wolverhampton.gov.uk/localplan,https://www.wolverhampton.gov.uk/sites/default/files/2025-10/Notice-of-Examination-Hearings.pdf,2025-12-09,,,
3801600,city-of-wolverhampton-council-local-plan-2042-8,"Inspectors' Matters, Issues and Questions (MIQs)",,city-of-wolverhampton-council-local-plan-2042,local-plan,https://www.localplanservices.co.uk/wolverhamptonlpexam,https://017f5bf8-ff4d-415b-be58-79dae2836c33.usrfiles.com/ugd/017f5b_e5e78890568d47e1b1aa9d0d6b2f8a98.pdf,2025-12-09,,,
3801601,city-of-wolverhampton-council-local-plan-2042-9,Spatial Strategy Topic Paper,,city-of-wolverhampton-council-local-plan-2042,local-plan,https://www.localplanservices.co.uk/wolverhamptonlpexam,https://017f5bf8-ff4d-415b-be58-79dae2836c33.usrfiles.com/ugd/017f5b_4375074dde5b4f038fb38475de967f6d.pdf,2025-12-09,,,
3801602,city-of-wolverhampton-council-local-plan-2042-10,Housing Topic Paper,,city-of-wolverhampton-council-local-plan-2042,local-plan,https://www.localplanservices.co.uk/wolverhamptonlpexam,https://017f5bf8-ff4d-415b-be58-79dae2836c33.usrfiles.com/ugd/017f5b_d28708419f9744828732c4fc59e15825.pdf,2025-12-09,,,
3801603,city-of-wolverhampton-council-local-plan-2042-11,Gypsy & Traveller Accommodation Topic Paper,,city-of-wolverhampton-council-local-plan-2042,local-plan,https://www.localplanservices.co.uk/wolverhamptonlpexam,https://017f5bf8-ff4d-415b-be58-79dae2836c33.usrfiles.com/ugd/017f5b_4bab2544c5524ff9883c7658feec021e.pdf,2025-12-09,,,
3801604,city-of-wolverhampton-council-local-plan-2042-12,Employment Land Topic Paper,,city-of-wolverhampton-council-local-plan-2042,local-plan,https://www.localplanservices.co.uk/wolverhamptonlpexam,https://017f5bf8-ff4d-415b-be58-79dae2836c33.usrfiles.com/ugd/017f5b_3e818128756748db9941862b001a6f3e.pdf,2025-12-09,,,
3801605,city-of-wolverhampton-council-local-plan-2042-13,Duty to Co-operate Topic Paper,,city-of-wolverhampton-council-local-plan-2042,local-plan,https://www.localplanservices.co.uk/wolverhamptonlpexam,https://017f5bf8-ff4d-415b-be58-79dae2836c33.usrfiles.com/ugd/017f5b_abd0d68a369946478ea691e1c93b6a29.pdf,2025-12-09,,,
3801606,city-of-wolverhampton-council-local-plan-2042-14,Regulation 19 Representations,,city-of-wolverhampton-council-local-plan-2042,local-plan-regulation-19,https://www.localplanservices.co.uk/wolverhamptonlpexam,https://www.localplanservices.co.uk/_files/ugd/017f5b_025ea36531814566af69d2a7b919e280.pdf,2025-12-09,,,
3801607,gateshead-metropolitan-borough-council-local-plan-2010-1,"Core Strategy and Urban Core Plan for Gateshead and Newcastle upon Tyne, 2010-2030",,gateshead-metropolitan-borough-council-local-plan-2010,local-plan,https://www.gateshead.gov.uk/article/3251/Core-Strategy-and-Urban-Core-Plan-for-Gateshead-and-Newcastle-2010-2030,https://www.gateshead.gov.uk/media/7765/Core-Strategy-and-Urban-Core-Plan-for-Gateshead-and-Newcastle/pdf/Core-Strategy-and-Urban-Core-Plan-for-Gateshead-and-Newcastle_SMALLER.pdf?m=1526313509250,2025-12-09,,,
3801608,gateshead-metropolitan-borough-council-local-plan-2010-2,The Inspectors Report,,gateshead-metropolitan-borough-council-local-plan-2010,inspection-report,https://www.gateshead.gov.uk/article/3251/Core-Strategy-and-Urban-Core-Plan-for-Gateshead-and-Newcastle-2010-2030,https://www.gateshead.gov.uk/media/1972/Inspectors-Final-Report-2014/pdf/Inspectors-Final-Report.pdf?m=1531312873687,2025-12-09,,,
3801609,gateshead-metropolitan-borough-council-local-plan-2010-3,Annex 1 - Main modifications,,gateshead-metropolitan-borough-council-local-plan-2010,main-modifications,https://www.gateshead.gov.uk/article/3251/Core-Strategy-and-Urban-Core-Plan-for-Gateshead-and-Newcastle-2010-2030,https://www.gateshead.gov.uk/media/1977/Inspectors-Report-appendix-main-modifications/pdf/Main-Modifcations.pdf?m=1531312898397,2025-12-09,,,
3801610,gateshead-metropolitan-borough-council-local-plan-2010-4,Adoption Statement,,gateshead-metropolitan-borough-council-local-plan-2010,adoption-statement,https://www.gateshead.gov.uk/article/3251/Core-Strategy-and-Urban-Core-Plan-for-Gateshead-and-Newcastle-2010-2030,https://www.gateshead.gov.uk/media/1904/Adoption-Statement/pdf/Adoption-Statement.pdf?m=1531310685127,2025-12-09,,,
3801611,gateshead-metropolitan-borough-council-local-plan-2010-5,Sustainability Appraisal Adoption Statement,,gateshead-metropolitan-borough-council-local-plan-2010,adoption-statement,https://www.gateshead.gov.uk/article/3251/Core-Strategy-and-Urban-Core-Plan-for-Gateshead-and-Newcastle-2010-2030,https://www.gateshead.gov.uk/media/1905/Sustainability-Appraisal-Adoption-Statement/pdf/Sustatinability-Appraisal-Adoption-Statement.pdf?m=1531313356737,2025-12-09,,,
3801612,gateshead-metropolitan-borough-council-local-plan-2010-6,Gateshead and Newcastle Councils Core Strategy and Urban Core Plan Sustainability Appraisal Report,,gateshead-metropolitan-borough-council-local-plan-2010,sustainability-appraisal,https://www.gateshead.gov.uk/article/3348/Local-Plan-evidence-library,https://www.gateshead.gov.uk/media/1877/EL07-Core-Strategy-and-Urban-Core-Plan-Sustainability-Appraisal-Report/pdf/EL07.-Core-Strategy-and-Urban-Core-Plan-Sustainability-Appraisal-Report.pdf?m=1530187636313,2025-12-09,,,
3801613,gateshead-metropolitan-borough-council-local-plan-1,Local Plan Review March 2025,,gateshead-metropolitan-borough-council-local-plan,local-plan-review,https://www.gateshead.gov.uk/article/3001/Local-Plan,https://www.gateshead.gov.uk/media/45424/Gateshead-Local-Plan-Review-March-2025/pdf/Gateshead_Local_Plan_Review_31st_March_2025.pdf?m=1743446758253,2025-12-09,,,
3801614,tewkesbury-borough-council-local-plan-1,Tewkesbury Borough Five Year Housing Land Supply Statement Nov 2024,,tewkesbury-borough-council-local-plan,local-plan,https://tewkesbury.gov.uk/services/planning/planning-policy/planning-policy-monitoring/,https://tewkesbury.gov.uk/wp-content/uploads/2024/11/Tewkesbury-Borough-Five-Year-Housing-Land-Supply-Statement-as-at-March-2024.pdf,2025-12-09,,,
3801615,tewkesbury-borough-council-local-plan-2,Tewkesbury Borough housing monitoring report 2020-21,,tewkesbury-borough-council-local-plan,authority-monitoring-report,https://tewkesbury.gov.uk/services/planning/planning-policy/planning-policy-monitoring/,https://tewkesbury.gov.uk/wp-content/uploads/2022/Planning policy/Planning policy/Policy monitoring/PUBLISHED Tewkesbury Borough Housing Monitoring Report 2020-21.pdf,2025-12-09,,,
3801616,tewkesbury-borough-council-local-plan-3,Tewkesbury Borough employment monitoring report 2018-19,,tewkesbury-borough-council-local-plan,authority-monitoring-report,https://tewkesbury.gov.uk/services/planning/planning-policy/planning-policy-monitoring/,https://tewkesbury.gov.uk/wp-content/uploads/2022/Planning policy/Planning policy/Policy monitoring/Tewkesbury Borough Employment Monitoring Report 2018-19.pdf,2025-12-09,,,
3801617,tewkesbury-borough-council-local-plan-4,"Employment land and economic development strategy review, November 2016",,tewkesbury-borough-council-local-plan,economic-development-strategy,https://tewkesbury.gov.uk/services/planning/planning-policy/evidence-base/,"https://tewkesbury.gov.uk/wp-content/uploads/2022/Planning policy/Planning policy evidence base/Employment/Employment land and economic development strategy review, November 2016.pdf",2025-12-09,,,
3801618,tewkesbury-borough-council-local-plan-5,"Employment land review – final report, August 2008",,tewkesbury-borough-council-local-plan,employment-land-review,https://tewkesbury.gov.uk/services/planning/planning-policy/evidence-base/,"https://tewkesbury.gov.uk/wp-content/uploads/2022/Planning policy/Planning policy evidence base/Employment/Employment land review - final report, August 2008.pdf",2025-12-09,,,
3801619,tewkesbury-borough-council-local-plan-6,Tewkesbury green belt review,,tewkesbury-borough-council-local-plan,local-plan,https://tewkesbury.gov.uk/services/planning/planning-policy/evidence-base/,https://tewkesbury.gov.uk/wp-content/uploads/2022/Planning policy/Planning policy evidence base/Environment/Green belt/Tewkesbury green belt review.pdf,2025-12-09,,,
3801620,tewkesbury-borough-council-local-plan-7,Strategic flood risk assessment – level 1 final report,,tewkesbury-borough-council-local-plan,strategic-flood-risk-assessment,https://tewkesbury.gov.uk/services/planning/planning-policy/evidence-base/,https://tewkesbury.gov.uk/wp-content/uploads/2022/Planning policy/Planning policy evidence base/Environment/Strategic flood risk assessment - level 1/Strategic flood risk assessment - level 1 final report.pdf,2025-12-09,,,
3801621,tewkesbury-borough-council-local-plan-8,Strategic flood risk assessment – level 2 final report,,tewkesbury-borough-council-local-plan,strategic-flood-risk-assessment,https://tewkesbury.gov.uk/services/planning/planning-policy/evidence-base/,https://tewkesbury.gov.uk/wp-content/uploads/2022/Planning policy/Planning policy evidence base/Environment/Strategic flood risk assessment - level 2 - Halcrow report (October 2011)/Strategic flood risk assessment - level 2 final report.pdf,2025-12-09,,,
3801622,tewkesbury-borough-council-local-plan-9,TBP preferred options SFRA level 2 assessment,,tewkesbury-borough-council-local-plan,strategic-flood-risk-assessment,https://tewkesbury.gov.uk/services/planning/planning-policy/evidence-base/,https://tewkesbury.gov.uk/wp-content/uploads/2022/Planning policy/Planning policy evidence base/Environment/Tewkesbury Borough Plan prefered options strategic flood risk assessment - level 2 - JBA Consulting report (Nov 2017)/TBP preferred options SFRA level 2 assessment.pdf,2025-12-09,,,
3801623,london-borough-of-redbridge-local-plan-2015-1,Redbridge Local Plan 2015-2030,,london-borough-of-redbridge-local-plan-2015,local-plan,https://www.redbridge.gov.uk/localplan,https://www.redbridge.gov.uk/media/oj3hxvhl/10-redbridgelocal-plan_070318_web-1_tp.pdf,2025-12-09,,,
3801624,london-borough-of-redbridge-local-plan-2015-2,Appendix 1: Opportunity Sites,,london-borough-of-redbridge-local-plan-2015,local-plan,https://www.redbridge.gov.uk/localplan,https://www.redbridge.gov.uk/media/1ynhl5we/appendix-1-web.pdf,2025-12-09,,,
3801625,london-borough-of-redbridge-local-plan-2015-3,Policies Map,,london-borough-of-redbridge-local-plan-2015,policies-map,https://www.redbridge.gov.uk/localplan,https://www.redbridge.gov.uk/media/wgabw3xj/policies-map-16032018.pdf,2025-12-09,,,
3801626,london-borough-of-redbridge-local-plan-2015-4,Policies Map: Metropolitan and District Centres Inset,,london-borough-of-redbridge-local-plan-2015,policies-map,https://www.redbridge.gov.uk/localplan,https://www.redbridge.gov.uk/media/l4znqweo/insets-web.pdf,2025-12-09,,,
3801627,london-borough-of-redbridge-local-plan-2015-5,Adoption Statement,,london-borough-of-redbridge-local-plan-2015,adoption-statement,https://www.redbridge.gov.uk/localplan,https://www.redbridge.gov.uk/media/n2mokpmn/redbridge-local-plan-adoption-statement_march-2018.pdf,2025-12-09,,,
3801628,london-borough-of-redbridge-local-plan-2015-6,Sustainability Appraisal Adoption Statement,,london-borough-of-redbridge-local-plan-2015,adoption-statement,https://www.redbridge.gov.uk/localplan,https://www.redbridge.gov.uk/media/1bnhccu2/redbridge-local-plan-sa-adoption-statement-feb-2018.pdf,2025-12-09,,,
3801629,london-borough-of-redbridge-local-plan-2015-7,Inspector's Report,,london-borough-of-redbridge-local-plan-2015,inspectors-report,https://www.redbridge.gov.uk/localplan,https://www.redbridge.gov.uk/media/pdoc4did/redbridge-local-plan-inspectors-report.pdf,2025-12-09,,,
3801630,london-borough-of-redbridge-local-plan-2015-8,Havering and Redbridge Local Housing Needs Assessment Update 2023,,london-borough-of-redbridge-local-plan-2015,strategic-housing-market-assessment,https://www.redbridge.gov.uk/localplan,https://www.redbridge.gov.uk/media/1tvjizni/2023-11-02-havering-and-redbridge-final-redex.pdf,2025-12-09,,,
3801631,london-borough-of-redbridge-local-plan-2015-9,Statement of Community Involvement (December 2020),,london-borough-of-redbridge-local-plan-2015,statement-of-community-involvement,https://www.redbridge.gov.uk/localplan,https://www.redbridge.gov.uk/media/envpb42o/redbridge-sci-2020.pdf,2025-12-09,,,
3801632,london-borough-of-redbridge-local-plan-2015-10,Local Development Scheme,,london-borough-of-redbridge-local-plan-2015,local-development-scheme,https://www.redbridge.gov.uk/localplan,https://www.redbridge.gov.uk/media/hp0h0pbq/redbridge-local-development-scheme-2025-web-version-1.pdf,2025-12-09,,,
3801633,london-borough-of-redbridge-local-plan-1,Minerals Local Plan,,london-borough-of-redbridge-local-plan,minerals-and-waste-plan,https://www.redbridge.gov.uk/localplan,https://www.redbridge.gov.uk/media/jl4djynw/minerals-local-plan-sept-2012.pdf,2025-12-09,,,
3801634,london-borough-of-redbridge-local-plan-2,Joint East London Waste Plan,,london-borough-of-redbridge-local-plan,local-plan,https://www.redbridge.gov.uk/localplan,https://www.redbridge.gov.uk/media/n3cnjxps/joint-waste-dpd-adopted-feb-2012.pdf,2025-12-09,,,
3801635,hyndburn-borough-council-local-plan-1,Local Development Scheme 2022-2024,,hyndburn-borough-council-local-plan,local-development-scheme,https://www.hyndburnbc.gov.uk/planningpolicy/,,2025-12-09,,,
3801636,hyndburn-borough-council-local-plan-2,Residential Conversions and Houses in Multiple Occupation Supplementary Planning Guidance,,hyndburn-borough-council-local-plan,supplementary-planning-document,https://www.hyndburnbc.gov.uk/planningpolicy/,https://www.hyndburnbc.gov.uk/wp-content/uploads/2025/03/HMOs-SPG-in-Hyndburn-29.11.2024.pdf,2025-12-09,,,
3801637,hyndburn-borough-council-local-plan-3,Children's Residential and Supported Accommodation Supplementary Planning Guidance,,hyndburn-borough-council-local-plan,supplementary-planning-document,https://www.hyndburnbc.gov.uk/planningpolicy/,https://www.hyndburnbc.gov.uk/wp-content/uploads/2025/03/Childrens-Residential-and-Supported-Accommodation-SPG-29.11.2024.pdf,2025-12-09,,,
3801638,hyndburn-borough-council-local-plan-4,Local Validation Requirement 2025,,hyndburn-borough-council-local-plan,local-plan,https://www.hyndburnbc.gov.uk/planningpolicy/,https://www.hyndburnbc.gov.uk/wp-content/uploads/2025/03/Local-Validation-Requirement-2025-consultation-draft.pdf,2025-12-09,,,
3801639,swindon-borough-council-local-plan-2026-1,Swindon Borough Local Plan 2026,,swindon-borough-council-local-plan-2026,local-plan,https://www.swindon.gov.uk/localplan,https://www.swindon.gov.uk/download/downloads/id/3988/swindon_borough_local_plan_2026.pdf,2025-12-09,,,
3801640,swindon-borough-council-local-plan-2023-1,Local Plan 2023 to 2043 (Regulation 18),,swindon-borough-council-local-plan-2023,local-plan-regulation-18,https://www.swindon.gov.uk/newlocalplan,https://www.swindon.gov.uk/download/downloads/id/11660/0101_local_plan_2023_to_2043_regulation_18.pdf,2025-12-09,,,
3801641,swindon-borough-council-local-plan-2023-2,Policies map Borough,,swindon-borough-council-local-plan-2023,policies-map,https://www.swindon.gov.uk/newlocalplan,https://www.swindon.gov.uk/download/downloads/id/11755/0102_policies_map_borough.pdf,2025-12-09,,,
3801642,swindon-borough-council-local-plan-2023-3,Sustainability appraisal: interim report,,swindon-borough-council-local-plan-2023,sustainability-appraisal,https://www.swindon.gov.uk/newlocalplan,https://www.swindon.gov.uk/download/downloads/id/11662/0201_sustainability_appraisal_interim_report.pdf,2025-12-09,,,
3801643,swindon-borough-council-local-plan-2023-4,Sustainability appraisal: scoping report,,swindon-borough-council-local-plan-2023,sustainability-appraisal,https://www.swindon.gov.uk/newlocalplan,https://www.swindon.gov.uk/download/downloads/id/11743/0201_sustainability_appraisal_scoping_report.pdf,2025-12-09,,,
3801644,swindon-borough-council-local-plan-2023-5,Habitats regulations assessment,,swindon-borough-council-local-plan-2023,habitats-regulations-assessment,https://www.swindon.gov.uk/newlocalplan,https://www.swindon.gov.uk/download/downloads/id/11664/0202_habitats_regulations_assessment.pdf,2025-12-09,,,
3801645,swindon-borough-council-local-plan-2023-6,Viability report (Regulation 18),,swindon-borough-council-local-plan-2023,viability-assessment,https://www.swindon.gov.uk/newlocalplan,https://www.swindon.gov.uk/download/downloads/id/11746/0203_viability_report_regulation_18.pdf,2025-12-09,,,
3801646,swindon-borough-council-local-plan-2023-7,Local housing needs assessment 2024,,swindon-borough-council-local-plan-2023,strategic-housing-market-assessment,https://www.swindon.gov.uk/newlocalplan,https://www.swindon.gov.uk/download/downloads/id/11666/0301_local_housing_needs_assessment_2024.pdf,2025-12-09,,,
3801647,swindon-borough-council-local-plan-2023-8,Strategic Housing and Economic Land Availability Assessment 2025 (Regulation 18),,swindon-borough-council-local-plan-2023,strategic-housing-land-availability,https://www.swindon.gov.uk/newlocalplan,https://www.swindon.gov.uk/download/downloads/id/11667/0303_strategic_housing_and_economic_land_availability_assessment_2025_regulation_18.pdf,2025-12-09,,,
3801648,swindon-borough-council-local-plan-2023-9,New site allocations breakdown,,swindon-borough-council-local-plan-2023,site-allocations,https://www.swindon.gov.uk/newlocalplan,https://www.swindon.gov.uk/download/downloads/id/11819/0308_new_site_allocations_breakdown.pdf,2025-12-09,,,
3801649,swindon-borough-council-local-plan-2023-10,Employment needs and land supply study: final,,swindon-borough-council-local-plan-2023,employment-land-review,https://www.swindon.gov.uk/newlocalplan,https://www.swindon.gov.uk/download/downloads/id/11669/0401_employment_needs_and_land_supply_study_final.pdf,2025-12-09,,,
3801650,swindon-borough-council-local-plan-2023-11,Level 1 strategic flood risk assessment,,swindon-borough-council-local-plan-2023,strategic-flood-risk-assessment,https://www.swindon.gov.uk/newlocalplan,https://www.swindon.gov.uk/download/downloads/id/11671/0603_level_1_strategic_flood_risk_assessment.pdf,2025-12-09,,,
3801651,swindon-borough-council-local-plan-2023-12,Water cycle study: scoping report,,swindon-borough-council-local-plan-2023,water-cycle-study,https://www.swindon.gov.uk/newlocalplan,https://www.swindon.gov.uk/download/downloads/id/11673/0605_water_cycle_study_scoping_report.pdf,2025-12-09,,,
3801652,swindon-borough-council-local-plan-2023-13,Landscape character assessment,,swindon-borough-council-local-plan-2023,landscape-character-assessment,https://www.swindon.gov.uk/newlocalplan,https://www.swindon.gov.uk/download/downloads/id/11676/0802_landscape_character_assessment.pdf,2025-12-09,,,
3801653,swindon-borough-council-local-plan-2023-14,Infrastructure Delivery Plan report (Regulation 18),,swindon-borough-council-local-plan-2023,infrastructure-delivery-plan,https://www.swindon.gov.uk/newlocalplan,https://www.swindon.gov.uk/download/downloads/id/11687/1001_infrastructure_delivery_plan_report_regulation_18.pdf,2025-12-09,,,
3801654,swindon-borough-council-local-plan-2023-15,Local Development Scheme (LDS),,swindon-borough-council-local-plan-2023,local-development-scheme,https://www.swindon.gov.uk/newlocalplan,https://www.swindon.gov.uk/download/downloads/id/10354/swindon_local_development_scheme.pdf,2025-12-09,,,
3801655,swindon-borough-council-local-plan-2023-16,Authority monitoring report 2024 to 2025,,swindon-borough-council-local-plan-2023,authority-monitoring-report,https://www.swindon.gov.uk/newlocalplan,https://www.swindon.gov.uk/download/downloads/id/11668/0306_authority_monitoring_report_2024_to_2025.pdf,2025-12-09,,,
3801656,north-devon-district-council-local-plan-2011-1,View or Download the Local Plan,,north-devon-district-council-local-plan-2011,local-plan,https://consult.torridge.gov.uk/portal/planning/localplan/adoption/,,2025-12-09,,,
3801657,north-devon-district-council-local-plan-2011-2,Policies Map,,north-devon-district-council-local-plan-2011,policies-map,https://consult.torridge.gov.uk/portal/planning/localplan/adoption/,,2025-12-09,,,
3801658,north-devon-district-council-local-plan-2011-3,Supplementary Planning Documents (SPDs),,north-devon-district-council-local-plan-2011,supplementary-planning-document,https://consult.torridge.gov.uk/portal/planning/localplan/adoption/,,2025-12-09,,,
3801659,north-devon-district-council-local-plan-2011-4,Evidence Base,,north-devon-district-council-local-plan-2011,local-plan,https://consult.torridge.gov.uk/portal/planning/localplan/adoption/,,2025-12-09,,,
3801660,cheshire-west-and-chester-council-local-plan-1,Regulation 18 Local Plan Issues and Options 2025,,cheshire-west-and-chester-council-local-plan,local-plan-regulation-18,https://www.cheshirewestandchester.gov.uk/localplan,,2025-12-09,,,
3801661,cheshire-west-and-chester-council-local-plan-2,Local Plan Issues and Options consultation 4 July - 29 August 2025,,cheshire-west-and-chester-council-local-plan,local-plan,https://www.cheshirewestandchester.gov.uk/localplan,,2025-12-09,,,
3801662,cheshire-west-and-chester-council-local-plan-3,Adopted Local Plan (Part Two) Land Allocations and Detailed Policies and supporting documents,,cheshire-west-and-chester-council-local-plan,local-plan-adopted,https://www.cheshirewestandchester.gov.uk/your-council/policies-and-performance/council-plans-policies-and-strategies/planning-policy/local-plan/local-plan-part-two,,2025-12-09,,,
3801663,cheshire-west-and-chester-council-local-plan-4,Local Plan (Part Two) Land Allocations and Detailed Policies - Review,,cheshire-west-and-chester-council-local-plan,strategic-environmental-assessment,https://www.cheshirewestandchester.gov.uk/your-council/policies-and-performance/council-plans-policies-and-strategies/planning-policy/local-plan/local-plan-part-two,,2025-12-09,,,
3801664,cheshire-west-and-chester-council-local-plan-5,Adopted Local Plan (Part One) Strategic Policies and supporting documents,,cheshire-west-and-chester-council-local-plan,core-strategy,https://www.cheshirewestandchester.gov.uk/your-council/policies-and-performance/council-plans-policies-and-strategies/planning-policy/local-plan/local-plan-part-one,,2025-12-09,,,
3801665,cheshire-west-and-chester-council-local-plan-6,Local Plan (Part One) Strategic Policies - Review,,cheshire-west-and-chester-council-local-plan,core-strategy,https://www.cheshirewestandchester.gov.uk/your-council/policies-and-performance/council-plans-policies-and-strategies/planning-policy/local-plan/local-plan-part-one,https://www.cheshirewestandchester.gov.uk/asset-library/lp1-2025-review-approved.pdf,2025-12-09,,,
3801666,blackpool-borough-council-local-plan-2012-1,Blackpool Local Plan Part 2: Site Allocations and Development Management Policies (Adopted February 2023),,blackpool-borough-council-local-plan-2012,site-allocations,https://www.blackpool.gov.uk/Residents/Planning-environment-and-community/Planning/Planning-policy/Blackpool-local-plan/Site-allocations-and-development-management-policies.aspx,https://www.blackpool.gov.uk/Residents/Planning-environment-and-community/Documents/LPP2-Adoption-Final-Feb-23.pdf,2025-12-09,,,
3801667,blackpool-borough-council-local-plan-2012-2,Adoption Statement,,blackpool-borough-council-local-plan-2012,adoption-statement,https://www.blackpool.gov.uk/Residents/Planning-environment-and-community/Planning/Planning-policy/Blackpool-local-plan/Site-allocations-and-development-management-policies.aspx,https://www.blackpool.gov.uk/Residents/Planning-environment-and-community/Documents/LPP2-Adoption-Statement.pdf,2025-12-09,,,
3801668,blackpool-borough-council-local-plan-2012-3,Sustainability Appraisal Post Adoption Statement,,blackpool-borough-council-local-plan-2012,adoption-statement,https://www.blackpool.gov.uk/Residents/Planning-environment-and-community/Planning/Planning-policy/Blackpool-local-plan/Site-allocations-and-development-management-policies.aspx,https://www.blackpool.gov.uk/Residents/Planning-environment-and-community/Documents/Blackpool-PAS-v4-270223.pdf,2025-12-09,,,
3801669,blackpool-borough-council-local-plan-2012-4,Blackpool Local Plan Part 1: Core Strategy 2012-2027 (Adopted January 2016),,blackpool-borough-council-local-plan-2012,core-strategy,https://www.blackpool.gov.uk/Residents/Planning-environment-and-community/Planning/Planning-policy/Blackpool-local-plan/Core-strategy.aspx,https://www.blackpool.gov.uk/Residents/Planning-environment-and-community/Documents/J118003-107575-2016-updated-17-Feb-2016-High-Res.pdf,2025-12-09,,,
3801670,london-legacy-development-corporation-local-plan-2020-1,Legacy Development Corporation Local Plan 2020-2036,,london-legacy-development-corporation-local-plan-2020,local-plan,https://www.queenelizabetholympicpark.co.uk/planning-policy,https://live-qeop.pantheonsite.io/sites/default/files/attachments/LOCAL%20PLAN_web%20version-min.pdf,2025-12-09,,,
3801671,london-legacy-development-corporation-local-plan-2020-2,Local Plan 2020-2036 Policies Map,,london-legacy-development-corporation-local-plan-2020,policies-map,https://www.queenelizabetholympicpark.co.uk/planning-policy,https://live-qeop.pantheonsite.io/sites/default/files/attachments/Policies%20Map%202020%20FINALv1.pdf,2025-12-09,,,
3801672,london-legacy-development-corporation-local-plan-2020-3,Local Plan Adoption Statement,,london-legacy-development-corporation-local-plan-2020,adoption-statement,https://www.queenelizabetholympicpark.co.uk/planning-policy,https://live-qeop.pantheonsite.io/sites/default/files/attachments/Local%20Plan%202020%20Adoption%20Statement.pdf,2025-12-09,,,
3801673,london-legacy-development-corporation-local-plan-2020-4,IIA Adoption Statement,,london-legacy-development-corporation-local-plan-2020,adoption-statement,https://www.queenelizabetholympicpark.co.uk/planning-policy,https://live-qeop.pantheonsite.io/sites/default/files/attachments/Local%20Plan%20IIA%20Post%20Adoption%20Statement_Final.pdf,2025-12-09,,,
3801674,london-legacy-development-corporation-local-plan-2020-5,Inspector's Report,,london-legacy-development-corporation-local-plan-2020,inspectors-report,https://www.queenelizabetholympicpark.co.uk/planning-policy,https://live-qeop.pantheonsite.io/sites/default/files/attachments/Appendix%201_Inspectors%20LLDC%20Revised%20LP_Final%20Report.pdf,2025-12-09,,,
3801675,london-legacy-development-corporation-local-plan-2020-6,Community Infrastructure Levy Charging Schedule 2,,london-legacy-development-corporation-local-plan-2020,local-plan,https://www.queenelizabetholympicpark.co.uk/planning-policy,https://live-qeop.pantheonsite.io/sites/default/files/attachments/LLDC%20CIL%20Charging%20Schedule%20July%202020%2024620.pdf,2025-12-09,,,
3801676,london-legacy-development-corporation-local-plan-2015-1,Approved LLDC CIL Charging Schedule,,london-legacy-development-corporation-local-plan-2015,local-plan,https://www.queenelizabetholympicpark.co.uk/planning-policy,https://live-qeop.pantheonsite.io/sites/default/files/attachments/LLDC%20%20CIL%20Approved%20Charging%20Schedule_0.pdf,2025-12-09,,,
3801677,london-legacy-development-corporation-local-plan-2015-2,London Legacy Development Corporation CIL - Examiner's Report,,london-legacy-development-corporation-local-plan-2015,local-plan,https://www.queenelizabetholympicpark.co.uk/planning-policy,https://live-qeop.pantheonsite.io/sites/default/files/attachments/London%20Legacy%20CIL%20Report%20Final%20%281%29.pdf,2025-12-09,,,
3801678,london-borough-of-lewisham-local-plan-2020-1,Adopted Lewisham Local Plan 2020-2040 (incorporating main modifications and additional modifications),,london-borough-of-lewisham-local-plan-2020,main-modifications,https://www.lewisham.gov.uk/myservices/planning/policy/adopted-local-plan/adoption-of-the-local-plan,https://www.lewisham.gov.uk/-/media/services/planning/planning-policy/local-plan/local-plan-2020-2040/local-plan-final-word-copy-for-adoption_150725_final.pdf,2025-12-09,,,
3801679,london-borough-of-lewisham-local-plan-2020-2,Local Plan policies map,,london-borough-of-lewisham-local-plan-2020,policies-map,https://www.lewisham.gov.uk/myservices/planning/policy/adopted-local-plan/adoption-of-the-local-plan,https://www.lewisham.gov.uk/-/media/services/planning/planning-policy/local-plan/local-plan-2020-2040/policies-map.pdf,2025-12-09,,,
3801680,london-borough-of-lewisham-local-plan-2020-3,Report on the Examination of the Lewisham Local Plan 2020-2040,,london-borough-of-lewisham-local-plan-2020,local-plan,https://www.lewisham.gov.uk/myservices/planning/policy/adopted-local-plan/adoption-of-the-local-plan,https://www.lewisham.gov.uk/-/media/services/planning/planning-policy/appendix-a-inspectors-report-final-june-2025.pdf,2025-12-09,,,
3801681,london-borough-of-lewisham-local-plan-2020-4,Appendix containing the Main Modifications,,london-borough-of-lewisham-local-plan-2020,main-modifications,https://www.lewisham.gov.uk/myservices/planning/policy/adopted-local-plan/adoption-of-the-local-plan,https://www.lewisham.gov.uk/-/media/services/planning/planning-policy/appendix-b-inspectors-report-main-modifications-final-june-2025.pdf,2025-12-09,,,
3801682,london-borough-of-lewisham-local-plan-2020-5,Lewisham Local Plan Adoption Statement (July 2025),,london-borough-of-lewisham-local-plan-2020,adoption-statement,https://www.lewisham.gov.uk/myservices/planning/policy/adopted-local-plan/adoption-of-the-local-plan,https://www.lewisham.gov.uk/-/media/services/planning/planning-policy/local-plan/local-plan-2020-2040/appendix-f-lewisham-local-plan-adoption-statement-july-2025.pdf,2025-12-09,,,
3801683,london-borough-of-lewisham-local-plan-2020-6,Integrated Impact Assessment Adoption Statement (June 2025),,london-borough-of-lewisham-local-plan-2020,adoption-statement,https://www.lewisham.gov.uk/myservices/planning/policy/adopted-local-plan/adoption-of-the-local-plan,https://www.lewisham.gov.uk/-/media/services/planning/planning-policy/local-plan/local-plan-2020-2040/07-iia-adoption-statement-june-2025.pdf,2025-12-09,,,
3801684,london-borough-of-lewisham-local-plan-2020-7,IIA Regulation 19 Non Technical Summary December 2022,,london-borough-of-lewisham-local-plan-2020,local-plan-regulation-19,https://www.lewisham.gov.uk/myservices/planning/policy/adopted-local-plan/adoption-of-the-local-plan,https://www.lewisham.gov.uk/-/media/services/planning/planning-policy/local-plan/local-plan-2020-2040/01-iia-regulation-19-non-technical-summary-december-2022.pdf,2025-12-09,,,
3801685,london-borough-of-lewisham-local-plan-2020-8,IIA Regulation 19 December 2022,,london-borough-of-lewisham-local-plan-2020,local-plan-regulation-19,https://www.lewisham.gov.uk/myservices/planning/policy/adopted-local-plan/adoption-of-the-local-plan,https://www.lewisham.gov.uk/-/media/services/planning/planning-policy/local-plan/local-plan-2020-2040/02-iia-regulation-19-december-2022.pdf,2025-12-09,,,
3801686,london-borough-of-lewisham-local-plan-2020-9,HRA Regulation 19 December 2022,,london-borough-of-lewisham-local-plan-2020,habitats-regulations-assessment,https://www.lewisham.gov.uk/myservices/planning/policy/adopted-local-plan/adoption-of-the-local-plan,https://www.lewisham.gov.uk/-/media/services/planning/planning-policy/local-plan/local-plan-2020-2040/08-hra-regulation-19-december-2022.pdf,2025-12-09,,,
3801687,london-borough-of-lewisham-local-plan-2020-10,HRA Main Modifications January 2025,,london-borough-of-lewisham-local-plan-2020,main-modifications,https://www.lewisham.gov.uk/myservices/planning/policy/adopted-local-plan/adoption-of-the-local-plan,https://www.lewisham.gov.uk/-/media/services/planning/planning-policy/local-plan/local-plan-2020-2040/09-hra-main-modifications-january-2025.pdf,2025-12-09,,,
3801688,london-borough-of-lewisham-local-plan-2020-11,IIA Main Modifications January 2025,,london-borough-of-lewisham-local-plan-2020,main-modifications,https://www.lewisham.gov.uk/myservices/planning/policy/adopted-local-plan/adoption-of-the-local-plan,https://www.lewisham.gov.uk/-/media/services/planning/planning-policy/local-plan/local-plan-2020-2040/06-iia-main-modifications-january-2025.pdf,2025-12-09,,,
3801689,babergh-district-council-local-plan-2018-1,Babergh and Mid Suffolk Joint Local Plan Part 1 Nov 2023,,babergh-district-council-local-plan-2018,local-plan,https://www.midsuffolk.gov.uk/joint-local-plan,https://www.midsuffolk.gov.uk/documents/d/asset-library-54706/babergh-and-mid-suffolk-joint-local-plan-part-1-nov-2023,2025-12-09,,,
3801690,babergh-district-council-local-plan-2018-2,K01 BMSDC JLP Final Report and Schedule,,babergh-district-council-local-plan-2018,inspectors-report,https://www.midsuffolk.gov.uk/joint-local-plan,https://www.midsuffolk.gov.uk/documents/d/asset-library-54706/k01-bmsdc-jlp-final-report-and-schedule,2025-12-09,,,
3801691,babergh-district-council-local-plan-1,Babergh and Mid Suffolk Joint Local Plan Review,,babergh-district-council-local-plan,local-plan-review,https://www.midsuffolk.gov.uk/joint-local-plan,https://www.midsuffolk.gov.uk/documents/d/asset-library-54706/babergh-and-mid-suffolk-joint-local-plan-review,2025-12-09,,,
3801692,thurrock-council-local-plan-1,Thurrock Local Development Scheme - March 2025,,thurrock-council-local-plan,local-development-scheme,https://www.thurrock.gov.uk/development-plans-explained/development-plan-timetable,https://www.thurrock.gov.uk/sites/default/files/assets/documents/thurrock_local_development_scheme_march_2025.pdf,2025-12-09,,,
3801693,thurrock-council-local-plan-2,Thurrock Council Local Plan Review,,thurrock-council-local-plan,local-plan-review,https://www.thurrock.gov.uk/new-local-plan-for-thurrock/thurrock-local-plan,https://www.thurrock.gov.uk/sites/default/files/assets/documents/thurrock_council_local_plan_review.pdf,2025-12-09,,,
3801694,thurrock-council-local-plan-3,Appendix A - Local Plan timetable delay analysis and implications,,thurrock-council-local-plan,local-development-scheme,https://www.thurrock.gov.uk/new-local-plan-for-thurrock/thurrock-local-plan,https://www.thurrock.gov.uk/sites/default/files/assets/documents/appendix_a_-_local_plan_timetable_delay_analysis_and_implications.pdf,2025-12-09,,,
3801695,thurrock-council-local-plan-4,"Integrated Impact Assessment scoping report, June 2022, part 1",,thurrock-council-local-plan,local-plan,https://www.thurrock.gov.uk/new-local-plan-for-thurrock/sustainability-appraisals,https://www.thurrock.gov.uk/sites/default/files/assets/documents/localplan-integratedimpactassessment-202206-pt1-v01.pdf,2025-12-09,,,
3801696,thurrock-council-local-plan-5,"Integrated Impact Assessment scoping report, June 2022, part 2",,thurrock-council-local-plan,local-plan,https://www.thurrock.gov.uk/new-local-plan-for-thurrock/sustainability-appraisals,https://www.thurrock.gov.uk/sites/default/files/assets/documents/localplan-integratedimpactassessment-202206-pt2-v01.pdf,2025-12-09,,,
3801697,thurrock-council-local-plan-6,"Sustainability Appraisal scoping report (draft), February 2016",,thurrock-council-local-plan,sustainability-appraisal,https://www.thurrock.gov.uk/new-local-plan-for-thurrock/sustainability-appraisals,https://www.thurrock.gov.uk/sites/default/files/assets/documents/localplan_sa_201602_draft_report.pdf,2025-12-09,,,
3801698,thurrock-council-local-plan-7,"Sustainability Appraisal scoping report appendices (draft), February 2016",,thurrock-council-local-plan,sustainability-appraisal,https://www.thurrock.gov.uk/new-local-plan-for-thurrock/sustainability-appraisals,https://www.thurrock.gov.uk/sites/default/files/assets/documents/localplan_sa_201602_draft_appendices.pdf,2025-12-09,,,
3801699,thurrock-council-local-plan-8,"Integrated Sustainability Appraisal, December 2018",,thurrock-council-local-plan,sustainability-appraisal,https://www.thurrock.gov.uk/new-local-plan-for-thurrock/sustainability-appraisals,https://www.thurrock.gov.uk/sites/default/files/assets/documents/localplan-ios2-isa-201812-v01.pdf,2025-12-09,,,
3801700,thurrock-council-local-plan-9,"Integrated Sustainability Appraisal, December 2018 – appendices",,thurrock-council-local-plan,sustainability-appraisal,https://www.thurrock.gov.uk/new-local-plan-for-thurrock/sustainability-appraisals,https://www.thurrock.gov.uk/sites/default/files/assets/documents/localplan-ios2-isa-201812-appendices-v01.pdf,2025-12-09,,,
3801701,thurrock-council-local-plan-10,"Habitat Regulations Assessment: scoping and discussion, January 2019",,thurrock-council-local-plan,habitats-regulations-assessment,https://www.thurrock.gov.uk/new-local-plan-for-thurrock/sustainability-appraisals,https://www.thurrock.gov.uk/sites/default/files/assets/documents/localplan-hra-scoping-201901-v01.pdf,2025-12-09,,,
3801702,newcastle-under-lyme-borough-council-local-plan-2006-1,Joint Core Spatial Strategy,,newcastle-under-lyme-borough-council-local-plan-2006,core-strategy,https://www.stoke.gov.uk/directory_record/331603/sot_and_nul_local_development_framework_core_spatial_strategy_2006_to_2026/category/307/local_development_framework,https://www.stoke.gov.uk/download/downloads/id/441/sot_and_nul_local_development_framework_core_spatial_strategy_2006_to_2026.pdf,2025-12-09,,,
3801703,staffordshire-county-council-local-plan-2015-1,The Minerals Local Plan for Staffordshire (2015-2030),,staffordshire-county-council-local-plan-2015,minerals-and-waste-plan,https://www.staffordshire.gov.uk/environment/planning/policy/mineralslocalplan/mineralsLocalPlan.aspx,https://www.staffordshire.gov.uk/Environment/Planning/policy/mineralslocalplan/Documents/The-Minerals-Local-Plan-for-Staffordshire-2015-2030.PDF,2025-12-09,,,
3801704,staffordshire-county-council-local-plan-2015-2,The Appendices,,staffordshire-county-council-local-plan-2015,local-plan,https://www.staffordshire.gov.uk/environment/planning/policy/mineralslocalplan/mineralsLocalPlan.aspx,https://www.staffordshire.gov.uk/Environment/Planning/policy/mineralslocalplan/Documents/The-Appendices.PDF,2025-12-09,,,
3801705,staffordshire-county-council-local-plan-2015-3,The Policies and Proposals Map,,staffordshire-county-council-local-plan-2015,policies-map,https://www.staffordshire.gov.uk/environment/planning/policy/mineralslocalplan/mineralsLocalPlan.aspx,https://www.staffordshire.gov.uk/Environment/Planning/policy/mineralslocalplan/Documents/The-Policies-and-Proposals-Map.PDF,2025-12-09,,,
3801706,staffordshire-county-council-local-plan-2015-4,The Sustainability Appraisal,,staffordshire-county-council-local-plan-2015,sustainability-appraisal,https://www.staffordshire.gov.uk/environment/planning/policy/mineralslocalplan/mineralsLocalPlan.aspx,https://www.staffordshire.gov.uk/Environment/Planning/policy/mineralslocalplan/Documents/The-Sustainability-Appraisal.PDF,2025-12-09,,,
3801707,staffordshire-county-council-local-plan-2015-5,Interim review of the Minerals Local Plan,,staffordshire-county-council-local-plan-2015,minerals-and-waste-plan,https://www.staffordshire.gov.uk/environment/planning/policy/mineralslocalplan/mineralsLocalPlan.aspx,https://www.staffordshire.gov.uk/Environment/Planning/policy/mineralslocalplan/Documents/Interim-review-of-the-Minerals-Local-Plan.PDF,2025-12-09,,,
3801708,folkestone-and-hythe-council-local-plan-2037-1,Core Strategy Review 2022,,folkestone-and-hythe-council-local-plan-2037,core-strategy,https://www.folkestone-hythe.gov.uk/planning-policy/adopted-development-plan,https://www.folkestone-hythe.gov.uk/downloads/file/3593/core-strategy-review-2022,2025-12-09,,,
3801709,folkestone-and-hythe-council-local-plan-2037-2,Core Strategy Review Adoption Statement 2022,,folkestone-and-hythe-council-local-plan-2037,adoption-statement,https://www.folkestone-hythe.gov.uk/planning-policy/adopted-development-plan,https://www.folkestone-hythe.gov.uk/downloads/file/1175/core-strategy-review-adoption-statement-2022,2025-12-09,,,
3801710,folkestone-and-hythe-council-local-plan-2037-3,Core Strategy Review Sustainability Appraisal Post-Adoption Statement,,folkestone-and-hythe-council-local-plan-2037,adoption-statement,https://www.folkestone-hythe.gov.uk/planning-policy/adopted-development-plan,https://www.folkestone-hythe.gov.uk/downloads/file/1179/core-strategy-review-sustainability-appraisal-post-adoption-statement,2025-12-09,,,
3801711,folkestone-and-hythe-council-local-plan-2037-4,Inspector's report,,folkestone-and-hythe-council-local-plan-2037,inspectors-report,https://www.folkestone-hythe.gov.uk/planning-policy/adopted-development-plan,https://www.folkestone-hythe.gov.uk/downloads/file/3887/fhdc-core-strategy-review-inspectors-report-final-february-2022,2025-12-09,,,
3801712,folkestone-and-hythe-council-local-plan-1,Places and Policies Local Plan,,folkestone-and-hythe-council-local-plan,local-plan,https://www.folkestone-hythe.gov.uk/planning-policy/adopted-development-plan,https://www.folkestone-hythe.gov.uk/downloads/file/3598/places-and-policies-local-plan,2025-12-09,,,
3801713,folkestone-and-hythe-council-local-plan-2,Adoption Statement,,folkestone-and-hythe-council-local-plan,adoption-statement,https://www.folkestone-hythe.gov.uk/planning-policy/adopted-development-plan,https://www.folkestone-hythe.gov.uk/downloads/file/5823/adoption-statement,2025-12-09,,,
3801714,folkestone-and-hythe-council-local-plan-3,Sustainability Appraisal Report,,folkestone-and-hythe-council-local-plan,sustainability-appraisal,https://www.folkestone-hythe.gov.uk/planning-policy/adopted-development-plan,https://www.folkestone-hythe.gov.uk/downloads/file/1178/sustainability-appraisal-post-adoption-report,2025-12-09,,,
3801715,folkestone-and-hythe-council-local-plan-4,Inspector's Report,,folkestone-and-hythe-council-local-plan,inspectors-report,https://www.folkestone-hythe.gov.uk/planning-policy/adopted-development-plan,https://www.folkestone-hythe.gov.uk/downloads/file/1176/inspectors-report-june-2020,2025-12-09,,,
3801716,folkestone-and-hythe-council-local-plan-5,The St. Mary in the Marsh Neighbourhood Plan,,folkestone-and-hythe-council-local-plan,neighbourhood-plan,https://www.folkestone-hythe.gov.uk/planning-policy/adopted-development-plan,https://www.folkestone-hythe.gov.uk/downloads/file/1177/st-mary-in-the-marsh-neighbourhood-plan,2025-12-09,,,
3801717,adur-district-council-local-plan-2032-1,Adur Local Plan 2017 (adopted) - Complete document,,adur-district-council-local-plan-2032,local-plan,https://www.adur-worthing.gov.uk/adur-local-plan/,"https://www.adur-worthing.gov.uk/media/Media,159572,smxx.pdf",2025-12-09,,,
3801718,adur-district-council-local-plan-2032-2,Adur Local Plan 2017 (adopted) - Part 1,,adur-district-council-local-plan-2032,local-plan,https://www.adur-worthing.gov.uk/adur-local-plan/,"https://www.adur-worthing.gov.uk/media/Media,147013,smxx.pdf",2025-12-09,,,
3801719,adur-district-council-local-plan-2032-3,Adur Local Plan 2017 (adopted) - Part 2,,adur-district-council-local-plan-2032,local-plan,https://www.adur-worthing.gov.uk/adur-local-plan/,"https://www.adur-worthing.gov.uk/media/Media,147015,smxx.pdf",2025-12-09,,,
3801720,adur-district-council-local-plan-2032-4,Adur Local Plan 2017 (adopted) - Part 3,,adur-district-council-local-plan-2032,local-plan,https://www.adur-worthing.gov.uk/adur-local-plan/,"https://www.adur-worthing.gov.uk/media/Media,147016,smxx.pdf",2025-12-09,,,
3801721,adur-district-council-local-plan-2032-5,Adur Local Plan 2017 (adopted) - Part 4,,adur-district-council-local-plan-2032,local-plan,https://www.adur-worthing.gov.uk/adur-local-plan/,"https://www.adur-worthing.gov.uk/media/Media,147017,smxx.pdf",2025-12-09,,,
3801722,adur-district-council-local-plan-2032-6,Adur Local Plan 2017 (adopted) - Appendices,,adur-district-council-local-plan-2032,local-plan,https://www.adur-worthing.gov.uk/adur-local-plan/,"https://www.adur-worthing.gov.uk/media/Media,147018,smxx.pdf",2025-12-09,,,
3801723,adur-district-council-local-plan-2032-7,Adur Policies Map 2019,,adur-district-council-local-plan-2032,policies-map,https://www.adur-worthing.gov.uk/adur-local-plan/,"https://www.adur-worthing.gov.uk/media/Media,156286,smxx.pdf",2025-12-09,,,
3801724,adur-district-council-local-plan-2032-8,"Adur Policies Map 2019 - Inset maps 1, 2 & 3 (Shoreham, Lancing and Southwick town centres)",,adur-district-council-local-plan-2032,retail-and-town-centre-study,https://www.adur-worthing.gov.uk/adur-local-plan/,"https://www.adur-worthing.gov.uk/media/Media,156287,smxx.pdf",2025-12-09,,,
3801725,adur-district-council-local-plan-2032-9,Adur Policies Map 2019 - Inset map 4 (Shoreham Harbour Regeneration Area),,adur-district-council-local-plan-2032,policies-map,https://www.adur-worthing.gov.uk/adur-local-plan/,"https://www.adur-worthing.gov.uk/media/Media,156288,smxx.pdf",2025-12-09,,,
3801726,adur-district-council-local-plan-2032-10,Adur Local Plan 2017 - Adoption Statement,,adur-district-council-local-plan-2032,adoption-statement,https://www.adur-worthing.gov.uk/adur-local-plan/,"https://www.adur-worthing.gov.uk/media/Media,147019,smxx.pdf",2025-12-09,,,
3801727,adur-district-council-local-plan-2032-11,Adur Local Plan 2017 (adopted) - Sustainability Appraisal - Post Adoption Statement,,adur-district-council-local-plan-2032,adoption-statement,https://www.adur-worthing.gov.uk/adur-local-plan/,"https://www.adur-worthing.gov.uk/media/Media,147020,smxx.pdf",2025-12-09,,,
3801728,adur-district-council-local-plan-2032-12,Publication of Inspector's Report - Adur Local Plan,,adur-district-council-local-plan-2032,inspectors-report,https://www.adur-worthing.gov.uk/alp-examination/,"https://www.adur-worthing.gov.uk/media/Media,146237,smxx.pdf",2025-12-09,,,
3801729,adur-district-council-local-plan-2032-13,Main Modifications Appendix - Adur Local Plan,,adur-district-council-local-plan-2032,main-modifications,https://www.adur-worthing.gov.uk/alp-examination/,"https://www.adur-worthing.gov.uk/media/Media,146238,smxx.pdf",2025-12-09,,,
3801730,adur-district-council-local-plan-2032-14,ALP Policies Map 2017 LGG review,,adur-district-council-local-plan-2032,policies-map,https://www.adur-worthing.gov.uk/alp-examination/,"https://www.adur-worthing.gov.uk/media/Media,144120,smxx.pdf",2025-12-09,,,
3801731,london-borough-of-hammersmith-&-fulham-local-plan-2018-1,Local Plan,,london-borough-of-hammersmith-&-fulham-local-plan-2018,local-plan,https://www.lbhf.gov.uk/planning/planning-policy/local-plan,https://www.lbhf.gov.uk/sites/default/files/section_attachments/local_plan_2018_web_version.pdf,2025-12-09,,,
3801732,london-borough-of-hammersmith-&-fulham-local-plan-2018-2,Adoption Statement,,london-borough-of-hammersmith-&-fulham-local-plan-2018,adoption-statement,https://www.lbhf.gov.uk/planning/planning-policy/local-plan,https://www.lbhf.gov.uk/sites/default/files/section_attachments/adoption_statement_local_plan_1.pdf,2025-12-09,,,
3801733,london-borough-of-hammersmith-&-fulham-local-plan-2018-3,Policies Map,,london-borough-of-hammersmith-&-fulham-local-plan-2018,policies-map,https://www.lbhf.gov.uk/planning/planning-policy/local-plan,https://www.lbhf.gov.uk/sites/default/files/section_attachments/final_policies_map_web_version_2018_compressed-compressed.pdf,2025-12-09,,,
3801734,london-borough-of-hammersmith-&-fulham-local-plan-2018-4,Sustainability Appraisal Report,,london-borough-of-hammersmith-&-fulham-local-plan-2018,sustainability-appraisal,https://www.lbhf.gov.uk/planning/planning-policy/local-plan,https://www.lbhf.gov.uk/sites/default/files/section_attachments/consolidated_sa_adoption_statement_supplement.pdf,2025-12-09,,,
3801735,london-borough-of-hammersmith-&-fulham-local-plan-2018-5,Inspector's Report,,london-borough-of-hammersmith-&-fulham-local-plan-2018,inspectors-report,https://www.lbhf.gov.uk/planning/planning-policy/local-plan,https://www.lbhf.gov.uk/sites/default/files/section_attachments/hf_lp_report.pdf,2025-12-09,,,
3801736,east-hertfordshire-district-council-local-plan-2011-1,The District Plan October 2018,,east-hertfordshire-district-council-local-plan-2011,local-plan,https://www.eastherts.gov.uk/planning-and-building/planning-policy/east-herts-district-plan-2018,https://www.eastherts.gov.uk/sites/default/files/documents/District_Plan_Publish_web_view.pdf,2025-12-09,,,
3801737,east-hertfordshire-district-council-local-plan-2011-2,The Adoption Statement,,east-hertfordshire-district-council-local-plan-2011,adoption-statement,https://www.eastherts.gov.uk/planning-and-building/planning-policy/east-herts-district-plan-2018,https://www.eastherts.gov.uk/sites/default/files/documents/ERPF_-_East_Herts_District_Plan_Adoption_Statement_-_new.pdf,2025-12-09,,,
3801738,east-hertfordshire-district-council-local-plan-2011-3,The SA Adoption Statement,,east-hertfordshire-district-council-local-plan-2011,adoption-statement,https://www.eastherts.gov.uk/planning-and-building/planning-policy/east-herts-district-plan-2018,https://www.eastherts.gov.uk/sites/default/files/documents/ERPB_-_East_Herts_District_Plan_SA_Adoption_Statement.pdf,2025-12-09,,,
3801739,east-hertfordshire-district-council-local-plan-2011-4,"Sustainability Appraisal Report Addendum - Main Modifications District Plan, 2018",,east-hertfordshire-district-council-local-plan-2011,main-modifications,https://www.eastherts.gov.uk/planning-and-building/planning-policy/east-herts-district-plan-2018,https://www.eastherts.gov.uk/sites/default/files/documents/SA_Report.pdf,2025-12-09,,,
3801740,east-hertfordshire-district-council-local-plan-2011-5,"Sustainability Appraisal of the Pre-Submission District Plan, 2016",,east-hertfordshire-district-council-local-plan-2011,sustainability-appraisal,https://www.eastherts.gov.uk/planning-and-building/planning-policy/east-herts-district-plan-2018,https://www.eastherts.gov.uk/sites/default/files/documents/Sustainability_Appraisal.pdf,2025-12-09,,,
3801741,east-hertfordshire-district-council-local-plan-2011-6,Appendix A - Key Diagram,,east-hertfordshire-district-council-local-plan-2011,policies-map,https://www.eastherts.gov.uk/planning-and-building/planning-policy/east-herts-district-plan-2018,https://www.eastherts.gov.uk/sites/default/files/documents/District_Plan_28_-_APPENDIX_A_-_KEY_DIAGRAM.pdf,2025-12-09,,,
3801742,east-hertfordshire-district-council-local-plan-1,Direction and Schedule (Saved Policies),,east-hertfordshire-district-council-local-plan,local-plan,https://www.eastherts.gov.uk/localplan,https://www.eastherts.gov.uk/sites/default/files/documents/Direction_Schedule_of_Saved_Policies-_Redacted.pdf,2025-12-09,,,
3801743,east-hertfordshire-district-council-local-plan-2,Letter from the Secretary of State,,east-hertfordshire-district-council-local-plan,local-plan,https://www.eastherts.gov.uk/localplan,https://www.eastherts.gov.uk/sites/default/files/documents/Letter_from_Secretary_of_State-_Redacted.pdf,2025-12-09,,,
3801744,east-hertfordshire-district-council-local-plan-3,Chapter 1- Introduction,,east-hertfordshire-district-council-local-plan,local-plan,https://www.eastherts.gov.uk/localplan,https://www.eastherts.gov.uk/sites/default/files/documents/Chapter_1_-_Introduction.pdf,2025-12-09,,,
3801745,east-hertfordshire-district-council-local-plan-4,Strategy Diagram,,east-hertfordshire-district-council-local-plan,local-plan,https://www.eastherts.gov.uk/localplan,https://www.eastherts.gov.uk/sites/default/files/documents/Strategy_Diagram.pdf,2025-12-09,,,
3801746,bolton-metropolitan-borough-council-local-plan-1,Places for Everyone,,bolton-metropolitan-borough-council-local-plan,local-plan,https://www.bolton.gov.uk/planning-policy-strategy/greater-manchester-spatial-framework-consultation,https://www.greatermanchester-ca.gov.uk/media/3ccbetc4/post-adoption-places-for-everyone-joint-development-plan.pdf,2025-12-09,,,
3801747,bolton-metropolitan-borough-council-local-plan-2,Bolton Council Adoption Statement,,bolton-metropolitan-borough-council-local-plan,adoption-statement,https://www.bolton.gov.uk/planning-policy-strategy/greater-manchester-spatial-framework-consultation,https://www.bolton.gov.uk/downloads/file/5868/places-for-everyone-joint-development-plan-bolton-council-adoption-statement,2025-12-09,,,
3801748,bolton-metropolitan-borough-council-local-plan-2026-1,Core Strategy,,bolton-metropolitan-borough-council-local-plan-2026,core-strategy,https://www.bolton.gov.uk/planning-policy-strategy/core-strategy,https://www.bolton.gov.uk/downloads/file/666/core-strategy,2025-12-09,,,
3801749,bolton-metropolitan-borough-council-local-plan-2026-2,Inspectors Report,,bolton-metropolitan-borough-council-local-plan-2026,local-plan,https://www.bolton.gov.uk/planning-policy-strategy/core-strategy,https://www.bolton.gov.uk/downloads/file/667/inspectors-report,2025-12-09,,,
3801750,bolton-metropolitan-borough-council-local-plan-2026-3,Official Adoption Statement,,bolton-metropolitan-borough-council-local-plan-2026,adoption-statement,https://www.bolton.gov.uk/planning-policy-strategy/core-strategy,https://www.bolton.gov.uk/downloads/file/668/official-adoption-statement,2025-12-09,,,
3801751,bolton-metropolitan-borough-council-local-plan-3,Greater Manchester Waste Plan,,bolton-metropolitan-borough-council-local-plan,local-plan,https://www.bolton.gov.uk/planning-policy-strategy/bolton-development-plan,https://www.bolton.gov.uk/downloads/file/6911/greater-manchester-waste-plan,2025-12-09,,,
3801752,bolton-metropolitan-borough-council-local-plan-4,Greater Manchester Minerals Plan,,bolton-metropolitan-borough-council-local-plan,minerals-and-waste-plan,https://www.bolton.gov.uk/planning-policy-strategy/bolton-development-plan,https://www.bolton.gov.uk/downloads/file/6910/greater-manchester-minerals-plan,2025-12-09,,,
3801753,mansfield-district-council-local-plan-2013-1,Adopted Local Plan 2013-2033,,mansfield-district-council-local-plan-2013,local-plan-adopted,https://www.mansfield.gov.uk/local-plan,https://www.mansfield.gov.uk/downloads/file/1645/mdc-adopted-local-plan-2020,2025-12-09,,,
3801754,mansfield-district-council-local-plan-2013-2,Mansfield Local Plan Inspector's Report,,mansfield-district-council-local-plan-2013,local-plan,https://www.mansfield.gov.uk/local-plan-2013-2033-submission/local-plan-2013-2033-submission-1/1,https://www.mansfield.gov.uk/downloads/file/1473/mansfield-local-plan-inspector-s-report,2025-12-09,,,
3801755,mansfield-district-council-local-plan-2013-3,Mansfield Local Plan Schedule of Main Modifications,,mansfield-district-council-local-plan-2013,main-modifications,https://www.mansfield.gov.uk/local-plan-2013-2033-submission/local-plan-2013-2033-submission-1/1,https://www.mansfield.gov.uk/downloads/file/1474/mansfield-local-plan-schedule-of-main-modifications,2025-12-09,,,
3801756,mansfield-district-council-local-plan-2013-4,Mansfield District Local Plan - Publication Draft 2018,,mansfield-district-council-local-plan-2013,local-plan-regulation-19,https://www.mansfield.gov.uk/localplan,https://www.mansfield.gov.uk/downloads/file/1428/mansfield-district-local-plan-publication-draft-2018,2025-12-09,,,
3801757,mansfield-district-council-local-plan-2013-5,Preferred Options Consultation Document 2013 - 2033,,mansfield-district-council-local-plan-2013,local-plan-regulation-18,https://www.mansfield.gov.uk/localplan,https://www.mansfield.gov.uk/downloads/file/322/preferred-options-consultation-document-2013-2033,2025-12-09,,,
3801758,mansfield-district-council-local-plan-2013-6,Mansfield District Local Plan - Consultation Draft,,mansfield-district-council-local-plan-2013,local-plan-regulation-18,https://www.mansfield.gov.uk/localplan,https://www.mansfield.gov.uk/downloads/file/319/mansfield-district-local-plan-consultation-draft,2025-12-09,,,
3801759,mansfield-district-council-local-plan-2013-7,Mansfield District Local Plan Policies mapping,,mansfield-district-council-local-plan-2013,policies-map,https://www.mansfield.gov.uk/local-plan,,2025-12-09,,,
3801760,mansfield-district-council-local-plan-2013-8,Local Plan Consultation Draft - Policies Map,,mansfield-district-council-local-plan-2013,policies-map,https://www.mansfield.gov.uk/localplan,https://www.mansfield.gov.uk/downloads/file/308/local-plan-consultation-draft-policies-map,2025-12-09,,,
3801761,mansfield-district-council-local-plan-2013-9,Mansfield Sustainability Appraisal Interim SA Report August 2017,,mansfield-district-council-local-plan-2013,sustainability-appraisal,https://www.mansfield.gov.uk/localplan,https://www.mansfield.gov.uk/downloads/file/315/mansfield-sustainability-apprisal-interim-sa-report-august-2017,2025-12-09,,,
3801762,mansfield-district-council-local-plan-2013-10,"Consultation Statement (Regulation 19), 2018",,mansfield-district-council-local-plan-2013,consultation-statement,https://www.mansfield.gov.uk/localplan,https://www.mansfield.gov.uk/downloads/file/318/consultation-statement-regulation-19-2018,2025-12-09,,,
3801763,mansfield-district-council-local-plan-2013-11,Interim Consultation Statement 2017,,mansfield-district-council-local-plan-2013,consultation-statement,https://www.mansfield.gov.uk/localplan,https://www.mansfield.gov.uk/downloads/file/317/interim-consultation-statement-2017,2025-12-09,,,
3801764,mansfield-district-council-local-plan-2013-12,Mansfield District Local Development Scheme 2021,,mansfield-district-council-local-plan-2013,local-development-scheme,https://www.mansfield.gov.uk/localplan,https://www.mansfield.gov.uk/downloads/file/1861/local-development-scheme,2025-12-09,,,
3801765,broxtowe-borough-council-local-plan-1,Housing Provision Position Paper,,broxtowe-borough-council-local-plan,local-plan,https://www.broxtowe.gov.uk/for-you/planning/planning-policy/part-1-local-plan-core-strategy/core-strategy-publication-2012/background-information/summer-consultation-july-2011/,https://www.broxtowe.gov.uk/media/2289/housing-provision-position-paper-july-2011.pdf,2025-12-09,,,
3801766,broxtowe-borough-council-local-plan-2,Policy 1: Climate Change,,broxtowe-borough-council-local-plan,local-plan,https://www.broxtowe.gov.uk/for-you/planning/planning-policy/part-1-local-plan-core-strategy/core-strategy-publication-2012/background-information/summer-consultation-july-2011/,https://www.broxtowe.gov.uk/media/2284/consultation-on-draft-policy-1.pdf,2025-12-09,,,
3801767,broxtowe-borough-council-local-plan-3,Cabinet Report 12 July 2011,,broxtowe-borough-council-local-plan,local-plan,https://www.broxtowe.gov.uk/for-you/planning/planning-policy/part-1-local-plan-core-strategy/core-strategy-publication-2012/background-information/summer-consultation-july-2011/,https://www.broxtowe.gov.uk/media/2323/cabinet-report-12-july-2011.pdf,2025-12-09,,,
3801768,broxtowe-borough-council-local-plan-4,Second Cabinet Report 12 July 2011,,broxtowe-borough-council-local-plan,local-plan,https://www.broxtowe.gov.uk/for-you/planning/planning-policy/part-1-local-plan-core-strategy/core-strategy-publication-2012/background-information/summer-consultation-july-2011/,https://www.broxtowe.gov.uk/media/2322/cabinet-report-12-july-2011-2.pdf,2025-12-09,,,
3801769,broxtowe-borough-council-local-plan-5,Tribal Report: Greater Nottingham Sustainable Locations For Growth,,broxtowe-borough-council-local-plan,local-plan,https://www.broxtowe.gov.uk/for-you/planning/planning-policy/part-1-local-plan-core-strategy/core-strategy-publication-2012/background-information/summer-consultation-july-2011/,https://www.broxtowe.gov.uk/media/2329/tribal-report-greater-nottingham-sustainable-locations-for-growth.pdf,2025-12-09,,,
3801770,broxtowe-borough-council-local-plan-6,Tribal Report: Appraisal of Sustainable Urban Extensions,,broxtowe-borough-council-local-plan,local-plan,https://www.broxtowe.gov.uk/for-you/planning/planning-policy/part-1-local-plan-core-strategy/core-strategy-publication-2012/background-information/summer-consultation-july-2011/,https://www.broxtowe.gov.uk/media/2328/tribal-report-appraisal-of-sustainable-urban-extensions.pdf,2025-12-09,,,
3801771,broxtowe-borough-council-local-plan-7,Post Hearing Advice Note,,broxtowe-borough-council-local-plan,local-plan,https://www.broxtowe.gov.uk/for-you/planning/planning-policy/part-2-local-plan/part-2-local-plan-examination/examination-latest-news/,https://www.broxtowe.gov.uk/media/6281/broxtowe-post-hearing-advice-note.pdf,2025-12-09,,,
3801772,broxtowe-borough-council-local-plan-8,Introduction,,broxtowe-borough-council-local-plan,local-plan,https://www.broxtowe.gov.uk/for-you/planning/planning-policy/part-2-local-plan/site-allocations-issues-and-options/,https://www.broxtowe.gov.uk/media/2204/01-introduction-doc.pdf,2025-12-09,,,
3801773,broxtowe-borough-council-local-plan-9,Awsworth,,broxtowe-borough-council-local-plan,local-plan,https://www.broxtowe.gov.uk/for-you/planning/planning-policy/part-2-local-plan/site-allocations-issues-and-options/,https://www.broxtowe.gov.uk/media/2205/02-awsworth-doc.pdf,2025-12-09,,,
3801774,broxtowe-borough-council-local-plan-10,Brinsley,,broxtowe-borough-council-local-plan,local-plan,https://www.broxtowe.gov.uk/for-you/planning/planning-policy/part-2-local-plan/site-allocations-issues-and-options/,https://www.broxtowe.gov.uk/media/2206/03-brinsley-doc.pdf,2025-12-09,,,
3801775,broxtowe-borough-council-local-plan-11,Eastwood,,broxtowe-borough-council-local-plan,local-plan,https://www.broxtowe.gov.uk/for-you/planning/planning-policy/part-2-local-plan/site-allocations-issues-and-options/,https://www.broxtowe.gov.uk/media/2207/04-eastwood-doc.pdf,2025-12-09,,,
3801776,broxtowe-borough-council-local-plan-12,Kimberley,,broxtowe-borough-council-local-plan,local-plan,https://www.broxtowe.gov.uk/for-you/planning/planning-policy/part-2-local-plan/site-allocations-issues-and-options/,https://www.broxtowe.gov.uk/media/2208/05-kimberley-doc.pdf,2025-12-09,,,
3801777,broxtowe-borough-council-local-plan-13,Main Built up Area,,broxtowe-borough-council-local-plan,local-plan,https://www.broxtowe.gov.uk/for-you/planning/planning-policy/part-2-local-plan/site-allocations-issues-and-options/,https://www.broxtowe.gov.uk/media/2209/06-main-built-up-area-doc.pdf,2025-12-09,,,
3801778,broxtowe-borough-council-local-plan-14,Other Rural,,broxtowe-borough-council-local-plan,local-plan,https://www.broxtowe.gov.uk/for-you/planning/planning-policy/part-2-local-plan/site-allocations-issues-and-options/,https://www.broxtowe.gov.uk/media/2210/07-other-rural-doc.pdf,2025-12-09,,,
3801779,broxtowe-borough-council-local-plan-15,Sustainability Scoping Report,,broxtowe-borough-council-local-plan,sustainability-appraisal,https://www.broxtowe.gov.uk/for-you/planning/planning-policy/part-2-local-plan/site-allocations-issues-and-options/,https://www.broxtowe.gov.uk/media/2214/sa-scoping-report-site-allocations.pdf,2025-12-09,,,
3801780,broxtowe-borough-council-local-plan-16,Habitat Regulation Screening Report,,broxtowe-borough-council-local-plan,habitats-regulations-assessment,https://www.broxtowe.gov.uk/for-you/planning/planning-policy/part-2-local-plan/site-allocations-issues-and-options/,https://www.broxtowe.gov.uk/media/2212/hra-supplementary-screening-broxtowe.pdf,2025-12-09,,,
3801781,broxtowe-borough-council-local-plan-17,Site Allocations: Potential Additional Sites,,broxtowe-borough-council-local-plan,local-plan,https://www.broxtowe.gov.uk/for-you/planning/planning-policy/part-2-local-plan/site-allocations-potential-additional-sites/,https://www.broxtowe.gov.uk/media/2203/site-allocations-potential-additional-sites.pdf,2025-12-09,,,
3801782,high-peak-borough-council-local-plan-1,Planning and building regulations for business,,high-peak-borough-council-local-plan,local-plan,https://www.highpeak.gov.uk,,2025-12-09,,,
3801783,high-peak-borough-council-local-plan-2,Building regulations,,high-peak-borough-council-local-plan,local-plan,https://highpeak.gov.uk/article/271/Consultations-and-petitions,,2025-12-09,,,
3801784,high-peak-borough-council-local-plan-3,Building regulations for business,,high-peak-borough-council-local-plan,local-plan,https://highpeak.gov.uk/article/271/Consultations-and-petitions,,2025-12-09,,,
3801785,high-peak-borough-council-local-plan-4,Local planning agents forum,,high-peak-borough-council-local-plan,local-plan,https://highpeak.gov.uk/article/271/Consultations-and-petitions,,2025-12-09,,,
3801786,high-peak-borough-council-local-plan-5,Food business regulations,,high-peak-borough-council-local-plan,local-plan,https://www.highpeak.gov.uk,,2025-12-09,,,
3801787,london-borough-of-lambeth-local-plan-2020-1,Lambeth Local Plan 2021,,london-borough-of-lambeth-local-plan-2020,local-plan,https://www.lambeth.gov.uk/localplan,https://beta.lambeth.gov.uk/sites/default/files/2021-09/Lambeth%20Local%20Plan%202021.pdf,2025-12-09,,,
3801788,london-borough-of-lambeth-local-plan-2020-2,Local Plan 2021 Adoption Statement,,london-borough-of-lambeth-local-plan-2020,adoption-statement,https://www.lambeth.gov.uk/localplan,https://beta.lambeth.gov.uk/sites/default/files/2021-09/Local%20Plan%202021%20Adoption%20Statement.pdf,2025-12-09,,,
3801789,london-borough-of-lambeth-local-plan-2020-3,Sustainability Appraisal Adoption Statement,,london-borough-of-lambeth-local-plan-2020,adoption-statement,https://www.lambeth.gov.uk/localplan,https://beta.lambeth.gov.uk/sites/default/files/2021-09/Sustainability%20Appraisal%20Adoption%20Statement.pdf,2025-12-09,,,
3801790,london-borough-of-lambeth-local-plan-2020-4,Erratum notice,,london-borough-of-lambeth-local-plan-2020,local-plan,https://www.lambeth.gov.uk/localplan,https://beta.lambeth.gov.uk/sites/default/files/2021-10/Erratum%20notice_0.pdf,2025-12-09,,,
3801791,london-borough-of-lambeth-local-plan-2020-5,Changes to the Policies Map,,london-borough-of-lambeth-local-plan-2020,policies-map,https://www.lambeth.gov.uk/planning-building-control/planning-policy-guidance/lambeth-local-plan-2021/local-plan-policies-map,https://beta.lambeth.gov.uk/sites/default/files/2021-09/Appendix%204%20-%20Changes%20to%20the%20Policies%20Map_0.pdf,2025-12-09,,,
3801792,london-borough-of-lambeth-local-plan-1,Lambeth Local Plan 2015,,london-borough-of-lambeth-local-plan,local-plan,https://www.lambeth.gov.uk/planning-building-control/planning-policy-guidance/lambeth-local-plan-2021/archived-local-plans,https://beta.lambeth.gov.uk/sites/default/files/2021-09/Lambeth%20Local%20Plan%202015%20web.pdf,2025-12-09,,,
3801793,london-borough-of-lambeth-local-plan-2,Policies map 2015 (South),,london-borough-of-lambeth-local-plan,policies-map,https://www.lambeth.gov.uk/planning-building-control/planning-policy-guidance/lambeth-local-plan-2021/archived-local-plans,https://beta.lambeth.gov.uk/sites/default/files/2022-04/Lambeth%20policies%20map%202015%20south.pdf,2025-12-09,,,
3801794,london-borough-of-lambeth-local-plan-3,Policies map 2015 (North),,london-borough-of-lambeth-local-plan,policies-map,https://www.lambeth.gov.uk/planning-building-control/planning-policy-guidance/lambeth-local-plan-2021/archived-local-plans,https://beta.lambeth.gov.uk/sites/default/files/2021-09/Lambeth-policy-map-2015.pdf,2025-12-09,,,
3801795,london-borough-of-lambeth-local-plan-4,Superseded Core Strategy,,london-borough-of-lambeth-local-plan,core-strategy,https://www.lambeth.gov.uk/planning-building-control/planning-policy-guidance/lambeth-local-plan-2021/archived-local-plans,https://www.lambeth.gov.uk/sites/default/files/2021-07/pl-core-strategy-archive-version.pdf,2025-12-09,,,
3801796,london-borough-of-lambeth-local-plan-5,Superseded Unitary Development Plan (UDP),,london-borough-of-lambeth-local-plan,local-plan,https://www.lambeth.gov.uk/planning-building-control/planning-policy-guidance/lambeth-local-plan-2021/archived-local-plans,https://www.lambeth.gov.uk/sites/default/files/pl-udp-archive-version.pdf,2025-12-09,,,
3801797,rochdale-metropolitan-borough-council-local-plan-1,Core Strategy,,rochdale-metropolitan-borough-council-local-plan,core-strategy,https://www.rochdale.gov.uk/local-planning-policy/local-plan,,2025-12-09,,,
3801798,rochdale-metropolitan-borough-council-local-plan-2,Places for Everyone Plan,,rochdale-metropolitan-borough-council-local-plan,joint-strategic-plan,https://www.rochdale.gov.uk/local-planning-policy/places-for-everyone,,2025-12-09,,,
3801799,rochdale-metropolitan-borough-council-local-plan-1996-1,Maps for Rochdale Borough Unitary Development Plan,,rochdale-metropolitan-borough-council-local-plan-1996,local-plan,https://www.rochdale.gov.uk/local-planning-policy/local-plan,,2025-12-09,,,
3801800,rochdale-metropolitan-borough-council-local-plan-3,Allocations Plan,,rochdale-metropolitan-borough-council-local-plan,site-allocations,https://www.rochdale.gov.uk/local-planning-policy/local-plan,,2025-12-09,,,
3801801,rochdale-metropolitan-borough-council-local-plan-4,Greater Manchester Joint Waste Development Plan,,rochdale-metropolitan-borough-council-local-plan,minerals-and-waste-plan,https://www.rochdale.gov.uk/local-planning-policy/local-plan,,2025-12-09,,,
3801802,rochdale-metropolitan-borough-council-local-plan-5,Greater Manchester Joint Minerals Development Plan,,rochdale-metropolitan-borough-council-local-plan,minerals-and-waste-plan,https://www.rochdale.gov.uk/local-planning-policy/local-plan,,2025-12-09,,,
3801803,aylesbury-vale-district-council-local-plan-1,Vale of Aylesbury Local Plan (VALP),,aylesbury-vale-district-council-local-plan,local-plan,https://www.buckinghamshire.gov.uk/planning-and-building-control/planning-policy/local-planning-guidance/local-development-plans,https://www.buckinghamshire.gov.uk/documents/9742/Aylesbury_local_plan_L46JWaT.pdf,2025-12-09,,,
3801804,aylesbury-vale-district-council-local-plan-2,VALP Adoption Statement,,aylesbury-vale-district-council-local-plan,adoption-statement,https://www.buckinghamshire.gov.uk/planning-and-building-control/planning-policy/local-planning-guidance/local-development-plans,https://www.buckinghamshire.gov.uk/documents/10126/VALP_Adoption_Statement_1.pdf,2025-12-09,,,
3801805,aylesbury-vale-district-council-local-plan-3,VALP Sustainability Appraisal Adoption Statement,,aylesbury-vale-district-council-local-plan,adoption-statement,https://www.buckinghamshire.gov.uk/planning-and-building-control/planning-policy/local-planning-guidance/local-development-plans,https://www.buckinghamshire.gov.uk/documents/10127/VALP_Sustainability_Appraisal_Adoption_Statement_1ux5xaG.pdf,2025-12-09,,,
3801806,aylesbury-vale-district-council-local-plan-4,VALP Sustainability Appraisal Report Addendum,,aylesbury-vale-district-council-local-plan,sustainability-appraisal,https://www.buckinghamshire.gov.uk/planning-and-building-control/planning-policy/local-planning-guidance/local-development-plans,https://www.buckinghamshire.gov.uk/documents/10149/ED246_Proposed_Further_Main_Modifications_Sustainability_Appraisal_Addendum_Yu4YYlT.pdf,2025-12-09,,,
3801807,aylesbury-vale-district-council-local-plan-5,Aylesbury Vale Strategic Flood Risk Assessment Level 1,,aylesbury-vale-district-council-local-plan,strategic-flood-risk-assessment,https://www.buckinghamshire.gov.uk/planning-and-building-control/planning-policy/local-planning-guidance/local-development-plans,https://www.buckinghamshire.gov.uk/documents/16520/2016s3990_-_Aylesbury_SFRA_Level_1_-_Final_v3_08_09_17_1.pdf,2025-12-09,,,
3801808,aylesbury-vale-district-council-local-plan-6,Aylesbury Vale Strategic Flood Risk Assessment Level 2,,aylesbury-vale-district-council-local-plan,strategic-flood-risk-assessment,https://www.buckinghamshire.gov.uk/planning-and-building-control/planning-policy/local-planning-guidance/local-development-plans,https://www.buckinghamshire.gov.uk/documents/16521/2016s3990_-_Aylesbury_SFRA_Level_2_-_Final_v3_Aug_2017.pdf,2025-12-09,,,
3801809,aylesbury-vale-district-council-local-plan-2016-1,Buckinghamshire Minerals and Waste Local Plan 2016-2036,,aylesbury-vale-district-council-local-plan-2016,minerals-and-waste-plan,https://www.buckinghamshire.gov.uk/planning-and-building-control/planning-policy/local-planning-guidance/local-development-plans,https://www.buckinghamshire.gov.uk/documents/9727/buckinghamshire-minerals-and-waste-local-plan-2016-2036_yiYUGSb.pdf,2025-12-09,,,
3801810,braintree-district-council-local-plan-2033-1,Braintree District Local Plan,,braintree-district-council-local-plan-2033,local-plan,https://www.braintree.gov.uk/localplanreview,,2025-12-09,,,
3801811,braintree-district-council-local-plan-2041-1,Local Plan Review,,braintree-district-council-local-plan-2041,local-plan-review,https://www.braintree.gov.uk/localplanreview,,2025-12-09,,,
3801812,braintree-district-council-local-plan-2041-2,Local Plan Review Timetable,,braintree-district-council-local-plan-2041,local-plan-review,https://www.braintree.gov.uk/localplanreview,,2025-12-09,,,
3801813,braintree-district-council-local-plan-2041-3,Local Plan Review 2041 Evidence Base,,braintree-district-council-local-plan-2041,local-plan-review,https://www.braintree.gov.uk/localplanreview,,2025-12-09,,,
3801814,braintree-district-council-local-plan-2041-4,Local Plan Review - Issues and Options,,braintree-district-council-local-plan-2041,local-plan-review,https://www.braintree.gov.uk/localplanreview,,2025-12-09,,,
3801815,braintree-district-council-local-plan-2041-5,Local Plan Review - your questions answered,,braintree-district-council-local-plan-2041,local-plan-review,https://www.braintree.gov.uk/localplanreview,,2025-12-09,,,
3801816,dorset-council-local-plan-2026-1,Dorset Council Local Plan Options Consultation 2025 main document,,dorset-council-local-plan-2026,local-plan,https://www.dorsetcouncil.gov.uk/w/dorset-council-local-plan-options-consultation-2025,https://www.dorsetcouncil.gov.uk/documents/d/guest/dorset-council-local-plan-options-consultation-document-2025-printweb-final,2025-12-09,,,
3801817,dorset-council-local-plan-2026-2,Sustainability Appraisal Report August 2025,,dorset-council-local-plan-2026,sustainability-appraisal,https://www.dorsetcouncil.gov.uk/w/dorset-council-local-plan-options-consultation-2025,https://www.dorsetcouncil.gov.uk/documents/d/guest/sa-report-for-dorset-local-plan-august-2025,2025-12-09,,,
3801818,dorset-council-local-plan-2026-3,Sustainability Appraisal Report August 2025 - Appendices,,dorset-council-local-plan-2026,sustainability-appraisal,https://www.dorsetcouncil.gov.uk/w/dorset-council-local-plan-options-consultation-2025,https://www.dorsetcouncil.gov.uk/documents/d/guest/sa-report-for-dorset-local-plan-august-2025-appendices,2025-12-09,,,
3801819,dorset-council-local-plan-2026-4,Habitats Regulations Assessment Report July 2025,,dorset-council-local-plan-2026,habitats-regulations-assessment,https://www.dorsetcouncil.gov.uk/w/dorset-council-local-plan-options-consultation-2025,https://www.dorsetcouncil.gov.uk/documents/d/guest/hra-report-for-dorset-local-plan-july-2025,2025-12-09,,,
3801820,dorset-council-local-plan-2026-5,Equality Impact Assessment for the Dorset Council Local Plan Options consultation process,,dorset-council-local-plan-2026,equalities-impact-assessment,https://www.dorsetcouncil.gov.uk/w/dorset-council-local-plan-options-consultation-2025,,2025-12-09,,,
3801821,dorset-council-local-plan-2026-6,Equality Impact Assessment for the Dorset Council Local Plan Options consultation document,,dorset-council-local-plan-2026,equalities-impact-assessment,https://www.dorsetcouncil.gov.uk/w/dorset-council-local-plan-options-consultation-2025,,2025-12-09,,,
3801822,dorset-council-local-plan-2026-7,Dorset Council area viability assessment,,dorset-council-local-plan-2026,viability-assessment,https://www.dorsetcouncil.gov.uk/planning-buildings-land/planning-policy/dorset-council-local-plan/dorset-council-local-plan-evidence-and-background-papers,,2025-12-09,,,
3801823,dorset-council-local-plan-2026-8,Strategic Housing Land Availability Assessment and Gypsy and Traveller Land Availability Assessment,,dorset-council-local-plan-2026,strategic-housing-land-availability,https://www.dorsetcouncil.gov.uk/planning-buildings-land/planning-policy/dorset-council-local-plan/dorset-council-local-plan-evidence-and-background-papers,,2025-12-09,,,
3801824,dorset-council-local-plan-2026-9,Gypsy and Traveller Accommodation Assessment Update,,dorset-council-local-plan-2026,gypsy-and-traveller-assessment,https://www.dorsetcouncil.gov.uk/planning-buildings-land/planning-policy/dorset-council-local-plan/dorset-council-local-plan-evidence-and-background-papers,,2025-12-09,,,
3801825,dorset-council-local-plan-2026-10,Dorset Council Level 1 Strategic Flood Risk Assessment,,dorset-council-local-plan-2026,strategic-flood-risk-assessment,https://www.dorsetcouncil.gov.uk/planning-buildings-land/planning-policy/dorset-council-local-plan/dorset-council-local-plan-evidence-and-background-papers,,2025-12-09,,,
3801826,dorset-council-local-plan-2026-11,Weymouth Level 2 Strategic Flood Risk Assessment,,dorset-council-local-plan-2026,strategic-flood-risk-assessment,https://www.dorsetcouncil.gov.uk/planning-buildings-land/planning-policy/dorset-council-local-plan/dorset-council-local-plan-evidence-and-background-papers,,2025-12-09,,,
3801827,north-tyneside-council-local-plan-2017-1,North Tyneside Local Plan 2017-2032,,north-tyneside-council-local-plan-2017,local-plan,https://www.northtyneside.gov.uk/residents/planning/planning-policy/local-plan,https://www.northtyneside.gov.uk/sites/default/files/2025-09/North%20Tyneside%20Local%20Plan%202017-2032%20%281%29.pdf,2025-12-09,,,
3801828,north-tyneside-council-local-plan-2017-2,North Tyneside Local Plan Review 2022,,north-tyneside-council-local-plan-2017,local-plan-review,https://www.northtyneside.gov.uk/residents/planning/planning-policy/local-plan,https://www.northtyneside.gov.uk/sites/default/files/2025-09/North%20Tyneside%20Local%20Plan%20Review%202022.pdf,2025-12-09,,,
3801829,north-tyneside-council-local-plan-2017-3,North Tyneside Local Development Scheme 2025,,north-tyneside-council-local-plan-2017,local-development-scheme,https://beta.northtyneside.gov.uk/residents/planning/planning-policy/planning-policy-timetable-and-consultation-guidance,https://beta.northtyneside.gov.uk/sites/default/files/2025-08/North%20Tyneside%20Local%20Development%20Scheme%202025.pdf,2025-12-09,,,
3801830,north-tyneside-council-local-plan-2017-4,Statement of Community Involvement 2020,,north-tyneside-council-local-plan-2017,statement-of-community-involvement,https://beta.northtyneside.gov.uk/residents/planning/planning-policy/planning-policy-timetable-and-consultation-guidance,https://beta.northtyneside.gov.uk/sites/default/files/2025-08/Statement%20of%20Community%20Involvement%202020.pdf,2025-12-09,,,
3801831,north-tyneside-council-local-plan-2017-5,Statement of Community Involvement 2025 EqIA,,north-tyneside-council-local-plan-2017,statement-of-community-involvement,https://beta.northtyneside.gov.uk/residents/planning/planning-policy/planning-policy-timetable-and-consultation-guidance,https://beta.northtyneside.gov.uk/sites/default/files/2025-08/Statement%20of%20Community%20Involvement%202025%20EqIA.pdf,2025-12-09,,,
3801832,tamworth-borough-council-local-plan-2006-1,Appendix D - Monitoring Framework,,tamworth-borough-council-local-plan-2006,local-plan,https://www.tamworth.gov.uk/planning-policy/development-plan-monitoring,https://www.tamworth.gov.uk/sites/default/files/planning_docs/Appendix-D-Monitoring-Framework.pdf,2025-12-09,,,
3801833,tamworth-borough-council-local-plan-2006-2,Authority's monitoring report 2023/24,,tamworth-borough-council-local-plan-2006,authority-monitoring-report,https://www.tamworth.gov.uk/planning-policy/development-plan-monitoring,https://www.tamworth.gov.uk/sites/default/files/planning_docs/Authorities-monitoring-report-2023_2024.pdf,2025-12-09,,,
3801834,tamworth-borough-council-local-plan-2006-3,Housing delivery paper 2023/24,,tamworth-borough-council-local-plan-2006,local-plan,https://www.tamworth.gov.uk/planning-policy/development-plan-monitoring,https://www.tamworth.gov.uk/sites/default/files/planning_docs/Housing-Delivery-Paper-2023_2024.pdf,2025-12-09,,,
3801835,tamworth-borough-council-local-plan-2006-4,Infrastructure funding statement 2023/24,,tamworth-borough-council-local-plan-2006,local-plan,https://www.tamworth.gov.uk/planning-policy/development-plan-monitoring,https://www.tamworth.gov.uk/sites/default/files/planning_docs/IFS-Report-2023_2024.pdf,2025-12-09,,,
3801836,new-forest-district-council-local-plan-2016-1,Local Plan 2016-2036 Part One,,new-forest-district-council-local-plan-2016,local-plan,https://www.newforest.gov.uk/article/1510/Local-Plan-2016-2036-part-1-Planning-strategy,https://www.newforest.gov.uk/media/705/Local-Plan-Document-2016-2036/pdf/Local_Plan_2016_2036FINAL_v2.pdf?m=637304853970400000,2025-12-09,,,
3801837,new-forest-district-council-local-plan-1,Local Plan Part 2 (2014),,new-forest-district-council-local-plan,local-plan,https://www.newforest.gov.uk/article/1682/List-of-all-Development-Plan-policies,https://www.newforest.gov.uk/media/713/Section-2-Development-Management-Policies/pdf/Section_2_Development_Management_Policies.pdf?m=637298093896870000,2025-12-09,,,
3801838,new-forest-district-council-local-plan-2,Local Plan Part 2 - Totton and the Waterside,,new-forest-district-council-local-plan,local-plan,https://www.newforest.gov.uk/article/1682/List-of-all-Development-Plan-policies,https://www.newforest.gov.uk/media/714/Section-3-Site-specific-proposals-Totton-and-the-Waterside/pdf/Section_3_Totton_and_the_Waterside.pdf?m=637298095344200000,2025-12-09,,,
3801839,new-forest-district-council-local-plan-3,Local Plan Part 2 - The Coastal Towns and Villages,,new-forest-district-council-local-plan,local-plan,https://www.newforest.gov.uk/article/1682/List-of-all-Development-Plan-policies,https://www.newforest.gov.uk/media/715/Section-4-Site-specific-proposals-The-Coastal-Towns-and-Villages/pdf/Section_4_Coastal_Towns_and_Villages.pdf?m=637298095725570000,2025-12-09,,,
3801840,new-forest-district-council-local-plan-4,"Local Plan Part 2 - Ringwood, Fordingbridge, the Avon Valley and Downlands",,new-forest-district-council-local-plan,local-plan,https://www.newforest.gov.uk/article/1682/List-of-all-Development-Plan-policies,https://www.newforest.gov.uk/media/716/Section-5-Site-specific-proposals-Ringwood-Fordingbridge-the-Avon-Valley-and-Downlands/pdf/Section_5_Avon_Valley.pdf?m=637298095999270000,2025-12-09,,,
3801841,new-forest-district-council-local-plan-2026-1,Core Strategy (2009),,new-forest-district-council-local-plan-2026,core-strategy,https://www.newforest.gov.uk/article/2808/The-Local-Plan-Part-1-Core-Strategy-2009,https://newforest.gov.uk/media/683/Core-Strategy-2009/pdf/Core_Strategy.pdf?m=637293905608770000,2025-12-09,,,
3801842,new-forest-district-council-local-plan-5,New Forest District Local Plan First Alteration (2005),,new-forest-district-council-local-plan,local-plan,https://www.newforest.gov.uk/article/1682/List-of-all-Development-Plan-policies,https://newforest.gov.uk/media/788/-New-Forest-District-Local-Plan-First-Alteration-2005-/pdf/New_Forest_Local_Plan_First_Alteration_2005.pdf?m=637299684625230000,2025-12-09,,,
3801843,stroud-district-council-local-plan-2031-1,Stroud District Local Plan - November 2015,,stroud-district-council-local-plan-2031,local-plan,https://www.stroud.gov.uk/localplan,https://www.stroud.gov.uk/media/2iqhaixj/stroud-district-local-plan_november-2015_low-res_for-web.pdf,2025-12-09,,,
3801844,stroud-district-council-local-plan-2031-2,Policies Map 1,,stroud-district-council-local-plan-2031,policies-map,https://www.stroud.gov.uk/localplan,https://www.stroud.gov.uk/media/bv2pvvez/policies_map_1.pdf,2025-12-09,,,
3801845,stroud-district-council-local-plan-2031-3,Policies Map 2,,stroud-district-council-local-plan-2031,policies-map,https://www.stroud.gov.uk/localplan,https://www.stroud.gov.uk/media/xjvowwzo/policies_map_2.pdf,2025-12-09,,,
3801846,stroud-district-council-local-plan-2031-4,Policies Map 3,,stroud-district-council-local-plan-2031,policies-map,https://www.stroud.gov.uk/localplan,https://www.stroud.gov.uk/media/3ovd523r/policies_map_3.pdf,2025-12-09,,,
3801847,stroud-district-council-local-plan-2031-5,Policies Map 4,,stroud-district-council-local-plan-2031,policies-map,https://www.stroud.gov.uk/localplan,https://www.stroud.gov.uk/media/1iddggye/policies_map_4.pdf,2025-12-09,,,
3801848,stroud-district-council-local-plan-2031-6,Stroud Local Plan Inspectors Report including Appendix,,stroud-district-council-local-plan-2031,inspectors-report,https://www.stroud.gov.uk/localplan,https://www.stroud.gov.uk/media/ybogqkmw/stroud_local_plan_inspectors_report_including_appendix.pdf,2025-12-09,,,
3801849,stroud-district-council-local-plan-2031-7,Sustainability appraisal (SA) adoption,,stroud-district-council-local-plan-2031,sustainability-appraisal,https://www.stroud.gov.uk/localplan,https://www.stroud.gov.uk/media/3pjft0l4/sa_adoption_statement.pdf,2025-12-09,,,
3801850,stroud-district-council-local-plan-2031-8,Adoption Statement and Statement of Availability,,stroud-district-council-local-plan-2031,adoption-statement,https://www.stroud.gov.uk/localplan,https://www.stroud.gov.uk/media/lytlrvxb/adoption_statement.pdf,2025-12-09,,,
3801851,stevenage-borough-council-local-plan-2011-1,Local Development Scheme June 2025,,stevenage-borough-council-local-plan-2011,local-development-scheme,https://www.stevenage.gov.uk/planning-and-building-control/planning-policy/local-development-scheme,https://www.stevenage.gov.uk/documents/planning-policy/local-development-scheme/local-development-scheme-june-2025.pdf,2025-12-09,,,
3801852,south-downs-national-park-authority-local-plan-2014-1,SDNPA response to Preliminary note from Inspector,,south-downs-national-park-authority-local-plan-2014,local-plan,https://www.southdowns.gov.uk/planning-policy/south-downs-local-plan/local-plan-evidence-base/core-document-library/authoritys-documents/,https://www.southdowns.gov.uk/wp-content/uploads/2018/06/SDNPA.1-SDNPA-response-to-Preliminary-note-from-Inspector.pdf,2025-12-09,,,
3801853,south-downs-national-park-authority-local-plan-2014-2,Main Issues Report,,south-downs-national-park-authority-local-plan-2014,local-plan,https://www.southdowns.gov.uk/planning-policy/south-downs-local-plan/local-plan-evidence-base/core-document-library/authoritys-documents/,https://www.southdowns.gov.uk/wp-content/uploads/2018/07/SDNPA.2-Main-Issues-Report.pdf,2025-12-09,,,
3801854,south-downs-national-park-authority-local-plan-2014-3,Main Modifications 01 November 2018,,south-downs-national-park-authority-local-plan-2014,main-modifications,https://www.southdowns.gov.uk/planning-policy/south-downs-local-plan/local-plan-evidence-base/core-document-library/authoritys-documents/,https://www.southdowns.gov.uk/wp-content/uploads/2018/08/Main-Mods-011118-combined.pdf,2025-12-09,,,
3801855,south-downs-national-park-authority-local-plan-2014-4,Minor Edits 02 November 2018,,south-downs-national-park-authority-local-plan-2014,local-plan,https://www.southdowns.gov.uk/planning-policy/south-downs-local-plan/local-plan-evidence-base/core-document-library/authoritys-documents/,https://www.southdowns.gov.uk/wp-content/uploads/2018/08/Schedule-of-minor-edits-021118.pdf,2025-12-09,,,
3801856,south-downs-national-park-authority-local-plan-2014-5,South Downs Local Plan Issues and Responses,,south-downs-national-park-authority-local-plan-2014,consultation-statement,https://www.southdowns.gov.uk/planning-policy/south-downs-local-plan/local-plan-evidence-base/core-document-library/authoritys-documents/,https://www.southdowns.gov.uk/wp-content/uploads/2018/08/South-Downs-Local-Plan-Issues-and-Responses.pdf,2025-12-09,,,
3801857,south-downs-national-park-authority-local-plan-2014-6,Note for Inspector on phasing,,south-downs-national-park-authority-local-plan-2014,local-plan,https://www.southdowns.gov.uk/planning-policy/south-downs-local-plan/local-plan-evidence-base/core-document-library/authoritys-documents/,https://www.southdowns.gov.uk/wp-content/uploads/2018/11/SDNPA.11-Note-for-Inspector-on-phasing.pdf,2025-12-09,,,
3801858,south-downs-national-park-authority-local-plan-2014-7,SD89 Pulens Lane Medieval Assart information,,south-downs-national-park-authority-local-plan-2014,local-plan,https://www.southdowns.gov.uk/planning-policy/south-downs-local-plan/local-plan-evidence-base/core-document-library/authoritys-documents/,https://www.southdowns.gov.uk/wp-content/uploads/2018/12/SD89-Pulens-Lane-Medieval-Assart-information.pdf,2025-12-09,,,
3801859,south-downs-national-park-authority-local-plan-2014-8,Major Mods schedule,,south-downs-national-park-authority-local-plan-2014,local-plan,https://www.southdowns.gov.uk/planning-policy/south-downs-local-plan/local-plan-evidence-base/core-document-library/authoritys-documents/,https://www.southdowns.gov.uk/wp-content/uploads/2019/01/Main_Mods_2019_FINAL_with_appdx.pdf,2025-12-09,,,
3801860,south-downs-national-park-authority-local-plan-2014-9,Amended inset policies map for Kingston-near-Lewes,,south-downs-national-park-authority-local-plan-2014,policies-map,https://www.southdowns.gov.uk/planning-policy/south-downs-local-plan/local-plan-evidence-base/core-document-library/authoritys-documents/,https://www.southdowns.gov.uk/wp-content/uploads/2019/01/34_145_Policies_Map_Insets_A3_Kingston-near-Lewes.pdf,2025-12-09,,,
3801861,south-downs-national-park-authority-local-plan-2014-10,South Downs Local Plan SA Report Addendum,,south-downs-national-park-authority-local-plan-2014,sustainability-appraisal,https://www.southdowns.gov.uk/planning-policy/south-downs-local-plan/local-plan-evidence-base/core-document-library/authoritys-documents/,https://www.southdowns.gov.uk/wp-content/uploads/2019/01/South-Downs-Local-Plan_-SA-Report-Addendum_V3.0_310119.pdf,2025-12-09,,,
3801862,south-downs-national-park-authority-local-plan-2014-11,HRA Statement,,south-downs-national-park-authority-local-plan-2014,habitats-regulations-assessment,https://www.southdowns.gov.uk/planning-policy/south-downs-local-plan/local-plan-evidence-base/core-document-library/authoritys-documents/,https://www.southdowns.gov.uk/wp-content/uploads/2019/01/HRA-letter-for-consultation.pdf,2025-12-09,,,
3801863,south-downs-national-park-authority-local-plan-2014-12,Main Modifications Report,,south-downs-national-park-authority-local-plan-2014,main-modifications,https://www.southdowns.gov.uk/planning-policy/south-downs-local-plan/local-plan-evidence-base/core-document-library/authoritys-documents/,https://www.southdowns.gov.uk/wp-content/uploads/2019/04/Main-Modifications-Report-FINAL-PUBLSHD.pdf,2025-12-09,,,
3801864,south-downs-national-park-authority-local-plan-1,2014 South Downs Visitor Accommodation Review,,south-downs-national-park-authority-local-plan,local-plan,https://www.southdowns.gov.uk/planning-policy/the-south-downs-local-plan-review/evidence-base/homes-and-economy/south-downs-visitor-accommodation-review/,https://www.southdowns.gov.uk/wp-content/uploads/2024/09/CD37-SDNPA-Visitor-Accommodation-Review-Report-2014.pdf,2025-12-09,,,
3801865,south-downs-national-park-authority-local-plan-2,2025 South Downs Visitor Accommodation Review,,south-downs-national-park-authority-local-plan,local-plan,https://www.southdowns.gov.uk/planning-policy/the-south-downs-local-plan-review/evidence-base/homes-and-economy/south-downs-visitor-accommodation-review/,https://www.southdowns.gov.uk/wp-content/uploads/2025/09/2025-SDNP-Visitor-Accommodation-Review.pdf,2025-12-09,,,
3801866,south-downs-national-park-authority-local-plan-3,2025 South Downs Accommodation Audit and Market Review,,south-downs-national-park-authority-local-plan,local-plan,https://www.southdowns.gov.uk/planning-policy/the-south-downs-local-plan-review/evidence-base/homes-and-economy/south-downs-visitor-accommodation-review/,https://www.southdowns.gov.uk/wp-content/uploads/2025/09/2025-SDNP-Accommodation-Audit-and-Market-Review.pdf,2025-12-09,,,
3801867,south-downs-national-park-authority-local-plan-4,Local Plan Review Regulation 18 Integrated Impact Assessment,,south-downs-national-park-authority-local-plan,local-plan-regulation-18,https://www.southdowns.gov.uk/planning-policy/the-south-downs-local-plan-review/evidence-base/regulatory-assessments/integrated-impact-assessment-iia-and-scoping-report/,https://www.southdowns.gov.uk/wp-content/uploads/2024/11/Local-Plan-Review-Regulation-18-IIA-main-document-October-2024.pdf,2025-12-09,,,
3801868,south-downs-national-park-authority-local-plan-5,IIA Non-Technical Summary,,south-downs-national-park-authority-local-plan,local-plan,https://www.southdowns.gov.uk/planning-policy/the-south-downs-local-plan-review/evidence-base/regulatory-assessments/integrated-impact-assessment-iia-and-scoping-report/,https://www.southdowns.gov.uk/wp-content/uploads/2024/11/Local-Plan-Review-Regulation-18-Non-Technical-Summary-to-IIA-main-document-October-2024.pdf,2025-12-09,,,
3801869,south-downs-national-park-authority-local-plan-6,IIA Appendix A - Sustainability Issues,,south-downs-national-park-authority-local-plan,local-plan,https://www.southdowns.gov.uk/planning-policy/the-south-downs-local-plan-review/evidence-base/regulatory-assessments/integrated-impact-assessment-iia-and-scoping-report/,https://www.southdowns.gov.uk/wp-content/uploads/2024/11/Local-Plan-Review-Regulation-18-IIA-Appendix-A-Sustainability-Issues-October-2024.pdf,2025-12-09,,,
3801870,south-downs-national-park-authority-local-plan-7,IIA Appendix B - Settlement Appraisal,,south-downs-national-park-authority-local-plan,local-plan,https://www.southdowns.gov.uk/planning-policy/the-south-downs-local-plan-review/evidence-base/regulatory-assessments/integrated-impact-assessment-iia-and-scoping-report/,https://www.southdowns.gov.uk/wp-content/uploads/2024/11/Local-Plan-Review-Regulation-18-IIA-Appendix-B-Settlement-Appraisal-October-2024.pdf,2025-12-09,,,
3801871,south-downs-national-park-authority-local-plan-8,Integrated Impact Assessment Scoping Report 2024,,south-downs-national-park-authority-local-plan,local-plan,https://www.southdowns.gov.uk/planning-policy/the-south-downs-local-plan-review/evidence-base/regulatory-assessments/integrated-impact-assessment-iia-and-scoping-report/,https://www.southdowns.gov.uk/wp-content/uploads/2023/05/Scoping-Report-to-IIA-October-2024-amended.pdf,2025-12-09,,,
3801872,east-cambridgeshire-district-council-local-plan-2031-1,East Cambridgeshire Local Plan,,east-cambridgeshire-district-council-local-plan-2031,local-plan,https://www.eastcambs.gov.uk/planning-and-building-control/planning-policy-and-guidance/adopted-local-plan/local-plan,https://www.eastcambs.gov.uk/sites/default/files/2024-10/Local%20Plan%20adopted%2019%20October%202023%20-%20final%20with%20cover.pdf,2025-12-09,,,
3801873,east-cambridgeshire-district-council-local-plan-2031-2,Tracked Change Version of the East Cambridgeshire Local Plan 2015 (as amended 2023),,east-cambridgeshire-district-council-local-plan-2031,local-plan,https://www.eastcambs.gov.uk/planning-and-building-control/planning-policy-and-guidance/adopted-local-plan/local-plan,https://www.eastcambs.gov.uk/sites/default/files/2024-10/Local%20Plan%20%28excl%20front%20cover%29%20as%20updated%20-%20adopted%2019%20October%202023%20-%20tracked%20changes%20version.pdf,2025-12-09,,,
3801874,east-cambridgeshire-district-council-local-plan-2031-3,Adoption Statement: Local Plan 2015,,east-cambridgeshire-district-council-local-plan-2031,adoption-statement,https://www.eastcambs.gov.uk/planning-and-building-control/planning-policy-and-guidance/adopted-local-plan/local-plan,https://www.eastcambs.gov.uk/sites/default/files/2024-10/Adoption%20statement%20-%20final.pdf,2025-12-09,,,
3801875,east-cambridgeshire-district-council-local-plan-2031-4,Adoption Statement: Local Plan update 2023,,east-cambridgeshire-district-council-local-plan-2031,adoption-statement,https://www.eastcambs.gov.uk/planning-and-building-control/planning-policy-and-guidance/adopted-local-plan/local-plan,https://www.eastcambs.gov.uk/sites/default/files/2024-10/Adoption%20statement%20Local%20Plan%202023%20Update%20-%20final.pdf,2025-12-09,,,
3801876,east-cambridgeshire-district-council-local-plan-2031-5,Inspector's Report on the examination into the East Cambridgeshire Local Plan 2015,,east-cambridgeshire-district-council-local-plan-2031,inspectors-report,https://www.eastcambs.gov.uk/planning-and-building-control/planning-policy-and-guidance/adopted-local-plan/local-plan,https://www.eastcambs.gov.uk/sites/default/files/2024-10/Inspector%27s%20Report_0.pdf,2025-12-09,,,
3801877,east-cambridgeshire-district-council-local-plan-2031-6,Inspector's Report on the examination into the East Cambridgeshire Local Plan Single Issue Review 2023,,east-cambridgeshire-district-council-local-plan-2031,inspectors-report,https://www.eastcambs.gov.uk/planning-and-building-control/planning-policy-and-guidance/adopted-local-plan/local-plan,https://www.eastcambs.gov.uk/sites/default/files/2024-10/East%20Cambs%20Local%20Plan%20SIR%20Inspector%27s%20Report%20October%202023_0.pdf,2025-12-09,,,
3801878,east-cambridgeshire-district-council-local-plan-2031-7,Inspector's Recommended Main modifications,,east-cambridgeshire-district-council-local-plan-2031,main-modifications,https://www.eastcambs.gov.uk/planning-and-building-control/planning-policy-and-guidance/adopted-local-plan/local-plan,https://www.eastcambs.gov.uk/sites/default/files/2024-10/Inspector%27s%20Main%20Mods_0.pdf,2025-12-09,,,
3801879,east-cambridgeshire-district-council-local-plan-2031-8,Inspector's Recommended Main Modification,,east-cambridgeshire-district-council-local-plan-2031,local-plan,https://www.eastcambs.gov.uk/planning-and-building-control/planning-policy-and-guidance/adopted-local-plan/local-plan,https://www.eastcambs.gov.uk/sites/default/files/2024-10/East%20Cambs%20Local%20Plan%20SIR%20Inspector%27s%20Report%20Main%20Mods%20October%202023_0.pdf,2025-12-09,,,
3801880,east-cambridgeshire-district-council-local-plan-2031-9,Sustainability Appraisal of the Local Plan 2015,,east-cambridgeshire-district-council-local-plan-2031,sustainability-appraisal,https://www.eastcambs.gov.uk/planning-and-building-control/planning-policy-and-guidance/adopted-local-plan/local-plan,https://www.eastcambs.gov.uk/sites/default/files/2024-10/SA%20report%20of%20the%20April%202015%20Adopted%20LP%20-%20FINAL.pdf,2025-12-09,,,
3801881,east-cambridgeshire-district-council-local-plan-2031-10,Sustainability Appraisal of the Local Plan update 2023,,east-cambridgeshire-district-council-local-plan-2031,sustainability-appraisal,https://www.eastcambs.gov.uk/planning-and-building-control/planning-policy-and-guidance/adopted-local-plan/local-plan,https://www.eastcambs.gov.uk/sites/default/files/2024-10/East%20Cambs%20Local%20Plan%20SIR%20-%20SA%20report%20post%20adoption%20Oct%202023.pdf,2025-12-09,,,
3801882,east-cambridgeshire-district-council-local-plan-2031-11,Adoption Statement of the Sustainability Appraisal 2015,,east-cambridgeshire-district-council-local-plan-2031,adoption-statement,https://www.eastcambs.gov.uk/planning-and-building-control/planning-policy-and-guidance/adopted-local-plan/local-plan,https://www.eastcambs.gov.uk/sites/default/files/2024-10/SA%20Adoption%20Statement%20-%20Apr%202015%20-%20Final.pdf,2025-12-09,,,
3801883,east-cambridgeshire-district-council-local-plan-2031-12,Adoption Statement of the Sustainability Appraisal 2023,,east-cambridgeshire-district-council-local-plan-2031,adoption-statement,https://www.eastcambs.gov.uk/planning-and-building-control/planning-policy-and-guidance/adopted-local-plan/local-plan,https://www.eastcambs.gov.uk/sites/default/files/2024-10/East%20Cambs%20Local%20Plan%20SA%20Adoption%20Statement%20-%20Oct%202023.pdf,2025-12-09,,,
3801884,east-cambridgeshire-district-council-local-plan-2031-13,Second Review of the Local Plan (April 2020),,east-cambridgeshire-district-council-local-plan-2031,local-plan,https://www.eastcambs.gov.uk/planning-and-building-control/planning-policy-and-guidance/adopted-local-plan/local-plan,https://www.eastcambs.gov.uk/sites/default/files/2024-10/ECDC%20LP%20Review%20April%202020.pdf,2025-12-09,,,
3801885,rutland-county-council-local-plan-2021-1,Rutland Local Plan Regulation 19 Consultation Document,,rutland-county-council-local-plan-2021,local-plan-regulation-19,https://www.rutland.gov.uk/planning-building-control/local-plan/submitted-local-plan/pre-submission-draft-local-plan-consultation-regulation-19,https://www.rutland.gov.uk/sites/default/files/2024-10/regulation_19_local_plan_v2.pdf,2025-12-09,,,
3801886,rutland-county-council-local-plan-2021-2,Rutland Policies Map,,rutland-county-council-local-plan-2021,policies-map,https://www.rutland.gov.uk/planning-building-control/local-plan/submitted-local-plan/pre-submission-draft-local-plan-consultation-regulation-19,https://www.rutland.gov.uk/sites/default/files/2024-10/Rutland%20Policies%20Map%202024_0.pdf,2025-12-09,,,
3801887,rutland-county-council-local-plan-2011-1,Core Strategy DPD,,rutland-county-council-local-plan-2011,core-strategy,https://www.rutland.gov.uk/adopted-local-plan,https://www.rutland.gov.uk/sites/default/files/2022-09/Core%20Strategy%20DPD%20%28July%202011%29.pdf,2025-12-09,,,
3801888,rutland-county-council-local-plan-2011-2,Core Strategy DPD- Adoption Statement,,rutland-county-council-local-plan-2011,adoption-statement,https://www.rutland.gov.uk/adopted-local-plan,https://www.rutland.gov.uk/sites/default/files/2022-09/Core%20Strategy%20DPD-%20Adoption%20Statement%20%28July%202011%29.pdf,2025-12-09,,,
3801889,rutland-county-council-local-plan-1,Site Allocations and Policies DPD,,rutland-county-council-local-plan,site-allocations,https://www.rutland.gov.uk/adopted-local-plan,https://www.rutland.gov.uk/sites/default/files/2022-12/Site%20Allocations%20and%20Policies%20DPD%20%28October%202014%29.pdf,2025-12-09,,,
3801890,rutland-county-council-local-plan-2,Site Allocations and Policies DPD - Policies Map 1,,rutland-county-council-local-plan,policies-map,https://www.rutland.gov.uk/adopted-local-plan,https://www.rutland.gov.uk/sites/default/files/2022-12/Site%20Allocations%20and%20Policies%20DPD%20-%20Policies%20Map%201%20%28October%202014%29.pdf,2025-12-09,,,
3801891,rutland-county-council-local-plan-3,Site Allocations and Policies DPD - Policies Map 2,,rutland-county-council-local-plan,policies-map,https://www.rutland.gov.uk/adopted-local-plan,https://www.rutland.gov.uk/sites/default/files/2022-12/Site%20Allocations%20and%20Policies%20DPD%20-%20Policies%20Map%202%20%28October%202014%29.pdf,2025-12-09,,,
3801892,rutland-county-council-local-plan-4,Site Allocations and Policies DPD - Adoption Statement,,rutland-county-council-local-plan,adoption-statement,https://www.rutland.gov.uk/adopted-local-plan,https://www.rutland.gov.uk/sites/default/files/2022-12/Site%20Allocations%20and%20Policies%20DPD%20SA%20adoption%20statement%20%28October%202014%29.pdf,2025-12-09,,,
3801893,rutland-county-council-local-plan-5,Minerals Core Strategy and Development Control Policies DPD,,rutland-county-council-local-plan,core-strategy,https://www.rutland.gov.uk/adopted-local-plan,https://www.rutland.gov.uk/sites/default/files/2022-10/LP14%20-%20Minerals%20Core%20Strategy%20and%20Development%20Control%20Policies%20DPD%20%28October%202010%29.pdf,2025-12-09,,,
3801894,rutland-county-council-local-plan-6,Minerals Core Strategy and Development Control Policies DPD - Adoption Statement,,rutland-county-council-local-plan,adoption-statement,https://www.rutland.gov.uk/adopted-local-plan,https://www.rutland.gov.uk/sites/default/files/2022-12/Minerals%20Core%20Strategy%20and%20Development%20Control%20Policies%20DPD%20-%20Adoption%20Statement%20%28October%202010%29.pdf,2025-12-09,,,
3801895,plymouth-city-council-local-plan-2014-1,Plymouth and South West Devon Joint Local Plan (March 2019),,plymouth-city-council-local-plan-2014,local-plan,https://www.plymouth.gov.uk/adopted-plymouth-and-south-west-devon-joint-local-plan,https://www.plymouth.gov.uk/sites/default/files/JLPAdoptedVersion.pdf,2025-12-09,,,
3801896,plymouth-city-council-local-plan-2014-2,Plymouth and South West Devon Joint Local Plan Five Year Review Report 2024,,plymouth-city-council-local-plan-2014,local-plan,https://www.plymouth.gov.uk/adopted-plymouth-and-south-west-devon-joint-local-plan,https://www.plymouth.gov.uk/sites/default/files/2024-03/Plymouth-South-West-Devon-Joint-Local-Plan-Review.pdf,2025-12-09,,,
3801897,plymouth-city-council-local-plan-2014-3,Plymouth and South West Devon Joint Local Plan Adoption Statement,,plymouth-city-council-local-plan-2014,adoption-statement,https://www.plymouth.gov.uk/adopted-plymouth-and-south-west-devon-joint-local-plan,https://www.plymouth.gov.uk/sites/default/files/JLPAdoptionStatement.pdf,2025-12-09,,,
3801898,plymouth-city-council-local-plan-2014-4,Policies Map: Plymouth Policy Area,,plymouth-city-council-local-plan-2014,policies-map,https://www.plymouth.gov.uk/adopted-plymouth-and-south-west-devon-joint-local-plan,https://www.plymouth.gov.uk/sites/default/files/PoliciesMapPPA.pdf,2025-12-09,,,
3801899,plymouth-city-council-local-plan-2014-5,Policies Map: Thriving Towns and Villages Policy Area (South Hams),,plymouth-city-council-local-plan-2014,policies-map,https://www.plymouth.gov.uk/adopted-plymouth-and-south-west-devon-joint-local-plan,https://www.plymouth.gov.uk/sites/default/files/PoliciesMapTTVSH.pdf,2025-12-09,,,
3801900,plymouth-city-council-local-plan-2014-6,Policies Map: Thriving Towns and Villages Policy Area (West Devon),,plymouth-city-council-local-plan-2014,policies-map,https://www.plymouth.gov.uk/adopted-plymouth-and-south-west-devon-joint-local-plan,https://www.plymouth.gov.uk/sites/default/files/PoliciesMapTTVWD.pdf,2025-12-09,,,
3801901,plymouth-city-council-local-plan-2014-7,Sustainability Appraisal Adoption Statement,,plymouth-city-council-local-plan-2014,adoption-statement,https://www.plymouth.gov.uk/adopted-plymouth-and-south-west-devon-joint-local-plan,https://www.plymouth.gov.uk/sites/default/files/JLPSAAdoptionStatement.pdf,2025-12-09,,,
3801902,plymouth-city-council-local-plan-2014-8,Inspectors' Final Report on the Examination of the Plymouth and South West Devon Joint Local Plan 2014 to 2034,,plymouth-city-council-local-plan-2014,local-plan,https://www.plymouth.gov.uk/adopted-plymouth-and-south-west-devon-joint-local-plan,https://www.plymouth.gov.uk/sites/default/files/PSWDJLPFinalReport.pdf,2025-12-09,,,
3801903,plymouth-city-council-local-plan-2014-9,Inspectors' Final Report: Appendix: Main Modifications,,plymouth-city-council-local-plan-2014,main-modifications,https://www.plymouth.gov.uk/adopted-plymouth-and-south-west-devon-joint-local-plan,https://www.plymouth.gov.uk/sites/default/files/PSWDJLPMMAppendix.pdf,2025-12-09,,,
3801904,plymouth-city-council-local-plan-2014-10,Schedule of Additional Modifications,,plymouth-city-council-local-plan-2014,local-plan,https://www.plymouth.gov.uk/adopted-plymouth-and-south-west-devon-joint-local-plan,https://www.plymouth.gov.uk/sites/default/files/ScheduleofAMs_0.pdf,2025-12-09,,,
3801905,plymouth-city-council-local-plan-2014-11,Examination Library (Version 57),,plymouth-city-council-local-plan-2014,local-plan,https://www.plymouth.gov.uk/evidence-base-and-examination-documents,https://www.plymouth.gov.uk/sites/default/files/EXL1%20Examination%20Library_v57_1.pdf,2025-12-09,,,
3801906,plymouth-city-council-local-plan-1,LGS DPD Designation Criteria Document,,plymouth-city-council-local-plan,local-plan,https://www.plymouth.gov.uk/local-green-space-development-plan-document,https://www.plymouth.gov.uk/sites/default/files/LGSDPDDesignationCriteriaDocument.pdf,2025-12-09,,,
3801907,plymouth-city-council-local-plan-2,Consultation Response Report,,plymouth-city-council-local-plan,local-plan,https://www.plymouth.gov.uk/local-green-space-development-plan-document,https://www.plymouth.gov.uk/sites/default/files/ConsultationResponseReport.pdf,2025-12-09,,,
3801908,plymouth-city-council-local-plan-3,Amended Local Green Space Methodology,,plymouth-city-council-local-plan,local-plan,https://www.plymouth.gov.uk/local-green-space-development-plan-document,https://www.plymouth.gov.uk/sites/default/files/AmendedLocalGreenSpaceMethodology.pdf,2025-12-09,,,
3801909,plymouth-city-council-local-plan-4,Amended Local Green Space Assessment Form,,plymouth-city-council-local-plan,local-plan,https://www.plymouth.gov.uk/local-green-space-development-plan-document,https://www.plymouth.gov.uk/sites/default/files/AmendedLocalGreenSpaceAssessmentForm.pdf,2025-12-09,,,
3801910,plymouth-city-council-local-plan-5,Stage A Integrated Report SA SEA HIA 2020,,plymouth-city-council-local-plan,strategic-environmental-assessment,https://www.plymouth.gov.uk/local-green-space-development-plan-document,https://www.plymouth.gov.uk/sites/default/files/StageAIntegratedReportSASEAHIA2020.pdf,2025-12-09,,,
3801911,plymouth-city-council-local-plan-6,Stage B Report SA SEA LGS DPD Designation Criteria Document,,plymouth-city-council-local-plan,strategic-environmental-assessment,https://www.plymouth.gov.uk/local-green-space-development-plan-document,https://www.plymouth.gov.uk/sites/default/files/StageBReportSASEALGSDPDDesignationCriteriaDocument.pdf,2025-12-09,,,
3801912,plymouth-city-council-local-plan-7,LGS DPD Designation Criteria Consultation Statement,,plymouth-city-council-local-plan,consultation-statement,https://www.plymouth.gov.uk/local-green-space-development-plan-document,https://www.plymouth.gov.uk/sites/default/files/LGSDPDDesignationCriteriaConsultationStatement.pdf,2025-12-09,,,
3801913,broxbourne-borough-council-local-plan-2018-1,Local Plan 2018-2033,,broxbourne-borough-council-local-plan-2018,local-plan,https://www.broxbourne.gov.uk/localplan,https://www.broxbourne.gov.uk/downloads/file/1813/local-plan-2018-2033,2025-12-09,,,
3801914,broxbourne-borough-council-local-plan-2018-2,Local Plan 2018-2033 Appendix E [containing Indicative Concept Plans],,broxbourne-borough-council-local-plan-2018,local-plan,https://www.broxbourne.gov.uk/localplan,https://www.broxbourne.gov.uk/downloads/file/929/exam-32d-appendix-e-indicative-concept-plans-31-07-2019,2025-12-09,,,
3801915,broxbourne-borough-council-local-plan-2018-3,Sustainability Appraisal of the Local Plan 2018-2033,,broxbourne-borough-council-local-plan-2018,sustainability-appraisal,https://www.broxbourne.gov.uk/localplan,https://www.broxbourne.gov.uk/downloads/file/925/sustainability-appraisal-post-adoption-statement-may-2020,2025-12-09,,,
3801916,broxbourne-borough-council-local-plan-2018-4,Inspector's Final Report,,broxbourne-borough-council-local-plan-2018,local-plan,https://www.broxbourne.gov.uk/localplan,https://www.broxbourne.gov.uk/downloads/file/924/broxbourne-lp-report-final,2025-12-09,,,
3801917,broxbourne-borough-council-local-plan-2018-5,Appendix [containing a Schedule of Main Modifications.],,broxbourne-borough-council-local-plan-2018,main-modifications,https://www.broxbourne.gov.uk/localplan,https://www.broxbourne.gov.uk/downloads/file/926/broxbourne-lp-appendix-final,2025-12-09,,,
3801918,broxbourne-borough-council-local-plan-2018-6,Policies Map (JPEG),,broxbourne-borough-council-local-plan-2018,policies-map,https://www.broxbourne.gov.uk/localplan,https://www.broxbourne.gov.uk/downloads/file/930/local-plan-policies-map-june-2020-jpeg,2025-12-09,,,
3801919,broxbourne-borough-council-local-plan-2018-7,Wharf Road SPD (November 2023),,broxbourne-borough-council-local-plan-2018,supplementary-planning-document,https://www.broxbourne.gov.uk/localplan,https://www.broxbourne.gov.uk/downloads/file/4010/wharf-road-supplementary-planning-document-final-,2025-12-09,,,
3801920,broxbourne-borough-council-local-plan-2018-8,Employment and Skills SPD (November 2023),,broxbourne-borough-council-local-plan-2018,supplementary-planning-document,https://www.broxbourne.gov.uk/localplan,https://www.broxbourne.gov.uk/downloads/file/4029/employment-and-skills-spd,2025-12-09,,,
3801921,broxbourne-borough-council-local-plan-2018-9,Local Development Scheme,,broxbourne-borough-council-local-plan-2018,local-development-scheme,https://www.broxbourne.gov.uk/localplan,http://www.broxbourne.gov.uk/downloads/file/4632/broxbourne-local-development-scheme-february-2025,2025-12-09,,,
3801922,broxbourne-borough-council-local-plan-2001-1,Full Adopted Local Plan 2001-2011,,broxbourne-borough-council-local-plan-2001,local-plan,https://www.broxbourne.gov.uk/localplan,https://www.broxbourne.gov.uk/downloads/file/928/pp-2013-12-17-full-adopted-local-plan-2001-2011,2025-12-09,,,
3801923,london-borough-of-brent-local-plan-2019-1,Brent Local Plan 2019 - 2041 (adopted),,london-borough-of-brent-local-plan-2019,local-plan,https://www.brent.gov.uk/localplan,https://www.brent.gov.uk/media/16420376/brent-local-plan-2019-2041.pdf,2025-12-09,,,
3801924,london-borough-of-brent-local-plan-2019-2,Brent Local Plan 2019 - 2041 (adopted) accessible version,,london-borough-of-brent-local-plan-2019,local-plan,https://www.brent.gov.uk/localplan,https://www.brent.gov.uk/media/16420357/brent-local-plan-2019-2041-accessible2.pdf,2025-12-09,,,
3801925,london-borough-of-brent-local-plan-2019-3,Local Plan Adoption Statement,,london-borough-of-brent-local-plan-2019,adoption-statement,https://www.brent.gov.uk/planning-and-building-control/planning-policy-and-guidance/brent-local-plan/brent-local-plan-2019-2041,https://www.brent.gov.uk/media/16420110/brent-local-plan-adoption-statement-feb-22.pdf,2025-12-09,,,
3801926,london-borough-of-brent-local-plan-2019-4,Local Plan Integrated Impact Assessment Adoption Report,,london-borough-of-brent-local-plan-2019,local-plan,https://www.brent.gov.uk/planning-and-building-control/planning-policy-and-guidance/brent-local-plan/brent-local-plan-2019-2041,https://www.brent.gov.uk/media/16420026/iia-adoption-statement-1.pdf,2025-12-09,,,
3801927,london-borough-of-brent-local-plan-2019-5,Planning Inspectors' Report on the Examination of Brent Local Plan 2019-2041,,london-borough-of-brent-local-plan-2019,local-plan,https://www.brent.gov.uk/planning-and-building-control/planning-policy-and-guidance/brent-local-plan/brent-local-plan-2019-2041,https://www.brent.gov.uk/media/16419965/1_brent-lp-inspectors-report-final.pdf,2025-12-09,,,
3801928,london-borough-of-brent-local-plan-2019-6,Appendix – Main Modifications,,london-borough-of-brent-local-plan-2019,main-modifications,https://www.brent.gov.uk/planning-and-building-control/planning-policy-and-guidance/brent-local-plan/brent-local-plan-2019-2041,https://www.brent.gov.uk/media/16419966/2_brent-lp-main-mods-appendix-final_accessible.pdf,2025-12-09,,,
3801929,london-borough-of-brent-local-plan-2019-7,Schedule of Policies Map Modifications,,london-borough-of-brent-local-plan-2019,policies-map,https://www.brent.gov.uk/planning-and-building-control/planning-policy-and-guidance/brent-local-plan/brent-local-plan-2019-2041,https://www.brent.gov.uk/media/16419969/5_modifications-to-the-policies-map-v6_adoption_accessible.pdf,2025-12-09,,,
3801930,london-borough-of-brent-local-plan-2019-8,Local Plan Development Opportunities Booklet,,london-borough-of-brent-local-plan-2019,local-plan,https://www.brent.gov.uk/localplan,https://www.brent.gov.uk/media/16420677/local-plan-development-opportunities.pdf,2025-12-09,,,
3801931,london-borough-of-brent-local-plan-2019-9,Statement of Community Involvement,,london-borough-of-brent-local-plan-2019,statement-of-community-involvement,https://www.brent.gov.uk/localplan,https://www.brent.gov.uk/media/16418903/statement-of-community-involvement.pdf,2025-12-09,,,
3801932,london-borough-of-brent-local-plan-2031-1,West London Waste Plan,,london-borough-of-brent-local-plan-2031,local-plan,https://www.brent.gov.uk/localplan,https://www.brent.gov.uk/media/16402581/west-london-waste-plan.pdf,2025-12-09,,,
3801933,london-borough-of-brent-local-plan-1,Harlesden Neighbourhood Plan,,london-borough-of-brent-local-plan,neighbourhood-plan,https://www.brent.gov.uk/localplan,https://www.brent.gov.uk/media/16412964/np-final-may-2019.pdf,2025-12-09,,,
3801934,isle-of-wight-council-local-plan-1,Inspectors Post Hearings Letter,,isle-of-wight-council-local-plan,local-plan,https://www.iow.gov.uk/environment-and-planning/planning/local-plan/draft-island-planning-strategy/,,2025-12-09,,,
3801935,isle-of-wight-council-local-plan-2,Local Development Scheme (LDS),,isle-of-wight-council-local-plan,local-development-scheme,https://www.iow.gov.uk/environment-and-planning/planning/local-plan/local-development-scheme/,,2025-12-09,,,
3801936,isle-of-wight-council-local-plan-3,Regulation 19 representations database,,isle-of-wight-council-local-plan,local-plan-regulation-19,https://www.iow.gov.uk/environment-and-planning/planning/island-planning-strategy/responses-to-the-regulation-19-consultation/,,2025-12-09,,,
3801937,isle-of-wight-council-local-plan-4,Regulation 19 representor list with representor numbers,,isle-of-wight-council-local-plan,local-plan-regulation-19,https://www.iow.gov.uk/environment-and-planning/planning/island-planning-strategy/responses-to-the-regulation-19-consultation/,,2025-12-09,,,
3801938,isle-of-wight-council-local-plan-5,Health Contributions SPD,,isle-of-wight-council-local-plan,supplementary-planning-document,https://www.iow.gov.uk/environment-and-planning/planning/local-plan/supplementary-planning-documents/,,2025-12-09,,,
3801939,isle-of-wight-council-local-plan-6,Sustainable Drainage Systems SPD,,isle-of-wight-council-local-plan,supplementary-planning-document,https://www.iow.gov.uk/environment-and-planning/planning/local-plan/supplementary-planning-documents/,,2025-12-09,,,
3801940,isle-of-wight-council-local-plan-7,Affordable housing contributions SPD,,isle-of-wight-council-local-plan,supplementary-planning-document,https://www.iow.gov.uk/environment-and-planning/planning/local-plan/supplementary-planning-documents/,,2025-12-09,,,
3801941,isle-of-wight-council-local-plan-8,Children's Services Financial Contributions Supplementary Planning Document (CSFCSPD),,isle-of-wight-council-local-plan,supplementary-planning-document,https://www.iow.gov.uk/environment-and-planning/planning/local-plan/supplementary-planning-documents/,,2025-12-09,,,
3801942,isle-of-wight-council-local-plan-9,Newport and Ryde Local Cycling and Walking and Infrastructure Plan SPD,,isle-of-wight-council-local-plan,supplementary-planning-document,https://www.iow.gov.uk/environment-and-planning/planning/local-plan/supplementary-planning-documents/,,2025-12-09,,,
3801943,isle-of-wight-council-local-plan-10,The Bay Area Local Cycling and Walking and Infrastructure Plan SPD,,isle-of-wight-council-local-plan,supplementary-planning-document,https://www.iow.gov.uk/environment-and-planning/planning/local-plan/supplementary-planning-documents/,,2025-12-09,,,
3801944,isle-of-wight-council-local-plan-11,"Bembridge, Brading and St Helens Local Cycling and Walking and Infrastructure Plan SPD",,isle-of-wight-council-local-plan,supplementary-planning-document,https://www.iow.gov.uk/environment-and-planning/planning/local-plan/supplementary-planning-documents/,,2025-12-09,,,
3801945,isle-of-wight-council-local-plan-12,"Cowes, Northwood and Gurnard Local Cycling and Walking and Infrastructure Plan SPD",,isle-of-wight-council-local-plan,supplementary-planning-document,https://www.iow.gov.uk/environment-and-planning/planning/local-plan/supplementary-planning-documents/,,2025-12-09,,,
3801946,isle-of-wight-council-local-plan-13,East Cowes and Whippingham Local Cycling and Walking and Infrastructure Plan SPD,,isle-of-wight-council-local-plan,supplementary-planning-document,https://www.iow.gov.uk/environment-and-planning/planning/local-plan/supplementary-planning-documents/,,2025-12-09,,,
3801947,isle-of-wight-council-local-plan-14,Guidelines for parking provision as part of new developments SPD,,isle-of-wight-council-local-plan,supplementary-planning-document,https://www.iow.gov.uk/environment-and-planning/planning/local-plan/supplementary-planning-documents/,,2025-12-09,,,
3801948,isle-of-wight-council-local-plan-15,Guidelines for recycling and refuse storage in new developments SPD,,isle-of-wight-council-local-plan,supplementary-planning-document,https://www.iow.gov.uk/environment-and-planning/planning/local-plan/supplementary-planning-documents/,,2025-12-09,,,
3801949,isle-of-wight-council-local-plan-16,Newport and Ryde Commercial Frontages Design Guide SPD,,isle-of-wight-council-local-plan,urban-design-framework,https://www.iow.gov.uk/environment-and-planning/planning/local-plan/supplementary-planning-documents/,,2025-12-09,,,
3801950,isle-of-wight-council-local-plan-17,Housing Affordability SPD,,isle-of-wight-council-local-plan,supplementary-planning-document,https://www.iow.gov.uk/environment-and-planning/planning/local-plan/supplementary-planning-documents/,,2025-12-09,,,
3801951,barnsley-metropolitan-borough-council-local-plan-1,Local Plan,,barnsley-metropolitan-borough-council-local-plan,local-plan,https://www.barnsley.gov.uk/localplan,https://www.barnsley.gov.uk/media/17249/local-plan-adopted.pdf,2025-12-09,,,
3801952,barnsley-metropolitan-borough-council-local-plan-2,Policies Map,,barnsley-metropolitan-borough-council-local-plan,policies-map,https://www.barnsley.gov.uk/localplan,https://www.barnsley.gov.uk/media/17579/local-plan-adopted-policies-map.pdf,2025-12-09,,,
3801953,barnsley-metropolitan-borough-council-local-plan-3,Local Plan Adoption Statement,,barnsley-metropolitan-borough-council-local-plan,adoption-statement,https://www.barnsley.gov.uk/localplan,https://www.barnsley.gov.uk/media/17019/adoption-statement-jan-19.pdf,2025-12-09,,,
3801954,barnsley-metropolitan-borough-council-local-plan-4,Inspector's Report and its Appendix,,barnsley-metropolitan-borough-council-local-plan,inspectors-report,https://www.barnsley.gov.uk/localplan,https://www.barnsley.gov.uk/media/17924/inspectors-report-and-modifications-appendix.pdf,2025-12-09,,,
3801955,barnsley-metropolitan-borough-council-local-plan-5,Barnsley Local Plan Monitoring Report 2023/24,,barnsley-metropolitan-borough-council-local-plan,authority-monitoring-report,https://www.barnsley.gov.uk/services/planning-and-buildings/local-planning-and-development/our-local-plan/local-plan-research-and-evidence-documents/,https://www.barnsley.gov.uk/media/qhjbcjxh/2023-24-local-authority-monitoring-report-23102025.pdf,2025-12-09,,,
3801956,barnsley-metropolitan-borough-council-local-plan-6,Barnsley Local Plan Monitoring Report 2022/23,,barnsley-metropolitan-borough-council-local-plan,authority-monitoring-report,https://www.barnsley.gov.uk/services/planning-and-buildings/local-planning-and-development/our-local-plan/local-plan-research-and-evidence-documents/,https://www.barnsley.gov.uk/media/wcspkb2a/authority-monitoring-report-2022-23.pdf,2025-12-09,,,
3801957,barnsley-metropolitan-borough-council-local-plan-7,Joint Waste Plan,,barnsley-metropolitan-borough-council-local-plan,local-plan,https://www.barnsley.gov.uk/planning-policy,https://www.barnsley.gov.uk/media/18273/barnsley-doncaster-and-rotherham-joint-waste-plan.pdf,2025-12-09,,,
3801958,chorley-borough-council-local-plan-2012-1,Chorley Local Plan 2012 to 2026 (adopted 2015),,chorley-borough-council-local-plan-2012,local-plan,https://www.chorley.gov.uk/planning-policy/local-plan,https://chorley.gov.uk/downloads/file/260/chorley-local-plan-2012-2026-adopted-2015-,2025-12-09,,,
3801959,chorley-borough-council-local-plan-2012-2,Chorley Borough Policies Map 1,,chorley-borough-council-local-plan-2012,policies-map,https://www.chorley.gov.uk/planning-policy/local-plan,https://forms.chorleysouthribble.gov.uk/chorley-council/downloads/file/261/chorley-borough-policies-map-1,2025-12-09,,,
3801960,chorley-borough-council-local-plan-2012-3,Inspectors Final Report Letter May 2015,,chorley-borough-council-local-plan-2012,inspectors-report,https://www.chorley.gov.uk/planning-policy/local-plan,https://forms.chorleysouthribble.gov.uk/chorley-council/downloads/file/274/inspectors-final-report-letter-may-2015,2025-12-09,,,
3801961,chorley-borough-council-local-plan-2012-4,Chorley Local Plan Inspector's Partial Report October 2013,,chorley-borough-council-local-plan-2012,local-plan,https://www.chorley.gov.uk/planning-policy/local-plan,https://forms.chorleysouthribble.gov.uk/chorley-council/downloads/file/273/chorley-local-plan-inspector-s-partial-report-october-2013,2025-12-09,,,
3801962,chorley-borough-council-local-plan-2012-5,Inspector's Supplementary Report May 2015,,chorley-borough-council-local-plan-2012,local-plan,https://www.chorley.gov.uk/planning-policy/local-plan,https://forms.chorleysouthribble.gov.uk/chorley-council/downloads/file/275/inspector-s-supplementary-report-may-2015,2025-12-09,,,
3801963,chorley-borough-council-local-plan-2012-6,Central Lancashire Core Strategy (adopted 2012),,chorley-borough-council-local-plan-2012,core-strategy,https://www.chorley.gov.uk/planning-policy/local-plan,https://centrallocalplan.lancashire.gov.uk/media/1032/central-lancashire-core-strategy-july-2012-v1.pdf,2025-12-09,,,
3801964,chorley-borough-council-local-plan-2023-1,Local Development Scheme (LDS),,chorley-borough-council-local-plan-2023,local-development-scheme,https://www.chorley.gov.uk/localplan,https://forms.chorleysouthribble.gov.uk/chorley-council/downloads/file/309/local-development-scheme-lds-,2025-12-09,,,
3801965,chorley-borough-council-local-plan-2023-2,Statement of Community Involvement (SCI),,chorley-borough-council-local-plan-2023,statement-of-community-involvement,https://www.chorley.gov.uk/planning-policy/local-plan,https://chorley.gov.uk/downloads/file/1515/statement-of-community-involvement-2024,2025-12-09,,,
3801966,bromsgrove-district-council-local-plan-1,Bromsgrove District Local Plan - Draft Development Strategy Consultation,,bromsgrove-district-council-local-plan,local-plan,https://www.bromsgrove.gov.uk/business/property-developers/local-plans-and-planning-policy/,,2025-12-09,,,
3801967,bromsgrove-district-council-local-plan-2,Adopted Local Development Plan,,bromsgrove-district-council-local-plan,local-plan,https://www.bromsgrove.gov.uk/business/property-developers/local-plans-and-planning-policy/,,2025-12-09,,,
3801968,borough-council-of-king's-lynn-and-west-norfolk-local-plan-2021-1,King's Lynn and West Norfolk Local Plan 2021-2040,,borough-council-of-king's-lynn-and-west-norfolk-local-plan-2021,local-plan,https://www.west-norfolk.gov.uk/info/20079/planning_policy_and_local_plan/1207/local_plan_2021-2040_adopted_march_2025,https://www.west-norfolk.gov.uk/download/downloads/id/9463/local_plan_2021-2040_-_july_2025.pdf,2025-12-09,,,
3801969,borough-council-of-king's-lynn-and-west-norfolk-local-plan-2021-2,Local Plan Adoption Statement (27 March 2025),,borough-council-of-king's-lynn-and-west-norfolk-local-plan-2021,adoption-statement,https://www.west-norfolk.gov.uk/info/20079/planning_policy_and_local_plan/1207/local_plan_2021-2040_adopted_march_2025,https://www.west-norfolk.gov.uk/download/downloads/id/9462/local_plan_adoption_statement_-_march_2025.pdf,2025-12-09,,,
3801970,borough-council-of-king's-lynn-and-west-norfolk-local-plan-2021-3,Local Plan 2021-2040 Inspectors' Report,,borough-council-of-king's-lynn-and-west-norfolk-local-plan-2021,local-plan,https://www.west-norfolk.gov.uk/info/20079/planning_policy_and_local_plan/1207/local_plan_2021-2040_adopted_march_2025,https://www.west-norfolk.gov.uk/download/downloads/id/9266/klwn_lpr_-_inspectors_report.pdf,2025-12-09,,,
3801971,borough-council-of-king's-lynn-and-west-norfolk-local-plan-2021-4,Main Modifications Appendix,,borough-council-of-king's-lynn-and-west-norfolk-local-plan-2021,main-modifications,https://www.west-norfolk.gov.uk/info/20079/planning_policy_and_local_plan/1207/local_plan_2021-2040_adopted_march_2025,https://www.west-norfolk.gov.uk/download/downloads/id/9273/klwn_lpr_-_main_mods_appendix.pdf,2025-12-09,,,
3801972,borough-council-of-king's-lynn-and-west-norfolk-local-plan-2021-5,Housing Trajectory Appendix,,borough-council-of-king's-lynn-and-west-norfolk-local-plan-2021,local-plan,https://www.west-norfolk.gov.uk/info/20079/planning_policy_and_local_plan/1207/local_plan_2021-2040_adopted_march_2025,https://www.west-norfolk.gov.uk/download/downloads/id/9270/klwn_lpr_-_housing_trajectory_appendix.pdf,2025-12-09,,,
3801973,borough-council-of-king's-lynn-and-west-norfolk-local-plan-2021-6,Sustainability Appraisal Adoption Statement (March 2025),,borough-council-of-king's-lynn-and-west-norfolk-local-plan-2021,adoption-statement,https://www.west-norfolk.gov.uk/info/20079/planning_policy_and_local_plan/1207/local_plan_2021-2040_adopted_march_2025,https://www.west-norfolk.gov.uk/download/downloads/id/9377/sustainability_appraisal_adoption_statement_-_march_2025.pdf,2025-12-09,,,
3801974,borough-council-of-king's-lynn-and-west-norfolk-local-plan-2021-7,LP08 - Retail Development Hardwick,,borough-council-of-king's-lynn-and-west-norfolk-local-plan-2021,local-plan,https://www.west-norfolk.gov.uk/info/20079/planning_policy_and_local_plan/1207/local_plan_2021-2040_adopted_march_2025,https://www.west-norfolk.gov.uk/download/downloads/id/9579/lp08_-_retail_development_hardwick_explanatory_note.pdf,2025-12-09,,,
3801975,borough-council-of-king's-lynn-and-west-norfolk-local-plan-2021-8,LP28 - Affordable Housing Explanatory Note,,borough-council-of-king's-lynn-and-west-norfolk-local-plan-2021,local-plan,https://www.west-norfolk.gov.uk/info/20079/planning_policy_and_local_plan/1207/local_plan_2021-2040_adopted_march_2025,https://www.west-norfolk.gov.uk/download/downloads/id/9718/affordable_housing_explanatory_note_-_october_2025.pdf,2025-12-09,,,
3801976,borough-council-of-king's-lynn-and-west-norfolk-local-plan-2021-9,LP30 - Adaptable & Accessible Homes,,borough-council-of-king's-lynn-and-west-norfolk-local-plan-2021,local-plan,https://www.west-norfolk.gov.uk/info/20079/planning_policy_and_local_plan/1207/local_plan_2021-2040_adopted_march_2025,https://www.west-norfolk.gov.uk/download/downloads/id/9510/lp30_-_adaptable_accessible_homes_explanatory_note.pdf,2025-12-09,,,
3801977,borough-council-of-king's-lynn-and-west-norfolk-local-plan-2021-10,LP31 - Assessing planning proposals for Custom & Self-Build Housing,,borough-council-of-king's-lynn-and-west-norfolk-local-plan-2021,local-plan,https://www.west-norfolk.gov.uk/info/20079/planning_policy_and_local_plan/1207/local_plan_2021-2040_adopted_march_2025,https://www.west-norfolk.gov.uk/download/downloads/id/9509/lp31_-_assessing_planning_proposals_for_custom_self_build_housing_explanatory_note.pdf,2025-12-09,,,
3801978,borough-council-of-king's-lynn-and-west-norfolk-local-plan-2021-11,LP33 - Park Homes Caravans and Houseboats,,borough-council-of-king's-lynn-and-west-norfolk-local-plan-2021,local-plan,https://www.west-norfolk.gov.uk/info/20079/planning_policy_and_local_plan/1207/local_plan_2021-2040_adopted_march_2025,https://www.west-norfolk.gov.uk/download/downloads/id/9620/lp33_-_park_homes_caravans_and_houseboats_explanatory_note.pdf,2025-12-09,,,
3801979,borough-council-of-king's-lynn-and-west-norfolk-local-plan-2021-12,LP27 - Decision on Air Quality Management Strategy,,borough-council-of-king's-lynn-and-west-norfolk-local-plan-2021,local-plan,https://www.west-norfolk.gov.uk/info/20079/planning_policy_and_local_plan/1207/local_plan_2021-2040_adopted_march_2025,https://www.west-norfolk.gov.uk/download/downloads/id/9755/lp27_-_decision_on_air_quality_management_strategy.pdf,2025-12-09,,,
3801980,reigate-and-banstead-borough-council-local-plan-2012-1,Local Plan Documents,,reigate-and-banstead-borough-council-local-plan-2012,local-plan,https://www.reigate-banstead.gov.uk/downloads/20054/local_plan_documents,,2025-12-09,,,
3801981,st-albans-city-and-district-council-local-plan-2025-1,Draft Local Plan Part A,,st-albans-city-and-district-council-local-plan-2025,local-plan,https://www.stalbans.gov.uk/draft-local-plan-publication,https://www.stalbans.gov.uk/sites/default/files/attachments/Planning%20Policy/R19/Reg%2019%20Local%20Plan%20Part%20A.pdf,2025-12-09,,,
3801982,st-albans-city-and-district-council-local-plan-2025-2,Draft Local Plan Part B - Site Allocations,,st-albans-city-and-district-council-local-plan-2025,site-allocations,https://www.stalbans.gov.uk/draft-local-plan-publication,https://www.stalbans.gov.uk/sites/default/files/attachments/Planning%20Policy/R19/Reg%2019%20Local%20Plan%20Part%20B.pdf,2025-12-09,,,
3801983,st-albans-city-and-district-council-local-plan-2025-3,Draft Policies Map 1 of 4 (North-West),,st-albans-city-and-district-council-local-plan-2025,policies-map,https://www.stalbans.gov.uk/draft-local-plan-publication,https://www.stalbans.gov.uk/sites/default/files/attachments/Planning%20Policy/R19/Draft%20Policies%20Map%201%20of%204%20(North-West).pdf,2025-12-09,,,
3801984,st-albans-city-and-district-council-local-plan-2025-4,Draft Policies Map 2 of 4 (North-East),,st-albans-city-and-district-council-local-plan-2025,policies-map,https://www.stalbans.gov.uk/draft-local-plan-publication,https://www.stalbans.gov.uk/sites/default/files/attachments/Planning%20Policy/R19/Draft%20Policies%20Map%202%20of%204%20(North-East).pdf,2025-12-09,,,
3801985,st-albans-city-and-district-council-local-plan-2025-5,Draft Policies Map 3 of 4 (South-West),,st-albans-city-and-district-council-local-plan-2025,policies-map,https://www.stalbans.gov.uk/draft-local-plan-publication,https://www.stalbans.gov.uk/sites/default/files/attachments/Planning%20Policy/R19/Draft%20Policies%20Map%203%20of%204%20(South-West).pdf,2025-12-09,,,
3801986,st-albans-city-and-district-council-local-plan-2025-6,Draft Policies Map 4 of 4 (South-East),,st-albans-city-and-district-council-local-plan-2025,policies-map,https://www.stalbans.gov.uk/draft-local-plan-publication,https://www.stalbans.gov.uk/sites/default/files/attachments/Planning%20Policy/R19/Draft%20Policies%20Map%204%20of%204%20(South-East).pdf,2025-12-09,,,
3801987,st-albans-city-and-district-council-local-plan-2025-7,Sustainability Appraisal,,st-albans-city-and-district-council-local-plan-2025,sustainability-appraisal,https://www.stalbans.gov.uk/draft-local-plan-publication,https://www.stalbans.gov.uk/sites/default/files/attachments/Planning%20Policy/R19/St%20Albans%20Local%20Plan%20SA%20-%20SA%20Report%20240924_final.pdf,2025-12-09,,,
3801988,st-albans-city-and-district-council-local-plan-2025-8,Sustainability Appraisal - Non Technical Summary,,st-albans-city-and-district-council-local-plan-2025,sustainability-appraisal,https://www.stalbans.gov.uk/draft-local-plan-publication,https://www.stalbans.gov.uk/sites/default/files/attachments/Planning%20Policy/R19/St%20Albans%20Local%20Plan%20SA%20-%20SA%20Report%20NTS%20240924.pdf,2025-12-09,,,
3801989,st-albans-city-and-district-council-local-plan-2025-9,Local Development Scheme,,st-albans-city-and-district-council-local-plan-2025,local-development-scheme,https://www.stalbans.gov.uk/node/7067,https://www.stalbans.gov.uk/sites/default/files/attachments/SADC%20Local%20Development%20Scheme%20-%20Sep%202024%20-%20Final.pdf,2025-12-09,,,
3801990,st-albans-city-and-district-council-local-plan-2025-10,Stage 2 Programme St Albans,,st-albans-city-and-district-council-local-plan-2025,examination-hearing-statement,https://www.stalbans.gov.uk/news/local-plan-inspectors-provide-dates-second-set-hearings,https://www.stalbans.gov.uk/sites/default/files/attachments/Planning%20Policy/Exa/SADCED82%20Stage%202%20Programme%20St%20Albans%20vFinal.pdf,2025-12-09,,,
3801991,thanet-district-council-local-plan-1,"Thanet Local Plan, Adopted 2020 and other policy documents",,thanet-district-council-local-plan,local-plan,https://www.thanet.gov.uk/tag/planning-policy/,,2025-12-09,,,
3801992,thanet-district-council-local-plan-2,Evidence base,,thanet-district-council-local-plan,local-plan,https://thanet.gov.uk/planning-and-building-control/planning-policy,,2025-12-09,,,
3801993,thanet-district-council-local-plan-3,Thanet Landscape Character Assessment,,thanet-district-council-local-plan,landscape-character-assessment,https://docs.google.com/document/d/e/2PACX-1vRB_nIPt3tk3SVRjLkp3phbCPG1XA_349sMntbRiXIFwiJnxZ0udEzWuDC2NmkL81Oagd30o6Pb4CYq/pub,https://www.google.com/url?q=https://www.thanet.gov.uk/wp-content/uploads/2019/01/Thanet-LCA-Final-Report-09.081.5-with-plans-1.pdf&sa=D&source=editors&ust=1762859037000853&usg=AOvVaw19Glf-YsQP9dDhVMFF81QK,2025-12-09,,,
3801994,thanet-district-council-local-plan-4,Council's response to Government's latest consultations on the National Planning Policy Framework,,thanet-district-council-local-plan,local-plan,https://thanet.gov.uk/planning-and-building-control/planning-policy,,2025-12-09,,,
3801995,thanet-district-council-local-plan-5,First Consideration Report,,thanet-district-council-local-plan,local-plan,https://thanet.gov.uk/planning-and-building-control/planning-policy,,2025-12-09,,,
3801996,thanet-district-council-local-plan-6,Planning Privacy Notice,,thanet-district-council-local-plan,local-plan,https://thanet.gov.uk/planning,https://www.thanet.gov.uk/wp-content/uploads/2018/06/Privacy-Notice-for-Planning.pdf,2025-12-09,,,
3801997,thanet-district-council-local-plan-7,Cliftonville Development Plan Evidence Base,,thanet-district-council-local-plan,area-action-plan,https://www.thanet.gov.uk/tag/planning-policy/,,2025-12-09,,,
3801998,royal-borough-of-greenwich-local-plan-1,Woolwich Exchange Framework Relocation Strategy,,royal-borough-of-greenwich-local-plan,local-plan,https://www.royalgreenwich.gov.uk/downloads/file/5433/adopted_birmingham_development_plan_2031,https://www.royalgreenwich.gov.uk/download/downloads/id/5433/woolwich_exchange_framework_relocation_strategy.pdf,2025-12-09,,,
3801999,southampton-city-council-local-plan-2011-1,Amended Core Strategy,,southampton-city-council-local-plan-2011,core-strategy,https://www.southampton.gov.uk/planning/planning-policy/adopted-plans/adopted-core-strategy-2015/,https://www.southampton.gov.uk/media/io4midh4/amended-core-strategy-inc-cspr-final-13-03-2015_tcm63-371354.pdf,2025-12-09,,,
3802000,north-warwickshire-borough-council-local-plan-2021-1,Adopted Local Plan September 2021,,north-warwickshire-borough-council-local-plan-2021,local-plan-adopted,https://www.northwarks.gov.uk/forward-planning/local-plan-north-warwickshire,https://www.northwarks.gov.uk/downloads/file/265/local-plan-adopted-2021-,2025-12-09,,,
3802001,north-warwickshire-borough-council-local-plan-2021-2,Policy Map,,north-warwickshire-borough-council-local-plan-2021,policies-map,https://www.northwarks.gov.uk/forward-planning/local-plan-north-warwickshire,https://www.northwarks.gov.uk/downloads/file/314/policy-map-local-plan-2021,2025-12-09,,,
3802002,north-warwickshire-borough-council-local-plan-2021-3,Policy Map Key,,north-warwickshire-borough-council-local-plan-2021,policies-map,https://www.northwarks.gov.uk/forward-planning/local-plan-north-warwickshire,https://www.northwarks.gov.uk/downloads/file/271/policy-map-key,2025-12-09,,,
3802003,north-warwickshire-borough-council-local-plan-2021-4,Interactive Policy Map,,north-warwickshire-borough-council-local-plan-2021,policies-map,https://www.northwarks.gov.uk/forward-planning/local-plan-north-warwickshire,https://www.northwarks.gov.uk/downloads/file/272/policy-map-with-hyperlinks-,2025-12-09,,,
3802004,north-warwickshire-borough-council-local-plan-2021-5,Local Plan Maps - Site Allocations and Development Boundaries,,north-warwickshire-borough-council-local-plan-2021,site-allocations,https://www.northwarks.gov.uk/forward-planning/local-plan-north-warwickshire,https://www.northwarks.gov.uk/downloads/file/266/local-plan-2021-site-allocations-and-development-boundary-maps,2025-12-09,,,
3802005,north-warwickshire-borough-council-local-plan-2021-6,"Local Plan Maps - Greenbelt, Commercial and Transport Maps",,north-warwickshire-borough-council-local-plan-2021,local-plan,https://www.northwarks.gov.uk/forward-planning/local-plan-north-warwickshire,https://www.northwarks.gov.uk/downloads/file/267/local-plan-2021-greenbelt-commercial-and-transport-maps,2025-12-09,,,
3802006,north-warwickshire-borough-council-local-plan-2021-7,Local Plan Maps - LNR's and Industrial Estates,,north-warwickshire-borough-council-local-plan-2021,local-plan,https://www.northwarks.gov.uk/forward-planning/local-plan-north-warwickshire,https://www.northwarks.gov.uk/downloads/file/268/local-plan-2021-local-nature-reserves-and-industrial-estates,2025-12-09,,,
3802007,north-warwickshire-borough-council-local-plan-2021-8,Local Plan Maps - Green Spaces,,north-warwickshire-borough-council-local-plan-2021,local-plan,https://www.northwarks.gov.uk/forward-planning/local-plan-north-warwickshire,https://www.northwarks.gov.uk/downloads/file/269/local-plan-2021-greenspace-maps,2025-12-09,,,
3802008,north-warwickshire-borough-council-local-plan-2021-9,Local Plan Maps - Conservation Areas,,north-warwickshire-borough-council-local-plan-2021,local-plan,https://www.northwarks.gov.uk/forward-planning/local-plan-north-warwickshire,https://www.northwarks.gov.uk/downloads/file/270/local-plan-2021-conservation-area-maps,2025-12-09,,,
3802009,north-warwickshire-borough-council-local-plan-2021-10,Local Plan Adoption Statement,,north-warwickshire-borough-council-local-plan-2021,adoption-statement,https://www.northwarks.gov.uk/forward-planning/local-plan-north-warwickshire,https://www.northwarks.gov.uk/downloads/file/280/local-plan-2021-adoption-statement,2025-12-09,,,
3802010,north-warwickshire-borough-council-local-plan-2021-11,Local Plan Strategic Environment Assessment incorporating the HRA Adoption Statement,,north-warwickshire-borough-council-local-plan-2021,adoption-statement,https://www.northwarks.gov.uk/forward-planning/local-plan-north-warwickshire,https://www.northwarks.gov.uk/downloads/file/98/strategic-environmental-assessment-of-the-north-warwickshire-local-plan-adoption-statement-including-hra-2021-,2025-12-09,,,
3802011,north-warwickshire-borough-council-local-plan-2021-12,Local Development Scheme (LDS),,north-warwickshire-borough-council-local-plan-2021,local-development-scheme,https://www.northwarks.gov.uk/forward-planning/local-plan-north-warwickshire,https://www.northwarks.gov.uk/downloads/file/255/local-development-scheme-february-2025-,2025-12-09,,,
3802012,north-warwickshire-borough-council-local-plan-2021-13,Statement of Community Involvement (SCI),,north-warwickshire-borough-council-local-plan-2021,statement-of-community-involvement,https://www.northwarks.gov.uk/forward-planning/local-plan-north-warwickshire,https://www.northwarks.gov.uk/downloads/file/264/statement-of-community-involvement-2024,2025-12-09,,,
3802013,north-warwickshire-borough-council-local-plan-2021-14,"Statement of Common Ground - Lichfield DC, Tamworth BC and NWBC (2018)",,north-warwickshire-borough-council-local-plan-2021,statement-of-common-ground,https://www.northwarks.gov.uk/downloads/download/15/local-plan,https://www.northwarks.gov.uk/downloads/file/76/statement-of-common-ground-lichfield-dc-tamworth-bc-and-nwbc-2018-,2025-12-09,,,
3802014,north-warwickshire-borough-council-local-plan-2021-15,Statement of Common Ground Birmingham City Council (2018),,north-warwickshire-borough-council-local-plan-2021,statement-of-common-ground,https://www.northwarks.gov.uk/downloads/download/15/local-plan,https://www.northwarks.gov.uk/downloads/file/77/statement-of-common-ground-birmingham-city-council-2018-,2025-12-09,,,
3802015,north-warwickshire-borough-council-local-plan-2021-16,"Statement of Common Ground - Staffordshire CC, Warwickshire CC and NWBC (2018)",,north-warwickshire-borough-council-local-plan-2021,statement-of-common-ground,https://www.northwarks.gov.uk/downloads/download/15/local-plan,https://www.northwarks.gov.uk/downloads/file/78/statement-of-common-ground-staffordshire-cc-warwickshire-cc-and-nwbc-2018-,2025-12-09,,,
3802016,blaby-district-council-local-plan-1,Adopted Local Plan Delivery DPD,,blaby-district-council-local-plan,local-plan-adopted,https://www.blaby.gov.uk/planning-and-building/local-plan/local-plan-delivery-dpd/,https://www.blaby.gov.uk/media/15ebnxns/blaby-district-adoped-local-plan.pdf,2025-12-09,,,
3802017,blaby-district-council-local-plan-2,Adopted Map 1 Central District Policies Map,,blaby-district-council-local-plan,policies-map,https://www.blaby.gov.uk/planning-and-building/local-plan/local-plan-delivery-dpd/,https://www.blaby.gov.uk/media/4wylvqz3/map-1-central-district-policies-map.pdf,2025-12-09,,,
3802018,blaby-district-council-local-plan-3,Adopted Maps 2 and 3 West and East District Policies Map,,blaby-district-council-local-plan,policies-map,https://www.blaby.gov.uk/planning-and-building/local-plan/local-plan-delivery-dpd/,https://www.blaby.gov.uk/media/2725/maps-2-and-3-west-and-east-district-policies-map.pdf,2025-12-09,,,
3802019,blaby-district-council-local-plan-4,Adopted Maps 4 and 5 Inset Maps for Blaby Town Centre and Glenfield District Centre,,blaby-district-council-local-plan,local-plan,https://www.blaby.gov.uk/planning-and-building/local-plan/local-plan-delivery-dpd/,https://www.blaby.gov.uk/media/2724/maps-4-and-5-inset-maps-for-blaby-town-centre-and-glenfield-district-centre.pdf,2025-12-09,,,
3802020,blaby-district-council-local-plan-5,Inspectors Report and Appendices,,blaby-district-council-local-plan,local-plan,https://www.blaby.gov.uk/planning-and-building/local-plan/local-plan-delivery-dpd/,https://www.blaby.gov.uk/media/43ff0bf2/delivery-dpd-inspectors-report-and-appendices.pdf,2025-12-09,,,
3802021,blaby-district-council-local-plan-6,Sustainability Appraisal Addendum,,blaby-district-council-local-plan,sustainability-appraisal,https://www.blaby.gov.uk/planning-and-building/local-plan/local-plan-delivery-dpd/,https://www.blaby.gov.uk/media/20nnuamk/blaby-district-local-plan-delivery-dpd-sustainability-appraisal-addendum.pdf,2025-12-09,,,
3802022,blaby-district-council-local-plan-2029-1,Adopted Core Strategy,,blaby-district-council-local-plan-2029,core-strategy,https://www.blaby.gov.uk/planning-and-building/local-plan/local-plan-core-strategy/,https://www.blaby.gov.uk/media/4107/adopted-core-strategy.pdf,2025-12-09,,,
3802023,blaby-district-council-local-plan-2029-2,Core Strategy Inspectors Report,,blaby-district-council-local-plan-2029,core-strategy,https://www.blaby.gov.uk/planning-and-building/local-plan/local-plan-core-strategy/,https://www.blaby.gov.uk/media/2709/core-strategy-inspectors-report.pdf,2025-12-09,,,
3802024,blaby-district-council-local-plan-2029-3,Core Strategy Sustainability Appraisal,,blaby-district-council-local-plan-2029,sustainability-appraisal,https://www.blaby.gov.uk/planning-and-building/local-plan/local-plan-core-strategy/,https://www.blaby.gov.uk/media/2712/core-strategy-sustainability-appraisal.pdf,2025-12-09,,,
3802025,blaby-district-council-local-plan-2029-4,Core Strategy Main Modifications,,blaby-district-council-local-plan-2029,main-modifications,https://www.blaby.gov.uk/planning-and-building/local-plan/local-plan-core-strategy/,https://www.blaby.gov.uk/media/2710/core-strategy-main-modifications.pdf,2025-12-09,,,
3802026,blaby-district-council-local-plan-2029-5,Core Strategy Sustainability Appraisal Of Main Modifications,,blaby-district-council-local-plan-2029,main-modifications,https://www.blaby.gov.uk/planning-and-building/local-plan/local-plan-core-strategy/,https://www.blaby.gov.uk/media/fmunohf5/sustainability-appraisal-report-2012.pdf,2025-12-09,,,
3802027,blaby-district-council-local-plan-2042-1,BDC New Local Plan Options Consultation Document,,blaby-district-council-local-plan-2042,local-plan,https://www.blaby.gov.uk/planning-and-building/local-plan/new-local-plan/,https://www.blaby.gov.uk/media/4560/bdc-new-local-plan-options-consultation-document.pdf,2025-12-09,,,
3802028,blaby-district-council-local-plan-2042-2,Settlement Audit And Hierarchy Report,,blaby-district-council-local-plan-2042,local-plan,https://www.blaby.gov.uk/planning-and-building/local-plan/new-local-plan/,https://www.blaby.gov.uk/media/4563/settlement-audit-and-hierarchy-report.pdf,2025-12-09,,,
3802029,blaby-district-council-local-plan-2042-3,Non-Technical Summary Of The Consultation Document,,blaby-district-council-local-plan-2042,local-plan,https://www.blaby.gov.uk/planning-and-building/local-plan/new-local-plan/,https://www.blaby.gov.uk/media/4564/non-technical-summary-of-the-consultation-document.pdf,2025-12-09,,,
3802030,blaby-district-council-local-plan-2042-4,Summary Of Duty To Cooperate Engagement Statement 2021,,blaby-district-council-local-plan-2042,local-plan,https://www.blaby.gov.uk/planning-and-building/local-plan/new-local-plan/,https://www.blaby.gov.uk/media/4562/summary-of-duty-to-cooperate-engagement-statement-2021.pdf,2025-12-09,,,
3802031,blaby-district-council-local-plan-2042-5,Issues And Options Document,,blaby-district-council-local-plan-2042,local-plan,https://www.blaby.gov.uk/planning-and-building/local-plan/new-local-plan/,https://www.blaby.gov.uk/media/3421/issues-and-options-document.pdf,2025-12-09,,,
3802032,blaby-district-council-local-plan-2042-6,Blaby SA Scoping Report For Consultation,,blaby-district-council-local-plan-2042,sustainability-appraisal,https://www.blaby.gov.uk/planning-and-building/local-plan/new-local-plan/,https://www.blaby.gov.uk/media/3610/blaby-master-scoping-report-post-consultation.pdf,2025-12-09,,,
3802033,blaby-district-council-local-plan-2042-7,FINAL Blaby Interim SA Report Jan 2020,,blaby-district-council-local-plan-2042,sustainability-appraisal,https://www.blaby.gov.uk/planning-and-building/local-plan/new-local-plan/,https://www.blaby.gov.uk/media/fwbjy5jt/final-blaby-interim-sa-report-jan-2020.pdf,2025-12-09,,,
3802034,blaby-district-council-local-plan-2042-8,BDC Local Plan Site Selection Methodology 2020,,blaby-district-council-local-plan-2042,local-plan,https://www.blaby.gov.uk/planning-and-building/local-plan/new-local-plan/,https://www.blaby.gov.uk/media/4545/bdc-local-plan-site-selection-methodology-2020.pdf,2025-12-09,,,
3802035,blaby-district-council-local-plan-2042-9,Appendix 6 Site Assessments By Parish Lubbesthorpe To Whetstone,,blaby-district-council-local-plan-2042,site-allocations,https://www.blaby.gov.uk/planning-and-building/local-plan/new-local-plan/,https://www.blaby.gov.uk/media/4546/appendix-6-site-assessments-by-parish-lubbesthorpe-to-whetstone.pdf,2025-12-09,,,
3802036,blaby-district-council-local-plan-2042-10,Appendix 5 Site Assessments By Parish Glen Parva To Littlethorpe,,blaby-district-council-local-plan-2042,site-allocations,https://www.blaby.gov.uk/planning-and-building/local-plan/new-local-plan/,https://www.blaby.gov.uk/media/4547/appendix-5-site-assessments-by-parish-glen-parva-to-littlethorpe.pdf,2025-12-09,,,
3802037,blaby-district-council-local-plan-2042-11,Appendix 4 Site Assessments By Parish Aston Flamville To Enderby,,blaby-district-council-local-plan-2042,site-allocations,https://www.blaby.gov.uk/planning-and-building/local-plan/new-local-plan/,https://www.blaby.gov.uk/media/4548/appendix-4-site-assessments-by-parish-aston-flamville-to-enderby.pdf,2025-12-09,,,
3802038,blaby-district-council-local-plan-2042-12,Appendix 3 District Wide Map Of Assessed Sites,,blaby-district-council-local-plan-2042,local-plan,https://www.blaby.gov.uk/planning-and-building/local-plan/new-local-plan/,https://www.blaby.gov.uk/media/4549/appendix-3-district-wide-map-of-assessed-sites.pdf,2025-12-09,,,
3802039,hartlepool-borough-council-local-plan-2016-1,Hartlepool Local Plan Policies Map May 2018,,hartlepool-borough-council-local-plan-2016,policies-map,https://www.hartlepool.gov.uk/downloads/download/16/hartlepool-local-plan-policies-map,https://www.hartlepool.gov.uk/downloads/file/29/hartlepool-local-plan-policies-map-may-2018,2025-12-09,,,
3802040,hartlepool-borough-council-local-plan-2016-2,Hartlepool Local Plan Policies Map May 2018 Back Inserts Map,,hartlepool-borough-council-local-plan-2016,policies-map,https://www.hartlepool.gov.uk/downloads/download/17/hartlepool-local-plan-policies-map-may-2018-back-inserts-map,https://www.hartlepool.gov.uk/downloads/file/30/hartlepool-local-plan-policies-map-may-2018-back-inserts-map,2025-12-09,,,
3802041,wealden-district-council-local-plan-2042-1,Wealden District Council Local Development Scheme 2025,,wealden-district-council-local-plan-2042,local-development-scheme,https://www.wealden.gov.uk/new-local-plan,https://www.wealden.gov.uk/UploadedFiles/Final-LDS-2025-V1.pdf,2025-12-09,,,
3802042,wealden-district-council-local-plan-2042-2,Wealden Local Plan – Direction of Travel Consultation Document,,wealden-district-council-local-plan-2042,local-plan,https://www.wealden.gov.uk/planning-and-building-control/planning-policy/new-local-plan/wealden-local-plan/direction-of-travel-consultation/,https://www.wealden.gov.uk/UploadedFiles/Wealden-Local-Plan-Direction-of-Travel-1.pdf,2025-12-09,,,
3802043,wealden-district-council-local-plan-2042-3,Wealden Local Plan Sustainability Appraisal Scoping Report (November 2020),,wealden-district-council-local-plan-2042,sustainability-appraisal,https://www.wealden.gov.uk/planning-and-building-control/planning-policy/new-local-plan/wealden-local-plan/direction-of-travel-consultation/,https://www.wealden.gov.uk/UploadedFiles/WLP-SA_SEA-Scoping-Report-November-2020.pdf.pdf,2025-12-09,,,
3802044,wealden-district-council-local-plan-2042-4,Wealden Local Plan Consultation and Engagement Strategy (November 2020),,wealden-district-council-local-plan-2042,local-plan,https://www.wealden.gov.uk/planning-and-building-control/planning-policy/new-local-plan/wealden-local-plan/direction-of-travel-consultation/,https://www.wealden.gov.uk/UploadedFiles/Consultation-and-Engagement-Strategy.final_.pdf,2025-12-09,,,
3802045,wealden-district-council-local-plan-2042-5,"Main SHELAA Report – February 2024 (includes Appendices 1, 2 and 3)",,wealden-district-council-local-plan-2042,strategic-housing-land-availability,https://www.wealden.gov.uk/planning-and-building-control/planning-policy/new-local-plan/wealden-local-plan/strategic-housing-and-economic-land-availability-assessment-shelaa/,https://www.wealden.gov.uk/UploadedFiles/SHELAA-Main-Report-February-2024.pdf,2025-12-09,,,
3802046,wealden-district-council-local-plan-2042-6,Appendix 4 to SHELAA Report – Parish Site Summaries,,wealden-district-council-local-plan-2042,strategic-housing-land-availability,https://www.wealden.gov.uk/planning-and-building-control/planning-policy/new-local-plan/wealden-local-plan/strategic-housing-and-economic-land-availability-assessment-shelaa/,https://www.wealden.gov.uk/UploadedFiles/SHELAA-Appendix-4-Parish-Summaries-February-2024.pdf,2025-12-09,,,
3802047,wealden-district-council-local-plan-2042-7,SHELAA Methodology Post Consultation Statement,,wealden-district-council-local-plan-2042,consultation-statement,https://www.wealden.gov.uk/planning-and-building-control/planning-policy/new-local-plan/wealden-local-plan/strategic-housing-and-economic-land-availability-assessment-shelaa/,https://www.wealden.gov.uk/UploadedFiles/SHELAA-Methodology-Post-Consultation-Statement-February-2024.pdf,2025-12-09,,,
3802048,middlesbrough-development-corporation-local-plan-1,Net Zero Strategy,,middlesbrough-development-corporation-local-plan,local-plan,https://teesvalley-ca.gov.uk,https://teesvalley-ca.gov.uk/business/wp-content/uploads/sites/3/2023/03/Net-Zero-strategy-Digital.pdf,2025-12-09,,,
3802049,middlesbrough-development-corporation-local-plan-2020-1,Strategic Transport Plan 2020-2030,,middlesbrough-development-corporation-local-plan-2020,transport-assessment,https://teesvalley-ca.gov.uk,https://teesvalley-ca.gov.uk/about/wp-content/uploads/sites/2/2023/07/STP-Main-Report-Design-Jan20-4.pdf,2025-12-09,,,
3802050,middlesbrough-development-corporation-local-plan-2,Digital Transport Delivery Plan,,middlesbrough-development-corporation-local-plan,transport-assessment,https://teesvalley-ca.gov.uk,https://teesvalley-ca.gov.uk/travel/wp-content/uploads/sites/5/2023/09/TVCA-Digital-Transport-Delivery-Plan-Final-Issue.pdf,2025-12-09,,,
3802051,amber-valley-borough-council-local-plan-2022-1,Amber Valley Borough Local Plan 2022-2040 Pre-Submission February 2024,,amber-valley-borough-council-local-plan-2022,local-plan-regulation-19,https://www.ambervalley.gov.uk/localplan,,2025-12-09,,,
3802052,amber-valley-borough-council-local-plan-2022-2,Local Plan 2022-2040 Policies Maps,,amber-valley-borough-council-local-plan-2022,policies-map,https://www.ambervalley.gov.uk/localplan,https://www.ambervalley.gov.uk/images/documents/LocalPlanFebruary2024/CombinedPoliciesMapsMarch2024.pdf,2025-12-09,,,
3802053,amber-valley-borough-council-local-plan-2022-3,Sustainability Appraisal Report - February 2024,,amber-valley-borough-council-local-plan-2022,sustainability-appraisal,https://www.ambervalley.gov.uk/planning/planning-policy/local-plan/sustainability-appraisal-strategic-environmental-assessment-and-habitats-regulations-assessment/,,2025-12-09,,,
3802054,amber-valley-borough-council-local-plan-2022-4,Habitats Regulations Assessment Report,,amber-valley-borough-council-local-plan-2022,habitats-regulations-assessment,https://www.ambervalley.gov.uk/planning/planning-policy/local-plan/sustainability-appraisal-strategic-environmental-assessment-and-habitats-regulations-assessment/,,2025-12-09,,,
3802055,amber-valley-borough-council-local-plan-2022-5,Employment Areas Assessment March 2025,,amber-valley-borough-council-local-plan-2022,local-plan,https://www.ambervalley.gov.uk/planning/planning-policy/local-plan/employment-land-review/,,2025-12-09,,,
3802056,amber-valley-borough-council-local-plan-2022-6,Amber Valley Borough Local Plan Interim Sustainability Appraisal Report - Initial Proposed Local Plan Policies – July 2022,,amber-valley-borough-council-local-plan-2022,sustainability-appraisal,https://www.ambervalley.gov.uk/planning/planning-policy/local-plan/sustainability-appraisal-strategic-environmental-assessment-and-habitats-regulations-assessment/,,2025-12-09,,,
3802057,amber-valley-borough-council-local-plan-2022-7,Amber Valley Borough Local Plan Interim Habitats Regulations Assessment Screening Report - Initial Local Plan Policies – July 2022,,amber-valley-borough-council-local-plan-2022,habitats-regulations-assessment,https://www.ambervalley.gov.uk/planning/planning-policy/local-plan/sustainability-appraisal-strategic-environmental-assessment-and-habitats-regulations-assessment/,,2025-12-09,,,
3802058,amber-valley-borough-council-local-plan-2022-8,Amber Valley Borough Local Plan Sustainability Appraisal Site Assessment Report - July 2022,,amber-valley-borough-council-local-plan-2022,sustainability-appraisal,https://www.ambervalley.gov.uk/planning/planning-policy/local-plan/sustainability-appraisal-strategic-environmental-assessment-and-habitats-regulations-assessment/,,2025-12-09,,,
3802059,amber-valley-borough-council-local-plan-2022-9,Amber Valley Borough Local Plan Sustainability Appraisal Site Assessment Report Addendum - July 2022,,amber-valley-borough-council-local-plan-2022,sustainability-appraisal,https://www.ambervalley.gov.uk/planning/planning-policy/local-plan/sustainability-appraisal-strategic-environmental-assessment-and-habitats-regulations-assessment/,,2025-12-09,,,
3802060,amber-valley-borough-council-local-plan-2022-10,Amber Valley Borough Local Plan Sustainability Appraisal Spatial Strategy Options Assessment – June 2021,,amber-valley-borough-council-local-plan-2022,sustainability-appraisal,https://www.ambervalley.gov.uk/planning/planning-policy/local-plan/sustainability-appraisal-strategic-environmental-assessment-and-habitats-regulations-assessment/,,2025-12-09,,,
3802061,amber-valley-borough-council-local-plan-2022-11,Amber Valley Borough Local Plan Sustainability Appraisal Post Consultation Scoping Report – September 2020,,amber-valley-borough-council-local-plan-2022,sustainability-appraisal,https://www.ambervalley.gov.uk/planning/planning-policy/local-plan/sustainability-appraisal-strategic-environmental-assessment-and-habitats-regulations-assessment/,,2025-12-09,,,
3802062,amber-valley-borough-council-local-plan-2022-12,"Amber Valley Borough Local Plan Sustainability Appraisal Scoping Report Appendix A: Reviews of Relevant Plans, Policies & Programmes – September 2020",,amber-valley-borough-council-local-plan-2022,sustainability-appraisal,https://www.ambervalley.gov.uk/planning/planning-policy/local-plan/sustainability-appraisal-strategic-environmental-assessment-and-habitats-regulations-assessment/,,2025-12-09,,,
3802063,amber-valley-borough-council-local-plan-2022-13,Amber Valley Borough Local Plan Sustainability Scoping Report Appendix B: Detailed SA Framework – September 2020,,amber-valley-borough-council-local-plan-2022,local-plan,https://www.ambervalley.gov.uk/planning/planning-policy/local-plan/sustainability-appraisal-strategic-environmental-assessment-and-habitats-regulations-assessment/,,2025-12-09,,,
3802064,eastbourne-borough-council-local-plan-1,Eastbourne Core Strategy,,eastbourne-borough-council-local-plan,core-strategy,https://www.lewes-eastbourne.gov.uk/eastbourne-core-strategy,https://www.lewes-eastbourne.gov.uk/media/968/Eastbourne-Core-Strategy/pdf/Eastbourne_Core_Strategy.pdf?m=1675872825367,2025-12-09,,,
3802065,eastbourne-borough-council-local-plan-2,Eastbourne Core Strategy Adoption Statement,,eastbourne-borough-council-local-plan,adoption-statement,https://www.lewes-eastbourne.gov.uk/eastbourne-core-strategy,https://www.lewes-eastbourne.gov.uk/media/965/Eastbourne-Core-Strategy-Adoption-Statement/pdf/Eastbourne_Core_Strategy_Adoption_Statement.pdf?m=1675872824350,2025-12-09,,,
3802066,eastbourne-borough-council-local-plan-3,Eastbourne Core Strategy Inspectors Final Report,,eastbourne-borough-council-local-plan,inspectors-report,https://www.lewes-eastbourne.gov.uk/eastbourne-core-strategy,https://www.lewes-eastbourne.gov.uk/media/964/Eastbourne-Core-Strategy-Inspectors-Final-Report/pdf/Eastbourne_Core_Strategy_Inspectors_Final_Report.pdf?m=1675872824073,2025-12-09,,,
3802067,eastbourne-borough-council-local-plan-4,Amended Eastbourne Policies Map 2016,,eastbourne-borough-council-local-plan,policies-map,https://www.lewes-eastbourne.gov.uk/eastbourne-core-strategy,https://www.lewes-eastbourne.gov.uk/media/961/Amended-Eastbourne-Policies-Map-2016/pdf/Amended_Eastbourne_Policies_Map_2016.pdf?m=1675872822963,2025-12-09,,,
3802068,eastbourne-borough-council-local-plan-5,Amended Eastbourne Policies Map Town Centre Inset Map 2016,,eastbourne-borough-council-local-plan,policies-map,https://www.lewes-eastbourne.gov.uk/eastbourne-core-strategy,https://www.lewes-eastbourne.gov.uk/media/960/Amended-Eastbourne-Policies-Map-Town-Centre-Inset-Map-2016/pdf/Amended_Eastbourne_Policies_Map_Town_Centre_Inset_Map_2016.pdf?m=1675872822663,2025-12-09,,,
3802069,eastbourne-borough-council-local-plan-6,Eastbourne Houses of Multiple Occupation Development Plan Document - Reg 18 version for consultation,,eastbourne-borough-council-local-plan,local-plan,https://www.lewes-eastbourne.gov.uk/article/2833/Eastbourne-Houses-in-Multiple-Occupation-HMOs-policy-consultation,https://www.lewes-eastbourne.gov.uk/media/4032/Eastbourne-Houses-of-Multiple-Occupation-Development-Plan-Document-Reg-18-version-for-consultation-FINAL/pdf/Eastbourne_Houses_of_Multiple_Occupation_Development_Plan_Document_-_Reg_18_version_for_consultation.pdf?m=1722511363480,2025-12-09,,,
3802070,eastbourne-borough-council-local-plan-7,EBC HMO Article 4 Direction 29.07.24,,eastbourne-borough-council-local-plan,local-plan,https://www.lewes-eastbourne.gov.uk/article/2833/Eastbourne-Houses-in-Multiple-Occupation-HMOs-policy-consultation,https://www.lewes-eastbourne.gov.uk/media/4033/EBC-HMO-Article-4-Direction-29-07-24/pdf/EBC_HMO_Article_4_Direction_29.07.24.pdf?m=1722511363670,2025-12-09,,,
3802071,eastbourne-borough-council-local-plan-8,HMO Article 4 Direction FAQ,,eastbourne-borough-council-local-plan,local-plan,https://www.lewes-eastbourne.gov.uk/article/2833/Eastbourne-Houses-in-Multiple-Occupation-HMOs-policy-consultation,https://www.lewes-eastbourne.gov.uk/media/4034/HMO-Article-4-Direction-FAQ/pdf/HMO_Article_4_Direction_FAQ.pdf?m=1722511363903,2025-12-09,,,
3802072,eastbourne-borough-council-local-plan-9,Proposed Article 4 Direction Boundary,,eastbourne-borough-council-local-plan,local-plan,https://www.lewes-eastbourne.gov.uk/article/2833/Eastbourne-Houses-in-Multiple-Occupation-HMOs-policy-consultation,https://www.lewes-eastbourne.gov.uk/media/4035/Proposed-Article-4-Direction-Boundary/pdf/Proposed_Article_4_Direction_Boundary.pdf?m=1722511364070,2025-12-09,,,
3802073,crawley-borough-council-local-plan-1,Local Plan,,crawley-borough-council-local-plan,local-plan,https://www.crawley.gov.uk/planning,,2025-12-09,,,
3802074,london-borough-of-newham-local-plan-1,Newham Local Plan 2018,,london-borough-of-newham-local-plan,local-plan,https://www.newham.gov.uk/localplan,https://www.newham.gov.uk/downloads/file/1111/newham-local-plan-2018-pdf-,2025-12-09,,,
3802075,london-borough-of-newham-local-plan-2,Local Plan Policies Map 2018,,london-borough-of-newham-local-plan,policies-map,https://www.newham.gov.uk/localplan,https://www.newham.gov.uk/downloads/file/1110/local-plan-policies-map-2018-pdf-,2025-12-09,,,
3802076,london-borough-of-newham-local-plan-3,Local Plan Adoption Statement,,london-borough-of-newham-local-plan,adoption-statement,https://www.newham.gov.uk/localplan,https://www.newham.gov.uk/downloads/file/1031/adoptionstatementlocalplan,2025-12-09,,,
3802077,london-borough-of-newham-local-plan-4,Inspector's Report (2018 Local Plan),,london-borough-of-newham-local-plan,local-plan,https://www.newham.gov.uk/localplan,https://www.newham.gov.uk/downloads/file/1032/inspectorsreport2018,2025-12-09,,,
3802078,london-borough-of-newham-local-plan-5,Local Plan Integrated Impact Assessment (IIA),,london-borough-of-newham-local-plan,local-plan,https://www.newham.gov.uk/localplan,https://www.newham.gov.uk/downloads/file/1095/sd04integratedimpactassessmentfeb2018,2025-12-09,,,
3802079,london-borough-of-newham-local-plan-6,Habitats Regulation Assessment (HRA),,london-borough-of-newham-local-plan,habitats-regulations-assessment,https://www.newham.gov.uk/localplan,http://www.newham.gov.uk/downloads/file/1033/habitat-regulations-assessment,2025-12-09,,,
3802080,london-borough-of-newham-local-plan-7,Gypsy and Traveller Accommodation Development Plan Document,,london-borough-of-newham-local-plan,local-plan,https://www.newham.gov.uk/localplan,https://www.newham.gov.uk/downloads/file/1039/gypsyandtravellerdpdadoptedversionsept2017,2025-12-09,,,
3802081,london-borough-of-newham-local-plan-8,Inspector's Report GTADPD,,london-borough-of-newham-local-plan,inspectors-report,https://www.newham.gov.uk/localplan,https://www.newham.gov.uk/downloads/file/1038/inspectorsreportonthegtadpd,2025-12-09,,,
3802082,london-borough-of-newham-local-plan-9,GTADPD Adoption Statement,,london-borough-of-newham-local-plan,adoption-statement,https://www.newham.gov.uk/localplan,https://www.newham.gov.uk/downloads/file/1037/adoptionstatementsep2017,2025-12-09,,,
3802083,london-borough-of-newham-local-plan-10,GTADPD Integrated Impact Assessment,,london-borough-of-newham-local-plan,local-plan,https://www.newham.gov.uk/localplan,https://www.newham.gov.uk/downloads/file/1040/gtadpdiiasubmissionversionsept2016,2025-12-09,,,
3802084,london-borough-of-newham-local-plan-2038-1,Local Development Scheme,,london-borough-of-newham-local-plan-2038,local-development-scheme,https://www.newham.gov.uk/planning-development-conservation/newham-local-plan-refresh,https://www.newham.gov.uk/downloads/file/8825/appendix-3-local-development-scheme-2025,2025-12-09,,,
3802085,melton-borough-council-local-plan-1,Information Statement,,melton-borough-council-local-plan,local-plan,https://www.meltonplan.co.uk/,https://www.meltonplan.co.uk/_files/ugd/c2f881_c97073d23b924cfe85fb9014d2ab4e6b.pdf,2025-12-09,,,
3802086,melton-borough-council-local-plan-2,Compliance Statement,,melton-borough-council-local-plan,local-plan,https://www.meltonplan.co.uk/,https://www.meltonplan.co.uk/_files/ugd/c2f881_ae7bd163a42a4d2c89fdf5de70afd713.pdf,2025-12-09,,,
3802087,melton-borough-council-local-plan-3,1999 Local Plan,,melton-borough-council-local-plan,local-plan,https://www.melton.gov.uk/planning-and-building/planning-policy/archived-melton-local-plan-1999/,https://www.meltonplan.co.uk/_files/ugd/2778e0_60e4cc43d0d1441b88a21e211833c490.pdf,2025-12-09,,,
3802088,central-bedfordshire-council-local-plan-1,Ward Member Workshops Feedback Report,,central-bedfordshire-council-local-plan,local-plan,https://www.centralbedfordshire.gov.uk/newlocalplan,,2025-12-09,,,
3802089,central-bedfordshire-council-local-plan-2,Town and Parish Council Workshops Feedback Report,,central-bedfordshire-council-local-plan,local-plan,https://www.centralbedfordshire.gov.uk/newlocalplan,,2025-12-09,,,
3802090,central-bedfordshire-council-local-plan-3,Local Plan Launch Feedback Report,,central-bedfordshire-council-local-plan,local-plan,https://www.centralbedfordshire.gov.uk/newlocalplan,,2025-12-09,,,
3802091,central-bedfordshire-council-local-plan-2050-1,Ward Member Workshops Feedback Report,,central-bedfordshire-council-local-plan-2050,local-plan,https://www.centralbedfordshire.gov.uk/newlocalplan,,2025-12-09,,,
3802092,central-bedfordshire-council-local-plan-2050-2,Town and Parish Council Workshops Feedback Report,,central-bedfordshire-council-local-plan-2050,local-plan,https://www.centralbedfordshire.gov.uk/newlocalplan,,2025-12-09,,,
3802093,central-bedfordshire-council-local-plan-2050-3,Local Plan Launch Feedback Report,,central-bedfordshire-council-local-plan-2050,local-plan,https://www.centralbedfordshire.gov.uk/newlocalplan,,2025-12-09,,,
3802094,south-kesteven-district-council-local-plan-2011-1,South Kesteven Local Plan,,south-kesteven-district-council-local-plan-2011,local-plan,https://www.southkesteven.gov.uk/planning-building-control/planning-policy-local-plans/south-kesteven-local-plan,https://www.southkesteven.gov.uk/sites/default/files/2023-08/Local_Plan_2011-2036_%28Final_inc_covers%29%20%281%29.pdf,2025-12-09,,,
3802095,south-kesteven-district-council-local-plan-2011-2,SKDC Policy Map Key,,south-kesteven-district-council-local-plan-2011,policies-map,https://www.southkesteven.gov.uk/planning-building-control/planning-policy-local-plans/south-kesteven-local-plan,https://www.southkesteven.gov.uk/sites/default/files/2023-08/SKDC_Key_to_map_symbology_2019.pdf,2025-12-09,,,
3802096,south-kesteven-district-council-local-plan-2011-3,SKDC Full District Map ( With Insets Shown),,south-kesteven-district-council-local-plan-2011,local-plan,https://www.southkesteven.gov.uk/planning-building-control/planning-policy-local-plans/south-kesteven-local-plan,https://www.southkesteven.gov.uk/sites/default/files/2023-08/SKDC_Main_Map_2019_300dpi1.pdf,2025-12-09,,,
3802097,south-kesteven-district-council-local-plan-2043-1,Regulation 18 - Proposed Housing and Mixed-Use Site Allocations,,south-kesteven-district-council-local-plan-2043,site-allocations,https://www.southkesteven.gov.uk/localplanreview,https://www.southkesteven.gov.uk/sites/default/files/2025-07/Regulation%2018%20Local%20Plan%20-%20Proposed%20Housing%20and%20Mixed-Use%20Site%20Allocations.pdf,2025-12-09,,,
3802098,south-kesteven-district-council-local-plan-2043-2,Sustainability Appraisal Report Addendum - July 2025,,south-kesteven-district-council-local-plan-2043,sustainability-appraisal,https://www.southkesteven.gov.uk/localplanreview,https://www.southkesteven.gov.uk/sites/default/files/2025-07/South%20Kesteven%20LPR%20SA%20Report%20Addendum.pdf,2025-12-09,,,
3802099,south-kesteven-district-council-local-plan-2043-3,Habitats Regulation Assessment - July 2025,,south-kesteven-district-council-local-plan-2043,habitats-regulations-assessment,https://www.southkesteven.gov.uk/localplanreview,https://www.southkesteven.gov.uk/sites/default/files/2025-07/South%20Kesteven%20LP%20HRA_July%202025.pdf,2025-12-09,,,
3802100,south-kesteven-district-council-local-plan-2043-4,Local Development Scheme,,south-kesteven-district-council-local-plan-2043,local-development-scheme,https://www.southkesteven.gov.uk/localplanreview,https://www.southkesteven.gov.uk/sites/default/files/2025-02/Local%20Development%20Scheme%202025%20-%202028.pdf,2025-12-09,,,
3802101,south-kesteven-district-council-local-plan-2043-5,Regulation 18 Draft Local Plan,,south-kesteven-district-council-local-plan-2043,local-plan-regulation-18,https://www.southkesteven.gov.uk/localplanreview,https://www.southkesteven.gov.uk/sites/default/files/2024-02/Regulation%2018%20Draft%20Local%20Plan%20February%202024_1.pdf,2025-12-09,,,
3802102,south-kesteven-district-council-local-plan-2043-6,Statement of Consultation,,south-kesteven-district-council-local-plan-2043,consultation-statement,https://www.southkesteven.gov.uk/localplanreview,https://www.southkesteven.gov.uk/sites/default/files/2025-02/Regulation%2018%20Draft%20Local%20Plan%20Statement%20of%20Consultation%20February%202025.pdf,2025-12-09,,,
3802103,south-kesteven-district-council-local-plan-2043-7,Summary of Proposed Changes document,,south-kesteven-district-council-local-plan-2043,local-plan,https://www.southkesteven.gov.uk/localplanreview,https://www.southkesteven.gov.uk/sites/default/files/2024-02/Summary%20of%20Proposed%20Changes%20to%20the%20Plan.pdf,2025-12-09,,,
3802104,south-kesteven-district-council-local-plan-2043-8,Easy Read Guide to the Draft Local Plan,,south-kesteven-district-council-local-plan-2043,local-plan,https://www.southkesteven.gov.uk/localplanreview,https://www.southkesteven.gov.uk/sites/default/files/2024-02/Easy%20Guide%20to%20the%20Regulation%2018%20Draft%20Local%20Plan_1.pdf,2025-12-09,,,
3802105,south-kesteven-district-council-local-plan-2043-9,Appendix 2 - Principles for Development within Green Infrastructure Areas,,south-kesteven-district-council-local-plan-2043,green-and-blue-infrastructure,https://www.southkesteven.gov.uk/localplanreview,https://www.southkesteven.gov.uk/sites/default/files/2024-08/BNG%20Appendix%202.pdf,2025-12-09,,,
3802106,south-kesteven-district-council-local-plan-2043-10,Issues and Options Document,,south-kesteven-district-council-local-plan-2043,local-plan,https://www.southkesteven.gov.uk/localplanreview,https://www.southkesteven.gov.uk/sites/default/files/2024-01/Local%20Plan%20Issues%20and%20Options%20October%202020.pdf,2025-12-09,,,
3802107,south-kesteven-district-council-local-plan-2043-11,Sustainability Appraisal Report,,south-kesteven-district-council-local-plan-2043,sustainability-appraisal,https://www.southkesteven.gov.uk/localplanreview,https://www.southkesteven.gov.uk/sites/default/files/2023-08/SA_South_Kesteven_LPR_Interim_SA_Report_V1.0_071020%20%281%29.pdf,2025-12-09,,,
3802108,coventry-city-council-local-plan-2011-1,Local Plan,,coventry-city-council-local-plan-2011,local-plan,https://www.coventry.gov.uk/localplan,https://www.coventry.gov.uk/downloads/file/25899/final_local_plan_december_2017,2025-12-09,,,
3802109,coventry-city-council-local-plan-2011-2,Planning Inspectors Report,,coventry-city-council-local-plan-2011,local-plan,https://www.coventry.gov.uk/localplan,https://www.coventry.gov.uk/downloads/file/25615/coventry_local_plan_final_report_2017,2025-12-09,,,
3802110,coventry-city-council-local-plan-2011-3,City Centre Area Action Plan,,coventry-city-council-local-plan-2011,area-action-plan,https://www.coventry.gov.uk/planning-policy/coventry-local-plan-2011-2031/print,https://www.coventry.gov.uk/downloads/file/25900/final_aap_december_2017,2025-12-09,,,
3802111,london-borough-of-haringey-local-plan-1,Draft Local Plan part 1 - Placemaking for Haringey,,london-borough-of-haringey-local-plan,local-plan-regulation-18,https://www.haringey.gov.uk/newlocalplan,https://www.haringey.gov.uk/sites/haringeygovuk/files/2024-11/Draft%20Local%20Plan%20part%201%20-%20Placemaking%20for%20Haringey.pdf,2025-12-09,,,
3802112,london-borough-of-haringey-local-plan-2,Draft Local Plan part 2 - Neighbourhood Policies,,london-borough-of-haringey-local-plan,local-plan-regulation-18,https://www.haringey.gov.uk/newlocalplan,https://www.haringey.gov.uk/sites/haringeygovuk/files/2024-11/Draft%20Local%20Plan%20part%202%20-%20Neighbourhood%20Policies.pdf,2025-12-09,,,
3802113,london-borough-of-haringey-local-plan-3,Draft Local Plan part 3 - Borough-Wide Policies,,london-borough-of-haringey-local-plan,local-plan-regulation-18,https://www.haringey.gov.uk/newlocalplan,https://www.haringey.gov.uk/sites/haringeygovuk/files/2024-11/Draft%20Local%20Plan%20part%203%20-%20Borough-Wide%20Policies.pdf,2025-12-09,,,
3802114,london-borough-of-haringey-local-plan-4,Integrated Impact Assessment draft report,,london-borough-of-haringey-local-plan,sustainability-appraisal,https://www.haringey.gov.uk/newlocalplan,https://www.haringey.gov.uk/sites/haringeygovuk/files/2024-11/Integrated%20Impact%20Assessment%20draft%20report.pdf,2025-12-09,,,
3802115,london-borough-of-haringey-local-plan-5,Draft Local Plan Policies map,,london-borough-of-haringey-local-plan,policies-map,https://www.haringey.gov.uk/newlocalplan,https://www.haringey.gov.uk/sites/haringeygovuk/files/2024-11/Draft%20Local%20Plan%20Policies%20map.pdf,2025-12-09,,,
3802116,spelthorne-borough-council-local-plan-2022-1,Pre-submission Spelthorne Local Plan 2022 - 2037,,spelthorne-borough-council-local-plan-2022,local-plan-regulation-19,https://www.spelthorne.gov.uk/localplan,https://www.spelthorne.gov.uk/sites/default/files/migration/media/25297/Pre-submission-Spelthorne-Local-Plan-2022-2037/pdf/Pre-submission_Spelthorne_Local_Plan_2022_-_2037-compressed.pdf,2025-12-09,,,
3802117,spelthorne-borough-council-local-plan-2022-2,Pre-submission Policies Map,,spelthorne-borough-council-local-plan-2022,policies-map,https://www.spelthorne.gov.uk/localplan,https://www.spelthorne.gov.uk/sites/default/files/migration/media/25298/Pre-submission-Policies-Map/pdf/Pre-submission_Spelthorne_Local_Plan_2022_-_2037_-_Policies_Map-compressed_1.pdf,2025-12-09,,,
3802118,spelthorne-borough-council-local-plan-2022-3,Draft Staines Development Framework,,spelthorne-borough-council-local-plan-2022,local-plan,https://www.spelthorne.gov.uk/localplan,https://www.spelthorne.gov.uk/sites/default/files/migration/media/25299/Draft-Staines-Development-Framework/pdf/STC001_Staines_Development_Framework_-_V2_DRAFT_Landscape_-_April_2022_NL_contents.pdf,2025-12-09,,,
3802119,spelthorne-borough-council-local-plan-2022-4,Topic Paper 1 - Background and Exceptional Circumstances Case,,spelthorne-borough-council-local-plan-2022,local-plan,https://www.spelthorne.gov.uk/localplan,https://www.spelthorne.gov.uk/sites/default/files/migration/media/25343/Topic-Paper-1-Background-and-Exceptional-Circumstances-Case/pdf/Topic_Paper_1_-_Background_and_Exceptional_Circumstances_Case_.pdf,2025-12-09,,,
3802120,spelthorne-borough-council-local-plan-2022-5,Local Plan Housing Trajectory and Five Year Housing Land Supply,,spelthorne-borough-council-local-plan-2022,local-plan,https://www.spelthorne.gov.uk/localplan,https://www.spelthorne.gov.uk/sites/default/files/migration/media/25316/Local-Plan-Housing-Trajectory-and-Five-Year-Housing-Land-Supply/pdf/Housing_Trajectory___5YHLS_Local_Plan_2022_REG_19.pdf,2025-12-09,,,
3802121,spelthorne-borough-council-local-plan-2022-6,Local Plan and potential CIL review Viability Assessment,,spelthorne-borough-council-local-plan-2022,viability-assessment,https://www.spelthorne.gov.uk/localplan,https://www.spelthorne.gov.uk/sites/default/files/migration/media/25347/Local-Plan-and-potential-CIL-review-Viability-Assessment/pdf/Local_Plan_and_potential_CIL_review_Viability_Assessment.pdf,2025-12-09,,,
3802122,spelthorne-borough-council-local-plan-2022-7,Green Belt Assessment Stage 3 Report,,spelthorne-borough-council-local-plan-2022,local-plan,https://www.spelthorne.gov.uk/localplan,https://www.spelthorne.gov.uk/sites/default/files/migration/media/25339/Green-Belt-Assessment-Stage-3-Report/pdf/Green_Belt_Assessment_Stage_3_Report.pdf,2025-12-09,,,
3802123,spelthorne-borough-council-local-plan-2022-8,Level 2 - Strategic Flood Risk Assessment Report,,spelthorne-borough-council-local-plan-2022,strategic-flood-risk-assessment,https://www.spelthorne.gov.uk/localplan,https://www.spelthorne.gov.uk/sites/default/files/migration/media/25344/Level-2-Strategic-Flood-Risk-Assessment-Report/pdf/SBC_L2_SFRA_Report.pdf,2025-12-09,,,
3802124,spelthorne-borough-council-local-plan-2022-9,Spelthorne Local Plan Strategic Highway Assessment Report: Technical Annex,,spelthorne-borough-council-local-plan-2022,local-plan,https://www.spelthorne.gov.uk/localplan,https://www.spelthorne.gov.uk/sites/default/files/migration/media/25326/Spelthorne-Local-Plan-Strategic-Highway-Assessment-Report-Technical-Annex/pdf/Doc02_Spelthorne_Local_Plan_SHAR_Technical_Annex_Final.pdf,2025-12-09,,,
3802125,spelthorne-borough-council-local-plan-2022-10,Planning for Housing Delivery Report,,spelthorne-borough-council-local-plan-2022,local-plan,https://www.spelthorne.gov.uk/localplan,https://www.spelthorne.gov.uk/sites/default/files/migration/media/25394/Planning-for-Housing-Delivery-Report/pdf/PlanningHousingDelivery_Report_170822.pdf,2025-12-09,,,
3802126,spelthorne-borough-council-local-plan-2022-11,Habitats Regulations Assessment - Stage 1 Screening,,spelthorne-borough-council-local-plan-2022,habitats-regulations-assessment,https://www.spelthorne.gov.uk/localplan,https://www.spelthorne.gov.uk/sites/default/files/migration/media/25391/Habitats-Regulations-Assessment-Stage-1-Screening/pdf/Habitats_Regulations_Assessment_-_Stage_1_Screening.pdf,2025-12-09,,,
3802127,london-borough-of-hillingdon-local-plan-2026-1,Local Plan: Part 1 - Strategic Policies,,london-borough-of-hillingdon-local-plan-2026,core-strategy,https://www.hillingdon.gov.uk/local-plan-documents,https://www.hillingdon.gov.uk/media/3080/Local-Plan-Part-1---Strategic-Policies/pdf/npLocal_Plan_Part_1_Strategic_Policies_15_feb_2013_a_1_1.pdf?m=1598370401647,2025-12-09,,,
3802128,london-borough-of-hillingdon-local-plan-2026-2,Local Plan Part 1- Errata sheet,,london-borough-of-hillingdon-local-plan-2026,local-plan,https://www.hillingdon.gov.uk/local-plan-documents,https://www.hillingdon.gov.uk/media/3081/Local-Plan-Part-1--Errata-sheet/pdf/olHillingdon_Local_Plan_Part_1_Strategic_Policies-Errata_sheet_Feb_2013_1_1.pdf?m=1598370482757,2025-12-09,,,
3802129,london-borough-of-hillingdon-local-plan-2026-3,Final Sustainability Appraisal July 2011,,london-borough-of-hillingdon-local-plan-2026,sustainability-appraisal,https://www.hillingdon.gov.uk/local-plan-documents,https://www.hillingdon.gov.uk/media/3525/Final-Sustainability-Appraisal-July-2011/pdf/miSD8-_LDF_Core_Strategy_Final_Sustainability_Appraisal_July_2011.PDF?m=1600775055463,2025-12-09,,,
3802130,london-borough-of-hillingdon-local-plan-2026-4,Adoption statement,,london-borough-of-hillingdon-local-plan-2026,adoption-statement,https://www.hillingdon.gov.uk/local-plan-documents,https://www.hillingdon.gov.uk/media/3082/Adoption-statement/pdf/ooAdoption_Statement_Final-1_1_11.pdf?m=1598370530163,2025-12-09,,,
3802131,london-borough-of-hillingdon-local-plan-2026-5,Inspector's report,,london-borough-of-hillingdon-local-plan-2026,inspectors-report,https://www.hillingdon.gov.uk/local-plan-documents,https://www.hillingdon.gov.uk/media/3083/Inspectors-report/pdf/ol120726_Hillingdon_report_5_FINAL_Amended_1_1.pdf?m=1598370572307,2025-12-09,,,
3802132,london-borough-of-hillingdon-local-plan-1,Hillingdon Local Plan Part 2: Development Management Policies,,london-borough-of-hillingdon-local-plan,development-management-policies,https://www.hillingdon.gov.uk/local-plan-documents,https://www.hillingdon.gov.uk/media/3084/Hillingdon-Local-Plan-Part-2-Development-Management-Policies/pdf/pdLPP2_Development_Management_Policies_-_ADOPTED_VERSION_JAN_2020_1.pdf?m=1598370641570,2025-12-09,,,
3802133,london-borough-of-hillingdon-local-plan-2,Hillingdon Local Plan Part 2: Site Allocations and Designations,,london-borough-of-hillingdon-local-plan,site-allocations,https://www.hillingdon.gov.uk/local-plan-documents,https://www.hillingdon.gov.uk/media/3085/Hillingdon-Local-Plan-Part-2-Site-Allocations-and-Designations/pdf/pmLPP2_Site_Allocations_and_Designations_-_ADOPTED_VERSION_JAN_2020.pdf?m=1598370680123,2025-12-09,,,
3802134,london-borough-of-hillingdon-local-plan-3,View the policies map,,london-borough-of-hillingdon-local-plan,policies-map,https://www.hillingdon.gov.uk/local-plan-documents,https://www.hillingdon.gov.uk/media/3086/View-the-policies-map/pdf/q7LPP2_Policies_Map_-_ADOPTION_VERSION.pdf?m=1598370744580,2025-12-09,,,
3802135,london-borough-of-hillingdon-local-plan-4,Sustainability Appraisal 2014,,london-borough-of-hillingdon-local-plan,sustainability-appraisal,https://www.hillingdon.gov.uk/local-plan-documents,https://www.hillingdon.gov.uk/media/3087/Sustainability-Appraisal-2014/pdf/qbSustainability_Appraisal_2014.pdf?m=1598370781610,2025-12-09,,,
3802136,london-borough-of-hillingdon-local-plan-5,Integrated Impact Assessment (IIA) Scoping Report,,london-borough-of-hillingdon-local-plan,local-plan,https://www.hillingdon.gov.uk/local-plan,https://www.hillingdon.gov.uk/media/13938/Integrated-Impact-Assessment-IIA-Scoping-Report/pdf/1hAppendix_2_-_Integrated_Impact_Assessment_Scoping_Report.pdf?m=1713956588457,2025-12-09,,,
3802137,london-borough-of-hillingdon-local-plan-6,Hillingdon Townscape and Character Study 2023 (Urban Initiatives),,london-borough-of-hillingdon-local-plan,local-plan,https://www.hillingdon.gov.uk/local-plan,https://www.hillingdon.gov.uk/media/13939/Hillingdon-Townscape-and-Character-Study-2023-Urban-Initiatives/pdf/2jHillingdon_Townscape_and_Character_Study_2023_low_res.pdf?m=1713956640463,2025-12-09,,,
3802138,london-borough-of-hillingdon-local-plan-7,Hillingdon Employment Land and Capacity Study 2023 (Avison Young),,london-borough-of-hillingdon-local-plan,local-plan,https://www.hillingdon.gov.uk/local-plan,https://www.hillingdon.gov.uk/media/14043/Hillingdon-Employment-Land-and-Capacity-Study-2023-Annex-1/pdf/dlHillingdon_Employment_Land_and_Capacity_Study_2023_Annex_1.pdf?m=1715268397677,2025-12-09,,,
3802139,london-borough-of-hillingdon-local-plan-8,West London Town Centre Study 2023 (Urban Foresight),,london-borough-of-hillingdon-local-plan,retail-and-town-centre-study,https://www.hillingdon.gov.uk/local-plan,https://www.hillingdon.gov.uk/media/13966/West-London-Town-Centre-Study-2023-Urban-Foresight/pdf/nmWLA-Phases1-3_v1.0_web.pdf?m=1714466840730,2025-12-09,,,
3802140,stockport-metropolitan-borough-council-local-plan-2042-1,The Stockport Local Plan,,stockport-metropolitan-borough-council-local-plan-2042,local-plan,https://localplan.stockport.gov.uk/,https://live-iag-static-assets.s3.eu-west-1.amazonaws.com/pdf/Local+Plan+evidence/LocalPlan.pdf,2025-12-09,,,
3802141,stockport-metropolitan-borough-council-local-plan-2042-2,Draft Local Plan,,stockport-metropolitan-borough-council-local-plan-2042,local-plan,https://www.stockport.gov.uk/news/preparing-for-stockports-future-draft-local-plan-consultation-opens-tomorrow,https://democracy.stockport.gov.uk/documents/s255022/Appendix%201%20-%20Local%20Plan.pdf,2025-12-09,,,
3802142,stockport-metropolitan-borough-council-local-plan-2042-3,Topic Paper: Addressing our development needs,,stockport-metropolitan-borough-council-local-plan-2042,local-plan,https://www.stockport.gov.uk/local-plan-core-documents,https://live-iag-static-assets.s3.eu-west-1.amazonaws.com/pdf/Local+Plan+evidence/251002+Addressing+development+needs+paper.pdf,2025-12-09,,,
3802143,stockport-metropolitan-borough-council-local-plan-2042-4,Integrated Sustainability Appraisal,,stockport-metropolitan-borough-council-local-plan-2042,sustainability-appraisal,https://www.stockport.gov.uk/local-plan-core-documents,https://live-iag-static-assets.s3.eu-west-1.amazonaws.com/pdf/Local+Plan+evidence/251104+Integrated+Sustainablity+Appraisal.pdf,2025-12-09,,,
3802144,stockport-metropolitan-borough-council-local-plan-2042-5,Habitat Regulations Assessment,,stockport-metropolitan-borough-council-local-plan-2042,habitats-regulations-assessment,https://www.stockport.gov.uk/local-plan-core-documents,https://live-iag-static-assets.s3.eu-west-1.amazonaws.com/pdf/Local+Plan+evidence/251104+Habitats+Regulations+Assessment.pdf,2025-12-09,,,
3802145,redcar-and-cleveland-borough-council-local-plan-1,Local Plan Adopted May 2018,,redcar-and-cleveland-borough-council-local-plan,local-plan,https://www.redcar-cleveland.gov.uk/planning/local-plan/redcar-and-cleveland-local-plan,https://www.redcar-cleveland.gov.uk/sites/default/files/2022-04/Local%20Plan%20Adopted%20May%202018.pdf,2025-12-09,,,
3802146,redcar-and-cleveland-borough-council-local-plan-2,Local Plan Adoption Statement,,redcar-and-cleveland-borough-council-local-plan,adoption-statement,https://www.redcar-cleveland.gov.uk/planning/local-plan/redcar-and-cleveland-local-plan,https://www.redcar-cleveland.gov.uk/sites/default/files/2022-04/Local%20Plan%20Adoption%20Statement.pdf,2025-12-09,,,
3802147,redcar-and-cleveland-borough-council-local-plan-3,SEA Adoption Statement,,redcar-and-cleveland-borough-council-local-plan,adoption-statement,https://www.redcar-cleveland.gov.uk/planning/local-plan/redcar-and-cleveland-local-plan,https://www.redcar-cleveland.gov.uk/sites/default/files/2022-04/SEA%20Adoption%20Statement.pdf,2025-12-09,,,
3802148,redcar-and-cleveland-borough-council-local-plan-4,Local Plan Policies Map 2018 - Map 1,,redcar-and-cleveland-borough-council-local-plan,policies-map,https://www.redcar-cleveland.gov.uk/planning/local-plan/redcar-and-cleveland-local-plan,https://www.redcar-cleveland.gov.uk/sites/default/files/2022-04/Local%20Plan%20Policies%20Map%202018%20-%20Map%201.pdf,2025-12-09,,,
3802149,redcar-and-cleveland-borough-council-local-plan-5,Local Plan Policies Map 2018 - Map 2,,redcar-and-cleveland-borough-council-local-plan,policies-map,https://www.redcar-cleveland.gov.uk/planning/local-plan/redcar-and-cleveland-local-plan,https://www.redcar-cleveland.gov.uk/sites/default/files/2022-04/Local%20Plan%20Policies%20Map%202018%20-%20Map%202.pdf,2025-12-09,,,
3802150,redcar-and-cleveland-borough-council-local-plan-6,Local Plan Policies Map 2018 - Map 3,,redcar-and-cleveland-borough-council-local-plan,policies-map,https://www.redcar-cleveland.gov.uk/planning/local-plan/redcar-and-cleveland-local-plan,https://www.redcar-cleveland.gov.uk/sites/default/files/2022-04/Local%20Plan%20Policies%20Map%202018%20-%20Map%203.pdf,2025-12-09,,,
3802151,redcar-and-cleveland-borough-council-local-plan-7,Local Plan Policies Map 2018 - Map 4,,redcar-and-cleveland-borough-council-local-plan,policies-map,https://www.redcar-cleveland.gov.uk/planning/local-plan/redcar-and-cleveland-local-plan,https://www.redcar-cleveland.gov.uk/sites/default/files/2022-04/Local%20Plan%20Policies%20Map%202018%20-%20Map%204.pdf,2025-12-09,,,
3802152,west-lindsey-district-council-local-plan-2018-1,Energy Efficiency Design Guide,,west-lindsey-district-council-local-plan-2018,urban-design-framework,https://www.west-lindsey.gov.uk/planning-building-control/planning/planning-policy/central-lincolnshire-local-plan-2023,https://www.n-kesteven.gov.uk/sites/default/files/2023-04/Central%20Lincs%20Energy%20Efficiency%20Design%20Guide%20-%20Final%202023.pdf,2025-12-09,,,
3802153,west-lindsey-district-council-local-plan-2018-2,Energy Efficiency Policies FAQs,,west-lindsey-district-council-local-plan-2018,local-plan,https://www.west-lindsey.gov.uk/planning-building-control/planning/planning-policy/central-lincolnshire-local-plan-2023,https://www.n-kesteven.gov.uk/sites/default/files/2023-07/Energy%20Efficiency%20Policies%20FAQs%20July%202023.pdf,2025-12-09,,,
3802154,west-lindsey-district-council-local-plan-2018-3,Providing an Energy Statement Guidance and Template,,west-lindsey-district-council-local-plan-2018,local-plan,https://www.west-lindsey.gov.uk/planning-building-control/planning/planning-policy/central-lincolnshire-local-plan-2023,https://www.n-kesteven.gov.uk/sites/default/files/2023-07/Providing%20an%20Energy%20Statement%20Guidance%20and%20Template%20July%202023.pdf,2025-12-09,,,
3802155,west-lindsey-district-council-local-plan-2018-4,Biodiversity Net Gain Guidance Note,,west-lindsey-district-council-local-plan-2018,local-plan,https://www.west-lindsey.gov.uk/planning-building-control/planning/planning-policy/central-lincolnshire-local-plan-2023,https://www.n-kesteven.gov.uk/sites/default/files/2023-05/Biodiversity%20Net%20Gain%20Guidance%20Note.pdf,2025-12-09,,,
3802156,west-lindsey-district-council-local-plan-1,Schedule of saved policies,,west-lindsey-district-council-local-plan,local-plan,https://www.west-lindsey.gov.uk/planning-building-control/planning/planning-policy/archived-west-lindsey-local-plan,https://www.west-lindsey.gov.uk/sites/default/files/2022-02/Archived%20-%20Schedule%20of%20saved%20policies.pdf,2025-12-09,,,
3802157,west-lindsey-district-council-local-plan-2,Secretary of State Direction for saved policies,,west-lindsey-district-council-local-plan,local-plan,https://www.west-lindsey.gov.uk/planning-building-control/planning/planning-policy/archived-west-lindsey-local-plan,https://www.west-lindsey.gov.uk/sites/default/files/2022-02/Archived%20-%20Secretary%20of%20State%20Direction%20for%20saved%20policies.pdf,2025-12-09,,,
3802158,west-lindsey-district-council-local-plan-3,Schedule of policies not saved,,west-lindsey-district-council-local-plan,local-plan,https://www.west-lindsey.gov.uk/planning-building-control/planning/planning-policy/archived-west-lindsey-local-plan,https://www.west-lindsey.gov.uk/sites/default/files/2022-02/Archived%20-%20Schedule%20of%20policies%20not%20saved.pdf,2025-12-09,,,
3802159,winchester-city-council-local-plan-2026-1,Local Plan 2024 - Evidence Base,,winchester-city-council-local-plan-2026,local-plan,https://www.winchester.gov.uk/planning-policy/winchester-district-local-plan-2026-2044,,2025-12-09,,,
3802160,winchester-city-council-local-plan-2026-2,Sustainability Appraisal & Habitats Regulations Assessment,,winchester-city-council-local-plan-2026,sustainability-appraisal,https://www.winchester.gov.uk/planning-policy/winchester-district-local-plan-2026-2044,,2025-12-09,,,
3802161,winchester-city-council-local-plan-2026-3,Local Plan timetable (LDS),,winchester-city-council-local-plan-2026,local-development-scheme,https://www.winchester.gov.uk/planning-policy/winchester-district-local-plan-2026-2044,,2025-12-09,,,
3802162,winchester-city-council-local-plan-2026-4,Policies Map,,winchester-city-council-local-plan-2026,policies-map,https://www.winchester.gov.uk/planning-policy/winchester-district-local-plan-2026-2044,,2025-12-09,,,
3802163,winchester-city-council-local-plan-2020-1,Sustainability Appraisal & Habitats Regulations Assessment,,winchester-city-council-local-plan-2020,sustainability-appraisal,https://www.winchester.gov.uk/planning-policy/winchester-district-local-plan-2018-2038-emerging,,2025-12-09,,,
3802164,winchester-city-council-local-plan-2020-2,Regulation 19 Local Plan,,winchester-city-council-local-plan-2020,local-plan-regulation-19,https://www.winchester.gov.uk/planning-policy/winchester-district-local-plan-2018-2038-emerging,,2025-12-09,,,
3802165,winchester-city-council-local-plan-2020-3,Examination,,winchester-city-council-local-plan-2020,local-plan,https://www.winchester.gov.uk/planning-policy/winchester-district-local-plan-2018-2038-emerging,,2025-12-09,,,
3802166,winchester-city-council-local-plan-2020-4,Policies Map,,winchester-city-council-local-plan-2020,policies-map,https://www.winchester.gov.uk/planning-policy/winchester-district-local-plan-2018-2038-emerging,,2025-12-09,,,
3802167,winchester-city-council-local-plan-2020-5,Local Plan Timetable,,winchester-city-council-local-plan-2020,local-development-scheme,https://www.winchester.gov.uk/planning-policy/winchester-district-local-plan-2018-2038-emerging,,2025-12-09,,,
3802168,winchester-city-council-local-plan-2020-6,Local Plan 2040 – Evidence Base,,winchester-city-council-local-plan-2020,local-plan,https://www.winchester.gov.uk/planning-policy/winchester-district-local-plan-2018-2038-emerging,,2025-12-09,,,
3802169,winchester-city-council-local-plan-2020-7,Regulation 18 Local Plan,,winchester-city-council-local-plan-2020,local-plan-regulation-18,https://www.winchester.gov.uk/planning-policy/winchester-district-local-plan-2018-2038-emerging,,2025-12-09,,,
3802170,winchester-city-council-local-plan-2011-1,"Gypsy, Traveller & Travelling Showpersons Development Plan Document (Traveller DPD)",,winchester-city-council-local-plan-2011,local-plan,https://www.winchester.gov.uk/planning-policy/winchester-district-local-plan-2011-2036-adopted,,2025-12-09,,,
3802171,winchester-city-council-local-plan-2011-2,Local Plan Part 1 - Joint Core Strategy Adopted March 2013,,winchester-city-council-local-plan-2011,core-strategy,https://www.winchester.gov.uk/planning-policy/winchester-district-local-plan-2011-2036-adopted,,2025-12-09,,,
3802172,winchester-city-council-local-plan-2011-3,Local Plan Part 2 - Development Management & Allocations,,winchester-city-council-local-plan-2011,local-plan,https://www.winchester.gov.uk/planning-policy/winchester-district-local-plan-2011-2036-adopted,,2025-12-09,,,
3802173,winchester-city-council-local-plan-2011-4,Evidence Base,,winchester-city-council-local-plan-2011,local-plan,https://www.winchester.gov.uk/planning-policy/winchester-district-local-plan-2011-2036-adopted,,2025-12-09,,,
3802174,winchester-city-council-local-plan-2011-5,Sustainability Appraisals,,winchester-city-council-local-plan-2011,sustainability-appraisal,https://www.winchester.gov.uk/planning-policy/winchester-district-local-plan-2011-2036-adopted,,2025-12-09,,,
3802175,south-ribble-borough-council-local-plan-1,Adopted Local Plan,,south-ribble-borough-council-local-plan,local-plan-adopted,https://forms.chorleysouthribble.gov.uk/south-ribble-council/planning-building-control/south-ribble-local-plan-2015,https://forms.chorleysouthribble.gov.uk/south-ribble-council/downloads/file/602/local-plan-adopted-july-2015,2025-12-09,,,
3802176,south-ribble-borough-council-local-plan-2,Sustainability Appraisal,,south-ribble-borough-council-local-plan,sustainability-appraisal,https://forms.chorleysouthribble.gov.uk/south-ribble-council/planning-building-control/south-ribble-local-plan-2015,https://forms.chorleysouthribble.gov.uk/south-ribble-council/downloads/file/604/sustainability-appraisal-of-local-plan,2025-12-09,,,
3802177,south-ribble-borough-council-local-plan-3,Inspectors' Final Report - June 2015,,south-ribble-borough-council-local-plan,local-plan,https://forms.chorleysouthribble.gov.uk/south-ribble-council/planning-building-control/south-ribble-local-plan-2015,https://forms.chorleysouthribble.gov.uk/south-ribble-council/downloads/file/605/inspectors-final-report-june-2015,2025-12-09,,,
3802178,south-ribble-borough-council-local-plan-4,Local Plan Policies Map,,south-ribble-borough-council-local-plan,policies-map,https://forms.chorleysouthribble.gov.uk/south-ribble-council/planning-building-control/south-ribble-local-plan-2015,https://forms.chorleysouthribble.gov.uk/south-ribble-council/downloads/file/606/local-plan-policies-map,2025-12-09,,,
3802179,south-ribble-borough-council-local-plan-5,Local Plan Policies Map - Main Urban Area,,south-ribble-borough-council-local-plan,policies-map,https://forms.chorleysouthribble.gov.uk/south-ribble-council/planning-building-control/south-ribble-local-plan-2015,https://forms.chorleysouthribble.gov.uk/south-ribble-council/downloads/file/607/local-plan-policies-map-main-urban-area,2025-12-09,,,
3802180,south-ribble-borough-council-local-plan-6,Local Development Scheme (LDS),,south-ribble-borough-council-local-plan,local-development-scheme,https://www.southribble.gov.uk/localplan,https://forms.chorleysouthribble.gov.uk/south-ribble-council/downloads/file/770/local-development-scheme-lds-,2025-12-09,,,
3802181,fenland-district-council-local-plan-2011-1,Fenland Local Plan (May 2014),,fenland-district-council-local-plan-2011,local-plan,https://www.fenland.gov.uk/developmentplan,https://www.fenland.gov.uk/media/10010/Fenland-Local-Plan-May-2014/pdf/Fenland_Local_Plan1.pdf?m=1590591524653,2025-12-09,,,
3802182,fenland-district-council-local-plan-2011-2,Fenland Local Plan (2014) Policies Map,,fenland-district-council-local-plan-2011,policies-map,https://www.fenland.gov.uk/developmentplan,https://www.fenland.gov.uk/media/12294/Fenland-Local-Plan-2014-Policies-Map/pdf/PoliciesMap_A0_Adopted_New.pdf?m=1590590626843,2025-12-09,,,
3802183,fenland-district-council-local-plan-1,Sites Evidence Report,,fenland-district-council-local-plan,local-plan,https://www.fenland.gov.uk/newlocalplan,https://www.fenland.gov.uk/media/18867/PE01-4-Sites-Evidence-Report/pdf/PE01-4__Sites_Evidence_Report_Aug_22.pdf?m=1661417434807,2025-12-09,,,
3802184,fenland-district-council-local-plan-2,Habitats Regulation Assessment Screening Main Report,,fenland-district-council-local-plan,habitats-regulations-assessment,https://www.fenland.gov.uk/newlocalplan,https://www.fenland.gov.uk/media/18819/CD07-1-Habitats-Regulation-Assessment-Screening-Main-Report/pdf/CD07-1a_Draft_Local_Plan_HRA_Main_Report_August_2022.pdf?m=1661248724390,2025-12-09,,,
3802185,fenland-district-council-local-plan-3,Local Development Scheme March 2025,,fenland-district-council-local-plan,local-development-scheme,https://www.fenland.gov.uk/newlocalplan,https://www.fenland.gov.uk/media/17153/Local-Development-Scheme-March-2025/pdf/25-03_FDC_Local_Development_Scheme_sr9xpwa75xxo.pdf?m=1744731927420,2025-12-09,,,
3802186,fenland-district-council-local-plan-2011-3,Submission Core Strategy,,fenland-district-council-local-plan-2011,local-plan,https://www.fenland.gov.uk/article/15077/The-Planning-Policy-Library,https://www.fenland.gov.uk/media/8571/CD001-Submission-Core-Strategy-Sept-13-vfinal/pdf/CD001_-_Submission_Core_Strategy_-_Sept_13_vfinal.pdf?m=1591350986080,2025-12-09,,,
3802187,fenland-district-council-local-plan-2011-4,Sustainability Appraisal Part 1,,fenland-district-council-local-plan-2011,local-plan,https://www.fenland.gov.uk/article/15077/The-Planning-Policy-Library,https://www.fenland.gov.uk/media/8572/CD004-a-SA-Report-Sept-2013-Part-1-vfinal/pdf/CD004a_-_SA_Report_Sept_2013_-_Part_1_vfinal.pdf?m=1591350987003,2025-12-09,,,
3802188,fenland-district-council-local-plan-2011-5,Sustainability Appraisal Part 2,,fenland-district-council-local-plan-2011,local-plan,https://www.fenland.gov.uk/article/15077/The-Planning-Policy-Library,https://www.fenland.gov.uk/media/8573/CD004-b-SA-Report-Sept-2013-Part-2-vfinal/pdf/CD004b_-_SA_Report_Sept_2013_-_Part_2_vfinal.pdf?m=1591350985803,2025-12-09,,,
3802189,fenland-district-council-local-plan-2011-6,Screening HRA,,fenland-district-council-local-plan-2011,habitats-regulations-assessment,https://www.fenland.gov.uk/article/15077/The-Planning-Policy-Library,https://www.fenland.gov.uk/media/8576/CD005-Screening-HRA-update-Sept-13-vfinal/pdf/CD005_-_Screening_HRA_-_update_Sept_13_vfinal.pdf?m=1591350986507,2025-12-09,,,
3802190,north-northamptonshire-council-local-plan-2011-1,Joint Core Strategy - 2011 to 2031,,north-northamptonshire-council-local-plan-2011,core-strategy,https://www.northnorthants.gov.uk/localplan,,2025-12-09,,,
3802191,north-northamptonshire-council-local-plan-2011-2,SA Scoping Report,,north-northamptonshire-council-local-plan-2011,sustainability-appraisal,https://www.northnorthants.gov.uk/localplan,,2025-12-09,,,
3802192,north-northamptonshire-council-local-plan-2045-1,North Northamptonshire Strategic Plan - Scope and issues,,north-northamptonshire-council-local-plan-2045,supplementary-planning-document,https://www.northnorthants.gov.uk/localplan,,2025-12-09,,,
3802193,telford-&-wrekin-council-local-plan-2011-1,Adopted Telford & Wrekin Local Plan 2011 - 2031,,telford-&-wrekin-council-local-plan-2011,local-plan,https://www.telford.gov.uk/localplan,https://www.telford.gov.uk/media/zvodresh/telford_and_wrekin_local_plan_2011_2031_adopted_jan_2018.pdf,2025-12-09,,,
3802194,telford-&-wrekin-council-local-plan-2011-2,Adoption Statement Telford & Wrekin Local Plan 2011 - 2031,,telford-&-wrekin-council-local-plan-2011,adoption-statement,https://www.telford.gov.uk/localplan,https://www.telford.gov.uk/media/zquj51mv/twlp_adoption_statement_240118_final.pdf,2025-12-09,,,
3802195,telford-&-wrekin-council-local-plan-2011-3,Adopted Telford & Wrekin Local Plan 2011 - 2031 Policies Map - Borough Wide,,telford-&-wrekin-council-local-plan-2011,policies-map,https://www.telford.gov.uk/localplan,https://www.telford.gov.uk/media/vrcfc2up/twc_lp_policies_map_boroughwide.pdf,2025-12-09,,,
3802196,telford-&-wrekin-council-local-plan-2011-4,Adopted Telford & Wrekin Local Plan 2011 - 2031 Policies Map - Telford,,telford-&-wrekin-council-local-plan-2011,policies-map,https://www.telford.gov.uk/localplan,https://www.telford.gov.uk/media/gyddxhpl/twc_lp_policies_map_telford_final.pdf,2025-12-09,,,
3802197,telford-&-wrekin-council-local-plan-2011-5,Sustainability Assessment (SA) / Strategic Environmental Assessment (SEA) Adoption Statement,,telford-&-wrekin-council-local-plan-2011,adoption-statement,https://www.telford.gov.uk/localplan,https://www.telford.gov.uk/media/h1skbted/twlp_sa_sea_adoption_statement_12012018.pdf,2025-12-09,,,
3802198,telford-&-wrekin-council-local-plan-2011-6,Integrated Appraisal,,telford-&-wrekin-council-local-plan-2011,local-plan,https://www.telford.gov.uk/localplan,https://www.telford.gov.uk/media/rdajyr4o/a3__twlp_intergrated_appraisal___submission_version.pdf,2025-12-09,,,
3802199,telford-&-wrekin-council-local-plan-2011-7,Integrated Appraisal appendices,,telford-&-wrekin-council-local-plan-2011,local-plan,https://www.telford.gov.uk/localplan,https://www.telford.gov.uk/media/bl3nwit1/a3a_twlp_ia_appendices___submission_version.pdf,2025-12-09,,,
3802200,telford-&-wrekin-council-local-plan-2011-8,Integrated Appraisal - Sustainability Appraisal Addendum Report,,telford-&-wrekin-council-local-plan-2011,sustainability-appraisal,https://www.telford.gov.uk/localplan,https://www.telford.gov.uk/media/xwpbhrqm/l2_twlp_2011_2031___integrated_appraisal_addendum_report_july_2017.pdf,2025-12-09,,,
3802201,telford-&-wrekin-council-local-plan-2011-9,Habitat Regulations Assessment Screening Report,,telford-&-wrekin-council-local-plan-2011,habitats-regulations-assessment,https://www.telford.gov.uk/localplan,https://www.telford.gov.uk/media/bhbjrv0m/a4__twlp_hra_screening_report___submission_version.pdf,2025-12-09,,,
3802202,telford-&-wrekin-council-local-plan-2011-10,Inspectors Report,,telford-&-wrekin-council-local-plan-2011,local-plan,https://www.telford.gov.uk/localplan,https://www.telford.gov.uk/media/ayrj05ho/report_on_the_examination_of_the_twlp_2011_2031_and_mm_appendix.pdf,2025-12-09,,,
3802203,telford-&-wrekin-council-local-plan-2011-11,Telford & Wrekin Local Plan 2011-2031 - Submission Version,,telford-&-wrekin-council-local-plan-2011,local-plan-submission,https://www.telford.gov.uk/localplan,https://www.telford.gov.uk/media/1zed3idw/a1_telford_and_wrekin_local_plan_2011_2031___submission_version_low_res.pdf,2025-12-09,,,
3802204,telford-&-wrekin-council-local-plan-2011-12,Telford & Wrekin Local Plan - Regulation 19 Statement of Consultation - 1 February to 15 March 2016,,telford-&-wrekin-council-local-plan-2011,consultation-statement,https://www.telford.gov.uk/localplan,https://www.telford.gov.uk/media/fzvnh5og/a5a_twlp_regulation_19_consultation_statement_april_2016.pdf,2025-12-09,,,
3802205,telford-&-wrekin-council-local-plan-2011-13,Telford & Wrekin Local Plan - Regulation 18 Statement of Consultation - 3 August to 26 September 2015,,telford-&-wrekin-council-local-plan-2011,consultation-statement,https://www.telford.gov.uk/localplan,https://www.telford.gov.uk/media/pxokzxmc/a5b_twlp_regulation_18_consultation_statement_january_2016.pdf,2025-12-09,,,
3802206,telford-&-wrekin-council-local-plan-2011-14,Telford & Wrekin Local Plan - Duty to Co-operate Statement,,telford-&-wrekin-council-local-plan-2011,local-plan,https://www.telford.gov.uk/localplan,https://www.telford.gov.uk/media/3concd2h/a6_twlp___duty_to_cooperate_statement.pdf,2025-12-09,,,
3802207,telford-&-wrekin-council-local-plan-2011-15,Telford & Wrekin Council Statement Of Community Involvement in Planning 2012,,telford-&-wrekin-council-local-plan-2011,statement-of-community-involvement,https://www.telford.gov.uk/localplan,https://www.telford.gov.uk/media/iwxjfrg5/a7_twc_statement_of_community_involvement_in_planning_2012.pdf,2025-12-09,,,
3802208,telford-&-wrekin-council-local-plan-2011-16,Technical Paper - Housing Delivery Appendix C Site Assessment Forms,,telford-&-wrekin-council-local-plan-2011,site-allocations,https://www.telford.gov.uk/localplan,https://www.telford.gov.uk/media/rlklwnjp/b2c_technical_paper___housing_delivery_appendix_c.pdf,2025-12-09,,,
3802209,telford-&-wrekin-council-local-plan-1,Core Strategy (2007),,telford-&-wrekin-council-local-plan,core-strategy,https://www.telford.gov.uk/localplan,https://www.telford.gov.uk/media/fn3cvxbg/twc_pc_corestrategydevelopmentplandocumentadopteddec2007.pdf,2025-12-09,,,
3802210,telford-&-wrekin-council-local-plan-2,Central Telford Area Action Plan (2011) - saved policies,,telford-&-wrekin-council-local-plan,area-action-plan,https://www.telford.gov.uk/localplan,https://www.telford.gov.uk/media/i4sdegyu/ctaap_final_resized.pdf,2025-12-09,,,
3802211,telford-&-wrekin-council-local-plan-3,Shropshire and Telford & Wrekin Minerals Local Plan (2000) - saved policies,,telford-&-wrekin-council-local-plan,minerals-and-waste-plan,https://www.telford.gov.uk/localplan,https://www.telford.gov.uk/media/zvpllupr/twc_pc_shropshireandtelfordandwrekinmineralsmineralslocalplan_savedpolicies_11_2007.pdf,2025-12-09,,,
3802212,telford-&-wrekin-council-local-plan-4,Shropshire and Telford & Wrekin Joint Structure Plan (2002) - saved policies,,telford-&-wrekin-council-local-plan,local-plan,https://www.telford.gov.uk/localplan,https://www.telford.gov.uk/media/34eataxh/twc_pc_jointsavedstructure.pdf,2025-12-09,,,
3802213,rushcliffe-borough-council-local-plan-1,Local Plan Part 1: Core Strategy,,rushcliffe-borough-council-local-plan,core-strategy,https://www.rushcliffe.gov.uk/planning-growth/planning-policy/local-plan/local-plan-part-1/,https://www.rushcliffe.gov.uk/media/y1pbquqz/local-plan-part-1-rushcliffe-core-strategy.pdf,2025-12-09,,,
3802214,rushcliffe-borough-council-local-plan-2,Local Plan Policies Map,,rushcliffe-borough-council-local-plan,policies-map,https://www.rushcliffe.gov.uk/planning-growth/planning-policy/local-plan/local-plan-part-1/,https://www.rushcliffe.gov.uk/media/0coic3gg/local-plan-policies-map-final_high-res.pdf,2025-12-09,,,
3802215,rushcliffe-borough-council-local-plan-3,Inspector's Report,,rushcliffe-borough-council-local-plan,inspectors-report,https://www.rushcliffe.gov.uk/planning-growth/planning-policy/local-plan/local-plan-part-1/,https://www.rushcliffe.gov.uk/media/hynfxf0p/report-of-inspector-into-local-plan-part-1-rushcliffe-core-strategy.pdf,2025-12-09,,,
3802216,rushcliffe-borough-council-local-plan-4,Local Plan Part 2: Land and Planning Policies,,rushcliffe-borough-council-local-plan,local-plan,https://www.rushcliffe.gov.uk/planning-growth/planning-policy/local-plan/local-plan-part-2/,https://www.rushcliffe.gov.uk/media/s3cezsuy/rushcliffe-local-plan-part-2_adoption-version.pdf,2025-12-09,,,
3802217,rushcliffe-borough-council-local-plan-5,Report of the Local Plan Examination Inspector,,rushcliffe-borough-council-local-plan,local-plan,https://www.rushcliffe.gov.uk/planning-growth/planning-policy/local-plan/local-plan-part-2/,https://www.rushcliffe.gov.uk/media/hybbsdk2/local-plan-part-2-inspectors-report-appendix.pdf,2025-12-09,,,
3802218,rushcliffe-borough-council-local-plan-6,Adoption Statement,,rushcliffe-borough-council-local-plan,adoption-statement,https://www.rushcliffe.gov.uk/planning-growth/planning-policy/local-plan/local-plan-part-2/,https://www.rushcliffe.gov.uk/media/kfvh1yuk/local-plan-part-2-adoption-statement.pdf,2025-12-09,,,
3802219,south-holland-district-council-local-plan-2011-1,South East Lincolnshire Local Plan 2011-2036,,south-holland-district-council-local-plan-2011,local-plan,https://southeastlincslocalplan.org/article/20102/Adopted-Plan,https://southeastlincslocalplan.org/media/21941/South-East-Lincolnshire-Local-Plan-2011-2036/pdf/Local-Plan-text-March-2019.pdf?m=1720710748483,2025-12-09,,,
3802220,south-holland-district-council-local-plan-2011-2,Policies map,,south-holland-district-council-local-plan-2011,policies-map,https://southeastlincslocalplan.org/article/20102/Adopted-Plan,https://southeastlincslocalplan.org/media/21942/Policies-map/pdf/0-Policies-Map.pdf?m=1720710748117,2025-12-09,,,
3802221,south-holland-district-council-local-plan-2011-3,Inset map 1 - Boston,,south-holland-district-council-local-plan-2011,local-plan,https://southeastlincslocalplan.org/article/20102/Adopted-Plan,https://southeastlincslocalplan.org/media/21943/Inset-map-1-Boston/pdf/1-Boston.pdf?m=1720710723367,2025-12-09,,,
3802222,south-holland-district-council-local-plan-2011-4,Inset Map 2 - Spalding & Pinchbeck,,south-holland-district-council-local-plan-2011,local-plan,https://southeastlincslocalplan.org/article/20102/Adopted-Plan,https://southeastlincslocalplan.org/media/23782/Inset-Map-2-Spalding-Pinchbeck/pdf/Inset_Map_2_-_Spalding___Pinchbeck.pdf?m=1720710726880,2025-12-09,,,
3802223,south-holland-district-council-local-plan-2011-5,Inset Map 3 - Crowland,,south-holland-district-council-local-plan-2011,local-plan,https://southeastlincslocalplan.org/article/20102/Adopted-Plan,https://southeastlincslocalplan.org/media/23783/Inset-Map-3-Crowland/pdf/Inset_Map_3_-_Crowland.pdf?m=1720710730600,2025-12-09,,,
3802224,south-holland-district-council-local-plan-2011-6,Inset Map 4 - Donington,,south-holland-district-council-local-plan-2011,local-plan,https://southeastlincslocalplan.org/article/20102/Adopted-Plan,https://southeastlincslocalplan.org/media/23784/Inset-Map-4-Donington/pdf/Inset_Map_4_-_Donington.pdf?m=1720710734027,2025-12-09,,,
3802225,south-holland-district-council-local-plan-2011-7,Inset Map 5 - Holbeach,,south-holland-district-council-local-plan-2011,local-plan,https://southeastlincslocalplan.org/article/20102/Adopted-Plan,https://southeastlincslocalplan.org/media/23785/Inset-Map-5-Holbeach/pdf/Inset_Map_5_-_Holbeach.pdf?m=1720710738017,2025-12-09,,,
3802226,south-holland-district-council-local-plan-2011-8,Inset Map 6 - Kirton,,south-holland-district-council-local-plan-2011,local-plan,https://southeastlincslocalplan.org/article/20102/Adopted-Plan,https://southeastlincslocalplan.org/media/23786/Inset-Map-6-Kirton/pdf/Inset_Map_6_-_Kirton.pdf?m=1720710741313,2025-12-09,,,
3802227,leicester-city-council-local-plan-2020-1,Local Plan R19,,leicester-city-council-local-plan-2020,local-plan,https://www.leicester.gov.uk/localplan,https://consultations.leicester.gov.uk/sec/local-plan/supporting_documents/Local%20Plan%20R19.pdf,2025-12-09,,,
3802228,ebbsfleet-development-corporation-local-plan-2035-1,Corporate Environment and Sustainability,,ebbsfleet-development-corporation-local-plan-2035,local-plan,https://ebbsfleetdc.org.uk,,2025-12-09,,,
3802229,durham-county-council-local-plan-2035-1,County Durham Plan,,durham-county-council-local-plan-2035,local-plan,https://www.durham.gov.uk/article/3266/Development-Plan-for-County-Durham,https://www.durham.gov.uk/media/34069/County-Durham-Plan/pdf/CountyDurhamPlanAdopted2020vDec2020.pdf?m=1732184551360,2025-12-09,,,
3802230,durham-county-council-local-plan-2035-2,Review of the County Durham Plan 2020,,durham-county-council-local-plan-2035,local-plan,https://www.durham.gov.uk/article/3266/Development-Plan-for-County-Durham,https://www.durham.gov.uk/media/47856/Review-of-the-County-Durham-Plan-2020/pdf/ReviewCountyDurhamPlan.pdf?m=1760616330807,2025-12-09,,,
3802231,durham-county-council-local-plan-2035-3,Open Space Needs Assessment,,durham-county-council-local-plan-2035,local-plan,https://www.durham.gov.uk/article/7444/Development-Plan-supporting-documents,https://www.durham.gov.uk/media/45680/Open-Space-Needs-Assessment/pdf/OpenSpaceNeedsAssessment.pdf?m=1730979748767,2025-12-09,,,
3802232,durham-county-council-local-plan-2035-4,Five-Year Housing Land Position Statement,,durham-county-council-local-plan-2035,neighbourhood-plan,https://www.durham.gov.uk/article/7444/Development-Plan-supporting-documents,https://www.durham.gov.uk/media/46628/Five-Year-Housing-Land-Position-Statement/pdf/FiveYearHousingLandPositionStatement.pdf?m=1747231292323,2025-12-09,,,
3802233,durham-county-council-local-plan-2035-5,County Durham Local Aggregate Assessment (July 2025) (2023 Sales and Reserves Data),,durham-county-council-local-plan-2035,local-plan,https://www.durham.gov.uk/article/7444/Development-Plan-supporting-documents,https://www.durham.gov.uk/media/47586/County-Durham-Local-Aggregate-Assessment-July-2025-2023-Sales-and-Reserves-Data/pdf/CountyDurhamLocalAggregateAssessment2023.pdf?m=1757603006010,2025-12-09,,,
3802234,durham-county-council-local-plan-2035-6,County Durham Local Aggregate Assessment (April 2023) (2021 Sales & Reserves Data),,durham-county-council-local-plan-2035,local-plan,https://www.durham.gov.uk/article/7444/Development-Plan-supporting-documents,https://www.durham.gov.uk/media/45076/County-Durham-Local-Aggregate-Assessment-April-2023-2021-Sales-Reserves-Data/pdf/CountyDurhamLocalAggregateAssessment2021.pdf?m=1721227200227,2025-12-09,,,
3802235,durham-county-council-local-plan-2035-7,County Durham Waste Technical Paper,,durham-county-council-local-plan-2035,local-plan,https://www.durham.gov.uk/article/7444/Development-Plan-supporting-documents,https://www.durham.gov.uk/media/45077/County-Durham-Waste-Technical-Paper/pdf/CountyDurhamWasteTechnicalPaperMay2023.pdf?m=1721650432243,2025-12-09,,,
3802236,durham-county-council-local-plan-2035-8,Biodiversity Supplementary Planning Document,,durham-county-council-local-plan-2035,supplementary-planning-document,https://www.durham.gov.uk/article/7444/Development-Plan-supporting-documents,https://www.durham.gov.uk/media/46487/Biodiversity-Supplementary-Planning-Document/pdf/BiodiversitySPD.pdf?m=1744041173260,2025-12-09,,,
3802237,durham-county-council-local-plan-2035-9,County Durham Building for Life Supplementary Planning Document,,durham-county-council-local-plan-2035,supplementary-planning-document,https://www.durham.gov.uk/article/7444/Development-Plan-supporting-documents,https://www.durham.gov.uk/media/30172/County-Durham-Building-for-Life-Supplementary-Planning-Document/pdf/CountyDurhamBuildingForLifeSPD.pdf?m=1722250324703,2025-12-09,,,
3802238,durham-county-council-local-plan-2035-10,County Durham Design Code Supplementary Planning Document,,durham-county-council-local-plan-2035,urban-design-framework,https://www.durham.gov.uk/article/7444/Development-Plan-supporting-documents,https://www.durham.gov.uk/media/46119/County-Durham-Design-Code-Supplementary-Planning-Document/pdf/CountyDurhamDesignCodeSPD.pdf?m=1738771112793,2025-12-09,,,
3802239,durham-county-council-local-plan-2035-11,"Development Viability, Affordable Housing and Financial Contributions Supplementary Planning Document",,durham-county-council-local-plan-2035,supplementary-planning-document,https://www.durham.gov.uk/article/7444/Development-Plan-supporting-documents,https://www.durham.gov.uk/media/45135/Development-Viability-Affordable-Housing-and-Financial-Contributions-Supplementary-Planning-Document/pdf/DevelopmentViabilityAffordableHousingAndFinancialContributionsSPD.pdf?m=1722258172610,2025-12-09,,,
3802240,durham-county-council-local-plan-2035-12,"Energy Efficiency, Renewables and the Historic Environment Supplementary Planning Document",,durham-county-council-local-plan-2035,supplementary-planning-document,https://www.durham.gov.uk/article/7444/Development-Plan-supporting-documents,https://www.durham.gov.uk/media/46121/Energy-Efficiency-Renewables-and-the-Historic-Environment-Supplementary-Planning-Document/pdf/EnergyEfficiencyRenewablesAndTheHistoricEnvironmentSPD.pdf?m=1738934267677,2025-12-09,,,
3802241,durham-county-council-local-plan-2035-13,Housing Needs Supplementary Planning Document,,durham-county-council-local-plan-2035,supplementary-planning-document,https://www.durham.gov.uk/article/7444/Development-Plan-supporting-documents,https://www.durham.gov.uk/media/46552/Housing-Needs-Supplementary-Planning-Document/pdf/HousingNeedsSPD.pdf?m=1745495701320,2025-12-09,,,
3802242,durham-county-council-local-plan-2035-14,Non-designated Heritage Asset Supplementary Planning Document,,durham-county-council-local-plan-2035,supplementary-planning-document,https://www.durham.gov.uk/article/7444/Development-Plan-supporting-documents,https://www.durham.gov.uk/media/46566/Non-designated-Heritage-Asset-Supplementary-Planning-Document/pdf/NDHA-SPD.pdf?m=1746015767260,2025-12-09,,,
3802243,durham-county-council-local-plan-2035-15,Parking and Accessibility Supplementary Planning Document,,durham-county-council-local-plan-2035,supplementary-planning-document,https://www.durham.gov.uk/article/7444/Development-Plan-supporting-documents,https://www.durham.gov.uk/media/43186/Parking-and-Accessibility-Supplementary-Planning-Document/pdf/ParkingAndAccessibilitySupplementaryPlanningDocument2023.pdf?m=1722250280483,2025-12-09,,,
3802244,durham-county-council-local-plan-2035-16,Residential Amenity Standards Supplementary Planning Document,,durham-county-council-local-plan-2035,supplementary-planning-document,https://www.durham.gov.uk/article/7444/Development-Plan-supporting-documents,https://www.durham.gov.uk/media/41575/Residential-Amenity-Standards-Supplementary-Planning-Document/pdf/ResidentialAmenityStandardsSPDJanuary2023.pdf?m=1722250415217,2025-12-09,,,
3802245,durham-county-council-local-plan-2035-17,Shopfront Design Guide Supplementary Planning Document,,durham-county-council-local-plan-2035,urban-design-framework,https://www.durham.gov.uk/article/7444/Development-Plan-supporting-documents,https://www.durham.gov.uk/media/46123/Shopfront-Design-Guide-Supplementary-Planning-Document/pdf/ShopfrontDesignGuideSPD.pdf?m=1738934241977,2025-12-09,,,
3802246,durham-county-council-local-plan-2035-18,Solar Energy supplementary planning document,,durham-county-council-local-plan-2035,supplementary-planning-document,https://www.durham.gov.uk/article/7444/Development-Plan-supporting-documents,https://www.durham.gov.uk/media/45262/Solar-Energy-supplementary-planning-document/pdf/SolarEnergySPD.pdf?m=1724932114500,2025-12-09,,,
3802247,durham-county-council-local-plan-2035-19,"Trees, Woodlands and Hedges Supplementary Planning Document",,durham-county-council-local-plan-2035,supplementary-planning-document,https://www.durham.gov.uk/article/7444/Development-Plan-supporting-documents,https://www.durham.gov.uk/media/44994/Trees-Woodlands-and-Hedges-Supplementary-Planning-Document/pdf/TreesWoodlandsAndHedgesSupplementaryPlanningDocument.pdf?m=1722258489413,2025-12-09,,,
3802248,durham-county-council-local-plan-2035-20,County Durham Local Development Scheme - March 2025,,durham-county-council-local-plan-2035,local-development-scheme,https://www.durham.gov.uk/article/3266/Development-Plan-for-County-Durham,https://www.durham.gov.uk/media/46287/County-Durham-Local-Development-Scheme-March-2025/pdf/CountyDurhamLocalDevelopmentSchemeMarch2025.pdf?m=1744890694817,2025-12-09,,,
3802249,st-helens-council-local-plan-2037-1,St Helens Borough Local Plan up to 2037,,st-helens-council-local-plan-2037,local-plan,https://www.sthelens.gov.uk/article/3773/Consultations-and-latest-news,https://www.sthelens.gov.uk/media/4410/St-Helens-Borough-Local-Plan-up-to-2037/pdf/Local_Plan_Written_Statement_-_FINAL_adoption_version_16.06.2022_with_appendices.pdf?m=1657805845120,2025-12-09,,,
3802250,st-helens-council-local-plan-2037-2,St Helens Borough Policies Map,,st-helens-council-local-plan-2037,policies-map,https://www.sthelens.gov.uk/article/3773/Consultations-and-latest-news,https://www.sthelens.gov.uk/media/4411/St-Helens-Borough-Policies-Map/pdf/St_Helens_Borough_Policies_Map_Final_-_document_combined.pdf?m=1657807035847,2025-12-09,,,
3802251,st-helens-council-local-plan-2037-3,Design Supplementary Planning Document,,st-helens-council-local-plan-2037,supplementary-planning-document,https://www.sthelens.gov.uk/article/3773/Consultations-and-latest-news,https://www.sthelens.gov.uk/media/8238/Design-Supplementary-Planning-Document/pdf/Design_SPD_April_2024.pdf?m=1714134638210,2025-12-09,,,
3802252,st-helens-council-local-plan-2037-4,Developer Contributions Supplementary Planning Document,,st-helens-council-local-plan-2037,supplementary-planning-document,https://www.sthelens.gov.uk/article/3773/Consultations-and-latest-news,https://www.sthelens.gov.uk/media/8239/Developer-Contributions-Supplementary-Planning-Document/pdf/Developer_Contributions_SPD_April_2024.pdf?m=1737035295433,2025-12-09,,,
3802253,st-helens-council-local-plan-2037-5,Open Space Provision and Enhancements Supplementary Planning Document,,st-helens-council-local-plan-2037,supplementary-planning-document,https://www.sthelens.gov.uk/article/3773/Consultations-and-latest-news,https://www.sthelens.gov.uk/media/8240/Open-Space-Provision-and-Enhancements-Supplementary-Planning-Document/pdf/Open_Space_Provision_and_Enhancement_SPD_April_2024.pdf?m=1714134609730,2025-12-09,,,
3802254,st-helens-council-local-plan-2037-6,Transport and Travel SPD,,st-helens-council-local-plan-2037,supplementary-planning-document,https://www.sthelens.gov.uk/article/3773/Consultations-and-latest-news,https://www.sthelens.gov.uk/media/10995/Transport-and-Travel-SPD-27-01-25/pdf/St._Helens_Borough_Council_-_Transport_and_Travel_SPD_-_Final_Issue__27.01.2025_.pdf?m=1738662602640,2025-12-09,,,
3802255,st-helens-council-local-plan-2037-7,Adoption Statement,,st-helens-council-local-plan-2037,adoption-statement,https://www.sthelens.gov.uk/article/3773/Consultations-and-latest-news,https://www.sthelens.gov.uk/media/8242/Adoption-Statement/pdf/Adoption_Statement.pdf?m=1714135005657,2025-12-09,,,
3802256,st-helens-council-local-plan-2037-8,Consultation Statement,,st-helens-council-local-plan-2037,consultation-statement,https://www.sthelens.gov.uk/article/3773/Consultations-and-latest-news,https://www.sthelens.gov.uk/media/8243/Consultation-Statement/pdf/Consultation_Statement.pdf?m=1714135066933,2025-12-09,,,
3802257,st-helens-council-local-plan-2037-9,Rainford PC Neighbourhood Area designation application,,st-helens-council-local-plan-2037,neighbourhood-plan,https://www.sthelens.gov.uk/article/3773/Consultations-and-latest-news,https://www.sthelens.gov.uk/media/7580/Rainford-PC-Neighbourhood-Area-designation-application/pdf/Rainford_PC_Neighbourhood_Area_designation_application.pdf?m=1702041053140,2025-12-09,,,
3802258,st-helens-council-local-plan-2037-10,Windle PC Neighbourhood Designation App form,,st-helens-council-local-plan-2037,neighbourhood-plan,https://www.sthelens.gov.uk/article/3773/Consultations-and-latest-news,https://www.sthelens.gov.uk/media/7581/Windle-PC-Neighbourhood-Designation-App-form/pdf/Windle_PC_Neighbourhood_Designation_App_form.pdf?m=1702041053480,2025-12-09,,,
3802259,basildon-borough-council-local-plan-1,Basildon District Local Plan Saved Policies - September 2007,,basildon-borough-council-local-plan,local-plan,https://www.basildon.gov.uk/adoptedplan,https://www.basildon.gov.uk/media/598/Basildon-District-Local-Plan-Saved-Policies-September-2007/pdf/Basildon_District_Local_Plan_Saved_Policies_-_September_2007.pdf?m=1540381932580,2025-12-09,,,
3802260,basildon-borough-council-local-plan-2,Basildon Council - 2025 NPPF Compliance Review,,basildon-borough-council-local-plan,local-plan,https://www.basildon.gov.uk/adoptedplan,https://www.basildon.gov.uk/media/12368/Basildon-Council-2025-NPPF-Compliance-Review/pdf/Basildon_Council_-_2025_NPPF_Compliance_Review.pdf?m=1748867938127,2025-12-09,,,
3802261,basildon-borough-council-local-plan-3,Basildon District Local Plan 1998 - Proposals Map,,basildon-borough-council-local-plan,policies-map,https://www.basildon.gov.uk/adoptedplan,https://www.basildon.gov.uk/media/587/Basildon-District-Local-Plan-1998-Proposals-Map/pdf/Basildon_Council_-_District_Local_Plan_1998_-_Proposals_Map_-_A4.pdf?m=1297770674297,2025-12-09,,,
3802262,basildon-borough-council-local-plan-4,Basildon District Local Plan 1998 - Town Centre Inset Maps,,basildon-borough-council-local-plan,local-plan,https://www.basildon.gov.uk/adoptedplan,https://www.basildon.gov.uk/media/588/Basildon-District-Local-Plan-1998-Town-Centre-Inset-Maps/pdf/pdf2983165754373339338.pdf?m=1294138489517,2025-12-09,,,
3802263,basildon-borough-council-local-plan-5,Basildon District Local Plan 1998 - Conservation Area Maps,,basildon-borough-council-local-plan,local-plan,https://www.basildon.gov.uk/adoptedplan,https://www.basildon.gov.uk/media/589/Basildon-District-Local-Plan-1998-Conservation-Area-Maps/pdf/pdf8408359792273340841.pdf?m=1294138521860,2025-12-09,,,
3802264,basildon-borough-council-local-plan-6,Planning Obligations Strategy - July 2015,,basildon-borough-council-local-plan,local-plan,https://www.basildon.gov.uk/adoptedplan,https://www.basildon.gov.uk/media/6282/Planning-Obligations-Strategy-July-2015/pdf/Basildon_Council_-_Planning_Obligations_Strategy_-_July_2015.pdf?m=1439554648337,2025-12-09,,,
3802265,basildon-borough-council-local-plan-7,Billericay Conservation Area Shop Front and Design Guide SPD - July 2015,,basildon-borough-council-local-plan,urban-design-framework,https://www.basildon.gov.uk/adoptedplan,https://www.basildon.gov.uk/media/6279/Billericay-Conservation-Area-Shop-Front-and-Design-Guide-SPD-July-2015/pdf/Basildon_Council_-_Billericay_Conservation_Area_Shop_Front_and_Design_Guide_SPD_-_July_2015.pdf?m=1441708504557,2025-12-09,,,
3802266,basildon-borough-council-local-plan-8,Employment and Training - the use of Local Labour and Apprenticeship Schemes,,basildon-borough-council-local-plan,local-plan,https://www.basildon.gov.uk/adoptedplan,https://www.basildon.gov.uk/media/5604/Employment-and-Training-the-use-of-local-labour-and-apprenticeship-schemes/pdf/Basildon_Council_-_Employment_and_Training_-_the_use_of_local_labour_and_apprenticeship_schemes.pdf?m=1396970842320,2025-12-09,,,
3802267,basildon-borough-council-local-plan-9,Basildon Town Centre Masterplan,,basildon-borough-council-local-plan,local-plan,https://www.basildon.gov.uk/adoptedplan,http://www.basildonmeetings.info/documents/s48727/12%2013.12.12%20BTC%20Masterplan%20Enc%202.pdf,2025-12-09,,,
3802268,basildon-borough-council-local-plan-10,Parking Standards - Design and Good Practice (September 2009),,basildon-borough-council-local-plan,local-plan,https://www.basildon.gov.uk/adoptedplan,https://www.basildon.gov.uk/media/2183/Parking-Standards-Design-and-Good-Practice-September-2009/pdf/Parking_Standards_2009.pdf?m=1305723467420,2025-12-09,,,
3802269,basildon-borough-council-local-plan-11,Pitsea Town Centre Masterplan 2007,,basildon-borough-council-local-plan,strategic-environmental-assessment,https://www.basildon.gov.uk/adoptedplan,https://www.basildon.gov.uk/media/4478/Basildon-Council-Pitsea-Town-Centre-Masterplan/pdf/Basildon_Council_-_Pitsea_Town_Centre_Masterplan.pdf?m=1360603685963,2025-12-09,,,
3802270,basildon-borough-council-local-plan-12,Basildon District Development Control Guidelines 1997 SPG,,basildon-borough-council-local-plan,local-plan,https://www.basildon.gov.uk/adoptedplan,https://www.basildon.gov.uk/media/481/Development-Control-Guidelines-amended-March-2022/pdf/DC_Guidelines_Revised_Dec_22_PDF.pdf?m=1670845874390,2025-12-09,,,
3802271,basildon-borough-council-local-plan-13,Basildon Borough Council Local Development Scheme 2025-2026,,basildon-borough-council-local-plan,local-development-scheme,https://www.basildon.gov.uk/article/2012/Timetable-and-Consultation-Standards,https://www.basildon.gov.uk/media/12610/Basildon-Borough-Council-Local-Development-Scheme-2025-2026/pdf/Basildon_Borough_Council_Local_Development_Scheme_2025-2026.pdf?m=1761645190953,2025-12-09,,,
3802272,basildon-borough-council-local-plan-14,Basildon Council - Statement of Community Involvement - Third Revision - February 2023 Edition,,basildon-borough-council-local-plan,statement-of-community-involvement,https://www.basildon.gov.uk/article/2012/Timetable-and-Consultation-Standards,https://www.basildon.gov.uk/media/11701/Basildon-Council-Statement-of-Community-Involvement-Third-Revision-February-2023-Edition/pdf/Basildon_Council_-_Statement_of_Community_Involvement_-_Third_Revision_-_February_2023_Edition.pdf?m=1687341350977,2025-12-09,,,
3802273,basildon-borough-council-local-plan-15,South Essex Authorities - Statement of Community Involvement Addendum for the South Essex Plan - June 2020,,basildon-borough-council-local-plan,statement-of-community-involvement,https://www.basildon.gov.uk/article/2012/Timetable-and-Consultation-Standards,https://www.basildon.gov.uk/media/10501/South-Essex-Authorities-Statement-of-Community-Involvement-Addendum-for-the-South-Essex-Plan-June-2020/pdf/South_Essex_Authorities_-_Statement_of_Community_Involvement_Addendum_for_the_South_Essex_Plan_-_Jun.pdf?m=1618334928270,2025-12-09,,,
3802274,ashfield-district-council-local-plan-2023-1,INS05 - The Inspectors interim finding letter,,ashfield-district-council-local-plan-2023,local-plan,https://www.ashfield.gov.uk/planning-and-building-control/emerging-local-plan/additional-housing-site-allocations-consultation/,https://www.ashfield.gov.uk/media/iqip1lnb/ins05-the-inspectors-interim-finding-letter.pdf,2025-12-09,,,
3802275,ashfield-district-council-local-plan-2023-2,Ashfield District Council's response to INS05 Re Inspectors initial findings,,ashfield-district-council-local-plan-2023,local-plan,https://www.ashfield.gov.uk/planning-and-building-control/emerging-local-plan/additional-housing-site-allocations-consultation/,https://www.ashfield.gov.uk/media/ebtj0qci/ashfield-district-councils-response-to-ins05-re-inspectors-initial-findings.docx,2025-12-09,,,
3802276,ashfield-district-council-local-plan-2023-3,Ashfield Local Plan timetable response to INS05,,ashfield-district-council-local-plan-2023,local-development-scheme,https://www.ashfield.gov.uk/planning-and-building-control/emerging-local-plan/additional-housing-site-allocations-consultation/,https://www.ashfield.gov.uk/media/wshfjcnz/ashfield-local-plan-timetable-response-to-ins05-20250110.docx,2025-12-09,,,
3802277,ashfield-district-council-local-plan-2023-4,Ashfield Local Plan 2023 to 2040 Consultation on additional housing site allocations,,ashfield-district-council-local-plan-2023,site-allocations,https://www.ashfield.gov.uk/planning-and-building-control/emerging-local-plan/additional-housing-site-allocations-consultation/,https://www.ashfield.gov.uk/media/r1glv4c0/ashfield-local-plan-2023-to-2040-consultation-on-additional-housing-site-allocations-blf.docx,2025-12-09,,,
3802278,ashfield-district-council-local-plan-2023-5,Proposed North policy map,,ashfield-district-council-local-plan-2023,policies-map,https://www.ashfield.gov.uk/planning-and-building-control/emerging-local-plan/additional-housing-site-allocations-consultation/,https://www.ashfield.gov.uk/media/skjlemp2/hsc02-proposed-north-policy-map.pdf,2025-12-09,,,
3802279,ashfield-district-council-local-plan-2023-6,Sustainability appraisal addendum,,ashfield-district-council-local-plan-2023,sustainability-appraisal,https://www.ashfield.gov.uk/planning-and-building-control/emerging-local-plan/additional-housing-site-allocations-consultation/,https://www.ashfield.gov.uk/media/3tae2a1x/hsc03-sustainability-appraisal-addendum.pdf,2025-12-09,,,
3802280,ashfield-district-council-local-plan-2023-7,Sustainability appraisal - Appendix A,,ashfield-district-council-local-plan-2023,sustainability-appraisal,https://www.ashfield.gov.uk/planning-and-building-control/emerging-local-plan/additional-housing-site-allocations-consultation/,https://www.ashfield.gov.uk/media/50bnf42f/hsc04-sustainability-appraisal-appendix-a.pdf,2025-12-09,,,
3802281,ashfield-district-council-local-plan-2023-8,Sustainability appraisal - Appendix B,,ashfield-district-council-local-plan-2023,sustainability-appraisal,https://www.ashfield.gov.uk/planning-and-building-control/emerging-local-plan/additional-housing-site-allocations-consultation/,https://www.ashfield.gov.uk/media/wfghvvsj/hsc05-sustainability-appraisal-appendix-b.pdf,2025-12-09,,,
3802282,ashfield-district-council-local-plan-2023-9,Sustainability appraisal - Appendix C,,ashfield-district-council-local-plan-2023,sustainability-appraisal,https://www.ashfield.gov.uk/planning-and-building-control/emerging-local-plan/additional-housing-site-allocations-consultation/,https://www.ashfield.gov.uk/media/hxbfnoto/hsc06-sustainability-appraisal-appendix-c.pdf,2025-12-09,,,
3802283,ashfield-district-council-local-plan-2023-10,Sustainability appraisal - Appendix D,,ashfield-district-council-local-plan-2023,sustainability-appraisal,https://www.ashfield.gov.uk/planning-and-building-control/emerging-local-plan/additional-housing-site-allocations-consultation/,https://www.ashfield.gov.uk/media/j3sl5eet/hsc07-sustainability-appraisal-appendix-d.pdf,2025-12-09,,,
3802284,ashfield-district-council-local-plan-2023-11,Habitat regulations Assessment - Addendum,,ashfield-district-council-local-plan-2023,local-plan,https://www.ashfield.gov.uk/planning-and-building-control/emerging-local-plan/additional-housing-site-allocations-consultation/,https://www.ashfield.gov.uk/media/v3idmsed/hsc09-habitat-regulations-assessment-addendum.pdf,2025-12-09,,,
3802285,ashfield-district-council-local-plan-2023-12,Equalities impact assessment - Update statement,,ashfield-district-council-local-plan-2023,equalities-impact-assessment,https://www.ashfield.gov.uk/planning-and-building-control/emerging-local-plan/additional-housing-site-allocations-consultation/,https://www.ashfield.gov.uk/media/qppbwuof/hsc08-equalities-impact-assessment-update-statement.docx,2025-12-09,,,
3802286,ashfield-district-council-local-plan-2023-13,Local Development Scheme - January 2025,,ashfield-district-council-local-plan-2023,local-development-scheme,https://www.ashfield.gov.uk/emerging-local-plan,https://www.ashfield.gov.uk/media/fcrpp1b4/local-development-scheme-january-2025.docx,2025-12-09,,,
3802287,ashfield-district-council-local-plan-2023-14,Statement of community involvement - August 2020,,ashfield-district-council-local-plan-2023,statement-of-community-involvement,https://www.ashfield.gov.uk/planning-and-building-control/local-plan/statement-of-community-involvement/,https://www.ashfield.gov.uk/media/ashisx1t/statement-of-community-involvement-sci-august-2020.docx,2025-12-09,,,
3802288,ashfield-district-council-local-plan-2029-1,Sutton town centre spatial masterplan - 2019,,ashfield-district-council-local-plan-2029,local-plan,https://www.ashfield.gov.uk/planning-and-building-control/local-plan/sutton-town-centre-spatial-masterplan/,https://www.ashfield.gov.uk/media/jgajfuvo/sutton-town-centre-spatial-masterplan-2019.pdf,2025-12-09,,,
3802289,ashfield-district-council-local-plan-1,Hucknall town centre masterplan - July 2022,,ashfield-district-council-local-plan,local-plan,https://www.ashfield.gov.uk/planning-and-building-control/local-plan/hucknall-town-centre-masterplan/,https://www.ashfield.gov.uk/media/ad2nvt5v/hucknall-town-centre-masterplan-july-2022.docx,2025-12-09,,,
3802290,ashfield-district-council-local-plan-2,Consultation statement draft - Hucknall town centre masterplan - July 2022,,ashfield-district-council-local-plan,consultation-statement,https://www.ashfield.gov.uk/planning-and-building-control/local-plan/hucknall-town-centre-masterplan/,https://www.ashfield.gov.uk/media/dsfnhuot/consultation-statement-draft-hucknall-town-centre-masterplan-july-2022.docx,2025-12-09,,,
3802291,london-borough-of-hounslow-local-plan-2020-1,Hounslow Site Allocations and Capacity Assessment (SACA)(2024),,london-borough-of-hounslow-local-plan-2020,site-allocations,https://www.hounslow.gov.uk/local-plan/evidence-base,,2025-12-09,,,
3802292,london-borough-of-hounslow-local-plan-2020-2,Hounslow Site Allocations and Capacity Assessment (SACA) Addendum (June 2025),,london-borough-of-hounslow-local-plan-2020,site-allocations,https://www.hounslow.gov.uk/local-plan/evidence-base,,2025-12-09,,,
3802293,london-borough-of-hounslow-local-plan-2020-3,Hounslow Local Housing Needs Assessment update (2024),,london-borough-of-hounslow-local-plan-2020,strategic-housing-market-assessment,https://www.hounslow.gov.uk/local-plan/evidence-base,,2025-12-09,,,
3802294,london-borough-of-hounslow-local-plan-2020-4,LB Hounslow Strategic Flood Risk Assessment Level 2 (2024),,london-borough-of-hounslow-local-plan-2020,strategic-flood-risk-assessment,https://www.hounslow.gov.uk/local-plan/evidence-base,,2025-12-09,,,
3802295,london-borough-of-hounslow-local-plan-2020-5,LB Hounslow Strategic Flood Risk Assessment Level 2 - Addendum: Site Assessment for Albany Riverside (2025),,london-borough-of-hounslow-local-plan-2020,strategic-flood-risk-assessment,https://www.hounslow.gov.uk/local-plan/evidence-base,,2025-12-09,,,
3802296,london-borough-of-hounslow-local-plan-2020-6,Hounslow Whole Plan Viability Assessment (2024),,london-borough-of-hounslow-local-plan-2020,viability-assessment,https://www.hounslow.gov.uk/local-plan/evidence-base,,2025-12-09,,,
3802297,london-borough-of-hounslow-local-plan-2020-7,Local Transport Impact Assessment Addendum (2025),,london-borough-of-hounslow-local-plan-2020,local-plan,https://www.hounslow.gov.uk/local-plan/evidence-base,https://forms2.hounslow.gov.uk/downloads/file/4614/local_transport_impact_assessment_addendum_2025,2025-12-09,,,
3802298,london-borough-of-hounslow-local-plan-2015-1,Hounslow Local Plan 2015 to 2030 volume one,,london-borough-of-hounslow-local-plan-2015,local-plan,https://www.hounslow.gov.uk/local-plan/local-plan-1,,2025-12-09,,,
3802299,london-borough-of-hounslow-local-plan-2015-2,Hounslow Local Plan 2015 to 2030 volume two,,london-borough-of-hounslow-local-plan-2015,local-plan,https://www.hounslow.gov.uk/local-plan/local-plan-1,,2025-12-09,,,
3802300,london-borough-of-hounslow-local-plan-2015-3,Hounslow Local Plan inspectors report,,london-borough-of-hounslow-local-plan-2015,inspectors-report,https://www.hounslow.gov.uk/local-plan/local-plan-1,,2025-12-09,,,
3802301,london-borough-of-hounslow-local-plan-2015-4,Local Plan policies map - west,,london-borough-of-hounslow-local-plan-2015,policies-map,https://www.hounslow.gov.uk/local-plan/local-plan-1,,2025-12-09,,,
3802302,london-borough-of-hounslow-local-plan-2015-5,Local Plan policies map - east,,london-borough-of-hounslow-local-plan-2015,policies-map,https://www.hounslow.gov.uk/local-plan/local-plan-1,,2025-12-09,,,
3802303,london-borough-of-hounslow-local-plan-2015-6,Download and view information about the Local Plan evidence library,,london-borough-of-hounslow-local-plan-2015,local-plan,https://www.hounslow.gov.uk/local-plan/local-plan-1,,2025-12-09,,,
3802304,epping-forest-district-council-local-plan-2011-1,Epping Forest District Local Plan 2011-2033 Part One,,epping-forest-district-council-local-plan-2011,local-plan,https://www.eppingforestdc.gov.uk/adopted-local-plan,https://www.eppingforestdc.gov.uk/app/uploads/2023/03/EFD-Local-Plan-2011-2033-Part-One.pdf,2025-12-09,,,
3802305,epping-forest-district-council-local-plan-2011-2,Epping Forest District Local Plan 2011-2033 Part Two (Site Specific Policy Requirements and Designations),,epping-forest-district-council-local-plan-2011,local-plan,https://www.eppingforestdc.gov.uk/adopted-local-plan,https://www.eppingforestdc.gov.uk/app/uploads/2023/03/EFD-Local-Plan-2011-2033-Part-Two.pdf,2025-12-09,,,
3802306,epping-forest-district-council-local-plan-2011-3,Epping Forest District Local Plan 2011-2033 Policies Map,,epping-forest-district-council-local-plan-2011,policies-map,https://www.eppingforestdc.gov.uk/adopted-local-plan,https://www.eppingforestdc.gov.uk/app/uploads/2023/03/Policies-Map-200323.pdf,2025-12-09,,,
3802307,epping-forest-district-council-local-plan-2011-4,Epping Forest District Local Plan Adoption Statement,,epping-forest-district-council-local-plan-2011,adoption-statement,https://www.eppingforestdc.gov.uk/adopted-local-plan,https://www.eppingforestdc.gov.uk/app/uploads/2023/03/EFDLP-Adoption-Statement-140323.pdf,2025-12-09,,,
3802308,epping-forest-district-council-local-plan-2011-5,Epping Forest District Local Plan 2011-2033 Sustainability Appraisal Adoption Statement,,epping-forest-district-council-local-plan-2011,adoption-statement,https://www.eppingforestdc.gov.uk/adopted-local-plan,https://www.eppingforestdc.gov.uk/app/uploads/2023/03/EFD-Local-Plan-2011-2033-SA-Adoption-Statement-140323.pdf,2025-12-09,,,
3802309,epping-forest-district-council-local-plan-2011-6,Epping Forest District Local Plan 2011–2033 Habitats Regulations Assessment Adoption Statement,,epping-forest-district-council-local-plan-2011,adoption-statement,https://www.eppingforestdc.gov.uk/adopted-local-plan,https://www.eppingforestdc.gov.uk/app/uploads/2023/03/EFD-Local-Plan-2011-2033-HRA-Adoption-Statement-140323.pdf,2025-12-09,,,
3802310,epping-forest-district-council-local-plan-2011-7,Inspector's report on the Examination of the EFDLP 2011 to 2033,,epping-forest-district-council-local-plan-2011,inspectors-report,https://www.eppingforestdc.gov.uk/adopted-local-plan,https://www.eppingforestdc.gov.uk/app/uploads/2023/02/Inspectors-Report-on-the-Examination-of-the-EFDLP-2011-2033.pdf,2025-12-09,,,
3802311,epping-forest-district-council-local-plan-2011-8,Appendix to Inspector's Report on the Examination of the EFDLP 2011 to 2033 Final Schedule of MMs,,epping-forest-district-council-local-plan-2011,main-modifications,https://www.eppingforestdc.gov.uk/adopted-local-plan,https://www.eppingforestdc.gov.uk/app/uploads/2023/02/Appendix-to-Inspectors-Report-on-the-Examination-of-the-EFDLP-2011-2033-Final-Schedule-of-MMs.pdf,2025-12-09,,,
3802312,epping-forest-district-council-local-plan-2011-9,Epping Forest Local Plan HRA October 2022,,epping-forest-district-council-local-plan-2011,habitats-regulations-assessment,https://www.eppingforestdc.gov.uk/adopted-local-plan,https://www.eppingforestdc.gov.uk/app/uploads/2025/10/ED149-Epping-Forest-Local-Plan-HRA-October-2022.pdf,2025-12-09,,,
3802313,epping-forest-district-council-local-plan-2011-10,Sustainability Appraisal Report Addendum October 2022,,epping-forest-district-council-local-plan-2011,sustainability-appraisal,https://www.eppingforestdc.gov.uk/adopted-local-plan,https://www.eppingforestdc.gov.uk/app/uploads/2024/07/ED148-Sustainability-Appraisal-Addendum-Oct-22.pdf,2025-12-09,,,
3802314,epping-forest-district-council-local-plan-2011-11,"Sustainability Appraisal Report Addendum, June 2021",,epping-forest-district-council-local-plan-2011,sustainability-appraisal,https://www.eppingforestdc.gov.uk/adopted-local-plan,https://www.eppingforestdc.gov.uk/app/uploads/2024/02/EB210-Epping-Forest-District-Sustainability-Report-Addendum-June-2021.pdf,2025-12-09,,,
3802315,epping-forest-district-council-local-plan-2011-12,EFDC infrastructure delivery plan,,epping-forest-district-council-local-plan-2011,infrastructure-delivery-plan,https://www.eppingforestdc.gov.uk/planning-and-building/planning-policy/adopted-local-plan-march-2023/infrastructure-delivery/,https://www.eppingforestdc.gov.uk/app/uploads/2024/02/EB1118-EFDC-IDP-Update-Part-B-2020.pdf,2025-12-09,,,
3802316,epping-forest-district-council-local-plan-1,Draft Local Plan,,epping-forest-district-council-local-plan,local-plan,https://www.eppingforestdc.gov.uk/planning-and-building/planning-policy/draft-local-plan-2016/,https://www.eppingforestdc.gov.uk/app/uploads/2019/01/Epping-Forest-Draft-Local-Plan-2016.pdf,2025-12-09,,,
3802317,epping-forest-district-council-local-plan-2,Chapter 3 – Strategic Policies,,epping-forest-district-council-local-plan,core-strategy,https://www.eppingforestdc.gov.uk/planning-and-building/planning-policy/draft-local-plan-2016/,https://www.eppingforestdc.gov.uk/app/uploads/2019/01/Draft-Local-Plan-Chapter-3.pdf,2025-12-09,,,
3802318,epping-forest-district-council-local-plan-3,"Chapter 4 – Housing, Economy, Transport and Development Management Policies",,epping-forest-district-council-local-plan,development-management-policies,https://www.eppingforestdc.gov.uk/planning-and-building/planning-policy/draft-local-plan-2016/,https://www.eppingforestdc.gov.uk/app/uploads/2019/01/Draft-Local-Plan-Chapter-4.pdf,2025-12-09,,,
3802319,pendle-borough-council-local-plan-2025-1,Draft Pavement Licensing Policy 2025 - 2030,,pendle-borough-council-local-plan-2025,local-plan,https://www.pendle.gov.uk/info/20008/planning_and_development,https://www.pendle.gov.uk/downloads/file/12516/draft_pavement_licensing_policy_2025_-_2030,2025-12-09,,,
3802320,pendle-borough-council-local-plan-1,Development Plan,,pendle-borough-council-local-plan,local-plan,https://www.pendle.gov.uk/homepage/133/planning_policy,,2025-12-09,,,
3802321,rotherham-metropolitan-borough-council-local-plan-1,Core Strategy,,rotherham-metropolitan-borough-council-local-plan,core-strategy,https://www.rotherham.gov.uk/planning-development/guide-local-plan/2,,2025-12-09,,,
3802322,rotherham-metropolitan-borough-council-local-plan-2,Sites and Policies Document,,rotherham-metropolitan-borough-council-local-plan,site-allocations,https://www.rotherham.gov.uk/planning-development/guide-local-plan/1,,2025-12-09,,,
3802323,rotherham-metropolitan-borough-council-local-plan-3,"Barnsley, Doncaster and Rotherham Joint Waste Plan",,rotherham-metropolitan-borough-council-local-plan,minerals-and-waste-plan,https://www.rotherham.gov.uk/planning-development/guide-local-plan/1,,2025-12-09,,,
3802324,rotherham-metropolitan-borough-council-local-plan-4,Dinnington St John's Neighbourhood Plan,,rotherham-metropolitan-borough-council-local-plan,neighbourhood-plan,https://www.rotherham.gov.uk/planning-development/guide-local-plan/1,,2025-12-09,,,
3802325,rotherham-metropolitan-borough-council-local-plan-5,Wickersley Neighbourhood Plan,,rotherham-metropolitan-borough-council-local-plan,neighbourhood-plan,https://www.rotherham.gov.uk/planning-development/guide-local-plan/1,,2025-12-09,,,
3802326,rotherham-metropolitan-borough-council-local-plan-6,Maltby Neighbourhood Plan,,rotherham-metropolitan-borough-council-local-plan,neighbourhood-plan,https://www.rotherham.gov.uk/planning-development/guide-local-plan/1,,2025-12-09,,,
3802327,wyre-borough-council-local-plan-1,Wyre Local Plan Issues and Options July 2024,,wyre-borough-council-local-plan,local-plan,https://www.wyre.gov.uk/local-plan/local-plan-full-review/4,https://www.wyre.gov.uk/downloads/file/1977/wyre-local-plan-issues-and-options-july-24,2025-12-09,,,
3802328,wyre-borough-council-local-plan-2,Wyre Local Plan Issues and Options Sustainability Appraisal June 2024,,wyre-borough-council-local-plan,sustainability-appraisal,https://www.wyre.gov.uk/local-plan/local-plan-full-review/4,https://www.wyre.gov.uk/downloads/file/1973/wyre-local-plan-issues-and-options-sustainability-appraisal-june-24,2025-12-09,,,
3802329,wyre-borough-council-local-plan-3,Main Matters Report,,wyre-borough-council-local-plan,local-plan,https://www.wyre.gov.uk/local-plan/local-plan-full-review/4,https://www.wyre.gov.uk/downloads/file/2165/i-o-main-matters-march-2025,2025-12-09,,,
3802330,wyre-borough-council-local-plan-4,Consultation Exhibition Boards,,wyre-borough-council-local-plan,local-plan,https://www.wyre.gov.uk/local-plan/local-plan-full-review/4,https://www.wyre.gov.uk/downloads/file/1978/exhibition-boards,2025-12-09,,,
3802331,wyre-borough-council-local-plan-5,Consultation Exhibition Board - Planning Reform Update,,wyre-borough-council-local-plan,local-plan,https://www.wyre.gov.uk/local-plan/local-plan-full-review/4,https://www.wyre.gov.uk/downloads/file/2016/consultation-exhibition-boards-planning-reform-update,2025-12-09,,,
3802332,wyre-borough-council-local-plan-6,Summary Leaflet,,wyre-borough-council-local-plan,local-plan,https://www.wyre.gov.uk/local-plan/local-plan-full-review/4,https://www.wyre.gov.uk/downloads/file/1986/summary-leaflet,2025-12-09,,,
3802333,wyre-borough-council-local-plan-7,A4 Poster,,wyre-borough-council-local-plan,local-plan,https://www.wyre.gov.uk/local-plan/local-plan-full-review/4,https://www.wyre.gov.uk/downloads/file/1975/a4-handout,2025-12-09,,,
3802334,wyre-borough-council-local-plan-8,Frequently Asked Questions,,wyre-borough-council-local-plan,local-plan,https://www.wyre.gov.uk/local-plan/local-plan-full-review/4,https://www.wyre.gov.uk/downloads/file/1967/frequently-asked-questions,2025-12-09,,,
3802335,buckinghamshire-council-local-plan-1,Vale of Aylesbury Local Plan (VALP),,buckinghamshire-council-local-plan,local-plan,https://www.buckinghamshire.gov.uk/planning-and-building-control/planning-policy/local-planning-guidance/local-development-plans,https://www.buckinghamshire.gov.uk/documents/9742/Aylesbury_local_plan_L46JWaT.pdf,2025-12-09,,,
3802336,buckinghamshire-council-local-plan-2,VALP Adoption Statement,,buckinghamshire-council-local-plan,adoption-statement,https://www.buckinghamshire.gov.uk/planning-and-building-control/planning-policy/local-planning-guidance/local-development-plans,https://www.buckinghamshire.gov.uk/documents/10126/VALP_Adoption_Statement_1.pdf,2025-12-09,,,
3802337,buckinghamshire-council-local-plan-3,VALP Sustainability Appraisal Adoption Statement,,buckinghamshire-council-local-plan,adoption-statement,https://www.buckinghamshire.gov.uk/planning-and-building-control/planning-policy/local-planning-guidance/local-development-plans,https://www.buckinghamshire.gov.uk/documents/10127/VALP_Sustainability_Appraisal_Adoption_Statement_1ux5xaG.pdf,2025-12-09,,,
3802338,buckinghamshire-council-local-plan-4,VALP Sustainability Appraisal Report Addendum,,buckinghamshire-council-local-plan,sustainability-appraisal,https://www.buckinghamshire.gov.uk/planning-and-building-control/planning-policy/local-planning-guidance/local-development-plans,https://www.buckinghamshire.gov.uk/documents/10149/ED246_Proposed_Further_Main_Modifications_Sustainability_Appraisal_Addendum_Yu4YYlT.pdf,2025-12-09,,,
3802339,buckinghamshire-council-local-plan-5,Chiltern Local Plan,,buckinghamshire-council-local-plan,local-plan,https://www.buckinghamshire.gov.uk/planning-and-building-control/planning-policy/local-planning-guidance/local-development-plans,https://www.buckinghamshire.gov.uk/documents/9745/Chiltern_local_plan_sNdNTQD.pdf,2025-12-09,,,
3802340,buckinghamshire-council-local-plan-6,Chiltern Core Strategy,,buckinghamshire-council-local-plan,core-strategy,https://www.buckinghamshire.gov.uk/planning-and-building-control/planning-policy/local-planning-guidance/local-development-plans,https://www.buckinghamshire.gov.uk/documents/36686/Core_Startegy_Final_Web_Version_2012_aCjnMQz.pdf,2025-12-09,,,
3802341,buckinghamshire-council-local-plan-7,South Bucks Local Plan,,buckinghamshire-council-local-plan,local-plan,https://www.buckinghamshire.gov.uk/planning-and-building-control/planning-policy/local-planning-guidance/local-development-plans,https://www.buckinghamshire.gov.uk/documents/9734/South_Bucks_local_plan_j4D6YG4.pdf,2025-12-09,,,
3802342,buckinghamshire-council-local-plan-8,South Bucks Core Strategy,,buckinghamshire-council-local-plan,core-strategy,https://www.buckinghamshire.gov.uk/planning-and-building-control/planning-policy/local-planning-guidance/local-development-plans,https://media.buckinghamshire.gov.uk/documents/South_Bucks_Core_Strategy_-_Adopted_February_2011_bb48FA7.pdf,2025-12-09,,,
3802343,buckinghamshire-council-local-plan-9,Wycombe District Local Plan,,buckinghamshire-council-local-plan,local-plan,https://www.buckinghamshire.gov.uk/planning-and-building-control/planning-policy/local-planning-guidance/local-development-plans,https://www.buckinghamshire.gov.uk/documents/9736/Wycombe-District-Local-Plan-Adopted-August-2019-accessible.pdf,2025-12-09,,,
3802344,buckinghamshire-council-local-plan-10,Wycombe District Local Plan Errata,,buckinghamshire-council-local-plan,local-plan,https://www.buckinghamshire.gov.uk/planning-and-building-control/planning-policy/local-planning-guidance/local-development-plans,https://www.buckinghamshire.gov.uk/documents/9724/Wycombe-District-Local-Plan-Errata-eh4566I-accessible.pdf,2025-12-09,,,
3802345,buckinghamshire-council-local-plan-11,Adopted Delivery and Site Allocations Plan,,buckinghamshire-council-local-plan,site-allocations,https://www.buckinghamshire.gov.uk/planning-and-building-control/planning-policy/local-planning-guidance/local-development-plans,https://www.buckinghamshire.gov.uk/documents/9729/Adopted-delivery-and-site-allocations-plan_kf70Oeo.pdf,2025-12-09,,,
3802346,buckinghamshire-council-local-plan-12,Adopted Delivery and Site Allocations Errata,,buckinghamshire-council-local-plan,site-allocations,https://www.buckinghamshire.gov.uk/planning-and-building-control/planning-policy/local-planning-guidance/local-development-plans,https://www.buckinghamshire.gov.uk/documents/10572/Erratum.pdf,2025-12-09,,,
3802347,buckinghamshire-council-local-plan-2016-1,Buckinghamshire Minerals and Waste Local Plan 2016-2036,,buckinghamshire-council-local-plan-2016,minerals-and-waste-plan,https://www.buckinghamshire.gov.uk/planning-and-building-control/planning-policy/local-planning-guidance/local-development-plans,https://www.buckinghamshire.gov.uk/documents/9727/buckinghamshire-minerals-and-waste-local-plan-2016-2036_yiYUGSb.pdf,2025-12-09,,,
3802348,north-somerset-council-local-plan-2025-1,Additional sites consultation - consultation statement (May 2025),,north-somerset-council-local-plan-2025,consultation-statement,https://www.n-somerset.gov.uk/my-services/planning-building-control/planning-policy/our-local-plan/local-plan-2040/pre-submission-plan-2040-reg-19-july-2024,https://n-somerset.gov.uk/sites/default/files/2025-05/additional%20sites%20consultation%20-%20consultation%20statement%20%28May%202025%29.pdf,2025-12-09,,,
3802349,north-somerset-council-local-plan-2025-2,North Somerset Local Plan 2039 - Pre-submission Plan (Reg 19),,north-somerset-council-local-plan-2025,local-plan-regulation-19,https://www.n-somerset.gov.uk/my-services/planning-building-control/planning-policy/our-local-plan/local-plan-2038/publication-version-2023,https://n-somerset.gov.uk/sites/default/files/2023-10/North%20Somerset%20Local%20Plan%202039%20-%20Pre-submission%20Plan%20%28Reg%2019%29.pdf,2025-12-09,,,
3802350,north-somerset-council-local-plan-2025-3,Consultation statement May 2024,,north-somerset-council-local-plan-2025,consultation-statement,https://www.n-somerset.gov.uk/my-services/planning-building-control/planning-policy/our-local-plan/local-plan-2038/publication-version-2023,https://n-somerset.gov.uk/sites/default/files/2024-05/consultation%20statement%20May%202024.pdf,2025-12-09,,,
3802351,north-somerset-council-local-plan-2025-4,Short guide pre-submission stage of the Local Plan,,north-somerset-council-local-plan-2025,local-plan-regulation-19,https://www.n-somerset.gov.uk/my-services/planning-building-control/planning-policy/our-local-plan/local-plan-2038/publication-version-2023,https://n-somerset.gov.uk/sites/default/files/2023-09/short%20guide%20pre-submission%20stage%20of%20the%20Local%20Plan.pdf,2025-12-09,,,
3802352,north-somerset-council-local-plan-2025-5,North Somerset Local Plan 2038 Preferred Options,,north-somerset-council-local-plan-2025,local-plan-regulation-18,https://www.n-somerset.gov.uk/my-services/planning-building-control/planning-policy/our-local-plan/local-plan-2039/preferred-options-consultation-2022,https://n-somerset.gov.uk/sites/default/files/2022-04/30907%20Local%20Plan%20Acc.pdf,2025-12-09,,,
3802353,north-somerset-council-local-plan-2025-6,Short Guide to the Preferred Options Local Plan March 2022,,north-somerset-council-local-plan-2025,local-plan-regulation-18,https://www.n-somerset.gov.uk/my-services/planning-building-control/planning-policy/our-local-plan/local-plan-2039/preferred-options-consultation-2022,https://n-somerset.gov.uk/sites/default/files/2022-03/Final%20Short%20guide%20to%20the%20Preferred%20Options%20Local%20Plan%20March%202022.pdf,2025-12-09,,,
3802354,north-somerset-council-local-plan-2025-7,Preferred Options Consultation statement - main report August 2022,,north-somerset-council-local-plan-2025,consultation-statement,https://www.n-somerset.gov.uk/my-services/planning-building-control/planning-policy/our-local-plan/local-plan-2039/preferred-options-consultation-2022,https://n-somerset.gov.uk/sites/default/files/2022-08/Preferred%20Options%20Consultation%20Statement%20-%20Main%20Report%20August%202022.pdf,2025-12-09,,,
3802355,north-somerset-council-local-plan-2025-8,Preferred Options Consultation statement appendix 1 summary of strategic policies,,north-somerset-council-local-plan-2025,consultation-statement,https://www.n-somerset.gov.uk/my-services/planning-building-control/planning-policy/our-local-plan/local-plan-2039/preferred-options-consultation-2022,https://n-somerset.gov.uk/sites/default/files/2022-08/Preferred%20Options%20Consultation%20Statement%20Appendix%201%20Summary%20of%20Strategic%20Policies.pdf,2025-12-09,,,
3802356,north-somerset-council-local-plan-2025-9,Preferred Options Consultation statement appendix 2 summary of locational policies,,north-somerset-council-local-plan-2025,consultation-statement,https://www.n-somerset.gov.uk/my-services/planning-building-control/planning-policy/our-local-plan/local-plan-2039/preferred-options-consultation-2022,https://n-somerset.gov.uk/sites/default/files/2022-08/Preferred%20Options%20Consultation%20Statement%20Appendix%202%20Summary%20of%20Locational%20Policies.pdf,2025-12-09,,,
3802357,north-somerset-council-local-plan-2025-10,Preferred Options Consultation statement appendix 3 summary of development policies,,north-somerset-council-local-plan-2025,consultation-statement,https://www.n-somerset.gov.uk/my-services/planning-building-control/planning-policy/our-local-plan/local-plan-2039/preferred-options-consultation-2022,https://n-somerset.gov.uk/sites/default/files/2022-08/Preferred%20Options%20Consultation%20Statement%20Appendix%203%20Summary%20of%20Development%20Policies.pdf,2025-12-09,,,
3802358,north-somerset-council-local-plan-2025-11,Preferred Options Consultation statement appendix 4 summary of schedules,,north-somerset-council-local-plan-2025,consultation-statement,https://www.n-somerset.gov.uk/my-services/planning-building-control/planning-policy/our-local-plan/local-plan-2039/preferred-options-consultation-2022,https://n-somerset.gov.uk/sites/default/files/2022-08/Preferred%20Options%20Consultation%20Statement%20Appendix%204%20Summary%20of%20Schedules.pdf,2025-12-09,,,
3802359,north-somerset-council-local-plan-2025-12,North Somerset Local Plan 2038 - Sustainability Appraisal,,north-somerset-council-local-plan-2025,sustainability-appraisal,https://www.n-somerset.gov.uk/my-services/planning-building-control/planning-policy/our-local-plan/local-plan-2038/supporting-documents,https://n-somerset.gov.uk/sites/default/files/2022-01/North%20Somerset%20Local%20Plan%202038%20-%20Sustainability%20Appraisal.pdf,2025-12-09,,,
3802360,north-somerset-council-local-plan-2025-13,North Somerset Local Plan 2038 - Sustainability Appraisal Non Technical Summary,,north-somerset-council-local-plan-2025,sustainability-appraisal,https://www.n-somerset.gov.uk/my-services/planning-building-control/planning-policy/our-local-plan/local-plan-2038/supporting-documents,https://n-somerset.gov.uk/sites/default/files/2022-01/North%20Somerset%20Local%20Plan%202038%20-%20Sustainability%20Appraisal%20Non%20Technical%20Summary.pdf,2025-12-09,,,
3802361,north-somerset-council-local-plan-2025-14,SHLAA Main Report January 2022,,north-somerset-council-local-plan-2025,strategic-housing-land-availability,https://www.n-somerset.gov.uk/my-services/planning-building-control/planning-policy/our-local-plan/local-plan-2038/supporting-documents,https://n-somerset.gov.uk/sites/default/files/2022-01/SHLAA%20Main%20Report%20January%202022.pdf,2025-12-09,,,
3802362,north-somerset-council-local-plan-2025-15,SHLAA Sites Templates January 2022,,north-somerset-council-local-plan-2025,strategic-housing-land-availability,https://www.n-somerset.gov.uk/my-services/planning-building-control/planning-policy/our-local-plan/local-plan-2038/supporting-documents,https://n-somerset.gov.uk/sites/default/files/2022-02/SHLAA%20Sites%20Templates%20January%202022.pdf,2025-12-09,,,
3802363,north-somerset-council-local-plan-2025-16,West of England Local Housing Needs Assessment,,north-somerset-council-local-plan-2025,strategic-housing-market-assessment,https://www.n-somerset.gov.uk/my-services/planning-building-control/planning-policy/our-local-plan/local-plan-2038/supporting-documents,https://n-somerset.gov.uk/sites/default/files/2022-01/West%20of%20England%20Local%20Housing%20Needs%20Assessment.pdf,2025-12-09,,,
3802364,north-somerset-council-local-plan-2025-17,Local Housing Needs Assessment summary paper,,north-somerset-council-local-plan-2025,strategic-housing-market-assessment,https://www.n-somerset.gov.uk/my-services/planning-building-control/planning-policy/our-local-plan/local-plan-2038/supporting-documents,https://n-somerset.gov.uk/sites/default/files/2022-01/Local%20Housing%20Needs%20Assessment%20summary%20paper.pdf,2025-12-09,,,
3802365,north-somerset-council-local-plan-2025-18,North Somerset Employment Land Review 2018,,north-somerset-council-local-plan-2025,employment-land-review,https://www.n-somerset.gov.uk/my-services/planning-building-control/planning-policy/our-local-plan/local-plan-2038/supporting-documents,https://n-somerset.gov.uk/sites/default/files/2022-01/North%20Somerset%20Employment%20Land%20Review%202018.pdf,2025-12-09,,,
3802366,north-somerset-council-local-plan-2025-19,Stage 4 and 5 Transport Assessment,,north-somerset-council-local-plan-2025,transport-assessment,https://www.n-somerset.gov.uk/my-services/planning-building-control/planning-policy/our-local-plan/local-plan-2038/supporting-documents,https://n-somerset.gov.uk/sites/default/files/2022-02/Stage%204%20and%205%20Transport%20Assessment.pdf,2025-12-09,,,
3802367,london-borough-of-wandsworth-local-plan-1,Employment Land and Premises Study,,london-borough-of-wandsworth-local-plan,local-plan,https://www.wandsworth.gov.uk/planning-and-building-control/planning-policy/local-plan/local-plan-evidence-base/,https://www.wandsworth.gov.uk/media/8006/wandsworth_elps_final_report.pdf,2025-12-09,,,
3802368,london-borough-of-wandsworth-local-plan-2,Employment Land and Premises Study,,london-borough-of-wandsworth-local-plan,local-plan,https://www.wandsworth.gov.uk/planning-and-building-control/planning-policy/local-plan/local-plan-evidence-base/,https://www.wandsworth.gov.uk/media/4734/employment_land_and_premises_study_2016.pdf,2025-12-09,,,
3802369,london-borough-of-wandsworth-local-plan-3,Level 2 Strategic Flood Risk Assessment - Addendum,,london-borough-of-wandsworth-local-plan,strategic-flood-risk-assessment,https://www.wandsworth.gov.uk/planning-and-building-control/planning-policy/local-plan/local-plan-evidence-base/,https://www.wandsworth.gov.uk/media/10142/level_2_strategic_flood_risk_assessment_addendum_january_2022.pdf,2025-12-09,,,
3802370,london-borough-of-wandsworth-local-plan-4,Level 2 Strategic Flood Risk Assessment,,london-borough-of-wandsworth-local-plan,strategic-flood-risk-assessment,https://www.wandsworth.gov.uk/planning-and-building-control/planning-policy/local-plan/local-plan-evidence-base/,https://www.wandsworth.gov.uk/media/8134/level_2_strategic_flood_risk_assessment.pdf,2025-12-09,,,
3802371,london-borough-of-wandsworth-local-plan-5,Level 1 Strategic Flood Risk Assessment,,london-borough-of-wandsworth-local-plan,strategic-flood-risk-assessment,https://www.wandsworth.gov.uk/planning-and-building-control/planning-policy/local-plan/local-plan-evidence-base/,https://www.wandsworth.gov.uk/media/8061/level_1_strategic_flood_risk_assessment.pdf,2025-12-09,,,
3802372,london-borough-of-wandsworth-local-plan-6,Housing Needs Assessment,,london-borough-of-wandsworth-local-plan,strategic-housing-market-assessment,https://www.wandsworth.gov.uk/planning-and-building-control/planning-policy/local-plan/local-plan-evidence-base/,https://www.wandsworth.gov.uk/media/s4hkz22d/wandsworth_housing_needs_assessment.pdf,2025-12-09,,,
3802373,london-borough-of-wandsworth-local-plan-7,Housing and Economic Land Availability Assessment,,london-borough-of-wandsworth-local-plan,local-plan,https://www.wandsworth.gov.uk/planning-and-building-control/planning-policy/local-plan/local-plan-evidence-base/,https://www.wandsworth.gov.uk/media/10209/housing_and_economic_land_availability_assessment_january_2022.pdf,2025-12-09,,,
3802374,london-borough-of-wandsworth-local-plan-8,Local Housing Needs Assessment - First Homes,,london-borough-of-wandsworth-local-plan,strategic-housing-market-assessment,https://www.wandsworth.gov.uk/planning-and-building-control/planning-policy/local-plan/local-plan-evidence-base/,https://www.wandsworth.gov.uk/media/10143/local_housing_needs_assessment_first_homes.pdf,2025-12-09,,,
3802375,london-borough-of-wandsworth-local-plan-9,Local Housing Needs Assessment,,london-borough-of-wandsworth-local-plan,strategic-housing-market-assessment,https://www.wandsworth.gov.uk/planning-and-building-control/planning-policy/local-plan/local-plan-evidence-base/,https://www.wandsworth.gov.uk/media/8015/local_housing_needs_assessment_december_2020.pdf,2025-12-09,,,
3802376,london-borough-of-wandsworth-local-plan-10,Strategic Housing Market Assessment Update 2014,,london-borough-of-wandsworth-local-plan,strategic-housing-market-assessment,https://www.wandsworth.gov.uk/planning-and-building-control/planning-policy/local-plan/local-plan-evidence-base/,https://www.wandsworth.gov.uk/media/1432/shma_update_2014.pdf,2025-12-09,,,
3802377,london-borough-of-wandsworth-local-plan-11,Strategic Housing Market Assessment,,london-borough-of-wandsworth-local-plan,strategic-housing-market-assessment,https://www.wandsworth.gov.uk/planning-and-building-control/planning-policy/local-plan/local-plan-evidence-base/,https://www.wandsworth.gov.uk/media/4732/strategic_housing_market_assessment_2012.pdf,2025-12-09,,,
3802378,london-borough-of-wandsworth-local-plan-12,Infrastructure Delivery Plan,,london-borough-of-wandsworth-local-plan,infrastructure-delivery-plan,https://www.wandsworth.gov.uk/planning-and-building-control/planning-policy/local-plan/local-plan-evidence-base/,https://www.wandsworth.gov.uk/media/skspyrcf/infrastructure_delivery_plan_2024.pdf,2025-12-09,,,
3802379,london-borough-of-wandsworth-local-plan-13,Site Allocations Methodology Paper,,london-borough-of-wandsworth-local-plan,site-allocations,https://www.wandsworth.gov.uk/planning-and-building-control/planning-policy/local-plan/local-plan-evidence-base/,https://www.wandsworth.gov.uk/media/10144/site_allocation_assessment_methodology_paper.pdf,2025-12-09,,,
3802380,london-borough-of-wandsworth-local-plan-14,Sustainability Appraisal for Draft Local Plan (Regulation 19),,london-borough-of-wandsworth-local-plan,sustainability-appraisal,https://www.wandsworth.gov.uk/planning-and-building-control/planning-policy/local-plan/local-plan-evidence-base/,https://www.wandsworth.gov.uk/media/10138/draft_local_plan_sustainability_appraisal.pdf,2025-12-09,,,
3802381,london-borough-of-wandsworth-local-plan-15,Sustainability Appraisal for Draft Local Plan (Regulation 18),,london-borough-of-wandsworth-local-plan,sustainability-appraisal,https://www.wandsworth.gov.uk/planning-and-building-control/planning-policy/local-plan/local-plan-evidence-base/,https://www.wandsworth.gov.uk/media/8008/pre_publication_sustainability_appraisal.pdf,2025-12-09,,,
3802382,london-borough-of-wandsworth-local-plan-16,Local Plan 2016 Sustainability Appraisal - second Proposed Submission Version,,london-borough-of-wandsworth-local-plan,sustainability-appraisal,https://www.wandsworth.gov.uk/planning-and-building-control/planning-policy/local-plan/local-plan-evidence-base/,https://www.wandsworth.gov.uk/media/6956/wandsworth_local_plan_2016_sustainability_appraisal.pdf,2025-12-09,,,
3802383,london-borough-of-wandsworth-local-plan-17,Adoption Statement,,london-borough-of-wandsworth-local-plan,adoption-statement,https://www.wandsworth.gov.uk/planning-and-building-control/planning-policy/local-plan/local-plan-evidence-base/,https://www.wandsworth.gov.uk/media/6957/local_plan_employment_and_industry_sustainability_appraisal_adoption_statement_2018.pdf,2025-12-09,,,
3802384,london-borough-of-wandsworth-local-plan-18,Whole Plan Viability Assessment,,london-borough-of-wandsworth-local-plan,viability-assessment,https://www.wandsworth.gov.uk/planning-and-building-control/planning-policy/local-plan/local-plan-evidence-base/,https://www.wandsworth.gov.uk/media/10150/whole_plan_viability_assessment_january_2022.pdf,2025-12-09,,,
3802385,london-borough-of-wandsworth-local-plan-19,Partial Review Whole Plan Viability Assessment,,london-borough-of-wandsworth-local-plan,viability-assessment,https://www.wandsworth.gov.uk/planning-and-building-control/planning-policy/local-plan/local-plan-evidence-base/,https://www.wandsworth.gov.uk/media/eftffga3/local_plan_partial_review_whole_plan_viability_assessment.pdf,2025-12-09,,,
3802386,london-borough-of-wandsworth-local-plan-20,Affordable Housing Economic Viability Assessment Update,,london-borough-of-wandsworth-local-plan,viability-assessment,https://www.wandsworth.gov.uk/planning-and-building-control/planning-policy/local-plan/local-plan-evidence-base/,https://www.wandsworth.gov.uk/media/1429/lb_wandsworth_aheva_update_june.pdf,2025-12-09,,,
3802387,torridge-district-council-local-plan-2011-1,Inspector's Report on the examination of the North Devon and Torridge Local Plan,,torridge-district-council-local-plan-2011,inspectors-report,https://www.torridge.gov.uk/localplan,https://www.torridge.gov.uk/media/18801/Inspector-s-Report-on-the-examination-of-the-North-Devon-and-Torridge-Local-Plan/pdf/NDTLP_Final_Inspectors_Report_-_11-09-18.pdf?m=1536837947640,2025-12-09,,,
3802388,torridge-district-council-local-plan-2011-2,Appendix to the Inspector's Report – Main modifications,,torridge-district-council-local-plan-2011,main-modifications,https://www.torridge.gov.uk/localplan,https://www.torridge.gov.uk/media/18802/Appendix-to-the-Inspector-s-Report-Main-modifications/pdf/NDTLP_Final_Inspectors_Report_-_Appendix_-_Main_Modifications_-_11-09-18.pdf?m=1536837997253,2025-12-09,,,
3802389,stoke-on-trent-city-council-local-plan-2006-1,Joint Core Spatial Strategy,,stoke-on-trent-city-council-local-plan-2006,core-strategy,https://www.stoke.gov.uk/directory_record/331603/sot_and_nul_local_development_framework_core_spatial_strategy_2006_to_2026/category/307/local_development_framework,https://www.stoke.gov.uk/download/downloads/id/441/sot_and_nul_local_development_framework_core_spatial_strategy_2006_to_2026.pdf,2025-12-09,,,
3802390,stoke-on-trent-city-council-local-plan-1,Adopted statement of community involvement,,stoke-on-trent-city-council-local-plan,statement-of-community-involvement,https://www.stoke.gov.uk/info/20084/planning-policy,https://www.stoke.gov.uk/download/downloads/id/485/planning_adopted_statement_of_community_involvement.pdf,2025-12-09,,,
3802391,stoke-on-trent-city-council-local-plan-2,Burslem Public Realm supporting document,,stoke-on-trent-city-council-local-plan,local-plan,https://www.stoke.gov.uk/info/20005/planning_and_building/737/burslem_public_realm_consultation,https://www.stoke.gov.uk/download/downloads/id/2619/burslem_public_realm_consultation_-_supporting_document.pdf,2025-12-09,,,
3802392,north-west-leicestershire-district-council-local-plan-2011-1,North West Leicestershire Local Plan,,north-west-leicestershire-district-council-local-plan-2011,local-plan,https://www.nwleics.gov.uk/pages/local_plan_review,,2025-12-09,,,
3802393,north-west-leicestershire-district-council-local-plan-2011-2,Local Plan Partial Review,,north-west-leicestershire-district-council-local-plan-2011,local-plan-review,https://www.nwleics.gov.uk/pages/local_plan_review,,2025-12-09,,,
3802394,north-west-leicestershire-district-council-local-plan-2011-3,Evidence Base,,north-west-leicestershire-district-council-local-plan-2011,local-plan,https://www.nwleics.gov.uk/pages/planning_policy,,2025-12-09,,,
3802395,north-west-leicestershire-district-council-local-plan-2011-4,Sustainability Appraisal,,north-west-leicestershire-district-council-local-plan-2011,sustainability-appraisal,https://www.nwleics.gov.uk/pages/local_plan_review,,2025-12-09,,,
3802396,north-west-leicestershire-district-council-local-plan-2011-5,Partial Review Examination,,north-west-leicestershire-district-council-local-plan-2011,local-plan-review,https://www.nwleics.gov.uk/pages/planning_policy,,2025-12-09,,,
3802397,north-west-leicestershire-district-council-local-plan-2011-6,Strategic Housing and Economic Land Availability Assessment,,north-west-leicestershire-district-council-local-plan-2011,local-plan,https://www.nwleics.gov.uk/pages/planning_policy,,2025-12-09,,,
3802398,north-west-leicestershire-district-council-local-plan-1,New Local Plan,,north-west-leicestershire-district-council-local-plan,local-plan,https://www.nwleics.gov.uk/pages/local_plan_review,,2025-12-09,,,
3802399,north-west-leicestershire-district-council-local-plan-2,New Local Plan – progress so far,,north-west-leicestershire-district-council-local-plan,local-plan,https://www.nwleics.gov.uk/pages/local_plan_review,,2025-12-09,,,
3802400,north-west-leicestershire-district-council-local-plan-3,Evidence Base,,north-west-leicestershire-district-council-local-plan,local-plan,https://www.nwleics.gov.uk/pages/local_plan_review,,2025-12-09,,,
3802401,north-west-leicestershire-district-council-local-plan-4,Local Plan Committee,,north-west-leicestershire-district-council-local-plan,local-plan,https://www.nwleics.gov.uk/pages/local_plan_review,,2025-12-09,,,
3802402,hartlepool-development-corporation-local-plan-1,Net Zero Strategy,,hartlepool-development-corporation-local-plan,local-plan,https://teesvalley-ca.gov.uk,https://teesvalley-ca.gov.uk/business/wp-content/uploads/sites/3/2023/03/Net-Zero-strategy-Digital.pdf,2025-12-09,,,
3802403,hartlepool-development-corporation-local-plan-2020-1,Strategic Transport Plan 2020-2030,,hartlepool-development-corporation-local-plan-2020,local-plan,https://teesvalley-ca.gov.uk,https://teesvalley-ca.gov.uk/about/wp-content/uploads/sites/2/2023/07/STP-Main-Report-Design-Jan20-4.pdf,2025-12-09,,,
3802404,hartlepool-development-corporation-local-plan-2020-2,Digital Transport Delivery Plan,,hartlepool-development-corporation-local-plan-2020,local-plan,https://teesvalley-ca.gov.uk,https://teesvalley-ca.gov.uk/travel/wp-content/uploads/sites/5/2023/09/TVCA-Digital-Transport-Delivery-Plan-Final-Issue.pdf,2025-12-09,,,
3802405,sefton-metropolitan-borough-council-local-plan-2015-1,Local Plan for Sefton [written document],,sefton-metropolitan-borough-council-local-plan-2015,local-plan,https://www.sefton.gov.uk/localplan,https://www.sefton.gov.uk/media/1133/a-local-plan-for-sefton-for-adoption-final.pdf,2025-12-09,,,
3802406,sefton-metropolitan-borough-council-local-plan-2015-2,Southport Policy Map,,sefton-metropolitan-borough-council-local-plan-2015,policies-map,https://www.sefton.gov.uk/localplan,https://www.sefton.gov.uk/media/1754/southport_a0.pdf,2025-12-09,,,
3802407,sefton-metropolitan-borough-council-local-plan-2015-3,Formby Policy Map,,sefton-metropolitan-borough-council-local-plan-2015,policies-map,https://www.sefton.gov.uk/localplan,https://www.sefton.gov.uk/media/1755/formby_a1.pdf,2025-12-09,,,
3802408,sefton-metropolitan-borough-council-local-plan-2015-4,Bootle and Crosby Policy Map,,sefton-metropolitan-borough-council-local-plan-2015,policies-map,https://www.sefton.gov.uk/localplan,https://www.sefton.gov.uk/media/1757/bootlecrosby_a1.pdf,2025-12-09,,,
3802409,sefton-metropolitan-borough-council-local-plan-2015-5,Sefton East Parishes Map,,sefton-metropolitan-borough-council-local-plan-2015,local-plan,https://www.sefton.gov.uk/localplan,https://www.sefton.gov.uk/media/3924/seftoneast_a1.pdf,2025-12-09,,,
3802410,sefton-metropolitan-borough-council-local-plan-2015-6,Inspector's Report,,sefton-metropolitan-borough-council-local-plan-2015,inspectors-report,https://www.sefton.gov.uk/localplan,https://www.sefton.gov.uk/media/1760/sefton-lp-inspectors-report.pdf,2025-12-09,,,
3802411,sefton-metropolitan-borough-council-local-plan-2015-7,Inspector's Report - Main Modifications Appendix,,sefton-metropolitan-borough-council-local-plan-2015,inspectors-report,https://www.sefton.gov.uk/localplan,https://www.sefton.gov.uk/media/1761/sefton-lp-inspectors-rpt-main-mods-appendix.pdf,2025-12-09,,,
3802412,sefton-metropolitan-borough-council-local-plan-2015-8,Sustainability Appraisal Report,,sefton-metropolitan-borough-council-local-plan-2015,sustainability-appraisal,https://www.sefton.gov.uk/localplan,https://www.sefton.gov.uk/media/1762/post-adoption-sa-report.pdf,2025-12-09,,,
3802413,sefton-metropolitan-borough-council-local-plan-2015-9,HRA Report of Publication Draft Local Plan (2015),,sefton-metropolitan-borough-council-local-plan-2015,habitats-regulations-assessment,https://www.sefton.gov.uk/localplan,https://www.sefton.gov.uk/media/1763/jan-2015-hra-of-submission-local-plan-web.pdf,2025-12-09,,,
3802414,sefton-metropolitan-borough-council-local-plan-2015-10,HRA Report of Proposed Modifications to the Draft Local Plan (2016),,sefton-metropolitan-borough-council-local-plan-2015,habitats-regulations-assessment,https://www.sefton.gov.uk/localplan,https://www.sefton.gov.uk/media/1764/may-2016-hra-of-mods-to-local-plan-web.pdf,2025-12-09,,,
3802415,sefton-metropolitan-borough-council-local-plan-2015-11,Adoption Statement,,sefton-metropolitan-borough-council-local-plan-2015,adoption-statement,https://www.sefton.gov.uk/localplan,https://www.sefton.gov.uk/media/1759/adoption-statement.pdf,2025-12-09,,,
3802416,sefton-metropolitan-borough-council-local-plan-1,SD1 - Publication Draft Bootle Area Action Plan (July 2024),,sefton-metropolitan-borough-council-local-plan,area-action-plan,https://www.sefton.gov.uk/planning-building-control/planning-policy-including-local-plan-and-neighbourhood-planning/bootle-area-action-plan/,https://www.sefton.gov.uk/media/lanjaj5q/01-bootleaap_publication_draft_july2024.pdf,2025-12-09,,,
3802417,sefton-metropolitan-borough-council-local-plan-2,Bootle Area Action Plan – Inspector's Report,,sefton-metropolitan-borough-council-local-plan,area-action-plan,https://www.sefton.gov.uk/planning-building-control/planning-policy-including-local-plan-and-neighbourhood-planning/bootle-area-action-plan/,https://www.sefton.gov.uk/media/h00bld3x/bootle-aap-inspectors-report.pdf,2025-12-09,,,
3802418,sefton-metropolitan-borough-council-local-plan-3,Inspector's Report Appendix – Main Modifications,,sefton-metropolitan-borough-council-local-plan,main-modifications,https://www.sefton.gov.uk/planning-building-control/planning-policy-including-local-plan-and-neighbourhood-planning/bootle-area-action-plan/,https://www.sefton.gov.uk/media/3gmbfv5d/bootle-aap-inspectors-report-mm-appendix.pdf,2025-12-09,,,
3802419,sefton-metropolitan-borough-council-local-plan-4,Draft Bootle Area Action Plan – with Main Modifications included,,sefton-metropolitan-borough-council-local-plan,main-modifications,https://www.sefton.gov.uk/planning-building-control/planning-policy-including-local-plan-and-neighbourhood-planning/bootle-area-action-plan/,https://www.sefton.gov.uk/media/qdfhtv5j/draft_bootle_aap_document_withmods.pdf,2025-12-09,,,
3802420,sefton-metropolitan-borough-council-local-plan-5,SD4 - Environmental Report of the Sustainability Appraisal for Bootle AAP (July 2024),,sefton-metropolitan-borough-council-local-plan,sustainability-appraisal,https://www.sefton.gov.uk/planning-building-control/planning-policy-including-local-plan-and-neighbourhood-planning/bootle-area-action-plan/,https://www.sefton.gov.uk/media/gbqd4lgo/04-bootleaap_environmentalreport_july2024.pdf,2025-12-09,,,
3802421,sefton-metropolitan-borough-council-local-plan-6,SD7 - Habitats Regulations Assessment of Bootle AAP (May 2024),,sefton-metropolitan-borough-council-local-plan,habitats-regulations-assessment,https://www.sefton.gov.uk/planning-building-control/planning-policy-including-local-plan-and-neighbourhood-planning/bootle-area-action-plan/,https://www.sefton.gov.uk/media/y5ul1h2m/07-final_hra_baap_may2024.pdf,2025-12-09,,,
3802422,sefton-metropolitan-borough-council-local-plan-2027-1,Merseyside and Halton Waste Local Plan,,sefton-metropolitan-borough-council-local-plan-2027,minerals-and-waste-plan,https://www.sefton.gov.uk/planning-building-control/planning-policy-including-local-plan-and-neighbourhood-planning/merseyside-and-halton-waste-local-plan/,https://www.sefton.gov.uk/media/1798/mside-halton-waste-localplan2013.pdf,2025-12-09,,,
3802423,sefton-metropolitan-borough-council-local-plan-2027-2,Waste Local Plan – Final Inspectors Report,,sefton-metropolitan-borough-council-local-plan-2027,minerals-and-waste-plan,https://www.sefton.gov.uk/planning-building-control/planning-policy-including-local-plan-and-neighbourhood-planning/merseyside-and-halton-waste-local-plan/,https://www.sefton.gov.uk/media/1799/ppwastelocalplan-finalinspectorsreport.pdf,2025-12-09,,,
3802424,sefton-metropolitan-borough-council-local-plan-2027-3,Waste Local Plan Adoption Statement,,sefton-metropolitan-borough-council-local-plan-2027,adoption-statement,https://www.sefton.gov.uk/planning-building-control/planning-policy-including-local-plan-and-neighbourhood-planning/merseyside-and-halton-waste-local-plan/,https://www.sefton.gov.uk/media/1800/wastelocalplan-adoptionstatement.pdf,2025-12-09,,,
3802425,sefton-metropolitan-borough-council-local-plan-7,Formby And Little Altcar Neighbourhood Plan,,sefton-metropolitan-borough-council-local-plan,neighbourhood-plan,https://www.sefton.gov.uk/localplan,https://www.sefton.gov.uk/media/5145/formby-little-altcar-nhood-plan-2019.pdf,2025-12-09,,,
3802426,sefton-metropolitan-borough-council-local-plan-8,Lydiate N P Final Version Copy,,sefton-metropolitan-borough-council-local-plan,local-plan,https://www.sefton.gov.uk/localplan,https://www.sefton.gov.uk/media/1766/lydiate-n-p_final_version_-copy.pdf,2025-12-09,,,
3802427,sefton-metropolitan-borough-council-local-plan-9,Maghull N P Final Version2,,sefton-metropolitan-borough-council-local-plan,local-plan,https://www.sefton.gov.uk/localplan,https://www.sefton.gov.uk/media/1770/maghull-n-p-final-version2.pdf,2025-12-09,,,
3802428,bolsover-district-council-local-plan-1,Local Plan for Bolsover District,,bolsover-district-council-local-plan,local-plan,https://www.bolsover.gov.uk/services/p/planning-policy/planning-policy-documents/development-plan,,2025-12-09,,,
3802429,bolsover-district-council-local-plan-2,Sustainability Appraisal Report,,bolsover-district-council-local-plan,sustainability-appraisal,https://www.bolsover.gov.uk/services/p/planning-policy/planning-policy-documents/development-plan,,2025-12-09,,,
3802430,bolsover-district-council-local-plan-3,Habitats Regulations Assessment,,bolsover-district-council-local-plan,habitats-regulations-assessment,https://www.bolsover.gov.uk/services/p/planning-policy/planning-policy-documents/development-plan,,2025-12-09,,,
3802431,bolsover-district-council-local-plan-4,Policies Map Northern Area,,bolsover-district-council-local-plan,policies-map,https://www.bolsover.gov.uk/services/p/planning-policy/planning-policy-documents/development-plan,,2025-12-09,,,
3802432,bolsover-district-council-local-plan-5,Policies Map Central Area,,bolsover-district-council-local-plan,policies-map,https://www.bolsover.gov.uk/services/p/planning-policy/planning-policy-documents/development-plan,,2025-12-09,,,
3802433,bolsover-district-council-local-plan-6,Policies Map Southern Area,,bolsover-district-council-local-plan,policies-map,https://www.bolsover.gov.uk/services/p/planning-policy/planning-policy-documents/development-plan,,2025-12-09,,,
3802434,bolsover-district-council-local-plan-7,Local Plan for Bolsover District (March 2020) – First Five Year Review Report,,bolsover-district-council-local-plan,local-plan-review,https://www.bolsover.gov.uk/services/p/planning-policy/planning-policy-documents/development-plan,https://committees.bolsover.gov.uk/documents/s26159/Appendix%201.pdf,2025-12-09,,,
3802435,derbyshire-county-council-local-plan-1,Derby and Derbyshire Minerals Local Plan - part one,,derbyshire-county-council-local-plan,minerals-and-waste-plan,https://www.derbyshire.gov.uk/environment/planning/planning-policy/minerals-waste-development-framework/minerals-and-waste-planning-policy.aspx,https://www.derbyshire.gov.uk/site-elements/documents/pdf/environment/planning/planning-policy/minerals-waste-development-framework/derby-and-derbyshire-minerals-local-plan-part-one.pdf,2025-12-09,,,
3802436,derbyshire-county-council-local-plan-2,Derby and Derbyshire Minerals Local Plan - part 2,,derbyshire-county-council-local-plan,minerals-and-waste-plan,https://www.derbyshire.gov.uk/environment/planning/planning-policy/minerals-waste-development-framework/minerals-and-waste-planning-policy.aspx,https://www.derbyshire.gov.uk/site-elements/documents/pdf/environment/planning/planning-policy/minerals-waste-development-framework/derby-and-derbyshire-minerals-local-plan-part-two.pdf,2025-12-09,,,
3802437,derbyshire-county-council-local-plan-3,After-use of sand and gravel sites,,derbyshire-county-council-local-plan,local-plan,https://www.derbyshire.gov.uk/environment/planning/planning-policy/minerals-waste-development-framework/minerals-and-waste-planning-policy.aspx,https://www.derbyshire.gov.uk/site-elements/documents/pdf/environment/planning/planning-policy/minerals-waste-development-framework/after-use-of-sand-and-gravel-sites.pdf,2025-12-09,,,
3802438,derbyshire-county-council-local-plan-4,Derby and Derbyshire Waste Local Plan,,derbyshire-county-council-local-plan,minerals-and-waste-plan,https://www.derbyshire.gov.uk/environment/planning/planning-policy/minerals-waste-development-framework/minerals-and-waste-planning-policy.aspx,https://www.derbyshire.gov.uk/site-elements/documents/pdf/environment/planning/planning-policy/minerals-waste-development-framework/derby-and-derbyshire-waste-local-plan.pdf,2025-12-09,,,
3802439,derbyshire-county-council-local-plan-5,Minerals and Waste Development Scheme,,derbyshire-county-council-local-plan,minerals-and-waste-plan,https://www.derbyshire.gov.uk/environment/planning/planning-policy/minerals-waste-development-framework/minerals-and-waste-planning-policy.aspx,https://www.derbyshire.gov.uk/site-elements/documents/pdf/environment/planning/planning-policy/minerals-waste-development-framework/minerals-and-waste-development-scheme.pdf,2025-12-09,,,
3802440,rugby-borough-council-local-plan-2024-1,Local Plan preferred options consultation document,,rugby-borough-council-local-plan-2024,local-plan-regulation-18,https://rugby.gov.uk/w/local-plan-review-preferred-options-public-consultation-document,https://rugby.gov.uk/documents/d/guest/local_plan_preferred_options_consultation_document-pdf?download=true,2025-12-09,,,
3802441,rugby-borough-council-local-plan-2011-1,Publication Local Plan,,rugby-borough-council-local-plan-2011,local-plan,https://www.rugby.gov.uk/w/local-plan-2011-2031,https://www.rugby.gov.uk/documents/d/guest/local_plan___publication_draft-pdf?download=true,2025-12-09,,,
3802442,rugby-borough-council-local-plan-2011-2,Rugby Borough Local Plan - Inspector's Report (Published May 2019),,rugby-borough-council-local-plan-2011,inspectors-report,https://www.rugby.gov.uk/w/local-plan-2011-2031,https://www.rugby.gov.uk/documents/d/guest/rugby_borough_local_plan___inspector_s_report__published_may_2019_-pdf?download=true,2025-12-09,,,
3802443,rugby-borough-council-local-plan-2011-3,Sustainability Appraisal Report,,rugby-borough-council-local-plan-2011,sustainability-appraisal,https://www.rugby.gov.uk/w/local-plan-2011-2031,https://www.rugby.gov.uk/documents/d/guest/local_plan___publication_draft_sustainability_appraisal_report-pdf?download=true,2025-12-09,,,
3802444,rugby-borough-council-local-plan-2011-4,Strategic Housing Market Assessment (SHMA) 2013,,rugby-borough-council-local-plan-2011,strategic-housing-market-assessment,https://www.rugby.gov.uk/w/local-plan-2011-2031,https://www.rugby.gov.uk/documents/d/guest/final_jshma_report__2013__18_11_13_nxi_-pdf?download=true,2025-12-09,,,
3802445,rugby-borough-council-local-plan-2011-5,Strategic Housing Market Assessment (SHMA) Annex 2014,,rugby-borough-council-local-plan-2011,strategic-housing-market-assessment,https://www.rugby.gov.uk/w/local-plan-2011-2031,https://www.rugby.gov.uk/documents/d/guest/shma_annex_updated_projections_report__17_09_14_final_-pdf?download=true,2025-12-09,,,
3802446,rugby-borough-council-local-plan-2011-6,Strategic Housing Market Assessment (SHMA) Update 2015,,rugby-borough-council-local-plan-2011,strategic-housing-market-assessment,https://www.rugby.gov.uk/w/local-plan-2011-2031,https://www.rugby.gov.uk/documents/d/guest/cw_shma_updated_report-pdf?download=true,2025-12-09,,,
3802447,rugby-borough-council-local-plan-2011-7,Strategic Housing Land Availability Assessment (SHLAA) Update 2016,,rugby-borough-council-local-plan-2011,strategic-housing-land-availability,https://www.rugby.gov.uk/w/local-plan-2011-2031,https://www.rugby.gov.uk/documents/d/guest/lp_10a_shlaa_report_final___update_2016-pdf?download=true,2025-12-09,,,
3802448,rugby-borough-council-local-plan-2011-8,Strategic Housing Land Availability Assessment (SHLAA) Addendum 2017,,rugby-borough-council-local-plan-2011,strategic-housing-land-availability,https://www.rugby.gov.uk/w/local-plan-2011-2031,https://www.rugby.gov.uk/documents/d/guest/lp10a_shlaa_report_addendum_2017-pdf?download=true,2025-12-09,,,
3802449,rugby-borough-council-local-plan-2011-9,Strategic Transport Assessment (STA) 2016,,rugby-borough-council-local-plan-2011,transport-assessment,https://www.rugby.gov.uk/w/local-plan-2011-2031,https://www.rugby.gov.uk/documents/d/guest/local_plan___publication_draft_strategic_transport_assessment-pdf?download=true,2025-12-09,,,
3802450,rugby-borough-council-local-plan-2011-10,Strategic Transport Assessment (STA) 2017,,rugby-borough-council-local-plan-2011,transport-assessment,https://www.rugby.gov.uk/w/local-plan-2011-2031,https://www.rugby.gov.uk/documents/d/guest/strategic_transport_assessment__june_2017_-pdf?download=true,2025-12-09,,,
3802451,rugby-borough-council-local-plan-2011-11,Local Plan Viability Testing,,rugby-borough-council-local-plan-2011,viability-assessment,https://www.rugby.gov.uk/w/local-plan-2011-2031,https://www.rugby.gov.uk/documents/d/guest/lp22_local_plan_viability_assessment_and_appendices-pdf?download=true,2025-12-09,,,
3802452,rugby-borough-council-local-plan-2011-12,Equality Impact Assessment,,rugby-borough-council-local-plan-2011,equalities-impact-assessment,https://www.rugby.gov.uk/w/local-plan-2011-2031,https://www.rugby.gov.uk/documents/d/guest/rugby_borough_local_plan___equality_impact_assessment-pdf?download=true,2025-12-09,,,
3802453,rugby-borough-council-local-plan-2011-13,Stretton-on-Dunsmore Conservation Area Appraisal,,rugby-borough-council-local-plan-2011,conservation-area-appraisal,https://www.rugby.gov.uk/w/local-plan-2011-2031,https://www.rugby.gov.uk/documents/d/guest/oth44_stretton_on_dunsmore_conservation_area_appraisal__june_2010_-pdf?download=true,2025-12-09,,,
3802454,harborough-district-council-local-plan-2011-1,Harborough Local Plan 2011-2031,,harborough-district-council-local-plan-2011,local-plan,https://www.harborough.gov.uk/local-plan,https://www.harborough.gov.uk/download/downloads/id/5714/harborough_local_plan_2011-2031_-_adopted_april_2019.pdf,2025-12-09,,,
3802455,harborough-district-council-local-plan-2011-2,Adoption Statement,,harborough-district-council-local-plan-2011,adoption-statement,https://www.harborough.gov.uk/local-plan,https://www.harborough.gov.uk/downloads/file/5716/adoption_statement_final_30_04_2019,2025-12-09,,,
3802456,harborough-district-council-local-plan-2011-3,Development Management SPD,,harborough-district-council-local-plan-2011,supplementary-planning-document,https://www.harborough.gov.uk/local-plan,http://www.harborough.gov.uk/downloads/file/7026/development_management_supplementary_planning_document_december_2021,2025-12-09,,,
3802457,harborough-district-council-local-plan-2011-4,Consultation Statement,,harborough-district-council-local-plan-2011,consultation-statement,https://www.harborough.gov.uk/local-plan,https://www.harborough.gov.uk/downloads/file/7246/public_consultation_statement,2025-12-09,,,
3802458,harborough-district-council-local-plan-2011-5,Monitoring Fee Paper,,harborough-district-council-local-plan-2011,local-plan,https://www.harborough.gov.uk/local-plan,https://www.harborough.gov.uk/downloads/file/7266/monitoring_fees_background_evidence_paper,2025-12-09,,,
3802459,harborough-district-council-local-plan-2011-6,Schedule of Charges,,harborough-district-council-local-plan-2011,local-plan,https://www.harborough.gov.uk/local-plan,https://www.harborough.gov.uk/downloads/file/7245/schedule_of_charges,2025-12-09,,,
3802460,harborough-district-council-local-plan-2020-1,Statement of Representations Procedure and Statement of Fact,,harborough-district-council-local-plan-2020,local-plan,https://www.harborough.gov.uk/localplan,https://www.harborough.gov.uk/downloads/file/8956/statement_of_representations_procedure_and_statement_of_fact,2025-12-09,,,
3802461,harborough-district-council-local-plan-2020-2,Issues and Options Consultation Document,,harborough-district-council-local-plan-2020,local-plan,https://www.harborough.gov.uk/downloads/download/1616/issues_and_options_consultation_document,https://www.harborough.gov.uk/downloads/file/8363/issues_and_options_consultation_document,2025-12-09,,,
3802462,watford-borough-council-local-plan-2021-1,Watford Local Plan: A Sustainable Town 2021-2038,,watford-borough-council-local-plan-2021,local-plan,https://www.watford.gov.uk/localplan,https://www.watford.gov.uk/downloads/file/1264/watford-local-plan,2025-12-09,,,
3802463,watford-borough-council-local-plan-2021-2,Watford Local Plan: A Sustainable Town 2021-2038 - high resolution,,watford-borough-council-local-plan-2021,local-plan,https://www.watford.gov.uk/localplan,https://www.watford.gov.uk/downloads/file/1283/watford-local-plan-high-resolution,2025-12-09,,,
3802464,watford-borough-council-local-plan-2021-3,Policies Map,,watford-borough-council-local-plan-2021,policies-map,https://www.watford.gov.uk/localplan,https://www.watford.gov.uk/downloads/file/1265/local-plan-policies-map,2025-12-09,,,
3802465,watford-borough-council-local-plan-2021-4,Local Plan Inspector's Report,,watford-borough-council-local-plan-2021,inspectors-report,https://www.watford.gov.uk/localplan,https://www.watford.gov.uk/downloads/file/1662/local-plan-inspector-s-report,2025-12-09,,,
3802466,watford-borough-council-local-plan-2021-5,Local Plan Inspector's Report - Main Modifications Appendix,,watford-borough-council-local-plan-2021,inspectors-report,https://www.watford.gov.uk/localplan,https://www.watford.gov.uk/downloads/file/1663/local-plan-inspector-s-report-main-modifications-appendix,2025-12-09,,,
3802467,watford-borough-council-local-plan-2021-6,Local Plan Adoption Statement,,watford-borough-council-local-plan-2021,adoption-statement,https://www.watford.gov.uk/localplan,https://www.watford.gov.uk/downloads/file/1266/local-plan-adoption-statement,2025-12-09,,,
3802468,watford-borough-council-local-plan-2021-7,Sustainability Appraisal Adoption Statement,,watford-borough-council-local-plan-2021,adoption-statement,https://www.watford.gov.uk/localplan,https://www.watford.gov.uk/downloads/file/1276/sustainability-assessment-adoption-statement,2025-12-09,,,
3802469,watford-borough-council-local-plan-2021-8,Sustainability Appraisals - Non-Technical Summary,,watford-borough-council-local-plan-2021,sustainability-appraisal,https://www.watford.gov.uk/localplan,https://www.watford.gov.uk/downloads/file/1267/sustainability-appraisals-non-technical-summary,2025-12-09,,,
3802470,watford-borough-council-local-plan-2021-9,Sustainability Appraisal Report,,watford-borough-council-local-plan-2021,sustainability-appraisal,https://www.watford.gov.uk/localplan,https://www.watford.gov.uk/downloads/file/1268/sustainablity-appraisal-report,2025-12-09,,,
3802471,watford-borough-council-local-plan-2021-10,"Appendix A: Review of Relevant Plans, Policies and Programmes",,watford-borough-council-local-plan-2021,local-plan,https://www.watford.gov.uk/localplan,https://www.watford.gov.uk/downloads/file/1269/appendix-a-review-of-relevant-plans-policies-and-programmes,2025-12-09,,,
3802472,watford-borough-council-local-plan-2021-11,Appendix B: Baseline Data,,watford-borough-council-local-plan-2021,local-plan,https://www.watford.gov.uk/localplan,https://www.watford.gov.uk/downloads/file/1270/appendix-b-baseline-data,2025-12-09,,,
3802473,watford-borough-council-local-plan-2021-12,Appendix C: Sustainability Appraisal of Policy Options,,watford-borough-council-local-plan-2021,sustainability-appraisal,https://www.watford.gov.uk/localplan,https://www.watford.gov.uk/downloads/file/1271/appendix-c-policy-options,2025-12-09,,,
3802474,watford-borough-council-local-plan-2021-13,Appendix D: Policy Options Matrices,,watford-borough-council-local-plan-2021,local-plan,https://www.watford.gov.uk/localplan,https://www.watford.gov.uk/downloads/file/1272/appendix-d-policy-options-matrices,2025-12-09,,,
3802475,watford-borough-council-local-plan-2021-14,Appendix E: Site Matrices,,watford-borough-council-local-plan-2021,local-plan,https://www.watford.gov.uk/localplan,https://www.watford.gov.uk/downloads/file/1273/appendix-e-site-matrices,2025-12-09,,,
3802476,watford-borough-council-local-plan-2021-15,Appendix F: Screening of Main Modifications,,watford-borough-council-local-plan-2021,main-modifications,https://www.watford.gov.uk/localplan,https://www.watford.gov.uk/downloads/file/1274/appendix-f-screening-of-main-modifications,2025-12-09,,,
3802477,watford-borough-council-local-plan-2021-16,Habitats Regulations Assessment,,watford-borough-council-local-plan-2021,habitats-regulations-assessment,https://www.watford.gov.uk/localplan,https://www.watford.gov.uk/downloads/file/1275/habitats-regulations-assessment-report,2025-12-09,,,
3802478,watford-borough-council-local-plan-2021-17,Final Draft Local Plan Consultation Statement Appendix - all responses (2021),,watford-borough-council-local-plan-2021,consultation-statement,https://www.watford.gov.uk/downloads/download/34/first-draft-watford-local-plan-2020-2036-consultation-statement-2021-,https://www.watford.gov.uk/downloads/file/137/final-draft-local-plan-consultation-statement-appendix-all-responses-2021-,2025-12-09,,,
3802479,north-east-derbyshire-district-council-local-plan-2014-1,Adopted NED Local Plan 2014 - 2034,,north-east-derbyshire-district-council-local-plan-2014,local-plan,https://www.ne-derbyshire.gov.uk/planning-and-local-plan/planning-policy-and-local-plan/development-plan,,2025-12-09,,,
3802480,north-east-derbyshire-district-council-local-plan-2014-2,Adoption Statement,,north-east-derbyshire-district-council-local-plan-2014,adoption-statement,https://www.ne-derbyshire.gov.uk/planning-and-local-plan/planning-policy-and-local-plan/development-plan,,2025-12-09,,,
3802481,north-east-derbyshire-district-council-local-plan-2014-3,SA SEA Post Adoption Statement 2021,,north-east-derbyshire-district-council-local-plan-2014,sustainability-appraisal,https://www.ne-derbyshire.gov.uk/planning-and-local-plan/planning-policy-and-local-plan/development-plan,,2025-12-09,,,
3802482,north-east-derbyshire-district-council-local-plan-1,Issues and Options Document,,north-east-derbyshire-district-council-local-plan,local-plan,https://www.ne-derbyshire.gov.uk/planning-and-local-plan/planning-policy-and-local-plan/local-plan-review,,2025-12-09,,,
3802483,bristol-city-council-local-plan-1,Core Strategy,,bristol-city-council-local-plan,core-strategy,https://www.bristol.gov.uk/localplan,,2025-12-09,,,
3802484,bristol-city-council-local-plan-2,Site Allocations and Development Management Policies Local Plan,,bristol-city-council-local-plan,site-allocations,https://www.bristol.gov.uk/localplan,,2025-12-09,,,
3802485,bristol-city-council-local-plan-3,Bristol Central Area Plan,,bristol-city-council-local-plan,area-action-plan,https://www.bristol.gov.uk/localplan,,2025-12-09,,,
3802486,bristol-city-council-local-plan-4,West of England Joint Waste Core Strategy,,bristol-city-council-local-plan,minerals-and-waste-plan,https://www.bristol.gov.uk/localplan,,2025-12-09,,,
3802487,bristol-city-council-local-plan-5,Interactive Local Plan Policies Map,,bristol-city-council-local-plan,policies-map,https://www.bristol.gov.uk/localplan,,2025-12-09,,,
3802488,london-borough-of-havering-local-plan-2016-1,Havering Adoption Statement,,london-borough-of-havering-local-plan-2016,adoption-statement,https://www.havering.gov.uk/planning-3/planning-policy/6,https://www.havering.gov.uk/downloads/file/5821/local-plan-2016---2031-adoption-statement-2021,2025-12-09,,,
3802489,london-borough-of-havering-local-plan-2016-2,Havering Local Plan Sustainability Appraisal Adoption Statement November 2021,,london-borough-of-havering-local-plan-2016,adoption-statement,https://www.havering.gov.uk/planning-3/planning-policy/6,https://www.havering.gov.uk/downloads/file/5822/local-plan-2016---2031-sustainability-appraisal-adoption-statement-2021,2025-12-09,,,
3802490,london-borough-of-havering-local-plan-2016-3,Havering Inspector's Report October 2021,,london-borough-of-havering-local-plan-2016,inspectors-report,https://www.havering.gov.uk/planning-3/planning-policy/6,https://www.havering.gov.uk/downloads/file/5227/havering-inspectors-report-october-2021,2025-12-09,,,
3802491,london-borough-of-havering-local-plan-2016-4,Archived Documents from the Local Plan Examination,,london-borough-of-havering-local-plan-2016,examination-hearing-statement,https://www.havering.gov.uk/planning-3/planning-policy/6,https://www.havering.gov.uk/downloads/file/5789/archived-documents-from-the-local-plan-examination,2025-12-09,,,
3802492,london-borough-of-havering-local-plan-1,Havering Character Study document,,london-borough-of-havering-local-plan,local-plan,https://www.havering.gov.uk/localplan,https://www.havering.gov.uk/downloads/file/6745/havering-character-study-final-report,2025-12-09,,,
3802493,london-borough-of-havering-local-plan-2,Havering Character Study - Appendix 1,,london-borough-of-havering-local-plan,local-plan,https://www.havering.gov.uk/localplan,https://www.havering.gov.uk/downloads/file/6746/havering-character-study-appendix-1,2025-12-09,,,
3802494,london-borough-of-havering-local-plan-3,Havering Character Study - Appendix 2,,london-borough-of-havering-local-plan,local-plan,https://www.havering.gov.uk/localplan,https://www.havering.gov.uk/downloads/file/6743/havering-character-study-appendix-2,2025-12-09,,,
3802495,london-borough-of-havering-local-plan-4,Havering Character Study - Appendix 3,,london-borough-of-havering-local-plan,local-plan,https://www.havering.gov.uk/localplan,https://www.havering.gov.uk/downloads/file/6744/havering-character-study-appendix-3,2025-12-09,,,
3802496,london-borough-of-havering-local-plan-5,Havering Character Study - Appendix 4,,london-borough-of-havering-local-plan,local-plan,https://www.havering.gov.uk/localplan,https://www.havering.gov.uk/downloads/file/6742/havering-character-study-appendix-4,2025-12-09,,,
3802497,london-borough-of-havering-local-plan-6,Employment Land Review,,london-borough-of-havering-local-plan,employment-land-review,https://www.havering.gov.uk/localplan,https://www.havering.gov.uk/downloads/file/6712/employment-land-review-report,2025-12-09,,,
3802498,london-borough-of-havering-local-plan-7,Employment Land Review Appendix A – Cluster Summary Report,,london-borough-of-havering-local-plan,employment-land-review,https://www.havering.gov.uk/localplan,https://www.havering.gov.uk/downloads/file/6711/employment-land-review-appendix-a-cluster-summary-report,2025-12-09,,,
3802499,london-borough-of-havering-local-plan-8,Havering Archaeological Priority Areas Report,,london-borough-of-havering-local-plan,local-plan,https://www.havering.gov.uk/localplan,https://www.havering.gov.uk/downloads/file/6708/havering-archaeological-priority-areas-report,2025-12-09,,,
3802500,london-borough-of-havering-local-plan-9,Strategic Housing Market Assessment,,london-borough-of-havering-local-plan,strategic-housing-market-assessment,https://www.havering.gov.uk/localplan,https://www.havering.gov.uk/downloads/file/6476/strategic-housing-market-assessment-shma-2023,2025-12-09,,,
3802501,london-borough-of-havering-local-plan-10,Open Space Assessment,,london-borough-of-havering-local-plan,local-plan,https://www.havering.gov.uk/localplan,https://www.havering.gov.uk/downloads/file/6710/open-space-assessment,2025-12-09,,,
3802502,london-borough-of-havering-local-plan-11,Indoor Sports - Needs assessment,,london-borough-of-havering-local-plan,local-plan,https://www.havering.gov.uk/localplan,https://www.havering.gov.uk/downloads/file/6948/indoor-sports-needs-assessment,2025-12-09,,,
3802503,london-borough-of-havering-local-plan-12,Indoor Sports - Strategy and Action Plan,,london-borough-of-havering-local-plan,local-plan,https://www.havering.gov.uk/localplan,https://www.havering.gov.uk/downloads/file/6946/indoor-sports-strategy-and-action-plan,2025-12-09,,,
3802504,london-borough-of-havering-local-plan-13,Playing Pitch and Outdoor Sports - Needs assessment,,london-borough-of-havering-local-plan,local-plan,https://www.havering.gov.uk/localplan,https://www.havering.gov.uk/downloads/file/6949/playing-pitch-and-outdoor-sports-needs-assessment,2025-12-09,,,
3802505,london-borough-of-havering-local-plan-14,Playing Pitch and Outdoor Sports - Strategy and Action Plan,,london-borough-of-havering-local-plan,local-plan,https://www.havering.gov.uk/localplan,https://www.havering.gov.uk/downloads/file/6947/playing-pitch-and-outdoor-sports-strategy-and-action-plan,2025-12-09,,,
3802506,london-borough-of-havering-local-plan-15,Retail and Town Centre Study,,london-borough-of-havering-local-plan,retail-and-town-centre-study,https://www.havering.gov.uk/localplan,https://www.havering.gov.uk/downloads/file/6709/retail-and-town-centres-study,2025-12-09,,,
3802507,london-borough-of-havering-local-plan-16,Retail and Town Centre Study Volume B – Capacity Assessment,,london-borough-of-havering-local-plan,retail-and-town-centre-study,https://www.havering.gov.uk/localplan,https://www.havering.gov.uk/downloads/file/7030/havering-rtcs-final-volume-b-capacity-assessment,2025-12-09,,,
3802508,london-borough-of-havering-local-plan-17,Retail and Town Centre Study Volume C – Health Checks,,london-borough-of-havering-local-plan,retail-and-town-centre-study,https://www.havering.gov.uk/localplan,https://www.havering.gov.uk/downloads/file/7031/havering-rtcs-final-volume-c-health-checks,2025-12-09,,,
3802509,london-borough-of-havering-local-plan-18,Retail and Town Centre Study Volume D – Household Survey,,london-borough-of-havering-local-plan,retail-and-town-centre-study,https://www.havering.gov.uk/localplan,https://www.havering.gov.uk/downloads/file/7032/havering-rtcs-final-volume-d-household-survey,2025-12-09,,,
3802510,bassetlaw-district-council-local-plan-2020-1,"Bassetlaw Local Plan 2020-2038, adopted May 2024",,bassetlaw-district-council-local-plan-2020,local-plan,https://www.bassetlaw.gov.uk/planning-and-building-control/planning-policy/bassetlaw-local-plan-2020-2038/bassetlaw-local-plan-2020-2038/,https://www.bassetlaw.gov.uk/media/gn1kjm1b/adopted-bassetlaw-local-plan-2020-2038.pdf,2025-12-09,,,
3802511,bassetlaw-district-council-local-plan-2020-2,Bassetlaw Local Plan SA Adoption Statement,,bassetlaw-district-council-local-plan-2020,adoption-statement,https://www.bassetlaw.gov.uk/planning-and-building-control/planning-policy/bassetlaw-local-plan-2020-2038/bassetlaw-local-plan-2020-2038/,https://www.bassetlaw.gov.uk/media/bbupnmig/appendix-4-bassetlaw-sa-adoption-statement.pdf,2025-12-09,,,
3802512,bassetlaw-district-council-local-plan-2020-3,Inspector's Report,,bassetlaw-district-council-local-plan-2020,inspectors-report,https://www.bassetlaw.gov.uk/planning-and-building-control/planning-policy/bassetlaw-local-plan-2020-2038/inspectors-report/,https://www.bassetlaw.gov.uk/media/odyagazv/bassetlaw-lp-inspectors-report-final.pdf,2025-12-09,,,
3802513,bassetlaw-district-council-local-plan-2020-4,Inspector's Report: Main Modifications Appendix 1,,bassetlaw-district-council-local-plan-2020,inspectors-report,https://www.bassetlaw.gov.uk/planning-and-building-control/planning-policy/bassetlaw-local-plan-2020-2038/inspectors-report/,https://www.bassetlaw.gov.uk/media/2rpbhv5c/bassetlaw-lp-main-mods-appendix-final.pdf,2025-12-09,,,
3802514,bassetlaw-district-council-local-plan-2020-5,Full version - district,,bassetlaw-district-council-local-plan-2020,local-plan,https://www.bassetlaw.gov.uk/planning-and-building-control/planning-policy/bassetlaw-local-plan-2020-2038/bassetlaw-local-plan-2020-2038-adoption/bassetlaw-local-plan-policies-map/,https://www.bassetlaw.gov.uk/media/rpubkcae/bassetlaw.pdf,2025-12-09,,,
3802515,bassetlaw-district-council-local-plan-2020-6,Worksop,,bassetlaw-district-council-local-plan-2020,local-plan,https://www.bassetlaw.gov.uk/planning-and-building-control/planning-policy/bassetlaw-local-plan-2020-2038/bassetlaw-local-plan-2020-2038-adoption/bassetlaw-local-plan-policies-map/,https://www.bassetlaw.gov.uk/media/2qgh1tvt/worksop.pdf,2025-12-09,,,
3802516,bassetlaw-district-council-local-plan-2020-7,Worksop inset,,bassetlaw-district-council-local-plan-2020,local-plan,https://www.bassetlaw.gov.uk/planning-and-building-control/planning-policy/bassetlaw-local-plan-2020-2038/bassetlaw-local-plan-2020-2038-adoption/bassetlaw-local-plan-policies-map/,https://www.bassetlaw.gov.uk/media/hygjcz5a/worksop-inset.pdf,2025-12-09,,,
3802517,bassetlaw-district-council-local-plan-2020-8,Retford,,bassetlaw-district-council-local-plan-2020,local-plan,https://www.bassetlaw.gov.uk/planning-and-building-control/planning-policy/bassetlaw-local-plan-2020-2038/bassetlaw-local-plan-2020-2038-adoption/bassetlaw-local-plan-policies-map/,https://www.bassetlaw.gov.uk/media/mi1lkj5h/retford.pdf,2025-12-09,,,
3802518,bassetlaw-district-council-local-plan-2020-9,Retford inset,,bassetlaw-district-council-local-plan-2020,local-plan,https://www.bassetlaw.gov.uk/planning-and-building-control/planning-policy/bassetlaw-local-plan-2020-2038/bassetlaw-local-plan-2020-2038-adoption/bassetlaw-local-plan-policies-map/,https://www.bassetlaw.gov.uk/media/embbit4u/retford-inset.pdf,2025-12-09,,,
3802519,bassetlaw-district-council-local-plan-2020-10,Harworth & Bircotes,,bassetlaw-district-council-local-plan-2020,local-plan,https://www.bassetlaw.gov.uk/planning-and-building-control/planning-policy/bassetlaw-local-plan-2020-2038/bassetlaw-local-plan-2020-2038-adoption/bassetlaw-local-plan-policies-map/,https://www.bassetlaw.gov.uk/media/j1ajyhfu/harworth.pdf,2025-12-09,,,
3802520,bassetlaw-district-council-local-plan-2020-11,Blyth,,bassetlaw-district-council-local-plan-2020,local-plan,https://www.bassetlaw.gov.uk/planning-and-building-control/planning-policy/bassetlaw-local-plan-2020-2038/bassetlaw-local-plan-2020-2038-adoption/bassetlaw-local-plan-policies-map/,https://www.bassetlaw.gov.uk/media/adxkrvvl/blyth.pdf,2025-12-09,,,
3802521,bassetlaw-district-council-local-plan-2020-12,Carlton-in-Lindrick,,bassetlaw-district-council-local-plan-2020,local-plan,https://www.bassetlaw.gov.uk/planning-and-building-control/planning-policy/bassetlaw-local-plan-2020-2038/bassetlaw-local-plan-2020-2038-adoption/bassetlaw-local-plan-policies-map/,https://www.bassetlaw.gov.uk/media/xjbk0dj2/carlton.pdf,2025-12-09,,,
3802522,bassetlaw-district-council-local-plan-2020-13,Langold,,bassetlaw-district-council-local-plan-2020,local-plan,https://www.bassetlaw.gov.uk/planning-and-building-control/planning-policy/bassetlaw-local-plan-2020-2038/bassetlaw-local-plan-2020-2038-adoption/bassetlaw-local-plan-policies-map/,https://www.bassetlaw.gov.uk/media/lvkjhykn/langold.pdf,2025-12-09,,,
3802523,bassetlaw-district-council-local-plan-2020-14,Misterton,,bassetlaw-district-council-local-plan-2020,local-plan,https://www.bassetlaw.gov.uk/planning-and-building-control/planning-policy/bassetlaw-local-plan-2020-2038/bassetlaw-local-plan-2020-2038-adoption/bassetlaw-local-plan-policies-map/,https://www.bassetlaw.gov.uk/media/1dwju1ld/misterton.pdf,2025-12-09,,,
3802524,bassetlaw-district-council-local-plan-2020-15,Tuxford,,bassetlaw-district-council-local-plan-2020,local-plan,https://www.bassetlaw.gov.uk/planning-and-building-control/planning-policy/bassetlaw-local-plan-2020-2038/bassetlaw-local-plan-2020-2038-adoption/bassetlaw-local-plan-policies-map/,https://www.bassetlaw.gov.uk/media/aufn3le4/tuxford.pdf,2025-12-09,,,
3802525,bassetlaw-district-council-local-plan-2020-16,Apleyhead Junction,,bassetlaw-district-council-local-plan-2020,local-plan,https://www.bassetlaw.gov.uk/planning-and-building-control/planning-policy/bassetlaw-local-plan-2020-2038/bassetlaw-local-plan-2020-2038-adoption/bassetlaw-local-plan-policies-map/,https://www.bassetlaw.gov.uk/media/hccotuap/apleyhead.pdf,2025-12-09,,,
3802526,lichfield-district-council-local-plan-2043-1,Local Plan 2043 Issues and Options,,lichfield-district-council-local-plan-2043,local-plan,https://www.lichfielddc.gov.uk/planning-policy/local-plan-review/1,https://www.lichfielddc.gov.uk/downloads/file/2659/local-plan-2043-issues-options,2025-12-09,,,
3802527,lichfield-district-council-local-plan-2043-2,Issues and Options Spatial Portrait,,lichfield-district-council-local-plan-2043,local-plan,https://www.lichfielddc.gov.uk/planning-policy/local-plan-review/1,https://www.lichfielddc.gov.uk/downloads/file/2644/local-plan-2043-issues-and-options-spatial-portrait,2025-12-09,,,
3802528,lichfield-district-council-local-plan-2043-3,Sustainability Appraisal Report Local Plan 2043 Issues and Options,,lichfield-district-council-local-plan-2043,sustainability-appraisal,https://www.lichfielddc.gov.uk/planning-policy/local-plan-review/1,https://www.lichfielddc.gov.uk/downloads/file/2651/sustainability-appraisal-report-local-plan-2043-issues-and-options,2025-12-09,,,
3802529,lichfield-district-council-local-plan-2043-4,Habitat Regulations Assessment Local Plan 2043 Issues and Options,,lichfield-district-council-local-plan-2043,local-plan,https://www.lichfielddc.gov.uk/planning-policy/local-plan-review/1,https://www.lichfielddc.gov.uk/downloads/file/2645/habitat-regualtions-assessment-local-plan-2043-issues-and-options,2025-12-09,,,
3802530,lichfield-district-council-local-plan-2043-5,Equality Impact Assessment Local Plan 2043 Issues and Options,,lichfield-district-council-local-plan-2043,equalities-impact-assessment,https://www.lichfielddc.gov.uk/planning-policy/local-plan-review/1,https://www.lichfielddc.gov.uk/downloads/file/2658/equality-impact-assessment-local-plan-2043-issues-and-options,2025-12-09,,,
3802531,lichfield-district-council-local-plan-2008-1,Local Plan Strategy Document,,lichfield-district-council-local-plan-2008,local-plan,https://www.lichfielddc.gov.uk/planning-policy/adopted-local-plan,https://www.lichfielddc.gov.uk/downloads/file/235/local-plan-strategy,2025-12-09,,,
3802532,lichfield-district-council-local-plan-2008-2,Local Plan Policies Maps,,lichfield-district-council-local-plan-2008,policies-map,https://www.lichfielddc.gov.uk/planning-policy/adopted-local-plan,https://www.lichfielddc.gov.uk/downloads/file/2780/local-plan-policies-map-current-full-booklet,2025-12-09,,,
3802533,lichfield-district-council-local-plan-2008-3,Local Plan Allocations 2008-2029,,lichfield-district-council-local-plan-2008,local-plan-adopted,https://www.lichfielddc.gov.uk/performance-efficiency/adopted-local-plan/3,https://www.lichfielddc.gov.uk/downloads/file/1228/local-plan-allocations-adopted,2025-12-09,,,
3802534,lichfield-district-council-local-plan-2008-4,Local Plan Allocations Adoption Statement,,lichfield-district-council-local-plan-2008,adoption-statement,https://www.lichfielddc.gov.uk/performance-efficiency/adopted-local-plan/3,https://www.lichfielddc.gov.uk/downloads/file/1230/local-plan-allocations-adoption-statement,2025-12-09,,,
3802535,lichfield-district-council-local-plan-2008-5,Local Plan Allocations Sustainability Appraisal,,lichfield-district-council-local-plan-2008,sustainability-appraisal,https://www.lichfielddc.gov.uk/performance-efficiency/adopted-local-plan/3,https://www.lichfielddc.gov.uk/downloads/file/1232/local-plan-alloactions-sustinability-appraisal,2025-12-09,,,
3802536,lichfield-district-council-local-plan-2008-6,Sustainability Appraisal Adoption Statement,,lichfield-district-council-local-plan-2008,adoption-statement,https://www.lichfielddc.gov.uk/performance-efficiency/adopted-local-plan/3,https://www.lichfielddc.gov.uk/downloads/file/1234/local-plan-allocations-sustainability-appraisal-adoption-statement,2025-12-09,,,
3802537,lichfield-district-council-local-plan-2008-7,Habitat Regulations Assessment,,lichfield-district-council-local-plan-2008,local-plan,https://www.lichfielddc.gov.uk/performance-efficiency/adopted-local-plan/3,https://www.lichfielddc.gov.uk/downloads/file/1233/local-plan-allocations-habitat-regulations-assessment,2025-12-09,,,
3802538,lichfield-district-council-local-plan-2008-8,Examiners Report on the Examination of the Lichfield District Local Plan Allocations,,lichfield-district-council-local-plan-2008,local-plan,https://www.lichfielddc.gov.uk/performance-efficiency/adopted-local-plan/3,https://www.lichfielddc.gov.uk/downloads/file/1102/report-on-the-examination-of-the-lichfield-district-local-plan-allocations,2025-12-09,,,
3802539,lichfield-district-council-local-plan-2008-9,Appendix to the Examiners Report on the Examination of the Lichfield District Local Plan Allocations,,lichfield-district-council-local-plan-2008,local-plan,https://www.lichfielddc.gov.uk/performance-efficiency/adopted-local-plan/3,https://www.lichfielddc.gov.uk/downloads/file/1664/appendix-report-on-the-examination-of-the-lichfield-district-local-plan-allocations-2008-2029,2025-12-09,,,
3802540,lichfield-district-council-local-plan-2040-1,Local Plan 2040 Withdrawal Statement,,lichfield-district-council-local-plan-2040,local-plan,https://www.lichfielddc.gov.uk/planning-policy/local-plan-examination,https://www.lichfielddc.gov.uk/downloads/file/2407/local-plan-2040-withdrawal-statement,2025-12-09,,,
3802541,lichfield-district-council-local-plan-2040-2,Inspector's Letter Following Plan Withdrawal,,lichfield-district-council-local-plan-2040,local-plan,https://www.lichfielddc.gov.uk/planning-policy/local-plan-examination,https://www.lichfielddc.gov.uk/downloads/file/2408/lichfield-withdrawal-letter,2025-12-09,,,
3802542,west-berkshire-council-local-plan-2023-1,West Berkshire Local Plan Review 2023-2041,,west-berkshire-council-local-plan-2023,local-plan,https://www.westberks.gov.uk/local-plan-review,https://www.westberks.gov.uk/media/64447/West-Berkshire-Local-Plan-Review-2023-2041/pdf/West_Berkshire_Local_Plan_Review_2023-2041_for_web_APPROVED.pdf?m=1756290556437,2025-12-09,,,
3802543,west-berkshire-council-local-plan-2023-2,Policies Map,,west-berkshire-council-local-plan-2023,policies-map,https://www.westberks.gov.uk/local-plan-review,https://www.westberks.gov.uk/media/63649/Policies-Map/pdf/PolicyMapFinal_v8_1b9elbccj66ck.pdf?m=1759499028427,2025-12-09,,,
3802544,west-berkshire-council-local-plan-2023-3,Inspector's Report inc Appendix,,west-berkshire-council-local-plan-2023,inspectors-report,https://www.westberks.gov.uk/local-plan-review,https://www.westberks.gov.uk/media/63647/Inspector-s-Report-inc-Appendix/pdf/Inspectors_Report_inc_Appendix.pdf?m=1749637079183,2025-12-09,,,
3802545,west-berkshire-council-local-plan-2023-4,Local Plan Review Adoption Statement,,west-berkshire-council-local-plan-2023,adoption-statement,https://www.westberks.gov.uk/local-plan-review,https://www.westberks.gov.uk/media/63669/Local-Plan-Review-Adoption-Statement/pdf/LPR_Adoption_Statement.pdf?m=1749715226300,2025-12-09,,,
3802546,west-berkshire-council-local-plan-2023-5,Schedule of Additional Modifications at 30 May 2025,,west-berkshire-council-local-plan-2023,local-plan,https://www.westberks.gov.uk/local-plan-review,https://www.westberks.gov.uk/media/63646/West-Berkshire-Local-Plan-Review-Schedule-of-Additional-Minor-Modifications-at-30-May-2025/pdf/Additional_minor_Modifications_as_at_30_May_2025.pdf?m=1756291881870,2025-12-09,,,
3802547,west-berkshire-council-local-plan-2023-6,Schedule of Additional Modifications from 30 May 2025,,west-berkshire-council-local-plan-2023,local-plan,https://www.westberks.gov.uk/local-plan-review,https://www.westberks.gov.uk/media/64448/West-Berkshire-Local-Plan-Review-Schedule-of-Additional-Minor-Modifications-from-30-May-2025/pdf/Schedule_of_Additional_Modifications_from_30_May_2025_for_sign_off_revised.pdf?m=1756721498413,2025-12-09,,,
3802548,west-berkshire-council-local-plan-2023-7,Sustainability Appraisal / Strategic Environmental Assessment Report,,west-berkshire-council-local-plan-2023,sustainability-appraisal,https://www.westberks.gov.uk/local-plan-review,https://www.westberks.gov.uk/media/63650/SA-SEA-Report/pdf/SA_SEA_Report.pdf?m=1749637079807,2025-12-09,,,
3802549,west-berkshire-council-local-plan-2023-8,Sustainability Appraisal Post Adoption Statement,,west-berkshire-council-local-plan-2023,adoption-statement,https://www.westberks.gov.uk/local-plan-review,https://www.westberks.gov.uk/media/63670/LPR-SA-Post-Adoption-Statement/pdf/SA_Post_Adoption_Statement.pdf?m=1749715257520,2025-12-09,,,
3802550,west-berkshire-council-local-plan-2023-9,Habitats Regulations Assessment: Addendum of Proposed Modifications,,west-berkshire-council-local-plan-2023,habitats-regulations-assessment,https://www.westberks.gov.uk/local-plan-review,https://www.westberks.gov.uk/media/63645/Addendum-to-HRA/pdf/Addendum_to_HRA.pdf?m=1749637078787,2025-12-09,,,
3802551,west-berkshire-council-local-plan-1,South East Plan Natural Resource Management Policy 6,,west-berkshire-council-local-plan,local-plan,https://www.westberks.gov.uk/current-development-plan,https://www.westberks.gov.uk/media/45126/South-East-Plan-Policy-NRM6/pdf/South_East_Plan_Policy_NRM6.pdf?m=1705655144750,2025-12-09,,,
3802552,cornwall-council-local-plan-2016-1,Adopted Cornwall Local Plan Strategic Policies,,cornwall-council-local-plan-2016,core-strategy,https://www.cornwall.gov.uk/localplan,https://www.cornwall.gov.uk/media/ozhj5k0z/adopted-local-plan-strategic-policies-2016.pdf,2025-12-09,,,
3802553,cornwall-council-local-plan-2016-2,Cornwall Local Plan: Community Network Area Sections,,cornwall-council-local-plan-2016,local-plan,https://www.cornwall.gov.uk/localplan,https://www.cornwall.gov.uk/media/2eyh5ode/cornwall-local-plan-community-network-area-sections.pdf,2025-12-09,,,
3802554,cornwall-council-local-plan-2016-3,Cornwall Local Plan Policies Map,,cornwall-council-local-plan-2016,policies-map,https://www.cornwall.gov.uk/planning-and-building-control/planning-policy/adopted-plans/cornwall-local-plan-maps/,https://www.cornwall.gov.uk/media/hzrlqgap/cornwall-local-plan-policies-map.pdf,2025-12-09,,,
3802555,cornwall-council-local-plan-2016-4,Statement of Adoption,,cornwall-council-local-plan-2016,adoption-statement,https://www.cornwall.gov.uk/localplan,https://www.cornwall.gov.uk/media/nhrc4nsn/statement-of-adoption.pdf,2025-12-09,,,
3802556,cornwall-council-local-plan-2016-5,Cornwall Local Plan Sustainability Appraisal Adoption Statement,,cornwall-council-local-plan-2016,adoption-statement,https://www.cornwall.gov.uk/localplan,https://www.cornwall.gov.uk/media/hvkbdhfn/cornwall-local-plan-sustainability-appraisal-adoption-statement.pdf,2025-12-09,,,
3802557,cornwall-council-local-plan-2016-6,Cornwall Local Plan Inspector's Report,,cornwall-council-local-plan-2016,inspectors-report,https://www.cornwall.gov.uk/localplan,https://www.cornwall.gov.uk/media/o1ko2so4/cornwall-local-plan-inspector-s-report-23-september.pdf,2025-12-09,,,
3802558,cornwall-council-local-plan-2016-7,Schedule of Major Modifications,,cornwall-council-local-plan-2016,local-plan,https://www.cornwall.gov.uk/localplan,https://www.cornwall.gov.uk/media/k23lwvlu/schedule-of-major-modifications-september-2016.pdf,2025-12-09,,,
3802559,cornwall-council-local-plan-2016-8,Cornwall Local Plan (2016) Saved Policies,,cornwall-council-local-plan-2016,local-plan,https://www.cornwall.gov.uk/localplan,https://www.cornwall.gov.uk/media/oxxiqk1v/cornwall-local-plan-2016-saved-policies.pdf,2025-12-09,,,
3802560,erewash-borough-council-local-plan-1,Erewash Borough Council Core Strategy Review – Submission Version November 2022,,erewash-borough-council-local-plan,core-strategy,https://www.erewash.gov.uk/planning/planning-information/erewash-core-strategy-review,,2025-12-09,,,
3802561,erewash-borough-council-local-plan-2,Sustainability Appraisal,,erewash-borough-council-local-plan,sustainability-appraisal,https://www.erewash.gov.uk/planning/planning-information/erewash-core-strategy-review,,2025-12-09,,,
3802562,erewash-borough-council-local-plan-3,Evidence Base Library,,erewash-borough-council-local-plan,local-plan,https://www.erewash.gov.uk/localplan,,2025-12-09,,,
3802563,erewash-borough-council-local-plan-4,Authorities Monitoring Report,,erewash-borough-council-local-plan,authority-monitoring-report,https://www.erewash.gov.uk/planning/planning-information/erewash-core-strategy-review,,2025-12-09,,,
3802564,erewash-borough-council-local-plan-5,Local Development Scheme,,erewash-borough-council-local-plan,local-development-scheme,https://www.erewash.gov.uk/planning/planning-information/erewash-core-strategy-review,,2025-12-09,,,
3802565,erewash-borough-council-local-plan-6,Habitats Regulation Assessment - Screening Exercise,,erewash-borough-council-local-plan,strategic-environmental-assessment,https://www.erewash.gov.uk/planning/planning-information/erewash-core-strategy-review,,2025-12-09,,,
3802566,birmingham-city-council-local-plan-2011-1,Adopted Birmingham Development Plan 2031,,birmingham-city-council-local-plan-2011,local-plan,https://www.birmingham.gov.uk/downloads/download/1139/adopted_birmingham_development_plan,https://www.birmingham.gov.uk/download/downloads/id/5433/adopted_birmingham_development_plan_2031.pdf,2025-12-09,,,
3802567,birmingham-city-council-local-plan-2011-2,Final adoption statement,,birmingham-city-council-local-plan-2011,adoption-statement,https://www.birmingham.gov.uk/downloads/download/1139/adopted_birmingham_development_plan,https://www.birmingham.gov.uk/download/downloads/id/5431/final_adoption_statement.pdf,2025-12-09,,,
3802568,birmingham-city-council-local-plan-2011-3,Final Revised Sustainability Report June 2015,,birmingham-city-council-local-plan-2011,local-plan,https://www.birmingham.gov.uk/downloads/download/1139/adopted_birmingham_development_plan,https://www.birmingham.gov.uk/download/downloads/id/5432/final_revised_sustainability_report_june_2015.pdf,2025-12-09,,,
3802569,birmingham-city-council-local-plan-2011-4,Sustainability Appraisal Post Adoption Statement,,birmingham-city-council-local-plan-2011,adoption-statement,https://www.birmingham.gov.uk/downloads/download/1139/adopted_birmingham_development_plan,https://www.birmingham.gov.uk/download/downloads/id/5438/sustainability_appraisal_post_adoption_statement.pdf,2025-12-09,,,
3802570,birmingham-city-council-local-plan-2011-5,Green Infrastructure Network,,birmingham-city-council-local-plan-2011,green-and-blue-infrastructure,https://www.birmingham.gov.uk/downloads/download/1139/adopted_birmingham_development_plan,https://www.birmingham.gov.uk/download/downloads/id/10736/green_infrastructure_network.pdf,2025-12-09,,,
3802571,birmingham-city-council-local-plan-2011-6,Gypsy and Traveller Accommodation Assessment 2019,,birmingham-city-council-local-plan-2011,gypsy-and-traveller-assessment,https://www.birmingham.gov.uk/downloads/20054/local_plan_documents,https://www.birmingham.gov.uk/download/downloads/id/1175/gypsy_and_traveller_accommodation_assessment_2019.pdf,2025-12-09,,,
3802572,birmingham-city-council-local-plan-2011-7,Affordable Housing Viability Study Report 2010,,birmingham-city-council-local-plan-2011,viability-assessment,https://www.birmingham.gov.uk/downloads/20054/local_plan_documents,https://www.birmingham.gov.uk/download/downloads/id/1447/affordable_housing_viability_study_report_2010.pdf,2025-12-09,,,
3802573,birmingham-city-council-local-plan-2011-8,Level 1 Strategic Flood Risk Assessment,,birmingham-city-council-local-plan-2011,strategic-flood-risk-assessment,https://www.birmingham.gov.uk/downloads/20054/local_plan_documents,https://www.birmingham.gov.uk/download/downloads/id/1203/level_1_strategic_flood_risk_assessment.pdf,2025-12-09,,,
3802574,birmingham-city-council-local-plan-2011-9,Level 2 Strategic Flood Risk Assessment,,birmingham-city-council-local-plan-2011,strategic-flood-risk-assessment,https://www.birmingham.gov.uk/downloads/20054/local_plan_documents,https://www.birmingham.gov.uk/download/downloads/id/1461/level_2_strategic_flood_risk_assessment.pdf,2025-12-09,,,
3802575,birmingham-city-council-local-plan-1,Big City Plan: Part 1,,birmingham-city-council-local-plan,local-plan,https://www.birmingham.gov.uk/downloads/20054/local_plan_documents,https://www.birmingham.gov.uk/download/downloads/id/1024/big_city_plan_part_1.pdf,2025-12-09,,,
3802576,birmingham-city-council-local-plan-2,Big City Plan: Part 2,,birmingham-city-council-local-plan,local-plan,https://www.birmingham.gov.uk/downloads/20054/local_plan_documents,https://www.birmingham.gov.uk/download/downloads/id/1025/big_city_plan_part_2.pdf,2025-12-09,,,
3802577,birmingham-city-council-local-plan-3,Big City Plan: Boundary map,,birmingham-city-council-local-plan,local-plan,https://www.birmingham.gov.uk/downloads/20054/local_plan_documents,https://www.birmingham.gov.uk/download/downloads/id/843/big_city_plan_boundary_map.pdf,2025-12-09,,,
3802578,lewes-district-council-local-plan-2030-1,Adopted Joint Core Strategy 2016,,lewes-district-council-local-plan-2030,local-plan,https://www.lewes-eastbourne.gov.uk/article/1832/Lewes-District-Core-Strategy-Local-Plan-Part-1,https://www.lewes-eastbourne.gov.uk/media/1718/Adopted-Joint-Core-Strategy-2016/pdf/Adopted_Joint_Core_Strategy_2016.pdf?m=1682440920647,2025-12-09,,,
3802579,lewes-district-council-local-plan-2030-2,Inspectors Final Report March 2016,,lewes-district-council-local-plan-2030,inspectors-report,https://www.lewes-eastbourne.gov.uk/article/1832/Lewes-District-Core-Strategy-Local-Plan-Part-1,https://www.lewes-eastbourne.gov.uk/media/1716/Inspectors-Final-Report-March-2016/pdf/Inspectors_Final_Report_March_2016.pdf?m=1682440919970,2025-12-09,,,
3802580,lewes-district-council-local-plan-2030-3,Inspectors Final Report Appendix March 2016,,lewes-district-council-local-plan-2030,inspectors-report,https://www.lewes-eastbourne.gov.uk/article/1832/Lewes-District-Core-Strategy-Local-Plan-Part-1,https://www.lewes-eastbourne.gov.uk/media/1715/Inspectors-Final-Report-Appendix-March-2016/pdf/Inspectors_Final_Report_Appendix_March_2016.pdf?m=1682440919663,2025-12-09,,,
3802581,lewes-district-council-local-plan-2030-4,Lewes District Council Adoption Statement,,lewes-district-council-local-plan-2030,adoption-statement,https://www.lewes-eastbourne.gov.uk/article/1832/Lewes-District-Core-Strategy-Local-Plan-Part-1,https://www.lewes-eastbourne.gov.uk/media/1717/Lewes-District-Council-Adoption-Statement/pdf/Lewes_District_Council_Adoption_Statement.pdf?m=1682440920360,2025-12-09,,,
3802582,lewes-district-council-local-plan-2030-5,Lewes District Council SA-SEA Post-Adoption Statement,,lewes-district-council-local-plan-2030,adoption-statement,https://www.lewes-eastbourne.gov.uk/article/1832/Lewes-District-Core-Strategy-Local-Plan-Part-1,https://www.lewes-eastbourne.gov.uk/media/1714/Lewes-District-Council-SA-SEA-Post-Adoption-Statement/pdf/Lewes_District_Council_SA-SEA_Post-Adoption_Statement.pdf?m=1682440919363,2025-12-09,,,
3802583,lewes-district-council-local-plan-2030-6,Local Plan Part 2 2020,,lewes-district-council-local-plan-2030,local-plan,https://www.lewes-eastbourne.gov.uk/article/1833/Lewes-District-Local-Plan-Part-2-Site-allocations-and-development-management-policies,https://www.lewes-eastbourne.gov.uk/media/1739/Local-Plan-Part-2-2020/pdf/Local_Plan_Part_2_2020.pdf?m=1682441636643,2025-12-09,,,
3802584,lewes-district-council-local-plan-2030-7,Adoption Statement,,lewes-district-council-local-plan-2030,adoption-statement,https://www.lewes-eastbourne.gov.uk/article/1833/Lewes-District-Local-Plan-Part-2-Site-allocations-and-development-management-policies,https://www.lewes-eastbourne.gov.uk/media/1740/Adoption-Statement/pdf/Adoption_Statement.pdf?m=1682441636750,2025-12-09,,,
3802585,lewes-district-council-local-plan-2030-8,LPP2 Equality and Fairness Analysis,,lewes-district-council-local-plan-2030,local-plan,https://www.lewes-eastbourne.gov.uk/article/1833/Lewes-District-Local-Plan-Part-2-Site-allocations-and-development-management-policies,https://www.lewes-eastbourne.gov.uk/media/1719/LPP2-Equality-and-Fairness-Analysis/pdf/LPP2_Equality_and_Fairness_Analysis.pdf?m=1682441633143,2025-12-09,,,
3802586,lewes-district-council-local-plan-2030-9,Policies Map - District Overview - Adoption Version,,lewes-district-council-local-plan-2030,policies-map,https://www.lewes-eastbourne.gov.uk/article/1833/Lewes-District-Local-Plan-Part-2-Site-allocations-and-development-management-policies,https://www.lewes-eastbourne.gov.uk/media/1738/Policies-Map-District-Overview-Adoption-Version/pdf/Policies_Map_-_District_Overview_-_Adoption_Version.pdf?m=1682441636440,2025-12-09,,,
3802587,lewes-district-council-local-plan-2030-10,Sustainability Appraisal 2020,,lewes-district-council-local-plan-2030,sustainability-appraisal,https://www.lewes-eastbourne.gov.uk/article/1833/Lewes-District-Local-Plan-Part-2-Site-allocations-and-development-management-policies,https://www.lewes-eastbourne.gov.uk/media/1721/Sustainability-Appraisal-2020/pdf/Sustainability_Appraisal_2020.pdf?m=1682441633550,2025-12-09,,,
3802588,lewes-district-council-local-plan-2030-11,Strategic Environmental Assessment Adoption Statement,,lewes-district-council-local-plan-2030,adoption-statement,https://www.lewes-eastbourne.gov.uk/article/1833/Lewes-District-Local-Plan-Part-2-Site-allocations-and-development-management-policies,https://www.lewes-eastbourne.gov.uk/media/1722/Strategic-Environmental-Assessment-Adoption-Statement/pdf/Strategic_Environmental_Assessment_Adoption_Statement.pdf?m=1682441633737,2025-12-09,,,
3802589,lewes-district-council-local-plan-2030-12,The Habitat Regulations Assessment 2018,,lewes-district-council-local-plan-2030,local-plan,https://www.lewes-eastbourne.gov.uk/article/1833/Lewes-District-Local-Plan-Part-2-Site-allocations-and-development-management-policies,https://www.lewes-eastbourne.gov.uk/media/1720/The-Habitat-Regulations-Assessment-2018/pdf/The_Habitat_Regulations_Assessment_2018.pdf?m=1682441633347,2025-12-09,,,
3802590,lewes-district-council-local-plan-2030-13,Local Plan Part 2 Inspector's Final Report December 2019,,lewes-district-council-local-plan-2030,inspectors-report,https://www.lewes-eastbourne.gov.uk/article/1833/Lewes-District-Local-Plan-Part-2-Site-allocations-and-development-management-policies,https://www.lewes-eastbourne.gov.uk/media/2535/Local-Plan-Part-2-Inspector-s-Final-Report-December-2019/pdf/Local_Plan_Part_2_Inspectors_Final_Report_December_2019.pdf?m=1685704401517,2025-12-09,,,
3802591,lewes-district-council-local-plan-2030-14,Local Plan Part 2 Inspector's Final Report December 2019 - Appendix,,lewes-district-council-local-plan-2030,inspectors-report,https://www.lewes-eastbourne.gov.uk/article/1833/Lewes-District-Local-Plan-Part-2-Site-allocations-and-development-management-policies,https://www.lewes-eastbourne.gov.uk/media/2534/Local-Plan-Part-2-Inspector-s-Final-Report-December-2019-Appendix/pdf/Local_Plan_Part_2_Inspectors_Final_Report_Appendix_December_2019.pdf?m=1685980058603,2025-12-09,,,
3802592,south-norfolk-district-council-local-plan-2018-1,The Strategy,,south-norfolk-district-council-local-plan-2018,local-plan,https://www.gnlp.org.uk/local-plan-examination-local-plan-examination-document-library/j-inspectors-report-and-adoption,https://www.gnlp.org.uk/sites/gnlp/files/2024-12/Adopted_GNLP_2024_STRATEGY_final_24-10-18_0.pdf,2025-12-09,,,
3802593,south-norfolk-district-council-local-plan-2018-2,Strategic Sites,,south-norfolk-district-council-local-plan-2018,site-allocations,https://www.gnlp.org.uk/local-plan-examination-local-plan-examination-document-library/j-inspectors-report-and-adoption,https://www.gnlp.org.uk/sites/gnlp/files/2024-04/2.%20Strategic%20Sites.pdf,2025-12-09,,,
3802594,south-norfolk-district-council-local-plan-2018-3,Norwich,,south-norfolk-district-council-local-plan-2018,site-allocations,https://www.gnlp.org.uk/local-plan-examination-local-plan-examination-document-library/j-inspectors-report-and-adoption,https://www.gnlp.org.uk/sites/gnlp/files/2024-04/3.%20Norwich.pdf,2025-12-09,,,
3802595,south-norfolk-district-council-local-plan-2018-4,Urban Fringe,,south-norfolk-district-council-local-plan-2018,site-allocations,https://www.gnlp.org.uk/local-plan-examination-local-plan-examination-document-library/j-inspectors-report-and-adoption,https://www.gnlp.org.uk/sites/gnlp/files/2024-04/4.%20Urban%20Fringe.pdf,2025-12-09,,,
3802596,south-norfolk-district-council-local-plan-2018-5,Main Towns,,south-norfolk-district-council-local-plan-2018,site-allocations,https://www.gnlp.org.uk/local-plan-examination-local-plan-examination-document-library/j-inspectors-report-and-adoption,https://www.gnlp.org.uk/sites/gnlp/files/2024-04/5.%20Main%20Towns.pdf,2025-12-09,,,
3802597,south-norfolk-district-council-local-plan-2018-6,Key Service Centres,,south-norfolk-district-council-local-plan-2018,site-allocations,https://www.gnlp.org.uk/local-plan-examination-local-plan-examination-document-library/j-inspectors-report-and-adoption,https://www.gnlp.org.uk/sites/gnlp/files/2024-04/6.%20Key%20Service%20Centres.pdf,2025-12-09,,,
3802598,south-norfolk-district-council-local-plan-2018-7,Broadland Villages,,south-norfolk-district-council-local-plan-2018,site-allocations,https://www.gnlp.org.uk/local-plan-examination-local-plan-examination-document-library/j-inspectors-report-and-adoption,https://www.gnlp.org.uk/sites/gnlp/files/2024-04/7.%20Broadland%20Villages.pdf,2025-12-09,,,
3802599,south-norfolk-district-council-local-plan-2018-8,South Norfolk Non-Residential,,south-norfolk-district-council-local-plan-2018,site-allocations,https://www.gnlp.org.uk/local-plan-examination-local-plan-examination-document-library/j-inspectors-report-and-adoption,https://www.gnlp.org.uk/sites/gnlp/files/2024-04/8.%20South%20Norfolk%20Non-Residential.pdf,2025-12-09,,,
3802600,south-norfolk-district-council-local-plan-2018-9,Gypsy and Traveller Sites,,south-norfolk-district-council-local-plan-2018,gypsy-and-traveller-assessment,https://www.gnlp.org.uk/local-plan-examination-local-plan-examination-document-library/j-inspectors-report-and-adoption,https://www.gnlp.org.uk/sites/gnlp/files/2024-04/9.%20Gypsy%20and%20Traveller%20Sites.pdf,2025-12-09,,,
3802601,south-norfolk-district-council-local-plan-2018-10,The Monitoring Framework,,south-norfolk-district-council-local-plan-2018,authority-monitoring-report,https://www.gnlp.org.uk/local-plan-examination-local-plan-examination-document-library/j-inspectors-report-and-adoption,https://www.gnlp.org.uk/sites/gnlp/files/2024-04/Part%203%20The%20Monitoring%20Framework.pdf,2025-12-09,,,
3802602,south-norfolk-district-council-local-plan-2018-11,GNLP Inspectors' Report,,south-norfolk-district-council-local-plan-2018,inspectors-report,https://www.gnlp.org.uk/local-plan-examination-local-plan-examination-document-library/j-inspectors-report-and-adoption,https://www.gnlp.org.uk/sites/gnlp/files/2024-04/GNLP%20Inspectors%27%20Report.pdf,2025-12-09,,,
3802603,south-norfolk-district-council-local-plan-2018-12,South Norfolk Council Adoption Statement,,south-norfolk-district-council-local-plan-2018,adoption-statement,https://www.gnlp.org.uk/local-plan-examination-local-plan-examination-document-library/j-inspectors-report-and-adoption,https://www.gnlp.org.uk/sites/gnlp/files/2024-04/South%20Norfolk%20Council%20Adoption%20Statement.pdf,2025-12-09,,,
3802604,south-norfolk-district-council-local-plan-2018-13,South Norfolk Policies Map Booklet,,south-norfolk-district-council-local-plan-2018,policies-map,https://www.gnlp.org.uk/local-plan-examination-local-plan-examination-document-library/j-inspectors-report-and-adoption,https://www.gnlp.org.uk/sites/gnlp/files/2024-04/South%20Norfolk%20Policies%20Map%20Booklet.pdf,2025-12-09,,,
3802605,south-norfolk-district-council-local-plan-2018-14,Sustainability Appraisal of the Greater Norwich Local Plan (2018-2038) Post Adoption Statement,,south-norfolk-district-council-local-plan-2018,sustainability-appraisal,https://www.gnlp.org.uk/local-plan-examination-local-plan-examination-document-library/j-inspectors-report-and-adoption,https://www.gnlp.org.uk/sites/gnlp/files/2024-04/Sustainability%20Appraisal%20of%20the%20Greater%20Norwich%20Local%20Plan%20%282018-2038%29%20Post%20Adoption%20Statement.pdf,2025-12-09,,,
3802606,south-norfolk-district-council-local-plan-2008-1,"Joint Core Strategy for Broadland, Norwich and South Norfolk",,south-norfolk-district-council-local-plan-2008,core-strategy,https://www.gnlp.org.uk/node/30,https://www.gnlp.org.uk/sites/gnlp/files/2021-01/JCS-adopted-doc-2014.pdf,2025-12-09,,,
3802607,south-norfolk-district-council-local-plan-2008-2,"Inspector's Report On The Examination Into The Joint Core Strategy For Broadland, Norwich And South Norfolk, The Broadland Part",,south-norfolk-district-council-local-plan-2008,inspectors-report,https://www.gnlp.org.uk/node/30,https://www.gnlp.org.uk/sites/gnlp/files/2021-01/Final-Greater-Norwich-Report.pdf,2025-12-09,,,
3802608,south-norfolk-district-council-local-plan-2008-3,South Norfolk,,south-norfolk-district-council-local-plan-2008,adoption-statement,https://www.gnlp.org.uk/node/30,https://www.gnlp.org.uk/sites/gnlp/files/2021-01/JCS-Adoption-statement-South-Norfolk-FINAL.pdf,2025-12-09,,,
3802609,south-norfolk-district-council-local-plan-2008-4,HRA Supplementary Statement July 2012,,south-norfolk-district-council-local-plan-2008,habitats-regulations-assessment,https://www.gnlp.org.uk/node/30,https://www.gnlp.org.uk/sites/gnlp/files/2021-01/PSJCS-5-HRA-Supplementary-Statement-and-Report.pdf,2025-12-09,,,
3802610,cheshire-east-council-local-plan-2010-1,Infrastructure Delivery Plan Update,,cheshire-east-council-local-plan-2010,infrastructure-delivery-plan,https://www.cheshireeast.gov.uk/localplan,https://www.cheshireeast.gov.uk/pdf/planning/spatial-planning/idp-july-16-update.pdf,2025-12-09,,,
3802611,cheshire-east-council-local-plan-1,Issues paper for the new local plan,,cheshire-east-council-local-plan,local-plan,https://www.cheshireeast.gov.uk/newlocalplan,https://www.cheshireeast.gov.uk/pdf/planning/spatial-planning/issues-paper/new-local-plan-issues-paper.pdf,2025-12-09,,,
3802612,cheshire-east-council-local-plan-2,report of consultation,,cheshire-east-council-local-plan,local-plan,https://www.cheshireeast.gov.uk/newlocalplan,https://www.cheshireeast.gov.uk/pdf/planning/spatial-planning/issues-paper/celp-issues-roc.pdf,2025-12-09,,,
3802613,cheshire-east-council-local-plan-3,Responding to the climate emergency topic paper,,cheshire-east-council-local-plan,local-plan,https://www.cheshireeast.gov.uk/newlocalplan,https://www.cheshireeast.gov.uk/pdf/planning/spatial-planning/issues-paper/responding-to-the-climate-emergency-topic-paper.pdf,2025-12-09,,,
3802614,cheshire-east-council-local-plan-4,Healthy and safe communities topic paper,,cheshire-east-council-local-plan,local-plan,https://www.cheshireeast.gov.uk/newlocalplan,https://www.cheshireeast.gov.uk/pdf/planning/spatial-planning/issues-paper/healthy-and-safe-communities-topic-paper.pdf,2025-12-09,,,
3802615,cheshire-east-council-local-plan-5,Design topic paper,,cheshire-east-council-local-plan,local-plan,https://www.cheshireeast.gov.uk/newlocalplan,https://www.cheshireeast.gov.uk/pdf/planning/spatial-planning/issues-paper/design-topic-paper.pdf,2025-12-09,,,
3802616,cheshire-east-council-local-plan-6,Our natural environment topic paper,,cheshire-east-council-local-plan,local-plan,https://www.cheshireeast.gov.uk/newlocalplan,https://www.cheshireeast.gov.uk/pdf/planning/spatial-planning/issues-paper/our-natural-environment-topic-paper.pdf,2025-12-09,,,
3802617,cheshire-east-council-local-plan-7,Homes for everyone topic paper,,cheshire-east-council-local-plan,local-plan,https://www.cheshireeast.gov.uk/newlocalplan,https://www.cheshireeast.gov.uk/pdf/planning/spatial-planning/issues-paper/homes-for-everyone-topic-paper.pdf,2025-12-09,,,
3802618,cheshire-east-council-local-plan-8,Town centres and retail topic paper,,cheshire-east-council-local-plan,retail-and-town-centre-study,https://www.cheshireeast.gov.uk/newlocalplan,https://www.cheshireeast.gov.uk/pdf/planning/spatial-planning/issues-paper/town-centres-and-retail-topic-paper.pdf,2025-12-09,,,
3802619,cheshire-east-council-local-plan-9,"Jobs, skills and economy topic paper",,cheshire-east-council-local-plan,local-plan,https://www.cheshireeast.gov.uk/newlocalplan,https://www.cheshireeast.gov.uk/pdf/planning/spatial-planning/issues-paper/jobs-skills-and-economy-topic-paper.pdf,2025-12-09,,,
3802620,cheshire-east-council-local-plan-10,Transport and infrastructure topic paper,,cheshire-east-council-local-plan,local-plan,https://www.cheshireeast.gov.uk/newlocalplan,https://www.cheshireeast.gov.uk/pdf/planning/spatial-planning/issues-paper/transport-and-infrastructure-topic-paper.pdf,2025-12-09,,,
3802621,cheshire-east-council-local-plan-11,Historic environment topic paper,,cheshire-east-council-local-plan,local-plan,https://www.cheshireeast.gov.uk/newlocalplan,https://www.cheshireeast.gov.uk/pdf/planning/spatial-planning/issues-paper/historic-environment-topic-paper.pdf,2025-12-09,,,
3802622,cheshire-east-council-local-plan-12,Towns and villages topic paper,,cheshire-east-council-local-plan,local-plan,https://www.cheshireeast.gov.uk/newlocalplan,https://www.cheshireeast.gov.uk/pdf/planning/spatial-planning/issues-paper/towns-and-villages-topic-paper.pdf,2025-12-09,,,
3802623,cheshire-east-council-local-plan-13,Rural matters topic paper,,cheshire-east-council-local-plan,local-plan,https://www.cheshireeast.gov.uk/newlocalplan,https://www.cheshireeast.gov.uk/pdf/planning/spatial-planning/issues-paper/rural-matters-topic-paper.pdf,2025-12-09,,,
3802624,cheshire-east-council-local-plan-14,Minerals topic paper,,cheshire-east-council-local-plan,local-plan,https://www.cheshireeast.gov.uk/newlocalplan,https://www.cheshireeast.gov.uk/pdf/planning/spatial-planning/issues-paper/minerals-topic-paper.pdf,2025-12-09,,,
3802625,cheshire-east-council-local-plan-15,Waste topic paper,,cheshire-east-council-local-plan,local-plan,https://www.cheshireeast.gov.uk/newlocalplan,https://www.cheshireeast.gov.uk/pdf/planning/spatial-planning/issues-paper/waste-topic-paper.pdf,2025-12-09,,,
3802626,cheshire-east-council-local-plan-16,Draft Sustainability Appraisal Scoping Report,,cheshire-east-council-local-plan,sustainability-appraisal,https://www.cheshireeast.gov.uk/newlocalplan,https://www.cheshireeast.gov.uk/pdf/planning/spatial-planning/issues-paper/draft-sustainability-appraisal-scoping-report.pdf,2025-12-09,,,
3802627,cheshire-east-council-local-plan-17,methodology for assessing the availability of land,,cheshire-east-council-local-plan,local-plan,https://www.cheshireeast.gov.uk/newlocalplan,https://www.cheshireeast.gov.uk/pdf/planning/spatial-planning/issues-paper/land-availability-assessment-draft-methodology.pdf,2025-12-09,,,
3802628,cheshire-east-council-local-plan-18,methodology for reviewing the existing hierarchy of settlements,,cheshire-east-council-local-plan,local-plan,https://www.cheshireeast.gov.uk/newlocalplan,https://www.cheshireeast.gov.uk/pdf/planning/spatial-planning/issues-paper/settlement-hierarchy-draft-methodology.pdf,2025-12-09,,,
3802629,cheshire-east-council-local-plan-19,Cheshire and Warrington Local Nature Recovery Strategy,,cheshire-east-council-local-plan,local-plan,https://www.cheshireeast.gov.uk/newlocalplan,https://www.cheshireeast.gov.uk/pdf/planning/spatial-planning/lnrs-nov-2025/updated/appendix-1-cheshire-and-warrington-local-nature-recovery-strategy.pdf,2025-12-09,,,
3802630,cheshire-east-council-local-plan-20,LNRS Consultation Report,,cheshire-east-council-local-plan,local-plan,https://www.cheshireeast.gov.uk/newlocalplan,https://www.cheshireeast.gov.uk/pdf/planning/spatial-planning/lnrs-nov-2025/updated/appendix-2-lnrs-consultation-report.pdf,2025-12-09,,,
3802631,cheshire-east-council-local-plan-21,LNRS Equality Analysis,,cheshire-east-council-local-plan,local-plan,https://www.cheshireeast.gov.uk/newlocalplan,https://www.cheshireeast.gov.uk/pdf/planning/spatial-planning/lnrs-nov-2025/updated/apendix-3-lnrs-equality-analysis.pdf,2025-12-09,,,
3802632,trafford-metropolitan-borough-council-local-plan-1,Draft Trafford Local Plan - Site Allocations and Designations - September 2025,,trafford-metropolitan-borough-council-local-plan,site-allocations,https://trafford.citizenspace.com/,,2025-12-09,,,
3802633,trafford-metropolitan-borough-council-local-plan-2,Empress Conservation Area Regeneration Plan,,trafford-metropolitan-borough-council-local-plan,local-plan,https://www.trafford.gov.uk/planning/strategic-planning/local-plan/Strategic-Planning-consultations.aspx,https://www.trafford.gov.uk/planning/strategic-planning/local-plan/Docs/Empress-Conservation-Area-Regeneration-Plan.pdf,2025-12-09,,,
3802634,trafford-metropolitan-borough-council-local-plan-2025-1,Draft Warburton Neighbourhood Development Plan 2025-2039,,trafford-metropolitan-borough-council-local-plan-2025,neighbourhood-plan,https://www.trafford.gov.uk/planning/strategic-planning/local-plan/Strategic-Planning-consultations.aspx,,2025-12-09,,,
3802635,trafford-metropolitan-borough-council-local-plan-2025-2,Trafford Design Code Viability Assessment Consultation,,trafford-metropolitan-borough-council-local-plan-2025,viability-assessment,https://www.trafford.gov.uk/planning/strategic-planning/local-plan/Strategic-Planning-consultations.aspx,,2025-12-09,,,
3802636,canterbury-city-council-local-plan-2017-1,Adopted Local Plan,,canterbury-city-council-local-plan-2017,local-plan-adopted,https://www.canterbury.gov.uk/localplan,https://www.canterbury.gov.uk/sites/default/files/2022-10/Adopted%20Local%20Plan.pdf,2025-12-09,,,
3802637,canterbury-city-council-local-plan-2017-2,Kent Wide Planning Protocol,,canterbury-city-council-local-plan-2017,local-plan,https://www.canterbury.gov.uk/localplan,https://www.canterbury.gov.uk/sites/default/files/2024-04/Kent%20Wide%20Planning%20Protocol.pdf,2025-12-09,,,
3802638,canterbury-city-council-local-plan-2017-3,2018_19 Housing Delivery Test Action Plan,,canterbury-city-council-local-plan-2017,housing-delivery-test,https://www.canterbury.gov.uk/localplan,https://www.canterbury.gov.uk/sites/default/files/2024-04/2018_19%20Housing%20Delivery%20Test%20Action%20Plan.pdf,2025-12-09,,,
3802639,canterbury-city-council-local-plan-2017-4,2019_20 Housing Delivery Test Action Plan,,canterbury-city-council-local-plan-2017,housing-delivery-test,https://www.canterbury.gov.uk/localplan,https://www.canterbury.gov.uk/sites/default/files/2024-04/2019_20%20Housing%20Delivery%20Test%20Action%20Plan.pdf,2025-12-09,,,
3802640,canterbury-city-council-local-plan-2017-5,2020_21 Housing Delivery Test Action Plan,,canterbury-city-council-local-plan-2017,housing-delivery-test,https://www.canterbury.gov.uk/localplan,https://www.canterbury.gov.uk/sites/default/files/2024-04/2020_21%20Housing%20Delivery%20Test%20Action%20Plan.pdf,2025-12-09,,,
3802641,canterbury-city-council-local-plan-2017-6,2022 to 2023 Housing Delivery Test Action Plan,,canterbury-city-council-local-plan-2017,housing-delivery-test,https://www.canterbury.gov.uk/localplan,https://www.canterbury.gov.uk/sites/default/files/2025-05/2022%20to%202023%20Housing%20Delivery%20Test%20Action%20Plan.pdf,2025-12-09,,,
3802642,canterbury-city-council-local-plan-2017-7,Phasing Methodology 2018,,canterbury-city-council-local-plan-2017,local-plan,https://www.canterbury.gov.uk/localplan,https://www.canterbury.gov.uk/sites/default/files/2024-04/Phasing%20Methodology%202018.pdf,2025-12-09,,,
3802643,canterbury-city-council-local-plan-2017-8,Phasing methodology 2023,,canterbury-city-council-local-plan-2017,local-plan,https://www.canterbury.gov.uk/localplan,https://www.canterbury.gov.uk/sites/default/files/2024-04/Phasing%20methodology%202023.pdf,2025-12-09,,,
3802644,oldham-metropolitan-borough-council-local-plan-1,Document downloads,,oldham-metropolitan-borough-council-local-plan,local-plan,https://www.oldham.gov.uk/downloads/20054/local_plan_documents,,2025-12-09,,,
3802645,derbyshire-dales-district-council-local-plan-2013-1,Adopted Local Plan (2005),,derbyshire-dales-district-council-local-plan-2013,local-plan-adopted,https://www.derbyshiredales.gov.uk/planning/planning-policy-and-local-plan/local-plan/local-plan-archive,,2025-12-09,,,
3802646,derbyshire-dales-district-council-local-plan-2013-2,Adopted Local Plan (2005) proposals maps,,derbyshire-dales-district-council-local-plan-2013,policies-map,https://www.derbyshiredales.gov.uk/planning/planning-policy-and-local-plan/local-plan/local-plan-archive,,2025-12-09,,,
3802647,derbyshire-dales-district-council-local-plan-2013-3,Local Plan evidence base 2017,,derbyshire-dales-district-council-local-plan-2013,local-plan,https://www.derbyshiredales.gov.uk/planning/planning-policy-and-local-plan/local-plan/local-plan-archive,,2025-12-09,,,
3802648,derbyshire-dales-district-council-local-plan-2013-4,Examination library,,derbyshire-dales-district-council-local-plan-2013,local-plan,https://www.derbyshiredales.gov.uk/planning/planning-policy-and-local-plan/local-plan/local-plan-examination,,2025-12-09,,,
3802649,derbyshire-dales-district-council-local-plan-1,Adopted Local Plan (2005),,derbyshire-dales-district-council-local-plan,local-plan-adopted,https://www.derbyshiredales.gov.uk/planning/planning-policy-and-local-plan/local-plan/local-plan-archive,,2025-12-09,,,
3802650,derbyshire-dales-district-council-local-plan-2,Adopted Local Plan (2005) proposals maps,,derbyshire-dales-district-council-local-plan,policies-map,https://www.derbyshiredales.gov.uk/planning/planning-policy-and-local-plan/local-plan/local-plan-archive,,2025-12-09,,,
3802651,calderdale-metropolitan-borough-council-local-plan-2018-1,Calderdale Local Plan 2018/19 to 2032/33 – Written Statement,,calderdale-metropolitan-borough-council-local-plan-2018,local-plan,https://new.calderdale.gov.uk/planning-and-building-control/planning-policy/local-plan,https://new.calderdale.gov.uk/sites/default/files/2023-12/Local-Plan-Written-Statement.pdf,2025-12-09,,,
3802652,calderdale-metropolitan-borough-council-local-plan-2018-2,Calderdale Local Plan 2018/19 to 2032/33 – Appendix 1 Site Allocations,,calderdale-metropolitan-borough-council-local-plan-2018,site-allocations,https://new.calderdale.gov.uk/planning-and-building-control/planning-policy/local-plan,https://calderdale.gov.uk/docs/local-plan/Local-Plan-Appendix-1.pdf,2025-12-09,,,
3802653,calderdale-metropolitan-borough-council-local-plan-2018-3,Adoption Statement,,calderdale-metropolitan-borough-council-local-plan-2018,adoption-statement,https://new.calderdale.gov.uk/planning-and-building-control/planning-policy/local-plan,https://new.calderdale.gov.uk/sites/default/files/2023-06/Local_Plan_Adoption_Statement.pdf,2025-12-09,,,
3802654,calderdale-metropolitan-borough-council-local-plan-2018-4,Sustainability Appraisal Adoption Statement,,calderdale-metropolitan-borough-council-local-plan-2018,adoption-statement,https://new.calderdale.gov.uk/planning-and-building-control/planning-policy/local-plan,https://new.calderdale.gov.uk/sites/default/files/2023-06/Local_Plan_Sustainability_Appraisal_Post_Adoption_Statement.pdf,2025-12-09,,,
3802655,calderdale-metropolitan-borough-council-local-plan-1,Replacement Calderdale Unitary development plan,,calderdale-metropolitan-borough-council-local-plan,local-plan,https://new.calderdale.gov.uk/planning-and-building-control/planning-policy/unitary-development-plan,https://new.calderdale.gov.uk/sites/default/files/2023-06/replacement-unitary-development-plan.pdf,2025-12-09,,,
