planning-authorities,name,organisations,local-plan-event,start-date,type,planning-authorities-listed,curie-organisations,geography-codes
"Barnsley Borough Council, City of Doncaster Council and Rotherham Metropolitan Borough Council",Joint waste plan,,plan-adopted,2012-03-30,W,Barnsley Borough Council;City of Doncaster Council;Rotherham Metropolitan Borough Council,local-authority:BNS;local-authority:DNC;local-authority:ROT,E60000064-E60000065-E60000066
"Barnsley Borough Council, City of Doncaster Council and Rotherham Metropolitan Borough Council",Joint waste plan,,planning-inspectorate-found-sound,2012-01-13,W,Barnsley Borough Council;City of Doncaster Council;Rotherham Metropolitan Borough Council,local-authority:BNS;local-authority:DNC;local-authority:ROT,E60000064-E60000065-E60000066
"Barnsley Borough Council, City of Doncaster Council and Rotherham Metropolitan Borough Council",Joint waste plan,,reg-19-publication-local-plan-published,2011-04-11,W,Barnsley Borough Council;City of Doncaster Council;Rotherham Metropolitan Borough Council,local-authority:BNS;local-authority:DNC;local-authority:ROT,E60000064-E60000065-E60000066
"Barnsley Borough Council, City of Doncaster Council and Rotherham Metropolitan Borough Council",Joint waste plan,,submit-plan-for-examination,2011-07-29,W,Barnsley Borough Council;City of Doncaster Council;Rotherham Metropolitan Borough Council,local-authority:BNS;local-authority:DNC;local-authority:ROT,E60000064-E60000065-E60000066
"Bedford Borough Council, Luton Borough Council and Central Bedfordshire Council",Minerals & Waste Core Strategy,,plan-adopted,2014-01-30,M;W,Bedford Borough Council;Luton Borough Council;Central Bedfordshire Council,local-authority:BDF;local-authority:LUT;local-authority:CBF,E60000143-E60000145-E60000144
"Bedford Borough Council, Luton Borough Council and Central Bedfordshire Council",Minerals & Waste Core Strategy,,planning-inspectorate-found-sound,2013-10-04,M;W,Bedford Borough Council;Luton Borough Council;Central Bedfordshire Council,local-authority:BDF;local-authority:LUT;local-authority:CBF,E60000143-E60000145-E60000144
"Bedford Borough Council, Luton Borough Council and Central Bedfordshire Council",Minerals & Waste Core Strategy,,reg-19-publication-local-plan-published,2011-12-05,M;W,Bedford Borough Council;Luton Borough Council;Central Bedfordshire Council,local-authority:BDF;local-authority:LUT;local-authority:CBF,E60000143-E60000145-E60000144
"Bedford Borough Council, Luton Borough Council and Central Bedfordshire Council",Minerals & Waste Core Strategy,,submit-plan-for-examination,2012-08-10,M;W,Bedford Borough Council;Luton Borough Council;Central Bedfordshire Council,local-authority:BDF;local-authority:LUT;local-authority:CBF,E60000143-E60000145-E60000144
Buckinghamshire County Council,M&W Local Plan,,plan-adopted,2019-07-25,M;W,Buckinghamshire County Council,local-authority:BKM,E10000002
Buckinghamshire County Council,M&W Local Plan,,planning-inspectorate-examination-end,2018-09-25,M;W,Buckinghamshire County Council,local-authority:BKM,E10000002
Buckinghamshire County Council,M&W Local Plan,,planning-inspectorate-examination-start,2018-09-24,M;W,Buckinghamshire County Council,local-authority:BKM,E10000002
Buckinghamshire County Council,M&W Local Plan,,planning-inspectorate-found-sound,2019-06-05,M;W,Buckinghamshire County Council,local-authority:BKM,E10000002
Buckinghamshire County Council,M&W Local Plan,,reg-19-publication-local-plan-published,2018-03-03,M;W,Buckinghamshire County Council,local-authority:BKM,E10000002
Buckinghamshire County Council,M&W Local Plan,,submit-plan-for-examination,2018-06-01,M;W,Buckinghamshire County Council,local-authority:BKM,E10000002
Buckinghamshire County Council,Minerals & Waste Core Strategy,,plan-adopted,2012-11-22,M;W,Buckinghamshire County Council,local-authority:BKM,E10000002
Buckinghamshire County Council,Minerals & Waste Core Strategy,,planning-inspectorate-found-sound,2012-09-03,M;W,Buckinghamshire County Council,local-authority:BKM,E10000002
Buckinghamshire County Council,Minerals & Waste Core Strategy,,reg-19-publication-local-plan-published,2011-09-05,M;W,Buckinghamshire County Council,local-authority:BKM,E10000002
Buckinghamshire County Council,Minerals & Waste Core Strategy,,submit-plan-for-examination,2011-11-11,M;W,Buckinghamshire County Council,local-authority:BKM,E10000002
Cambridgeshire County Council and Peterborough City Council,Joint Minerals and Waste Plan,,plan-adopted,2021-07-28,M;W,Cambridgeshire County Council;Peterborough City Council,local-authority:CAM;local-authority:PTE,E10000003-E60000146
Cambridgeshire County Council and Peterborough City Council,Joint Minerals and Waste Plan,,planning-inspectorate-examination-end,2020-09-17,M;W,Cambridgeshire County Council;Peterborough City Council,local-authority:CAM;local-authority:PTE,E10000003-E60000146
Cambridgeshire County Council and Peterborough City Council,Joint Minerals and Waste Plan,,planning-inspectorate-examination-start,2020-09-15,M;W,Cambridgeshire County Council;Peterborough City Council,local-authority:CAM;local-authority:PTE,E10000003-E60000146
Cambridgeshire County Council and Peterborough City Council,Joint Minerals and Waste Plan,,planning-inspectorate-found-sound,2021-03-25,M;W,Cambridgeshire County Council;Peterborough City Council,local-authority:CAM;local-authority:PTE,E10000003-E60000146
Cambridgeshire County Council and Peterborough City Council,Joint Minerals and Waste Plan,,reg-19-publication-local-plan-published,2019-11-15,M;W,Cambridgeshire County Council;Peterborough City Council,local-authority:CAM;local-authority:PTE,E10000003-E60000146
Cambridgeshire County Council and Peterborough City Council,Joint Minerals and Waste Plan,,submit-plan-for-examination,2020-03-24,M;W,Cambridgeshire County Council;Peterborough City Council,local-authority:CAM;local-authority:PTE,E10000003-E60000146
Cambridgeshire County Council and Peterborough City Council,M&W Core Strategy,,plan-adopted,2011-07-19,M;W,Cambridgeshire County Council;Peterborough City Council,local-authority:CAM;local-authority:PTE,E10000003-E60000146
Cambridgeshire County Council and Peterborough City Council,M&W Core Strategy,,planning-inspectorate-found-sound,2011-03-15,M;W,Cambridgeshire County Council;Peterborough City Council,local-authority:CAM;local-authority:PTE,E10000003-E60000146
Cambridgeshire County Council and Peterborough City Council,M&W Core Strategy,,reg-19-publication-local-plan-published,2010-02-15,M;W,Cambridgeshire County Council;Peterborough City Council,local-authority:CAM;local-authority:PTE,E10000003-E60000146
Cambridgeshire County Council and Peterborough City Council,M&W Core Strategy,,submit-plan-for-examination,2010-07-29,M;W,Cambridgeshire County Council;Peterborough City Council,local-authority:CAM;local-authority:PTE,E10000003-E60000146
Cambridgeshire County Council and Peterborough City Council,M&W Site Specific Proposals,,plan-adopted,2012-02-22,M;W,Cambridgeshire County Council;Peterborough City Council,local-authority:CAM;local-authority:PTE,E10000003-E60000146
Cambridgeshire County Council and Peterborough City Council,M&W Site Specific Proposals,,planning-inspectorate-found-sound,2011-10-20,M;W,Cambridgeshire County Council;Peterborough City Council,local-authority:CAM;local-authority:PTE,E10000003-E60000146
Cambridgeshire County Council and Peterborough City Council,M&W Site Specific Proposals,,reg-19-publication-local-plan-published,2010-02-15,M;W,Cambridgeshire County Council;Peterborough City Council,local-authority:CAM;local-authority:PTE,E10000003-E60000146
Cambridgeshire County Council and Peterborough City Council,M&W Site Specific Proposals,,submit-plan-for-examination,2010-07-29,M;W,Cambridgeshire County Council;Peterborough City Council,local-authority:CAM;local-authority:PTE,E10000003-E60000146
Central and Eastern Berkshire Authorities,Joint Minerals and Waste Plan,,plan-adopted,2023-01-11,M;W,Bracknell Forest Council;Reading Borough Council;Wokingham Borough Council;West Berkshire Council,local-authority:BRC;local-authority:RDG;local-authority:WOK;local-authority:WBK,E60000221-E60000227-E60000232-E60000230
Central and Eastern Berkshire Authorities,Joint Minerals and Waste Plan,,planning-inspectorate-examination-end,2021-10-12,M;W,Bracknell Forest Council;Reading Borough Council;Wokingham Borough Council;West Berkshire Council,local-authority:BRC;local-authority:RDG;local-authority:WOK;local-authority:WBK,E60000221-E60000227-E60000232-E60000230
Central and Eastern Berkshire Authorities,Joint Minerals and Waste Plan,,planning-inspectorate-examination-start,2021-09-28,M;W,Bracknell Forest Council;Reading Borough Council;Wokingham Borough Council;West Berkshire Council,local-authority:BRC;local-authority:RDG;local-authority:WOK;local-authority:WBK,E60000221-E60000227-E60000232-E60000230
Central and Eastern Berkshire Authorities,Joint Minerals and Waste Plan,,planning-inspectorate-found-sound,2022-10-01,M;W,Bracknell Forest Council;Reading Borough Council;Wokingham Borough Council;West Berkshire Council,local-authority:BRC;local-authority:RDG;local-authority:WOK;local-authority:WBK,E60000221-E60000227-E60000232-E60000230
Central and Eastern Berkshire Authorities,Joint Minerals and Waste Plan,,reg-19-publication-local-plan-published,2020-09-01,M;W,Bracknell Forest Council;Reading Borough Council;Wokingham Borough Council;West Berkshire Council,local-authority:BRC;local-authority:RDG;local-authority:WOK;local-authority:WBK,E60000221-E60000227-E60000232-E60000230
Central and Eastern Berkshire Authorities,Joint Minerals and Waste Plan,,submit-plan-for-examination,2021-02-01,M;W,Bracknell Forest Council;Reading Borough Council;Wokingham Borough Council;West Berkshire Council,local-authority:BRC;local-authority:RDG;local-authority:WOK;local-authority:WBK,E60000221-E60000227-E60000232-E60000230
City of Bradford Metropolitan District Council,Waste Management Development Plan Document,,plan-adopted,2017-10-17,W,City of Bradford Metropolitan District Council,local-authority:BRD,E60000068
City of Bradford Metropolitan District Council,Waste Management Development Plan Document,,planning-inspectorate-found-sound,2017-07-25,W,City of Bradford Metropolitan District Council,local-authority:BRD,E60000068
City of Bradford Metropolitan District Council,Waste Management Development Plan Document,,reg-19-publication-local-plan-published,2015-12-14,W,City of Bradford Metropolitan District Council,local-authority:BRD,E60000068
City of Bradford Metropolitan District Council,Waste Management Development Plan Document,,submit-plan-for-examination,2016-05-11,W,City of Bradford Metropolitan District Council,local-authority:BRD,E60000068
Cornwall Council,Minerals Safeguarding Plan,,plan-adopted,2018-12-04,M,Cornwall Council,local-authority:CON,E60000291
Cornwall Council,Minerals Safeguarding Plan,,planning-inspectorate-examination-end,2018-01-10,M,Cornwall Council,local-authority:CON,E60000291
Cornwall Council,Minerals Safeguarding Plan,,planning-inspectorate-examination-start,2018-01-10,M,Cornwall Council,local-authority:CON,E60000291
Cornwall Council,Minerals Safeguarding Plan,,planning-inspectorate-found-sound,2018-07-17,M,Cornwall Council,local-authority:CON,E60000291
Cornwall Council,Minerals Safeguarding Plan,,reg-19-publication-local-plan-published,2017-06-12,M,Cornwall Council,local-authority:CON,E60000291
Cornwall Council,Minerals Safeguarding Plan,,submit-plan-for-examination,2017-10-26,M,Cornwall Council,local-authority:CON,E60000291
Cumbria County Council,Minerals & Waste Core Strategy,,plan-adopted,2009-04-23,M;W,Cumbria County Council,local-authority:CMA,E10000006
Cumbria County Council,Minerals & Waste Core Strategy,,planning-inspectorate-found-sound,2009-02-03,M;W,Cumbria County Council,local-authority:CMA,E10000006
Cumbria County Council,Minerals & Waste Core Strategy,,submit-plan-for-examination,2008-04-21,M;W,Cumbria County Council,local-authority:CMA,E10000006
Cumbria County Council,Minerals & Waste LP,E10000006,plan-adopted,2017-09-06,M;W,Cumbria County Council,local-authority:CMA,E10000006
Cumbria County Council,Minerals & Waste LP,E10000006,planning-inspectorate-examination-end,2016-12-14,M;W,Cumbria County Council,local-authority:CMA,E10000006
Cumbria County Council,Minerals & Waste LP,E10000006,planning-inspectorate-examination-start,2016-11-29,M;W,Cumbria County Council,local-authority:CMA,E10000006
Cumbria County Council,Minerals & Waste LP,E10000006,planning-inspectorate-found-sound,2017-06-29,M;W,Cumbria County Council,local-authority:CMA,E10000006
Cumbria County Council,Minerals & Waste LP,E10000006,reg-19-publication-local-plan-published,2016-05-23,M;W,Cumbria County Council,local-authority:CMA,E10000006
Cumbria County Council,Minerals & Waste LP,E10000006,submit-plan-for-examination,2016-09-08,M;W,Cumbria County Council,local-authority:CMA,E10000006
Cumbria County Council,Minerals & Waste site allocations,,plan-adopted,2011-01-20,M;W,Cumbria County Council,local-authority:CMA,E10000006
Cumbria County Council,Minerals & Waste site allocations,,planning-inspectorate-found-sound,2010-12-01,M;W,Cumbria County Council,local-authority:CMA,E10000006
Cumbria County Council,Minerals & Waste site allocations,,reg-19-publication-local-plan-published,2009-12-11,M;W,Cumbria County Council,local-authority:CMA,E10000006
Cumbria County Council,Minerals & Waste site allocations,,submit-plan-for-examination,2010-04-30,M;W,Cumbria County Council,local-authority:CMA,E10000006
Derbyshire County Council and Derby City Council,Derbyshire & Derby Minerals Local Plan,E10000007,planning-inspectorate-examination-start,2025-05-20,M,Derbyshire County Council;Derby City Council,local-authority:DBY;local-authority:DER,E10000007-E60000073
Derbyshire County Council and Derby City Council,Derbyshire & Derby Minerals Local Plan,E10000007,reg-19-publication-local-plan-published,2023-03-01,M,Derbyshire County Council;Derby City Council,local-authority:DBY;local-authority:DER,E10000007-E60000073
Derbyshire County Council and Derby City Council,Derbyshire & Derby Minerals Local Plan,E10000007,submit-plan-for-examination,2024-11-29,M,Derbyshire County Council;Derby City Council,local-authority:DBY;local-authority:DER,E10000007-E60000073
Devon County Council,Minerals Plan,E10000008,plan-adopted,2017-02-16,M,Devon County Council,local-authority:DEV,E10000008
Devon County Council,Minerals Plan,E10000008,planning-inspectorate-examination-end,2016-05-27,M,Devon County Council,local-authority:DEV,E10000008
Devon County Council,Minerals Plan,E10000008,planning-inspectorate-examination-start,2016-05-24,M,Devon County Council,local-authority:DEV,E10000008
Devon County Council,Minerals Plan,E10000008,planning-inspectorate-found-sound,2016-10-17,M,Devon County Council,local-authority:DEV,E10000008
Devon County Council,Minerals Plan,E10000008,reg-19-publication-local-plan-published,2015-08-24,M,Devon County Council,local-authority:DEV,E10000008
Devon County Council,Minerals Plan,E10000008,submit-plan-for-examination,2016-02-15,M,Devon County Council,local-authority:DEV,E10000008
Devon County Council,Waste Local Plan,,plan-adopted,2014-12-11,W,Devon County Council,local-authority:DEV,E10000008
Devon County Council,Waste Local Plan,,planning-inspectorate-found-sound,2014-10-06,W,Devon County Council,local-authority:DEV,E10000008
Devon County Council,Waste Local Plan,,reg-19-publication-local-plan-published,2013-12-02,W,Devon County Council,local-authority:DEV,E10000008
Devon County Council,Waste Local Plan,,submit-plan-for-examination,2014-03-28,W,Devon County Council,local-authority:DEV,E10000008
Dorset County Council,Minerals Core Strategy,,plan-adopted,2014-05-06,M,Dorset County Council,local-authority:DOR,E10000009
Dorset County Council,Minerals Core Strategy,,planning-inspectorate-found-sound,2013-12-18,M,Dorset County Council,local-authority:DOR,E10000009
Dorset County Council,Minerals Core Strategy,,reg-19-publication-local-plan-published,2012-07-06,M,Dorset County Council,local-authority:DOR,E10000009
Dorset County Council,Minerals Core Strategy,,submit-plan-for-examination,2013-01-30,M,Dorset County Council,local-authority:DOR,E10000009
"Dorset County Council, Bournemouth Borough Council and Borough of Poole",Minerals Sites Plan,,plan-adopted,2019-08-01,M,Dorset County Council;Bournemouth Borough Council;Borough of Poole,local-authority:DOR;local-authority:BMH;local-authority:POL,E10000009-E06000028-E06000029
"Dorset County Council, Bournemouth Borough Council and Borough of Poole",Minerals Sites Plan,,planning-inspectorate-examination-end,2018-10-13,M,Dorset County Council;Bournemouth Borough Council;Borough of Poole,local-authority:DOR;local-authority:BMH;local-authority:POL,E10000009-E06000028-E06000029
"Dorset County Council, Bournemouth Borough Council and Borough of Poole",Minerals Sites Plan,,planning-inspectorate-examination-start,2018-09-25,M,Dorset County Council;Bournemouth Borough Council;Borough of Poole,local-authority:DOR;local-authority:BMH;local-authority:POL,E10000009-E06000028-E06000029
"Dorset County Council, Bournemouth Borough Council and Borough of Poole",Minerals Sites Plan,,planning-inspectorate-found-sound,2019-07-01,M,Dorset County Council;Bournemouth Borough Council;Borough of Poole,local-authority:DOR;local-authority:BMH;local-authority:POL,E10000009-E06000028-E06000029
"Dorset County Council, Bournemouth Borough Council and Borough of Poole",Minerals Sites Plan,,reg-19-publication-local-plan-published,2017-12-01,M,Dorset County Council;Bournemouth Borough Council;Borough of Poole,local-authority:DOR;local-authority:BMH;local-authority:POL,E10000009-E06000028-E06000029
"Dorset County Council, Bournemouth Borough Council and Borough of Poole",Minerals Sites Plan,,submit-plan-for-examination,2018-03-28,M,Dorset County Council;Bournemouth Borough Council;Borough of Poole,local-authority:DOR;local-authority:BMH;local-authority:POL,E10000009-E06000028-E06000029
"Dorset County Council, Bournemouth Borough Council and Borough of Poole",Minerals Sites Plan,,submit-plan-for-examination,2018-03-23,M,Dorset County Council;Bournemouth Borough Council;Borough of Poole,local-authority:DOR;local-authority:BMH;local-authority:POL,E10000009-E06000028-E06000029
"Dorset County Council, Bournemouth Borough Council and Borough of Poole",Waste Plan,,plan-adopted,2019-07-18,W,Dorset County Council;Bournemouth Borough Council;Borough of Poole,local-authority:DOR;local-authority:BMH;local-authority:POL,E10000009-E06000028-E06000029
"Dorset County Council, Bournemouth Borough Council and Borough of Poole",Waste Plan,,planning-inspectorate-examination-end,2018-06-29,W,Dorset County Council;Bournemouth Borough Council;Borough of Poole,local-authority:DOR;local-authority:BMH;local-authority:POL,E10000009-E06000028-E06000029
"Dorset County Council, Bournemouth Borough Council and Borough of Poole",Waste Plan,,planning-inspectorate-examination-start,2018-06-26,W,Dorset County Council;Bournemouth Borough Council;Borough of Poole,local-authority:DOR;local-authority:BMH;local-authority:POL,E10000009-E06000028-E06000029
"Dorset County Council, Bournemouth Borough Council and Borough of Poole",Waste Plan,,planning-inspectorate-found-sound,2019-01-31,W,Dorset County Council;Bournemouth Borough Council;Borough of Poole,local-authority:DOR;local-authority:BMH;local-authority:POL,E10000009-E06000028-E06000029
"Dorset County Council, Bournemouth Borough Council and Borough of Poole",Waste Plan,,reg-19-publication-local-plan-published,2017-12-01,W,Dorset County Council;Bournemouth Borough Council;Borough of Poole,local-authority:DOR;local-authority:BMH;local-authority:POL,E10000009-E06000028-E06000029
"Dorset County Council, Bournemouth Borough Council and Borough of Poole",Waste Plan,,submit-plan-for-examination,2018-03-28,W,Dorset County Council;Bournemouth Borough Council;Borough of Poole,local-authority:DOR;local-authority:BMH;local-authority:POL,E10000009-E06000028-E06000029
"Dorset County Council, Bournemouth Borough Council and Borough of Poole",Waste Plan,,submit-plan-for-examination,2018-03-23,W,Dorset County Council;Bournemouth Borough Council;Borough of Poole,local-authority:DOR;local-authority:BMH;local-authority:POL,E10000009-E06000028-E06000029
Durham County Council,Minerals & Waste Plan,,plan-adopted,2024-07-17,M;W,Durham County Council,local-authority:DUR,E60000001
Durham County Council,Minerals & Waste Plan,,planning-inspectorate-examination-end,2023-10-05,M;W,Durham County Council,local-authority:DUR,E60000001
Durham County Council,Minerals & Waste Plan,,planning-inspectorate-examination-start,2023-09-26,M;W,Durham County Council,local-authority:DUR,E60000001
Durham County Council,Minerals & Waste Plan,,planning-inspectorate-found-sound,2024-05-20,M;W,Durham County Council,local-authority:DUR,E60000001
Durham County Council,Minerals & Waste Plan,,reg-19-publication-local-plan-published,2022-11-28,M;W,Durham County Council,local-authority:DUR,E60000001
Durham County Council,Minerals & Waste Plan,,submit-plan-for-examination,2023-07-03,M;W,Durham County Council,local-authority:DUR,E60000001
East London Waste Authorities,East London Joint Waste Plan Review,,reg-19-publication-local-plan-published,2025-05-19,W,London Borough of Barking and Dagenham;London Borough of Havering;London Borough of Newham;London Borough of Redbridge,local-authority:BDG;local-authority:HAV;local-authority:NWM;local-authority:RDB,E60000202-E60000212-E60000197-E60000217
East London Waste Authorities,Joint Waste DPD,,plan-adopted,2012-02-27,W,London Borough of Barking and Dagenham;London Borough of Havering;London Borough of Newham;London Borough of Redbridge,local-authority:BDG;local-authority:HAV;local-authority:NWM;local-authority:RDB,E60000202-E60000212-E60000197-E60000217
East London Waste Authorities,Joint Waste DPD,,planning-inspectorate-found-sound,2011-11-14,W,London Borough of Barking and Dagenham;London Borough of Havering;London Borough of Newham;London Borough of Redbridge,local-authority:BDG;local-authority:HAV;local-authority:NWM;local-authority:RDB,E60000202-E60000212-E60000197-E60000217
East London Waste Authorities,Joint Waste DPD,,reg-19-publication-local-plan-published,2010-09-27,W,London Borough of Barking and Dagenham;London Borough of Havering;London Borough of Newham;London Borough of Redbridge,local-authority:BDG;local-authority:HAV;local-authority:NWM;local-authority:RDB,E60000202-E60000212-E60000197-E60000217
East London Waste Authorities,Joint Waste DPD,,submit-plan-for-examination,2010-11-30,W,London Borough of Barking and Dagenham;London Borough of Havering;London Borough of Newham;London Borough of Redbridge,local-authority:BDG;local-authority:HAV;local-authority:NWM;local-authority:RDB,E60000202-E60000212-E60000197-E60000217
"East Sussex County Council, Brighton and Hove City Council and South Downs National Park Authority",Waste and Minerals Local Plan - Revised Policies,,plan-adopted,2024-10-24,M;W,East Sussex County Council;Brighton and Hove City Council;South Downs National Park Authority,local-authority:ESX;local-authority:BNH;national-park-authority:Q20198711,E10000011-E60000222-E60000325
"East Sussex County Council, Brighton and Hove City Council and South Downs National Park Authority",Waste and Minerals Local Plan - Revised Policies,,plan-adopted,2013-02-19,M;W,East Sussex County Council;Brighton and Hove City Council;South Downs National Park Authority,local-authority:ESX;local-authority:BNH;national-park-authority:Q20198711,E10000011-E60000222-E60000325
"East Sussex County Council, Brighton and Hove City Council and South Downs National Park Authority",Waste and Minerals Local Plan - Revised Policies,,plan-adopted,2017-02-07,M;W,East Sussex County Council;Brighton and Hove City Council;South Downs National Park Authority,local-authority:ESX;local-authority:BNH;national-park-authority:Q20198711,E10000011-E60000222-E60000325
"East Sussex County Council, Brighton and Hove City Council and South Downs National Park Authority",Waste and Minerals Local Plan - Revised Policies,,planning-inspectorate-examination-end,2022-11-09,M;W,East Sussex County Council;Brighton and Hove City Council;South Downs National Park Authority,local-authority:ESX;local-authority:BNH;national-park-authority:Q20198711,E10000011-E60000222-E60000325
"East Sussex County Council, Brighton and Hove City Council and South Downs National Park Authority",Waste and Minerals Local Plan - Revised Policies,,planning-inspectorate-examination-end,2016-08-04,M;W,East Sussex County Council;Brighton and Hove City Council;South Downs National Park Authority,local-authority:ESX;local-authority:BNH;national-park-authority:Q20198711,E10000011-E60000222-E60000325
"East Sussex County Council, Brighton and Hove City Council and South Downs National Park Authority",Waste and Minerals Local Plan - Revised Policies,,planning-inspectorate-examination-start,2022-11-08,M;W,East Sussex County Council;Brighton and Hove City Council;South Downs National Park Authority,local-authority:ESX;local-authority:BNH;national-park-authority:Q20198711,E10000011-E60000222-E60000325
"East Sussex County Council, Brighton and Hove City Council and South Downs National Park Authority",Waste and Minerals Local Plan - Revised Policies,,planning-inspectorate-examination-start,2016-08-01,M;W,East Sussex County Council;Brighton and Hove City Council;South Downs National Park Authority,local-authority:ESX;local-authority:BNH;national-park-authority:Q20198711,E10000011-E60000222-E60000325
"East Sussex County Council, Brighton and Hove City Council and South Downs National Park Authority",Waste and Minerals Local Plan - Revised Policies,,planning-inspectorate-found-sound,2024-04-02,M;W,East Sussex County Council;Brighton and Hove City Council;South Downs National Park Authority,local-authority:ESX;local-authority:BNH;national-park-authority:Q20198711,E10000011-E60000222-E60000325
"East Sussex County Council, Brighton and Hove City Council and South Downs National Park Authority",Waste and Minerals Local Plan - Revised Policies,,planning-inspectorate-found-sound,2013-01-09,M;W,East Sussex County Council;Brighton and Hove City Council;South Downs National Park Authority,local-authority:ESX;local-authority:BNH;national-park-authority:Q20198711,E10000011-E60000222-E60000325
"East Sussex County Council, Brighton and Hove City Council and South Downs National Park Authority",Waste and Minerals Local Plan - Revised Policies,,planning-inspectorate-found-sound,2016-11-07,M;W,East Sussex County Council;Brighton and Hove City Council;South Downs National Park Authority,local-authority:ESX;local-authority:BNH;national-park-authority:Q20198711,E10000011-E60000222-E60000325
"East Sussex County Council, Brighton and Hove City Council and South Downs National Park Authority",Waste and Minerals Local Plan - Revised Policies,,reg-19-publication-local-plan-published,2021-10-29,M;W,East Sussex County Council;Brighton and Hove City Council;South Downs National Park Authority,local-authority:ESX;local-authority:BNH;national-park-authority:Q20198711,E10000011-E60000222-E60000325
"East Sussex County Council, Brighton and Hove City Council and South Downs National Park Authority",Waste and Minerals Local Plan - Revised Policies,,reg-19-publication-local-plan-published,2012-02-27,M;W,East Sussex County Council;Brighton and Hove City Council;South Downs National Park Authority,local-authority:ESX;local-authority:BNH;national-park-authority:Q20198711,E10000011-E60000222-E60000325
"East Sussex County Council, Brighton and Hove City Council and South Downs National Park Authority",Waste and Minerals Local Plan - Revised Policies,,reg-19-publication-local-plan-published,2015-10-28,M;W,East Sussex County Council;Brighton and Hove City Council;South Downs National Park Authority,local-authority:ESX;local-authority:BNH;national-park-authority:Q20198711,E10000011-E60000222-E60000325
"East Sussex County Council, Brighton and Hove City Council and South Downs National Park Authority",Waste and Minerals Local Plan - Revised Policies,,submit-plan-for-examination,2022-05-13,M;W,East Sussex County Council;Brighton and Hove City Council;South Downs National Park Authority,local-authority:ESX;local-authority:BNH;national-park-authority:Q20198711,E10000011-E60000222-E60000325
"East Sussex County Council, Brighton and Hove City Council and South Downs National Park Authority",Waste and Minerals Local Plan - Revised Policies,,submit-plan-for-examination,2012-06-01,M;W,East Sussex County Council;Brighton and Hove City Council;South Downs National Park Authority,local-authority:ESX;local-authority:BNH;national-park-authority:Q20198711,E10000011-E60000222-E60000325
"East Sussex County Council, Brighton and Hove City Council and South Downs National Park Authority",Waste and Minerals Local Plan - Revised Policies,,submit-plan-for-examination,2016-04-15,M;W,East Sussex County Council;Brighton and Hove City Council;South Downs National Park Authority,local-authority:ESX;local-authority:BNH;national-park-authority:Q20198711,E10000011-E60000222-E60000325
Essex County Council,Minerals Plan,,plan-adopted,2014-07-01,M,Essex County Council,local-authority:ESS,E10000012
Essex County Council,Minerals Plan,,planning-inspectorate-found-sound,2014-06-23,M,Essex County Council,local-authority:ESS,E10000012
Essex County Council,Minerals Plan,,reg-19-publication-local-plan-published,2013-01-17,M,Essex County Council,local-authority:ESS,E10000012
Essex County Council,Minerals Plan,,submit-plan-for-examination,2013-07-12,M,Essex County Council,local-authority:ESS,E10000012
Essex County Council and Southend-on-Sea City Council,Waste Local Plan,,plan-adopted,2017-07-11,W,Essex County Council;Southend-on-Sea City Council,local-authority:ESS;local-authority:SOS,E10000012-E60000147
Essex County Council and Southend-on-Sea City Council,Waste Local Plan,,planning-inspectorate-examination-end,2016-10-07,W,Essex County Council;Southend-on-Sea City Council,local-authority:ESS;local-authority:SOS,E10000012-E60000147
Essex County Council and Southend-on-Sea City Council,Waste Local Plan,,planning-inspectorate-examination-start,2016-09-27,W,Essex County Council;Southend-on-Sea City Council,local-authority:ESS;local-authority:SOS,E10000012-E60000147
Essex County Council and Southend-on-Sea City Council,Waste Local Plan,,planning-inspectorate-found-sound,2017-06-19,W,Essex County Council;Southend-on-Sea City Council,local-authority:ESS;local-authority:SOS,E10000012-E60000147
Essex County Council and Southend-on-Sea City Council,Waste Local Plan,,reg-19-publication-local-plan-published,2016-03-03,W,Essex County Council;Southend-on-Sea City Council,local-authority:ESS;local-authority:SOS,E10000012-E60000147
Essex County Council and Southend-on-Sea City Council,Waste Local Plan,,submit-plan-for-examination,2016-06-10,W,Essex County Council;Southend-on-Sea City Council,local-authority:ESS;local-authority:SOS,E10000012-E60000147
Gloucestershire County Council,Minerals Local Plan,,plan-adopted,2020-03-20,M,Gloucestershire County Council,local-authority:GLS,E10000013
Gloucestershire County Council,Minerals Local Plan,,planning-inspectorate-examination-end,2019-06-12,M,Gloucestershire County Council,local-authority:GLS,E10000013
Gloucestershire County Council,Minerals Local Plan,,planning-inspectorate-examination-start,2019-06-11,M,Gloucestershire County Council,local-authority:GLS,E10000013
Gloucestershire County Council,Minerals Local Plan,,planning-inspectorate-found-sound,2019-12-22,M,Gloucestershire County Council,local-authority:GLS,E10000013
Gloucestershire County Council,Minerals Local Plan,,reg-19-publication-local-plan-published,2018-05-31,M,Gloucestershire County Council,local-authority:GLS,E10000013
Gloucestershire County Council,Minerals Local Plan,,submit-plan-for-examination,2018-12-21,M,Gloucestershire County Council,local-authority:GLS,E10000013
Gloucestershire County Council,Waste Core Strategy,,plan-adopted,2012-11-21,W,Gloucestershire County Council,local-authority:GLS,E10000013
Gloucestershire County Council,Waste Core Strategy,,planning-inspectorate-found-sound,2012-08-17,W,Gloucestershire County Council,local-authority:GLS,E10000013
Gloucestershire County Council,Waste Core Strategy,,reg-19-publication-local-plan-published,2010-12-13,W,Gloucestershire County Council,local-authority:GLS,E10000013
Gloucestershire County Council,Waste Core Strategy,,submit-plan-for-examination,2011-09-05,W,Gloucestershire County Council,local-authority:GLS,E10000013
Greater Manchester Authorities,Minerals,,plan-adopted,2013-04-26,M,Bolton Metropolitan Borough Council;Bury Metropolitan Borough Council;Manchester City Council;Oldham Metropolitan Borough Council;Rochdale Metropolitan Borough Council;Salford City Council;Stockport Metropolitan Borough Council;Tameside Metropolitan Borough Council;Trafford Metropolitan Borough Council;Wigan Metropolitan Borough Council,local-authority:BOL;local-authority:BUR;local-authority:MAN;local-authority:OLD;local-authority:RCH;local-authority:SLF;local-authority:SKP;local-authority:TAM;local-authority:TRF;local-authority:WGN,E60000025-E60000026-E60000027-E60000028-E60000029-E60000030-E60000031-E60000032-E60000033-E60000034
Greater Manchester Authorities,Minerals,,planning-inspectorate-found-sound,2013-01-18,M,Bolton Metropolitan Borough Council;Bury Metropolitan Borough Council;Manchester City Council;Oldham Metropolitan Borough Council;Rochdale Metropolitan Borough Council;Salford City Council;Stockport Metropolitan Borough Council;Tameside Metropolitan Borough Council;Trafford Metropolitan Borough Council;Wigan Metropolitan Borough Council,local-authority:BOL;local-authority:BUR;local-authority:MAN;local-authority:OLD;local-authority:RCH;local-authority:SLF;local-authority:SKP;local-authority:TAM;local-authority:TRF;local-authority:WGN,E60000025-E60000026-E60000027-E60000028-E60000029-E60000030-E60000031-E60000032-E60000033-E60000034
Greater Manchester Authorities,Minerals,,reg-19-publication-local-plan-published,2011-07-19,M,Bolton Metropolitan Borough Council;Bury Metropolitan Borough Council;Manchester City Council;Oldham Metropolitan Borough Council;Rochdale Metropolitan Borough Council;Salford City Council;Stockport Metropolitan Borough Council;Tameside Metropolitan Borough Council;Trafford Metropolitan Borough Council;Wigan Metropolitan Borough Council,local-authority:BOL;local-authority:BUR;local-authority:MAN;local-authority:OLD;local-authority:RCH;local-authority:SLF;local-authority:SKP;local-authority:TAM;local-authority:TRF;local-authority:WGN,E60000025-E60000026-E60000027-E60000028-E60000029-E60000030-E60000031-E60000032-E60000033-E60000034
Greater Manchester Authorities,Minerals,,submit-plan-for-examination,2011-11-11,M,Bolton Metropolitan Borough Council;Bury Metropolitan Borough Council;Manchester City Council;Oldham Metropolitan Borough Council;Rochdale Metropolitan Borough Council;Salford City Council;Stockport Metropolitan Borough Council;Tameside Metropolitan Borough Council;Trafford Metropolitan Borough Council;Wigan Metropolitan Borough Council,local-authority:BOL;local-authority:BUR;local-authority:MAN;local-authority:OLD;local-authority:RCH;local-authority:SLF;local-authority:SKP;local-authority:TAM;local-authority:TRF;local-authority:WGN,E60000025-E60000026-E60000027-E60000028-E60000029-E60000030-E60000031-E60000032-E60000033-E60000034
Greater Manchester Authorities,Waste,,plan-adopted,2012-03-28,W,Bolton Metropolitan Borough Council;Bury Metropolitan Borough Council;Manchester City Council;Oldham Metropolitan Borough Council;Rochdale Metropolitan Borough Council;Salford City Council;Stockport Metropolitan Borough Council;Tameside Metropolitan Borough Council;Trafford Metropolitan Borough Council;Wigan Metropolitan Borough Council,local-authority:BOL;local-authority:BUR;local-authority:MAN;local-authority:OLD;local-authority:RCH;local-authority:SLF;local-authority:SKP;local-authority:TAM;local-authority:TRF;local-authority:WGN,E60000025-E60000026-E60000027-E60000028-E60000029-E60000030-E60000031-E60000032-E60000033-E60000034
Greater Manchester Authorities,Waste,,planning-inspectorate-found-sound,2011-11-04,W,Bolton Metropolitan Borough Council;Bury Metropolitan Borough Council;Manchester City Council;Oldham Metropolitan Borough Council;Rochdale Metropolitan Borough Council;Salford City Council;Stockport Metropolitan Borough Council;Tameside Metropolitan Borough Council;Trafford Metropolitan Borough Council;Wigan Metropolitan Borough Council,local-authority:BOL;local-authority:BUR;local-authority:MAN;local-authority:OLD;local-authority:RCH;local-authority:SLF;local-authority:SKP;local-authority:TAM;local-authority:TRF;local-authority:WGN,E60000025-E60000026-E60000027-E60000028-E60000029-E60000030-E60000031-E60000032-E60000033-E60000034
Greater Manchester Authorities,Waste,,reg-19-publication-local-plan-published,2010-11-01,W,Bolton Metropolitan Borough Council;Bury Metropolitan Borough Council;Manchester City Council;Oldham Metropolitan Borough Council;Rochdale Metropolitan Borough Council;Salford City Council;Stockport Metropolitan Borough Council;Tameside Metropolitan Borough Council;Trafford Metropolitan Borough Council;Wigan Metropolitan Borough Council,local-authority:BOL;local-authority:BUR;local-authority:MAN;local-authority:OLD;local-authority:RCH;local-authority:SLF;local-authority:SKP;local-authority:TAM;local-authority:TRF;local-authority:WGN,E60000025-E60000026-E60000027-E60000028-E60000029-E60000030-E60000031-E60000032-E60000033-E60000034
Greater Manchester Authorities,Waste,,submit-plan-for-examination,2011-02-28,W,Bolton Metropolitan Borough Council;Bury Metropolitan Borough Council;Manchester City Council;Oldham Metropolitan Borough Council;Rochdale Metropolitan Borough Council;Salford City Council;Stockport Metropolitan Borough Council;Tameside Metropolitan Borough Council;Trafford Metropolitan Borough Council;Wigan Metropolitan Borough Council,local-authority:BOL;local-authority:BUR;local-authority:MAN;local-authority:OLD;local-authority:RCH;local-authority:SLF;local-authority:SKP;local-authority:TAM;local-authority:TRF;local-authority:WGN,E60000025-E60000026-E60000027-E60000028-E60000029-E60000030-E60000031-E60000032-E60000033-E60000034
Hampshire County Council,Minerals & Waste CS,,plan-adopted,2007-07-12,M;W,Hampshire County Council,local-authority:HAM,E10000014
Hampshire County Council,Minerals & Waste CS,,planning-inspectorate-found-sound,2007-05-29,M;W,Hampshire County Council,local-authority:HAM,E10000014
Hampshire County Council,Minerals & Waste CS,,submit-plan-for-examination,2006-05-30,M;W,Hampshire County Council,local-authority:HAM,E10000014
"Hampshire County Council, New Forest District Council, Southampton City Council, Portsmouth City Council and South Downs National Park Authority",Minerals & Waste Local Plan ,E10000014,planning-inspectorate-examination-start,2025-02-04,M;W,Hampshire County Council;New Forest District Council;Southampton City Council;Portsmouth City Council;South Downs National Park Authority,local-authority:HAM;local-authority:NEW;local-authority:STH;local-authority:POR;national-park-authority:Q20198711,E10000014-E60000249-E60000229-E60000226-E60000325
"Hampshire County Council, New Forest District Council, Southampton City Council, Portsmouth City Council and South Downs National Park Authority",Minerals & Waste Local Plan ,E10000014,reg-19-publication-local-plan-published,2024-01-09,M;W,Hampshire County Council;New Forest District Council;Southampton City Council;Portsmouth City Council;South Downs National Park Authority,local-authority:HAM;local-authority:NEW;local-authority:STH;local-authority:POR;national-park-authority:Q20198711,E10000014-E60000249-E60000229-E60000226-E60000325
"Hampshire County Council, New Forest District Council, Southampton City Council, Portsmouth City Council and South Downs National Park Authority",Minerals & Waste Local Plan ,E10000014,submit-plan-for-examination,2024-07-29,M;W,Hampshire County Council;New Forest District Council;Southampton City Council;Portsmouth City Council;South Downs National Park Authority,local-authority:HAM;local-authority:NEW;local-authority:STH;local-authority:POR;national-park-authority:Q20198711,E10000014-E60000249-E60000229-E60000226-E60000325
Herefordshire District Council,Minerals & Waste,,plan-adopted,2024-03-08,M;W,Herefordshire District Council,local-authority:HEF,E60000113
Herefordshire District Council,Minerals & Waste,,planning-inspectorate-examination-end,2022-11-15,M;W,Herefordshire District Council,local-authority:HEF,E60000113
Herefordshire District Council,Minerals & Waste,,planning-inspectorate-examination-start,2022-11-08,M;W,Herefordshire District Council,local-authority:HEF,E60000113
Herefordshire District Council,Minerals & Waste,,planning-inspectorate-found-sound,2023-10-31,M;W,Herefordshire District Council,local-authority:HEF,E60000113
Herefordshire District Council,Minerals & Waste,,reg-19-publication-local-plan-published,2021-04-12,M;W,Herefordshire District Council,local-authority:HEF,E60000113
Herefordshire District Council,Minerals & Waste,,submit-plan-for-examination,2022-03-22,M;W,Herefordshire District Council,local-authority:HEF,E60000113
Hertfordshire County Council,Minerals Local Plan,,reg-19-publication-local-plan-published,2019-01-14,M,Hertfordshire County Council,local-authority:HRT,E10000015
Hertfordshire County Council,Waste CS & Dev Control Policies,,plan-adopted,2012-11-05,W,Hertfordshire County Council,local-authority:HRT,E10000015
Hertfordshire County Council,Waste CS & Dev Control Policies,,planning-inspectorate-found-sound,2012-07-17,W,Hertfordshire County Council,local-authority:HRT,E10000015
Hertfordshire County Council,Waste CS & Dev Control Policies,,reg-19-publication-local-plan-published,2010-11-01,W,Hertfordshire County Council,local-authority:HRT,E10000015
Hertfordshire County Council,Waste CS & Dev Control Policies,,submit-plan-for-examination,2011-06-27,W,Hertfordshire County Council,local-authority:HRT,E10000015
Hertfordshire County Council,Waste Site Allocations,,plan-adopted,2014-07-01,W,Hertfordshire County Council,local-authority:HRT,E10000015
Hertfordshire County Council,Waste Site Allocations,,planning-inspectorate-found-sound,2014-03-24,W,Hertfordshire County Council,local-authority:HRT,E10000015
Hertfordshire County Council,Waste Site Allocations,,reg-19-publication-local-plan-published,2012-02-06,W,Hertfordshire County Council,local-authority:HRT,E10000015
Hertfordshire County Council,Waste Site Allocations,,submit-plan-for-examination,2013-06-24,W,Hertfordshire County Council,local-authority:HRT,E10000015
Hull City Council and East Riding of Yorkshire Council,Joint Minerals Plan,,plan-adopted,2019-11-21,M,Hull City Council;East Riding of Yorkshire Council,local-authority:KHL;local-authority:ERY,E60000053-E60000052
Hull City Council and East Riding of Yorkshire Council,Joint Minerals Plan,,planning-inspectorate-examination-end,2019-01-09,M,Hull City Council;East Riding of Yorkshire Council,local-authority:KHL;local-authority:ERY,E60000053-E60000052
Hull City Council and East Riding of Yorkshire Council,Joint Minerals Plan,,planning-inspectorate-examination-start,2019-01-08,M,Hull City Council;East Riding of Yorkshire Council,local-authority:KHL;local-authority:ERY,E60000053-E60000052
Hull City Council and East Riding of Yorkshire Council,Joint Minerals Plan,,planning-inspectorate-found-sound,2019-07-19,M,Hull City Council;East Riding of Yorkshire Council,local-authority:KHL;local-authority:ERY,E60000053-E60000052
Hull City Council and East Riding of Yorkshire Council,Joint Minerals Plan,,reg-19-publication-local-plan-published,2018-04-18,M,Hull City Council;East Riding of Yorkshire Council,local-authority:KHL;local-authority:ERY,E60000053-E60000052
Hull City Council and East Riding of Yorkshire Council,Joint Minerals Plan,,submit-plan-for-examination,2018-07-23,M,Hull City Council;East Riding of Yorkshire Council,local-authority:KHL;local-authority:ERY,E60000053-E60000052
Kent County Council,Mineral Sites Plan,,plan-adopted,2020-09-10,M;W,Kent County Council,local-authority:KEN,E10000016
Kent County Council,Mineral Sites Plan,,planning-inspectorate-examination-end,2019-10-15,M;W,Kent County Council,local-authority:KEN,E10000016
Kent County Council,Mineral Sites Plan,,planning-inspectorate-examination-start,2019-10-08,M;W,Kent County Council,local-authority:KEN,E10000016
Kent County Council,Mineral Sites Plan,,planning-inspectorate-found-sound,2020-04-23,M;W,Kent County Council,local-authority:KEN,E10000016
Kent County Council,Mineral Sites Plan,,reg-19-publication-local-plan-published,2019-01-11,M;W,Kent County Council,local-authority:KEN,E10000016
Kent County Council,Mineral Sites Plan,,submit-plan-for-examination,2019-05-03,M;W,Kent County Council,local-authority:KEN,E10000016
Kent County Council,Minerals and Waste Plan,,plan-adopted,2025-03-13,M;W,Kent County Council,local-authority:KEN,E10000016
Kent County Council,Minerals and Waste Plan,,planning-inspectorate-examination-end,2024-09-17,M;W,Kent County Council,local-authority:KEN,E10000016
Kent County Council,Minerals and Waste Plan,,planning-inspectorate-examination-start,2024-09-10,M;W,Kent County Council,local-authority:KEN,E10000016
Kent County Council,Minerals and Waste Plan,,planning-inspectorate-found-sound,2025-02-06,M;W,Kent County Council,local-authority:KEN,E10000016
Kent County Council,Minerals and Waste Plan,,reg-19-publication-local-plan-published,2024-01-17,M;W,Kent County Council,local-authority:KEN,E10000016
Kent County Council,Minerals and Waste Plan,,submit-plan-for-examination,2024-05-17,M;W,Kent County Council,local-authority:KEN,E10000016
Lake District National Park,Minerals Safeguarding areas,,plan-adopted,2013-11-20,M,Lake District National Park,national-park-authority:Q27159704,E60000320
Lake District National Park,Minerals Safeguarding areas,,planning-inspectorate-found-sound,2013-09-12,M,Lake District National Park,national-park-authority:Q27159704,E60000320
Lake District National Park,Minerals Safeguarding areas,,reg-19-publication-local-plan-published,2012-10-19,M,Lake District National Park,national-park-authority:Q27159704,E60000320
Lake District National Park,Minerals Safeguarding areas,,submit-plan-for-examination,2013-03-15,M,Lake District National Park,national-park-authority:Q27159704,E60000320
Lancashire County Council,Minerals & Waste Core Strategy,,plan-adopted,2009-02-26,M;W,Lancashire County Council,local-authority:LAN,E10000017
Lancashire County Council,Minerals & Waste Core Strategy,,planning-inspectorate-found-sound,2008-08-22,M;W,Lancashire County Council,local-authority:LAN,E10000017
Lancashire County Council,Minerals & Waste Core Strategy,,submit-plan-for-examination,2007-11-29,M;W,Lancashire County Council,local-authority:LAN,E10000017
Leeds City Council,Natural Resources & Waste LP Policies Minerals 13 & 14,E08000035,plan-adopted,2013-01-16,M;W,Leeds City Council,local-authority:LDS,E60000071
Leeds City Council,Natural Resources & Waste LP Policies Minerals 13 & 14,E08000035,planning-inspectorate-examination-end,2015-05-28,M;W,Leeds City Council,local-authority:LDS,E60000071
Leeds City Council,Natural Resources & Waste LP Policies Minerals 13 & 14,E08000035,planning-inspectorate-examination-start,2015-05-27,M;W,Leeds City Council,local-authority:LDS,E60000071
Leeds City Council,Natural Resources & Waste LP Policies Minerals 13 & 14,E08000035,planning-inspectorate-found-sound,2012-12-07,M;W,Leeds City Council,local-authority:LDS,E60000071
Leeds City Council,Natural Resources & Waste LP Policies Minerals 13 & 14,E08000035,reg-19-publication-local-plan-published,2010-12-15,M;W,Leeds City Council,local-authority:LDS,E60000071
Leeds City Council,Natural Resources & Waste LP Policies Minerals 13 & 14,E08000035,submit-plan-for-examination,2011-07-25,M;W,Leeds City Council,local-authority:LDS,E60000071
Leicestershire County Council,Minerals & Waste Plan,E10000018,plan-adopted,2019-09-25,M;W,Leicestershire County Council,local-authority:LEC,E10000018
Leicestershire County Council,Minerals & Waste Plan,E10000018,planning-inspectorate-examination-end,2018-10-23,M;W,Leicestershire County Council,local-authority:LEC,E10000018
Leicestershire County Council,Minerals & Waste Plan,E10000018,planning-inspectorate-examination-start,2018-10-22,M;W,Leicestershire County Council,local-authority:LEC,E10000018
Leicestershire County Council,Minerals & Waste Plan,E10000018,planning-inspectorate-found-sound,2019-05-21,M;W,Leicestershire County Council,local-authority:LEC,E10000018
Leicestershire County Council,Minerals & Waste Plan,E10000018,reg-19-publication-local-plan-published,2017-11-10,M;W,Leicestershire County Council,local-authority:LEC,E10000018
Leicestershire County Council,Minerals & Waste Plan,E10000018,submit-plan-for-examination,2018-03-23,M;W,Leicestershire County Council,local-authority:LEC,E10000018
Leicestershire County Council,Minerals CS & DC Policies,,plan-adopted,2009-10-08,M,Leicestershire County Council,local-authority:LEC,E10000018
Leicestershire County Council,Minerals CS & DC Policies,,planning-inspectorate-found-sound,2009-05-01,M,Leicestershire County Council,local-authority:LEC,E10000018
Leicestershire County Council,Minerals CS & DC Policies,,submit-plan-for-examination,2008-06-23,M,Leicestershire County Council,local-authority:LEC,E10000018
Leicestershire County Council,Waste CS & DC Policies,,plan-adopted,2009-10-08,W,Leicestershire County Council,local-authority:LEC,E10000018
Leicestershire County Council,Waste CS & DC Policies,,planning-inspectorate-found-sound,2009-05-01,W,Leicestershire County Council,local-authority:LEC,E10000018
Leicestershire County Council,Waste CS & DC Policies,,submit-plan-for-examination,2008-06-23,W,Leicestershire County Council,local-authority:LEC,E10000018
Lincolnshire County Council,Minerals & Waste Plan,,plan-adopted,2016-05-10,M;W,Lincolnshire County Council,local-authority:LIN,E10000019
Lincolnshire County Council,Minerals & Waste Plan,,planning-inspectorate-found-sound,2016-02-22,M;W,Lincolnshire County Council,local-authority:LIN,E10000019
Lincolnshire County Council,Minerals & Waste Plan,,reg-19-publication-local-plan-published,2015-01-05,M;W,Lincolnshire County Council,local-authority:LIN,E10000019
Lincolnshire County Council,Minerals & Waste Plan,,submit-plan-for-examination,2015-06-05,M;W,Lincolnshire County Council,local-authority:LIN,E10000019
Lincolnshire County Council,Minerals and Waste Site Locations,,plan-adopted,2017-12-15,M;W,Lincolnshire County Council,local-authority:LIN,E10000019
Lincolnshire County Council,Minerals and Waste Site Locations,E10000019,planning-inspectorate-examination-end,2017-07-27,M;W,Lincolnshire County Council,local-authority:LIN,E10000019
Lincolnshire County Council,Minerals and Waste Site Locations,E10000019,planning-inspectorate-examination-start,2017-07-25,M;W,Lincolnshire County Council,local-authority:LIN,E10000019
Lincolnshire County Council,Minerals and Waste Site Locations,,planning-inspectorate-found-sound,2017-09-19,M;W,Lincolnshire County Council,local-authority:LIN,E10000019
Lincolnshire County Council,Minerals and Waste Site Locations,,reg-19-publication-local-plan-published,2016-11-07,M;W,Lincolnshire County Council,local-authority:LIN,E10000019
Lincolnshire County Council,Minerals and Waste Site Locations,,submit-plan-for-examination,2017-04-03,M;W,Lincolnshire County Council,local-authority:LIN,E10000019
"London Borough of Barnet, London Borough of Camden, London Borough of Enfield, London Borough of Hackney, London Borough of Haringey, London Borough of Islington and London Borough of Waltham Forest",Joint Waste,,planning-inspectorate-found-sound,2013-03-14,W,London Borough of Barnet;London Borough of Camden;London Borough of Enfield;London Borough of Hackney;London Borough of Haringey;London Borough of Islington;London Borough of Waltham Forest,local-authority:BNE;local-authority:CMD;local-authority:ENF;local-authority:HCK;local-authority:HRY;local-authority:ISL;local-authority:WFT,E60000203-E60000188-E60000209-E60000190-E60000192-E60000193-E60000220
"London Borough of Barnet, London Borough of Camden, London Borough of Enfield, London Borough of Hackney, London Borough of Haringey, London Borough of Islington and London Borough of Waltham Forest",Joint Waste,,reg-19-publication-local-plan-published,2011-05-11,W,London Borough of Barnet;London Borough of Camden;London Borough of Enfield;London Borough of Hackney;London Borough of Haringey;London Borough of Islington;London Borough of Waltham Forest,local-authority:BNE;local-authority:CMD;local-authority:ENF;local-authority:HCK;local-authority:HRY;local-authority:ISL;local-authority:WFT,E60000203-E60000188-E60000209-E60000190-E60000192-E60000193-E60000220
"London Borough of Barnet, London Borough of Camden, London Borough of Enfield, London Borough of Hackney, London Borough of Haringey, London Borough of Islington and London Borough of Waltham Forest",Joint Waste,,submit-plan-for-examination,2012-02-28,W,London Borough of Barnet;London Borough of Camden;London Borough of Enfield;London Borough of Hackney;London Borough of Haringey;London Borough of Islington;London Borough of Waltham Forest,local-authority:BNE;local-authority:CMD;local-authority:ENF;local-authority:HCK;local-authority:HRY;local-authority:ISL;local-authority:WFT,E60000203-E60000188-E60000209-E60000190-E60000192-E60000193-E60000220
"London Borough of Barnet, London Borough of Camden, London Borough of Enfield, London Borough of Hackney, London Borough of Haringey, London Borough of Islington and London Borough of Waltham Forest",North London Waste Plan,,plan-adopted,2022-01-26,W,London Borough of Barnet;London Borough of Camden;London Borough of Enfield;London Borough of Hackney;London Borough of Haringey;London Borough of Islington;London Borough of Waltham Forest,local-authority:BNE;local-authority:CMD;local-authority:ENF;local-authority:HCK;local-authority:HRY;local-authority:ISL;local-authority:WFT,E60000203-E60000188-E60000209-E60000190-E60000192-E60000193-E60000220
"London Borough of Barnet, London Borough of Camden, London Borough of Enfield, London Borough of Hackney, London Borough of Haringey, London Borough of Islington and London Borough of Waltham Forest",North London Waste Plan,,planning-inspectorate-examination-end,2019-11-21,W,London Borough of Barnet;London Borough of Camden;London Borough of Enfield;London Borough of Hackney;London Borough of Haringey;London Borough of Islington;London Borough of Waltham Forest,local-authority:BNE;local-authority:CMD;local-authority:ENF;local-authority:HCK;local-authority:HRY;local-authority:ISL;local-authority:WFT,E60000203-E60000188-E60000209-E60000190-E60000192-E60000193-E60000220
"London Borough of Barnet, London Borough of Camden, London Borough of Enfield, London Borough of Hackney, London Borough of Haringey, London Borough of Islington and London Borough of Waltham Forest",North London Waste Plan,,planning-inspectorate-examination-start,2019-11-20,W,London Borough of Barnet;London Borough of Camden;London Borough of Enfield;London Borough of Hackney;London Borough of Haringey;London Borough of Islington;London Borough of Waltham Forest,local-authority:BNE;local-authority:CMD;local-authority:ENF;local-authority:HCK;local-authority:HRY;local-authority:ISL;local-authority:WFT,E60000203-E60000188-E60000209-E60000190-E60000192-E60000193-E60000220
"London Borough of Barnet, London Borough of Camden, London Borough of Enfield, London Borough of Hackney, London Borough of Haringey, London Borough of Islington and London Borough of Waltham Forest",North London Waste Plan,,planning-inspectorate-found-sound,2021-10-27,W,London Borough of Barnet;London Borough of Camden;London Borough of Enfield;London Borough of Hackney;London Borough of Haringey;London Borough of Islington;London Borough of Waltham Forest,local-authority:BNE;local-authority:CMD;local-authority:ENF;local-authority:HCK;local-authority:HRY;local-authority:ISL;local-authority:WFT,E60000203-E60000188-E60000209-E60000190-E60000192-E60000193-E60000220
"London Borough of Barnet, London Borough of Camden, London Borough of Enfield, London Borough of Hackney, London Borough of Haringey, London Borough of Islington and London Borough of Waltham Forest",North London Waste Plan,,reg-19-publication-local-plan-published,2019-03-01,W,London Borough of Barnet;London Borough of Camden;London Borough of Enfield;London Borough of Hackney;London Borough of Haringey;London Borough of Islington;London Borough of Waltham Forest,local-authority:BNE;local-authority:CMD;local-authority:ENF;local-authority:HCK;local-authority:HRY;local-authority:ISL;local-authority:WFT,E60000203-E60000188-E60000209-E60000190-E60000192-E60000193-E60000220
"London Borough of Barnet, London Borough of Camden, London Borough of Enfield, London Borough of Hackney, London Borough of Haringey, London Borough of Islington and London Borough of Waltham Forest",North London Waste Plan,,submit-plan-for-examination,2019-08-08,W,London Borough of Barnet;London Borough of Camden;London Borough of Enfield;London Borough of Hackney;London Borough of Haringey;London Borough of Islington;London Borough of Waltham Forest,local-authority:BNE;local-authority:CMD;local-authority:ENF;local-authority:HCK;local-authority:HRY;local-authority:ISL;local-authority:WFT,E60000203-E60000188-E60000209-E60000190-E60000192-E60000193-E60000220
"London Borough of Croydon, Royal Borough of Kingston upon Thames, London Borough of Merton, London Borough of Sutton",Joint South London Waste Plan,,plan-adopted,2022-12-14,W,London Borough of Croydon;Royal Borough of Kingston upon Thames;London Borough of Merton;London Borough of Sutton,local-authority:CRY;local-authority:KTT;local-authority:MRT;local-authority:STN,E60000207-E60000215-E60000216-E60000219
"London Borough of Croydon, Royal Borough of Kingston upon Thames, London Borough of Merton, London Borough of Sutton",Joint South London Waste Plan,,planning-inspectorate-examination-end,2021-09-02,W,London Borough of Croydon;Royal Borough of Kingston upon Thames;London Borough of Merton;London Borough of Sutton,local-authority:CRY;local-authority:KTT;local-authority:MRT;local-authority:STN,E60000207-E60000215-E60000216-E60000219
"London Borough of Croydon, Royal Borough of Kingston upon Thames, London Borough of Merton, London Borough of Sutton",Joint South London Waste Plan,,planning-inspectorate-examination-start,2021-09-01,W,London Borough of Croydon;Royal Borough of Kingston upon Thames;London Borough of Merton;London Borough of Sutton,local-authority:CRY;local-authority:KTT;local-authority:MRT;local-authority:STN,E60000207-E60000215-E60000216-E60000219
"London Borough of Croydon, Royal Borough of Kingston upon Thames, London Borough of Merton, London Borough of Sutton",Joint South London Waste Plan,,planning-inspectorate-found-sound,2022-11-21,W,London Borough of Croydon;Royal Borough of Kingston upon Thames;London Borough of Merton;London Borough of Sutton,local-authority:CRY;local-authority:KTT;local-authority:MRT;local-authority:STN,E60000207-E60000215-E60000216-E60000219
"London Borough of Croydon, Royal Borough of Kingston upon Thames, London Borough of Merton, London Borough of Sutton",Joint South London Waste Plan,,reg-19-publication-local-plan-published,2021-01-01,W,London Borough of Croydon;Royal Borough of Kingston upon Thames;London Borough of Merton;London Borough of Sutton,local-authority:CRY;local-authority:KTT;local-authority:MRT;local-authority:STN,E60000207-E60000215-E60000216-E60000219
"London Borough of Croydon, Royal Borough of Kingston upon Thames, London Borough of Merton, London Borough of Sutton",Joint South London Waste Plan,,submit-plan-for-examination,2022-01-19,W,London Borough of Croydon;Royal Borough of Kingston upon Thames;London Borough of Merton;London Borough of Sutton,local-authority:CRY;local-authority:KTT;local-authority:MRT;local-authority:STN,E60000207-E60000215-E60000216-E60000219
London Borough of Redbridge,Minerals,,plan-adopted,2012-09-30,M,London Borough of Redbridge,local-authority:RDB,E60000217
London Borough of Redbridge,Minerals,,planning-inspectorate-found-sound,2012-07-02,M,London Borough of Redbridge,local-authority:RDB,E60000217
London Borough of Redbridge,Minerals,,reg-19-publication-local-plan-published,2011-12-05,M,London Borough of Redbridge,local-authority:RDB,E60000217
London Borough of Redbridge,Minerals,,submit-plan-for-examination,2012-03-19,M,London Borough of Redbridge,local-authority:RDB,E60000217
Merseyside and Halton,Joint Waste,,plan-adopted,2013-07-01,W,Sefton Metropolitan Borough Council;Wirral Metropolitan Borough Council;Liverpool City Council;St Helens Metropolitan Borough Council;Knowsley Metropolitan Borough Council;Halton Borough Council,local-authority:SFT;local-authority:WRL;local-authority:LIV;local-authority:SHN;local-authority:KWL;local-authority:HAL,E60000049-E60000051-E60000048-E60000050-E60000047-E60000017
Merseyside and Halton,Joint Waste,,planning-inspectorate-found-sound,2013-03-04,W,Sefton Metropolitan Borough Council;Wirral Metropolitan Borough Council;Liverpool City Council;St Helens Metropolitan Borough Council;Knowsley Metropolitan Borough Council;Halton Borough Council,local-authority:SFT;local-authority:WRL;local-authority:LIV;local-authority:SHN;local-authority:KWL;local-authority:HAL,E60000049-E60000051-E60000048-E60000050-E60000047-E60000017
Merseyside and Halton,Joint Waste,,reg-19-publication-local-plan-published,2011-11-22,W,Sefton Metropolitan Borough Council;Wirral Metropolitan Borough Council;Liverpool City Council;St Helens Metropolitan Borough Council;Knowsley Metropolitan Borough Council;Halton Borough Council,local-authority:SFT;local-authority:WRL;local-authority:LIV;local-authority:SHN;local-authority:KWL;local-authority:HAL,E60000049-E60000051-E60000048-E60000050-E60000047-E60000017
Merseyside and Halton,Joint Waste,,submit-plan-for-examination,2012-02-17,W,Sefton Metropolitan Borough Council;Wirral Metropolitan Borough Council;Liverpool City Council;St Helens Metropolitan Borough Council;Knowsley Metropolitan Borough Council;Halton Borough Council,local-authority:SFT;local-authority:WRL;local-authority:LIV;local-authority:SHN;local-authority:KWL;local-authority:HAL,E60000049-E60000051-E60000048-E60000050-E60000047-E60000017
Milton Keynes City Council,Minerals Plan,E06000042,plan-adopted,2017-07-01,M,Milton Keynes City Council,local-authority:MIK,E60000225
Milton Keynes City Council,Minerals Plan,E06000042,planning-inspectorate-examination-end,2016-10-19,M,Milton Keynes City Council,local-authority:MIK,E60000225
Milton Keynes City Council,Minerals Plan,E06000042,planning-inspectorate-examination-start,2016-09-13,M,Milton Keynes City Council,local-authority:MIK,E60000225
Milton Keynes City Council,Minerals Plan,E06000042,planning-inspectorate-found-sound,2017-04-19,M,Milton Keynes City Council,local-authority:MIK,E60000225
Milton Keynes City Council,Minerals Plan,E06000042,reg-19-publication-local-plan-published,2016-01-28,M,Milton Keynes City Council,local-authority:MIK,E60000225
Milton Keynes City Council,Minerals Plan,E06000042,submit-plan-for-examination,2016-03-31,M,Milton Keynes City Council,local-authority:MIK,E60000225
Milton Keynes Council,Waste DPD,,plan-adopted,2008-02-12,W,Milton Keynes Council,local-authority:MIK,E60000225
Milton Keynes Council,Waste DPD,,planning-inspectorate-found-sound,2007-12-14,W,Milton Keynes Council,local-authority:MIK,E60000225
Milton Keynes Council,Waste DPD,,submit-plan-for-examination,2007-01-30,W,Milton Keynes Council,local-authority:MIK,E60000225
Norfolk County Council,M&W CS & DM policies,,plan-adopted,2011-09-26,M;W,Norfolk County Council,local-authority:NFK,E10000020
Norfolk County Council,M&W CS & DM policies,,planning-inspectorate-found-sound,2011-08-30,M;W,Norfolk County Council,local-authority:NFK,E10000020
Norfolk County Council,M&W CS & DM policies,,reg-19-publication-local-plan-published,2010-05-28,M;W,Norfolk County Council,local-authority:NFK,E10000020
Norfolk County Council,M&W CS & DM policies,,submit-plan-for-examination,2011-02-07,M;W,Norfolk County Council,local-authority:NFK,E10000020
Norfolk County Council,Minerals Site Specific Allocations,,plan-adopted,2013-10-28,M,Norfolk County Council,local-authority:NFK,E10000020
Norfolk County Council,Minerals Site Specific Allocations,,planning-inspectorate-found-sound,2013-07-22,M,Norfolk County Council,local-authority:NFK,E10000020
Norfolk County Council,Minerals Site Specific Allocations,,reg-19-publication-local-plan-published,2012-05-04,M,Norfolk County Council,local-authority:NFK,E10000020
Norfolk County Council,Minerals Site Specific Allocations,,submit-plan-for-examination,2012-12-10,M,Norfolk County Council,local-authority:NFK,E10000020
Norfolk County Council,Norfolk Minerals and Waste Local Plan,E10000020,plan-adopted,2025-05-20,M;W,Norfolk County Council,local-authority:NFK,E10000020
Norfolk County Council,Norfolk Minerals and Waste Local Plan,E10000020,planning-inspectorate-examination-end,2024-07-03,M;W,Norfolk County Council,local-authority:NFK,E10000020
Norfolk County Council,Norfolk Minerals and Waste Local Plan,E10000020,planning-inspectorate-examination-start,2024-07-02,M;W,Norfolk County Council,local-authority:NFK,E10000020
Norfolk County Council,Norfolk Minerals and Waste Local Plan,E10000020,planning-inspectorate-found-sound,2025-03-24,M;W,Norfolk County Council,local-authority:NFK,E10000020
Norfolk County Council,Norfolk Minerals and Waste Local Plan,E10000020,reg-19-publication-local-plan-published,2022-09-01,M;W,Norfolk County Council,local-authority:NFK,E10000020
Norfolk County Council,Norfolk Minerals and Waste Local Plan,E10000020,submit-plan-for-examination,2023-12-20,M;W,Norfolk County Council,local-authority:NFK,E10000020
Norfolk County Council,Waste Site Specific Allocations,,plan-adopted,2013-10-28,W,Norfolk County Council,local-authority:NFK,E10000020
Norfolk County Council,Waste Site Specific Allocations,,planning-inspectorate-found-sound,2013-07-22,W,Norfolk County Council,local-authority:NFK,E10000020
Norfolk County Council,Waste Site Specific Allocations,,reg-19-publication-local-plan-published,2012-05-04,W,Norfolk County Council,local-authority:NFK,E10000020
Norfolk County Council,Waste Site Specific Allocations,,submit-plan-for-examination,2012-12-10,W,Norfolk County Council,local-authority:NFK,E10000020
"North Yorkshire County Council, City of York Council and North York Moors National Park",Mineral and Waste Joint Plan,,plan-adopted,2022-02-16,M;W,North Yorkshire County Council;City of York Council;North York Moors National Park,local-authority:NYK;local-authority:YOR;national-park-authority:Q72617669,E10000023-E60000056-E60000322
"North Yorkshire County Council, City of York Council and North York Moors National Park",Mineral and Waste Joint Plan,,planning-inspectorate-examination-end,2019-01-25,M;W,North Yorkshire County Council;City of York Council;North York Moors National Park,local-authority:NYK;local-authority:YOR;national-park-authority:Q72617669,E10000023-E60000056-E60000322
"North Yorkshire County Council, City of York Council and North York Moors National Park",Mineral and Waste Joint Plan,,planning-inspectorate-examination-start,2018-02-27,M;W,North Yorkshire County Council;City of York Council;North York Moors National Park,local-authority:NYK;local-authority:YOR;national-park-authority:Q72617669,E10000023-E60000056-E60000322
"North Yorkshire County Council, City of York Council and North York Moors National Park",Mineral and Waste Joint Plan,,planning-inspectorate-found-sound,2022-02-01,M;W,North Yorkshire County Council;City of York Council;North York Moors National Park,local-authority:NYK;local-authority:YOR;national-park-authority:Q72617669,E10000023-E60000056-E60000322
"North Yorkshire County Council, City of York Council and North York Moors National Park",Mineral and Waste Joint Plan,,reg-19-publication-local-plan-published,2016-11-09,M;W,North Yorkshire County Council;City of York Council;North York Moors National Park,local-authority:NYK;local-authority:YOR;national-park-authority:Q72617669,E10000023-E60000056-E60000322
"North Yorkshire County Council, City of York Council and North York Moors National Park",Mineral and Waste Joint Plan,,submit-plan-for-examination,2017-11-28,M;W,North Yorkshire County Council;City of York Council;North York Moors National Park,local-authority:NYK;local-authority:YOR;national-park-authority:Q72617669,E10000023-E60000056-E60000322
Northamptonshire County Council,Locations for Minerals Development,,plan-adopted,2011-03-24,M,Northamptonshire County Council,local-authority:NTH,E10000021
Northamptonshire County Council,Locations for Minerals Development,,planning-inspectorate-found-sound,2010-12-14,M,Northamptonshire County Council,local-authority:NTH,E10000021
Northamptonshire County Council,Locations for Minerals Development,,reg-19-publication-local-plan-published,2009-01-15,M,Northamptonshire County Council,local-authority:NTH,E10000021
Northamptonshire County Council,Locations for Minerals Development,,submit-plan-for-examination,2010-03-31,M,Northamptonshire County Council,local-authority:NTH,E10000021
Northamptonshire County Council,Locations for Waste Development,,plan-adopted,2011-03-24,W,Northamptonshire County Council,local-authority:NTH,E10000021
Northamptonshire County Council,Locations for Waste Development,,planning-inspectorate-found-sound,2010-12-14,W,Northamptonshire County Council,local-authority:NTH,E10000021
Northamptonshire County Council,Locations for Waste Development,,reg-19-publication-local-plan-published,2009-01-15,W,Northamptonshire County Council,local-authority:NTH,E10000021
Northamptonshire County Council,Locations for Waste Development,,submit-plan-for-examination,2010-03-31,W,Northamptonshire County Council,local-authority:NTH,E10000021
Northamptonshire County Council,Minerals & Waste CS,,plan-adopted,2010-05-20,M;W,Northamptonshire County Council,local-authority:NTH,E10000021
Northamptonshire County Council,Minerals & Waste CS,,planning-inspectorate-found-sound,2010-03-01,M;W,Northamptonshire County Council,local-authority:NTH,E10000021
Northamptonshire County Council,Minerals & Waste CS,,reg-19-publication-local-plan-published,2008-09-25,M;W,Northamptonshire County Council,local-authority:NTH,E10000021
Northamptonshire County Council,Minerals & Waste CS,,submit-plan-for-examination,2008-12-12,M;W,Northamptonshire County Council,local-authority:NTH,E10000021
Northamptonshire County Council,Minerals and Waste Local Plan Update,E10000021,plan-adopted,2017-07-01,M;W,Northamptonshire County Council,local-authority:NTH,E10000021
Northamptonshire County Council,Minerals and Waste Local Plan Update,E10000021,planning-inspectorate-examination-end,2016-11-30,M;W,Northamptonshire County Council,local-authority:NTH,E10000021
Northamptonshire County Council,Minerals and Waste Local Plan Update,E10000021,planning-inspectorate-examination-start,2016-11-29,M;W,Northamptonshire County Council,local-authority:NTH,E10000021
Northamptonshire County Council,Minerals and Waste Local Plan Update,E10000021,planning-inspectorate-found-sound,2017-03-29,M;W,Northamptonshire County Council,local-authority:NTH,E10000021
Northamptonshire County Council,Minerals and Waste Local Plan Update,E10000021,reg-19-publication-local-plan-published,2016-06-01,M;W,Northamptonshire County Council,local-authority:NTH,E10000021
Northamptonshire County Council,Minerals and Waste Local Plan Update,E10000021,submit-plan-for-examination,2016-08-18,M;W,Northamptonshire County Council,local-authority:NTH,E10000021
Nottinghamshire County Council,Minerals Local Plan,E06000018,plan-adopted,2021-03-25,M,Nottinghamshire County Council,local-authority:NTT,E10000024
Nottinghamshire County Council,Minerals Local Plan,E06000018,planning-inspectorate-examination-end,2020-10-29,M,Nottinghamshire County Council,local-authority:NTT,E10000024
Nottinghamshire County Council,Minerals Local Plan,E06000018,planning-inspectorate-examination-start,2020-10-26,M,Nottinghamshire County Council,local-authority:NTT,E10000024
Nottinghamshire County Council,Minerals Local Plan,E06000018,reg-19-publication-local-plan-published,2019-08-30,M,Nottinghamshire County Council,local-authority:NTT,E10000024
Nottinghamshire County Council,Minerals Local Plan,E06000018,submit-plan-for-examination,2020-02-06,M,Nottinghamshire County Council,local-authority:NTT,E10000024
Nottinghamshire County Council,Minerals Plan,,plan-withdrawn,2017-05-25,M,Nottinghamshire County Council,local-authority:NTT,E10000024
Nottinghamshire County Council,Minerals Plan,,planning-inspectorate-examination-start,2017-06-27,M,Nottinghamshire County Council,local-authority:NTT,E10000024
Nottinghamshire County Council,Minerals Plan,,planning-inspectorate-found-sound,2021-03-10,M,Nottinghamshire County Council,local-authority:NTT,E10000024
Nottinghamshire County Council,Minerals Plan,,reg-19-publication-local-plan-published,2019-08-30,M,Nottinghamshire County Council,local-authority:NTT,E10000024
Nottinghamshire County Council,Minerals Plan,,submit-plan-for-examination,2020-02-06,M,Nottinghamshire County Council,local-authority:NTT,E10000024
Nottinghamshire County Council and Nottingham City Council,Joint Waste Plan,,plan-adopted,2025-09-18,W,Nottinghamshire County Council;Nottingham City Council,local-authority:NTT;local-authority:NGM,E10000024-E60000075
Nottinghamshire County Council and Nottingham City Council,Joint Waste Plan,,planning-inspectorate-examination-end,2024-10-16,W,Nottinghamshire County Council;Nottingham City Council,local-authority:NTT;local-authority:NGM,E10000024-E60000075
Nottinghamshire County Council and Nottingham City Council,Joint Waste Plan,,planning-inspectorate-examination-start,2024-10-15,W,Nottinghamshire County Council;Nottingham City Council,local-authority:NTT;local-authority:NGM,E10000024-E60000075
Nottinghamshire County Council and Nottingham City Council,Joint Waste Plan,,planning-inspectorate-found-sound,2025-06-09,W,Nottinghamshire County Council;Nottingham City Council,local-authority:NTT;local-authority:NGM,E10000024-E60000075
Nottinghamshire County Council and Nottingham City Council,Joint Waste Plan,,reg-19-publication-local-plan-published,2023-08-30,W,Nottinghamshire County Council;Nottingham City Council,local-authority:NTT;local-authority:NGM,E10000024-E60000075
Nottinghamshire County Council and Nottingham City Council,Joint Waste Plan,,submit-plan-for-examination,2024-03-05,W,Nottinghamshire County Council;Nottingham City Council,local-authority:NTT;local-authority:NGM,E10000024-E60000075
Nottinghamshire County Council and Nottingham City Council,Waste Core Strategy,,plan-adopted,2013-12-10,W,Nottinghamshire County Council;Nottingham City Council,local-authority:NTT;local-authority:NGM,E10000024-E60000075
Nottinghamshire County Council and Nottingham City Council,Waste Core Strategy,,planning-inspectorate-found-sound,2013-10-07,W,Nottinghamshire County Council;Nottingham City Council,local-authority:NTT;local-authority:NGM,E10000024-E60000075
Nottinghamshire County Council and Nottingham City Council,Waste Core Strategy,,reg-19-publication-local-plan-published,2012-03-05,W,Nottinghamshire County Council;Nottingham City Council,local-authority:NTT;local-authority:NGM,E10000024-E60000075
Nottinghamshire County Council and Nottingham City Council,Waste Core Strategy,,submit-plan-for-examination,2013-01-14,W,Nottinghamshire County Council;Nottingham City Council,local-authority:NTT;local-authority:NGM,E10000024-E60000075
Oxfordshire County Council,Oxfordshire Minerals and Waste Local Plan - Part 1 Core Strategy,,plan-adopted,2017-09-12,M;W,Oxfordshire County Council,local-authority:OXF,E10000025
Oxfordshire County Council,Oxfordshire Minerals and Waste Local Plan - Part 1 Core Strategy,E10000025,planning-inspectorate-examination-end,2016-09-30,M;W,Oxfordshire County Council,local-authority:OXF,E10000025
Oxfordshire County Council,Oxfordshire Minerals and Waste Local Plan - Part 1 Core Strategy,E10000025,planning-inspectorate-examination-start,2016-09-20,M;W,Oxfordshire County Council,local-authority:OXF,E10000025
Oxfordshire County Council,Oxfordshire Minerals and Waste Local Plan - Part 1 Core Strategy,,planning-inspectorate-found-sound,2017-06-15,M;W,Oxfordshire County Council,local-authority:OXF,E10000025
Oxfordshire County Council,Oxfordshire Minerals and Waste Local Plan - Part 1 Core Strategy,,reg-19-publication-local-plan-published,2015-08-19,M;W,Oxfordshire County Council,local-authority:OXF,E10000025
Oxfordshire County Council,Oxfordshire Minerals and Waste Local Plan - Part 1 Core Strategy,,submit-plan-for-examination,2015-12-30,M;W,Oxfordshire County Council,local-authority:OXF,E10000025
Plymouth City Council,Waste,,plan-adopted,2008-04-21,W,Plymouth City Council,local-authority:PLY,E60000295
Plymouth City Council,Waste,,planning-inspectorate-found-sound,2008-03-20,W,Plymouth City Council,local-authority:PLY,E60000295
Plymouth City Council,Waste,,submit-plan-for-examination,2007-08-29,W,Plymouth City Council,local-authority:PLY,E60000295
Rutland County Council,Minerals CS & DC Policies,,plan-adopted,2010-10-11,M,Rutland County Council,local-authority:RUT,E60000076
Rutland County Council,Minerals CS & DC Policies,,planning-inspectorate-found-sound,2010-06-15,M,Rutland County Council,local-authority:RUT,E60000076
Rutland County Council,Minerals CS & DC Policies,,reg-19-publication-local-plan-published,2009-09-03,M,Rutland County Council,local-authority:RUT,E60000076
Rutland County Council,Minerals CS & DC Policies,,submit-plan-for-examination,2010-01-18,M,Rutland County Council,local-authority:RUT,E60000076
Somerset County Council,Minerals Plan,,plan-adopted,2015-02-18,M,Somerset County Council,local-authority:SOM,E10000027
Somerset County Council,Minerals Plan,,planning-inspectorate-found-sound,2015-01-22,M,Somerset County Council,local-authority:SOM,E10000027
Somerset County Council,Minerals Plan,,reg-19-publication-local-plan-published,2014-03-03,M,Somerset County Council,local-authority:SOM,E10000027
Somerset County Council,Minerals Plan,,submit-plan-for-examination,2014-06-23,M,Somerset County Council,local-authority:SOM,E10000027
Somerset County Council,Waste Core Strategy,,plan-adopted,2013-02-20,W,Somerset County Council,local-authority:SOM,E10000027
Somerset County Council,Waste Core Strategy,,planning-inspectorate-found-sound,2013-01-09,W,Somerset County Council,local-authority:SOM,E10000027
Somerset County Council,Waste Core Strategy,,reg-19-publication-local-plan-published,2011-10-31,W,Somerset County Council,local-authority:SOM,E10000027
Somerset County Council,Waste Core Strategy,,submit-plan-for-examination,2012-03-14,W,Somerset County Council,local-authority:SOM,E10000027
South London Waste,Joint Waste,,plan-adopted,2012-03-05,W,South London Waste,local-authority:BDG,E60000202
South London Waste,Joint Waste,,planning-inspectorate-found-sound,2011-10-26,W,South London Waste,local-authority:BDG,E60000202
South London Waste,Joint Waste,,reg-19-publication-local-plan-published,2010-12-21,W,South London Waste,local-authority:BDG,E60000202
South London Waste,Joint Waste,,submit-plan-for-examination,2011-04-21,W,South London Waste,local-authority:BDG,E60000202
Staffordshire County Council,Minerals Plan,E10000028,plan-adopted,2017-02-16,M,Staffordshire County Council,local-authority:STS,E10000028
Staffordshire County Council,Minerals Plan,E10000028,planning-inspectorate-examination-end,2016-04-13,M,Staffordshire County Council,local-authority:STS,E10000028
Staffordshire County Council,Minerals Plan,E10000028,planning-inspectorate-examination-start,2016-03-30,M,Staffordshire County Council,local-authority:STS,E10000028
Staffordshire County Council,Minerals Plan,E10000028,planning-inspectorate-found-sound,2016-11-25,M,Staffordshire County Council,local-authority:STS,E10000028
Staffordshire County Council,Minerals Plan,E10000028,reg-19-publication-local-plan-published,2015-06-10,M,Staffordshire County Council,local-authority:STS,E10000028
Staffordshire County Council,Minerals Plan,E10000028,submit-plan-for-examination,2016-01-08,M,Staffordshire County Council,local-authority:STS,E10000028
Staffordshire County Council and Stoke-on-Trent City Council,Waste Core Strategy,,plan-adopted,2013-03-22,W,Staffordshire County Council;Stoke-on-Trent City Council,local-authority:STS;local-authority:STE,E10000028-E60000115
Staffordshire County Council and Stoke-on-Trent City Council,Waste Core Strategy,,planning-inspectorate-found-sound,2013-02-04,W,Staffordshire County Council;Stoke-on-Trent City Council,local-authority:STS;local-authority:STE,E10000028-E60000115
Staffordshire County Council and Stoke-on-Trent City Council,Waste Core Strategy,,reg-19-publication-local-plan-published,2011-09-23,W,Staffordshire County Council;Stoke-on-Trent City Council,local-authority:STS;local-authority:STE,E10000028-E60000115
Staffordshire County Council and Stoke-on-Trent City Council,Waste Core Strategy,,submit-plan-for-examination,2012-01-20,W,Staffordshire County Council;Stoke-on-Trent City Council,local-authority:STS;local-authority:STE,E10000028-E60000115
Suffolk County Council,Minerals & Waste,,plan-adopted,2020-07-09,M;W,Suffolk County Council,local-authority:SFK,E10000029
Suffolk County Council,Minerals & Waste,,planning-inspectorate-examination-end,2019-06-26,M;W,Suffolk County Council,local-authority:SFK,E10000029
Suffolk County Council,Minerals & Waste,,planning-inspectorate-examination-start,2019-06-19,M;W,Suffolk County Council,local-authority:SFK,E10000029
Suffolk County Council,Minerals & Waste,,planning-inspectorate-found-sound,2020-03-09,M;W,Suffolk County Council,local-authority:SFK,E10000029
Suffolk County Council,Minerals & Waste,,reg-19-publication-local-plan-published,2018-06-11,M;W,Suffolk County Council,local-authority:SFK,E10000029
Suffolk County Council,Minerals & Waste,,submit-plan-for-examination,2018-12-21,M;W,Suffolk County Council,local-authority:SFK,E10000029
Suffolk County Council,Minerals CS,,plan-adopted,2008-09-25,M,Suffolk County Council,local-authority:SFK,E10000029
Suffolk County Council,Minerals CS,,planning-inspectorate-found-sound,2008-06-17,M,Suffolk County Council,local-authority:SFK,E10000029
Suffolk County Council,Minerals CS,,submit-plan-for-examination,2007-10-22,M,Suffolk County Council,local-authority:SFK,E10000029
Suffolk County Council,Minerals Site Specific Allocations,,plan-adopted,2009-09-24,M,Suffolk County Council,local-authority:SFK,E10000029
Suffolk County Council,Minerals Site Specific Allocations,,planning-inspectorate-found-sound,2009-06-03,M,Suffolk County Council,local-authority:SFK,E10000029
Suffolk County Council,Minerals Site Specific Allocations,,submit-plan-for-examination,2008-08-01,M,Suffolk County Council,local-authority:SFK,E10000029
Suffolk County Council,Waste CS,,plan-adopted,2011-03-17,W,Suffolk County Council,local-authority:SFK,E10000029
Suffolk County Council,Waste CS,,planning-inspectorate-found-sound,2010-12-08,W,Suffolk County Council,local-authority:SFK,E10000029
Suffolk County Council,Waste CS,,reg-19-publication-local-plan-published,2010-01-18,W,Suffolk County Council,local-authority:SFK,E10000029
Suffolk County Council,Waste CS,,submit-plan-for-examination,2010-03-19,W,Suffolk County Council,local-authority:SFK,E10000029
Surrey County Council,Minerals CS,,plan-adopted,2011-07-19,M,Surrey County Council,local-authority:SRY,E10000030
Surrey County Council,Minerals CS,,planning-inspectorate-found-sound,2011-05-23,M,Surrey County Council,local-authority:SRY,E10000030
Surrey County Council,Minerals CS,,reg-19-publication-local-plan-published,2009-11-06,M,Surrey County Council,local-authority:SRY,E10000030
Surrey County Council,Minerals CS,,submit-plan-for-examination,2010-06-15,M,Surrey County Council,local-authority:SRY,E10000030
Surrey County Council,Surrey Waste Plan,,plan-adopted,2008-05-06,W,Surrey County Council,local-authority:SRY,E10000030
Surrey County Council,Surrey Waste Plan,,planning-inspectorate-found-sound,2007-12-20,W,Surrey County Council,local-authority:SRY,E10000030
Surrey County Council,Surrey Waste Plan,,submit-plan-for-examination,2006-06-30,W,Surrey County Council,local-authority:SRY,E10000030
Surrey County Council,Waste Plan,,plan-adopted,2020-12-01,W,Surrey County Council,local-authority:SRY,E10000030
Surrey County Council,Waste Plan,,planning-inspectorate-examination-end,2019-09-26,W,Surrey County Council,local-authority:SRY,E10000030
Surrey County Council,Waste Plan,,planning-inspectorate-examination-start,2019-09-17,W,Surrey County Council,local-authority:SRY,E10000030
Surrey County Council,Waste Plan,,planning-inspectorate-found-sound,2020-05-11,W,Surrey County Council,local-authority:SRY,E10000030
Surrey County Council,Waste Plan,,reg-19-publication-local-plan-published,2019-01-14,W,Surrey County Council,local-authority:SRY,E10000030
Surrey County Council,Waste Plan,,submit-plan-for-examination,2019-04-12,W,Surrey County Council,local-authority:SRY,E10000030
Tees Valley Authorities,Joint M&W Core Strategy,,plan-adopted,2011-09-15,M;W,Darlington Borough Council;Hartlepool Borough Council;Middlesbrough Council;Redcar and Cleveland Borough Council;Stockton-on-Tees Borough Council,local-authority:DAL;local-authority:HPL;local-authority:MDB;local-authority:RCC;local-authority:STT,E60000002-E60000003-E60000004-E60000006-E60000007
Tees Valley Authorities,Joint M&W Core Strategy,,planning-inspectorate-found-sound,2011-05-16,M;W,Darlington Borough Council;Hartlepool Borough Council;Middlesbrough Council;Redcar and Cleveland Borough Council;Stockton-on-Tees Borough Council,local-authority:DAL;local-authority:HPL;local-authority:MDB;local-authority:RCC;local-authority:STT,E60000002-E60000003-E60000004-E60000006-E60000007
Tees Valley Authorities,Joint M&W Core Strategy,,reg-19-publication-local-plan-published,2009-08-27,M;W,Darlington Borough Council;Hartlepool Borough Council;Middlesbrough Council;Redcar and Cleveland Borough Council;Stockton-on-Tees Borough Council,local-authority:DAL;local-authority:HPL;local-authority:MDB;local-authority:RCC;local-authority:STT,E60000002-E60000003-E60000004-E60000006-E60000007
Tees Valley Authorities,Joint M&W Core Strategy,,submit-plan-for-examination,2010-11-12,M;W,Darlington Borough Council;Hartlepool Borough Council;Middlesbrough Council;Redcar and Cleveland Borough Council;Stockton-on-Tees Borough Council,local-authority:DAL;local-authority:HPL;local-authority:MDB;local-authority:RCC;local-authority:STT,E60000002-E60000003-E60000004-E60000006-E60000007
Tees Valley Authorities,Joint M&W policies & sites,,plan-adopted,2011-09-15,M;W,Darlington Borough Council;Hartlepool Borough Council;Middlesbrough Council;Redcar and Cleveland Borough Council;Stockton-on-Tees Borough Council,local-authority:DAL;local-authority:HPL;local-authority:MDB;local-authority:RCC;local-authority:STT,E60000002-E60000003-E60000004-E60000006-E60000007
Tees Valley Authorities,Joint M&W policies & sites,,planning-inspectorate-found-sound,2011-05-16,M;W,Darlington Borough Council;Hartlepool Borough Council;Middlesbrough Council;Redcar and Cleveland Borough Council;Stockton-on-Tees Borough Council,local-authority:DAL;local-authority:HPL;local-authority:MDB;local-authority:RCC;local-authority:STT,E60000002-E60000003-E60000004-E60000006-E60000007
Tees Valley Authorities,Joint M&W policies & sites,,reg-19-publication-local-plan-published,2009-08-27,M;W,Darlington Borough Council;Hartlepool Borough Council;Middlesbrough Council;Redcar and Cleveland Borough Council;Stockton-on-Tees Borough Council,local-authority:DAL;local-authority:HPL;local-authority:MDB;local-authority:RCC;local-authority:STT,E60000002-E60000003-E60000004-E60000006-E60000007
Tees Valley Authorities,Joint M&W policies & sites,,submit-plan-for-examination,2010-11-15,M;W,Darlington Borough Council;Hartlepool Borough Council;Middlesbrough Council;Redcar and Cleveland Borough Council;Stockton-on-Tees Borough Council,local-authority:DAL;local-authority:HPL;local-authority:MDB;local-authority:RCC;local-authority:STT,E60000002-E60000003-E60000004-E60000006-E60000007
Wakefield Metropolitan District Council,Waste Development Plan Document,,plan-adopted,2009-12-09,W,Wakefield Metropolitan District Council,local-authority:WKF,E60000072
Wakefield Metropolitan District Council,Waste Development Plan Document,,planning-inspectorate-found-sound,2009-10-12,W,Wakefield Metropolitan District Council,local-authority:WKF,E60000072
Wakefield Metropolitan District Council,Waste Development Plan Document,,reg-19-publication-local-plan-published,2009-03-05,W,Wakefield Metropolitan District Council,local-authority:WKF,E60000072
Wakefield Metropolitan District Council,Waste Development Plan Document,,submit-plan-for-examination,2009-04-30,W,Wakefield Metropolitan District Council,local-authority:WKF,E60000072
Warwickshire County Council,Warwickshire Minerals Local Plan,E10000031,plan-adopted,2022-07-19,M,Warwickshire County Council,local-authority:WAR,E10000031
Warwickshire County Council,Warwickshire Minerals Local Plan,E10000031,planning-inspectorate-examination-end,2020-10-21,M,Warwickshire County Council,local-authority:WAR,E10000031
Warwickshire County Council,Warwickshire Minerals Local Plan,E10000031,planning-inspectorate-examination-start,2020-10-20,M,Warwickshire County Council,local-authority:WAR,E10000031
Warwickshire County Council,Warwickshire Minerals Local Plan,E10000031,planning-inspectorate-found-sound,2022-06-29,M,Warwickshire County Council,local-authority:WAR,E10000031
Warwickshire County Council,Warwickshire Minerals Local Plan,E10000031,reg-19-publication-local-plan-published,2016-12-09,M,Warwickshire County Council,local-authority:WAR,E10000031
Warwickshire County Council,Warwickshire Minerals Local Plan,E10000031,submit-plan-for-examination,2019-11-29,M,Warwickshire County Council,local-authority:WAR,E10000031
Warwickshire County Council,Waste Core Strategy,,plan-adopted,2013-07-09,W,Warwickshire County Council,local-authority:WAR,E10000031
Warwickshire County Council,Waste Core Strategy,,planning-inspectorate-found-sound,2013-06-12,W,Warwickshire County Council,local-authority:WAR,E10000031
Warwickshire County Council,Waste Core Strategy,,reg-19-publication-local-plan-published,2012-03-30,W,Warwickshire County Council,local-authority:WAR,E10000031
Warwickshire County Council,Waste Core Strategy,,submit-plan-for-examination,2012-10-19,W,Warwickshire County Council,local-authority:WAR,E10000031
West Berkshire Council,Minerals and Waste Local Plan,E06000037,plan-adopted,2022-12-01,M;W,West Berkshire Council,local-authority:WBK,E60000230
West Berkshire Council,Minerals and Waste Local Plan,E06000037,planning-inspectorate-examination-end,2022-02-03,M;W,West Berkshire Council,local-authority:WBK,E60000230
West Berkshire Council,Minerals and Waste Local Plan,E06000037,planning-inspectorate-examination-start,2022-02-01,M;W,West Berkshire Council,local-authority:WBK,E60000230
West Berkshire Council,Minerals and Waste Local Plan,E06000037,planning-inspectorate-found-sound,2022-10-01,M;W,West Berkshire Council,local-authority:WBK,E60000230
West Berkshire Council,Minerals and Waste Local Plan,E06000037,reg-19-publication-local-plan-published,2021-01-04,M;W,West Berkshire Council,local-authority:WBK,E60000230
West Berkshire Council,Minerals and Waste Local Plan,E06000037,submit-plan-for-examination,2021-07-29,M;W,West Berkshire Council,local-authority:WBK,E60000230
West London Waste Plan,West London Waste Plan,,plan-adopted,2015-07-30,W,West London Waste Plan,local-authority:BDG,E60000202
West London Waste Plan,West London Waste Plan,,planning-inspectorate-found-sound,2015-03-16,W,West London Waste Plan,local-authority:BDG,E60000202
West London Waste Plan,West London Waste Plan,,reg-19-publication-local-plan-published,2014-02-28,W,West London Waste Plan,local-authority:BDG,E60000202
West London Waste Plan,West London Waste Plan,,submit-plan-for-examination,2014-07-30,W,West London Waste Plan,local-authority:BDG,E60000202
West Sussex County Council and South Downs National Park,Joint Minerals Local Plan,,plan-adopted,2018-07-20,M,West Sussex County Council;South Downs National Park,local-authority:WSX;national-park-authority:Q20198711,E10000032-E60000325
West Sussex County Council and South Downs National Park,Joint Minerals Local Plan,,planning-inspectorate-examination-end,2017-09-28,M,West Sussex County Council;South Downs National Park,local-authority:WSX;national-park-authority:Q20198711,E10000032-E60000325
West Sussex County Council and South Downs National Park,Joint Minerals Local Plan,,planning-inspectorate-examination-start,2017-09-19,M,West Sussex County Council;South Downs National Park,local-authority:WSX;national-park-authority:Q20198711,E10000032-E60000325
West Sussex County Council and South Downs National Park,Joint Minerals Local Plan,,planning-inspectorate-found-sound,2018-05-30,M,West Sussex County Council;South Downs National Park,local-authority:WSX;national-park-authority:Q20198711,E10000032-E60000325
West Sussex County Council and South Downs National Park,Joint Minerals Local Plan,,reg-19-publication-local-plan-published,2017-01-16,M,West Sussex County Council;South Downs National Park,local-authority:WSX;national-park-authority:Q20198711,E10000032-E60000325
West Sussex County Council and South Downs National Park,Joint Minerals Local Plan,,submit-plan-for-examination,2017-05-26,M,West Sussex County Council;South Downs National Park,local-authority:WSX;national-park-authority:Q20198711,E10000032-E60000325
West Sussex County Council and South Downs National Park,Joint Minerals Local Plan Soft Sand Review,,plan-adopted,2021-03-25,M,West Sussex County Council;South Downs National Park,local-authority:WSX;national-park-authority:Q20198711,E10000032-E60000325
West Sussex County Council and South Downs National Park,Joint Minerals Local Plan Soft Sand Review,,planning-inspectorate-examination-end,2020-08-27,M,West Sussex County Council;South Downs National Park,local-authority:WSX;national-park-authority:Q20198711,E10000032-E60000325
West Sussex County Council and South Downs National Park,Joint Minerals Local Plan Soft Sand Review,,planning-inspectorate-examination-start,2020-08-25,M,West Sussex County Council;South Downs National Park,local-authority:WSX;national-park-authority:Q20198711,E10000032-E60000325
West Sussex County Council and South Downs National Park,Joint Minerals Local Plan Soft Sand Review,,planning-inspectorate-found-sound,2021-02-01,M,West Sussex County Council;South Downs National Park,local-authority:WSX;national-park-authority:Q20198711,E10000032-E60000325
West Sussex County Council and South Downs National Park,Joint Minerals Local Plan Soft Sand Review,,reg-19-publication-local-plan-published,2020-01-06,M,West Sussex County Council;South Downs National Park,local-authority:WSX;national-park-authority:Q20198711,E10000032-E60000325
West Sussex County Council and South Downs National Park,Joint Minerals Local Plan Soft Sand Review,,submit-plan-for-examination,2020-04-17,M,West Sussex County Council;South Downs National Park,local-authority:WSX;national-park-authority:Q20198711,E10000032-E60000325
West Sussex County Council and South Downs National Park Authority,Waste Local Plan,,plan-adopted,2014-04-11,W,West Sussex County Council,local-authority:WSX;national-park-authority:Q20198711,E10000032-E60000325
West Sussex County Council and South Downs National Park Authority,Waste Local Plan,,planning-inspectorate-found-sound,2014-02-17,W,West Sussex County Council,local-authority:WSX;national-park-authority:Q20198711,E10000032-E60000325
West Sussex County Council and South Downs National Park Authority,Waste Local Plan,,reg-19-publication-local-plan-published,2012-11-09,W,West Sussex County Council,local-authority:WSX;national-park-authority:Q20198711,E10000032-E60000325
West Sussex County Council and South Downs National Park Authority,Waste Local Plan,,submit-plan-for-examination,2013-03-27,W,West Sussex County Council,local-authority:WSX;national-park-authority:Q20198711,E10000032-E60000325
West of England Partnership,Joint Waste Core Strategy,,plan-adopted,2011-03-25,W,Bath and North East Somerset Council;Bristol City Council;North Somerset Council;South Gloucestershire Council,local-authority:BAS;local-authority:BST;local-authority:NSM;local-authority:SGC,E60000288-E60000290-E60000294-E60000296
West of England Partnership,Joint Waste Core Strategy,,planning-inspectorate-found-sound,2011-02-03,W,Bath and North East Somerset Council;Bristol City Council;North Somerset Council;South Gloucestershire Council,local-authority:BAS;local-authority:BST;local-authority:NSM;local-authority:SGC,E60000288-E60000290-E60000294-E60000296
West of England Partnership,Joint Waste Core Strategy,,reg-19-publication-local-plan-published,2010-01-04,W,Bath and North East Somerset Council;Bristol City Council;North Somerset Council;South Gloucestershire Council,local-authority:BAS;local-authority:BST;local-authority:NSM;local-authority:SGC,E60000288-E60000290-E60000294-E60000296
West of England Partnership,Joint Waste Core Strategy,,submit-plan-for-examination,2010-07-30,W,Bath and North East Somerset Council;Bristol City Council;North Somerset Council;South Gloucestershire Council,local-authority:BAS;local-authority:BST;local-authority:NSM;local-authority:SGC,E60000288-E60000290-E60000294-E60000296
Wiltshire County Council and Swindon Borough Council,Aggregate Minerals Site Allocations,,plan-adopted,2013-05-14,M,Wiltshire County Council;Swindon Borough Council,local-authority:WIL;local-authority:SWD,E60000299-E60000297
Wiltshire County Council and Swindon Borough Council,Aggregate Minerals Site Allocations,,planning-inspectorate-found-sound,2013-02-05,M,Wiltshire County Council;Swindon Borough Council,local-authority:WIL;local-authority:SWD,E60000299-E60000297
Wiltshire County Council and Swindon Borough Council,Aggregate Minerals Site Allocations,,reg-19-publication-local-plan-published,2012-01-27,M,Wiltshire County Council;Swindon Borough Council,local-authority:WIL;local-authority:SWD,E60000299-E60000297
Wiltshire County Council and Swindon Borough Council,Aggregate Minerals Site Allocations,,submit-plan-for-examination,2012-07-20,M,Wiltshire County Council;Swindon Borough Council,local-authority:WIL;local-authority:SWD,E60000299-E60000297
Wiltshire County Council and Swindon Borough Council,Minerals Core Strategy,,plan-adopted,2009-06-01,M,Wiltshire County Council;Swindon Borough Council,local-authority:WIL;local-authority:SWD,E60000299-E60000297
Wiltshire County Council and Swindon Borough Council,Minerals Core Strategy,,planning-inspectorate-found-sound,2009-03-09,M,Wiltshire County Council;Swindon Borough Council,local-authority:WIL;local-authority:SWD,E60000299-E60000297
Wiltshire County Council and Swindon Borough Council,Minerals Core Strategy,,submit-plan-for-examination,2008-03-28,M,Wiltshire County Council;Swindon Borough Council,local-authority:WIL;local-authority:SWD,E60000299-E60000297
Wiltshire County Council and Swindon Borough Council,Minerals DC Policies,,plan-adopted,2009-09-01,M,Wiltshire County Council;Swindon Borough Council,local-authority:WIL;local-authority:SWD,E60000299-E60000297
Wiltshire County Council and Swindon Borough Council,Minerals DC Policies,,planning-inspectorate-found-sound,2009-05-26,M,Wiltshire County Council;Swindon Borough Council,local-authority:WIL;local-authority:SWD,E60000299-E60000297
Wiltshire County Council and Swindon Borough Council,Minerals DC Policies,,submit-plan-for-examination,2008-07-29,M,Wiltshire County Council;Swindon Borough Council,local-authority:WIL;local-authority:SWD,E60000299-E60000297
Wiltshire County Council and Swindon Borough Council,Waste Core Strategy,,plan-adopted,2009-06-01,W,Wiltshire County Council;Swindon Borough Council,local-authority:WIL;local-authority:SWD,E60000299-E60000297
Wiltshire County Council and Swindon Borough Council,Waste Core Strategy,,planning-inspectorate-found-sound,2009-04-14,W,Wiltshire County Council;Swindon Borough Council,local-authority:WIL;local-authority:SWD,E60000299-E60000297
Wiltshire County Council and Swindon Borough Council,Waste Core Strategy,,submit-plan-for-examination,2008-03-28,W,Wiltshire County Council;Swindon Borough Council,local-authority:WIL;local-authority:SWD,E60000299-E60000297
Wiltshire County Council and Swindon Borough Council,Waste DC Policies,,plan-adopted,2009-09-01,W,Wiltshire County Council;Swindon Borough Council,local-authority:WIL;local-authority:SWD,E60000299-E60000297
Wiltshire County Council and Swindon Borough Council,Waste DC Policies,,planning-inspectorate-found-sound,2009-05-26,W,Wiltshire County Council;Swindon Borough Council,local-authority:WIL;local-authority:SWD,E60000299-E60000297
Wiltshire County Council and Swindon Borough Council,Waste DC Policies,,submit-plan-for-examination,2008-07-29,W,Wiltshire County Council;Swindon Borough Council,local-authority:WIL;local-authority:SWD,E60000299-E60000297
Wiltshire County Council and Swindon Borough Council,Waste site allocations,,plan-adopted,2013-02-26,W,Wiltshire County Council;Swindon Borough Council,local-authority:WIL;local-authority:SWD,E60000299-E60000297
Wiltshire County Council and Swindon Borough Council,Waste site allocations,,planning-inspectorate-found-sound,2012-11-06,W,Wiltshire County Council;Swindon Borough Council,local-authority:WIL;local-authority:SWD,E60000299-E60000297
Wiltshire County Council and Swindon Borough Council,Waste site allocations,,reg-19-publication-local-plan-published,2011-06-08,W,Wiltshire County Council;Swindon Borough Council,local-authority:WIL;local-authority:SWD,E60000299-E60000297
Wiltshire County Council and Swindon Borough Council,Waste site allocations,,submit-plan-for-examination,2012-02-14,W,Wiltshire County Council;Swindon Borough Council,local-authority:WIL;local-authority:SWD,E60000299-E60000297
Worcestershire County Council,Minerals local Plan,E10000034,plan-adopted,2022-07-14,M,Worcestershire County Council,local-authority:WOR,E10000034
Worcestershire County Council,Minerals local Plan,E10000034,planning-inspectorate-examination-end,2020-12-18,M,Worcestershire County Council,local-authority:WOR,E10000034
Worcestershire County Council,Minerals local Plan,E10000034,planning-inspectorate-examination-start,2020-11-11,M,Worcestershire County Council,local-authority:WOR,E10000034
Worcestershire County Council,Minerals local Plan,E10000034,planning-inspectorate-found-sound,2022-05-06,M,Worcestershire County Council,local-authority:WOR,E10000034
Worcestershire County Council,Minerals local Plan,E10000034,reg-19-publication-local-plan-published,2019-08-19,M,Worcestershire County Council,local-authority:WOR,E10000034
Worcestershire County Council,Minerals local Plan,E10000034,submit-plan-for-examination,2019-12-17,M,Worcestershire County Council,local-authority:WOR,E10000034
Worcestershire County Council,Waste Core Strategy,,plan-adopted,2012-11-15,W,Worcestershire County Council,local-authority:WOR,E10000034
Worcestershire County Council,Waste Core Strategy,,planning-inspectorate-found-sound,2012-07-20,W,Worcestershire County Council,local-authority:WOR,E10000034
Worcestershire County Council,Waste Core Strategy,,reg-19-publication-local-plan-published,2011-03-22,W,Worcestershire County Council,local-authority:WOR,E10000034
Worcestershire County Council,Waste Core Strategy,,submit-plan-for-examination,2011-11-28,W,Worcestershire County Council,local-authority:WOR,E10000034
