planning-authorities,name,organisations,local-plan-event,start-date,type,planning-authorities-listed,curie-organisations,geography-codes,start-year,end-year,documentation-url,document-url,local-plan,entry-date
West of England Partnership,Joint Waste Core Strategy,,plan-adopted,2011-03-25,W,Bath and North East Somerset Council;Bristol City Council;North Somerset Council;South Gloucestershire Council,local-authority:BAS;local-authority:BST;local-authority:NSM;local-authority:SGC,E60000288-E60000290-E60000294-E60000296,2010,2026,https://www.bristol.gov.uk/council/policies-plans-and-strategies/find-a-policy-plan-or-strategy/policy-plan-or-strategy?id=38,https://www.bristol.gov.uk/files/documents/2240-joint-waste-core-strategy/file,bas-bst-nsm-sgc-waste-plan-2026,2026-01-27
West of England Partnership,Joint Waste Core Strategy,,planning-inspectorate-found-sound,2011-02-03,W,Bath and North East Somerset Council;Bristol City Council;North Somerset Council;South Gloucestershire Council,local-authority:BAS;local-authority:BST;local-authority:NSM;local-authority:SGC,E60000288-E60000290-E60000294-E60000296,2010,2026,https://www.bristol.gov.uk/council/policies-plans-and-strategies/find-a-policy-plan-or-strategy/policy-plan-or-strategy?id=38,https://www.bristol.gov.uk/files/documents/2240-joint-waste-core-strategy/file,bas-bst-nsm-sgc-waste-plan-2026,2026-01-27
West of England Partnership,Joint Waste Core Strategy,,reg-19-publication-local-plan-published,2010-01-04,W,Bath and North East Somerset Council;Bristol City Council;North Somerset Council;South Gloucestershire Council,local-authority:BAS;local-authority:BST;local-authority:NSM;local-authority:SGC,E60000288-E60000290-E60000294-E60000296,2010,2026,https://www.bristol.gov.uk/council/policies-plans-and-strategies/find-a-policy-plan-or-strategy/policy-plan-or-strategy?id=38,https://www.bristol.gov.uk/files/documents/2240-joint-waste-core-strategy/file,bas-bst-nsm-sgc-waste-plan-2026,2026-01-27
West of England Partnership,Joint Waste Core Strategy,,submit-plan-for-examination,2010-07-30,W,Bath and North East Somerset Council;Bristol City Council;North Somerset Council;South Gloucestershire Council,local-authority:BAS;local-authority:BST;local-authority:NSM;local-authority:SGC,E60000288-E60000290-E60000294-E60000296,2010,2026,https://www.bristol.gov.uk/council/policies-plans-and-strategies/find-a-policy-plan-or-strategy/policy-plan-or-strategy?id=38,https://www.bristol.gov.uk/files/documents/2240-joint-waste-core-strategy/file,bas-bst-nsm-sgc-waste-plan-2026,2026-01-27
"Bedford Borough Council, Luton Borough Council and Central Bedfordshire Council",Minerals & Waste Core Strategy,,plan-adopted,2014-01-30,M;W,Bedford Borough Council;Luton Borough Council;Central Bedfordshire Council,local-authority:BDF;local-authority:LUT;local-authority:CBF,E60000143-E60000145-E60000144,2013,2028,https://www.centralbedfordshire.gov.uk/info/48/minerals_and_waste/450/development_framework/2,https://www.centralbedfordshire.gov.uk/migrated_images/minerals-waste_tcm3-2120.pdf,bdf-lut-cbf-mineral-waste-plan-2028,2026-01-27
"Bedford Borough Council, Luton Borough Council and Central Bedfordshire Council",Minerals & Waste Core Strategy,,planning-inspectorate-found-sound,2013-10-04,M;W,Bedford Borough Council;Luton Borough Council;Central Bedfordshire Council,local-authority:BDF;local-authority:LUT;local-authority:CBF,E60000143-E60000145-E60000144,2013,2028,https://www.centralbedfordshire.gov.uk/info/48/minerals_and_waste/450/development_framework/2,https://www.centralbedfordshire.gov.uk/migrated_images/minerals-waste_tcm3-2120.pdf,bdf-lut-cbf-mineral-waste-plan-2028,2026-01-27
"Bedford Borough Council, Luton Borough Council and Central Bedfordshire Council",Minerals & Waste Core Strategy,,reg-19-publication-local-plan-published,2011-12-05,M;W,Bedford Borough Council;Luton Borough Council;Central Bedfordshire Council,local-authority:BDF;local-authority:LUT;local-authority:CBF,E60000143-E60000145-E60000144,2013,2028,https://www.centralbedfordshire.gov.uk/info/48/minerals_and_waste/450/development_framework/2,https://www.centralbedfordshire.gov.uk/migrated_images/minerals-waste_tcm3-2120.pdf,bdf-lut-cbf-mineral-waste-plan-2028,2026-01-27
"Bedford Borough Council, Luton Borough Council and Central Bedfordshire Council",Minerals & Waste Core Strategy,,submit-plan-for-examination,2012-08-10,M;W,Bedford Borough Council;Luton Borough Council;Central Bedfordshire Council,local-authority:BDF;local-authority:LUT;local-authority:CBF,E60000143-E60000145-E60000144,2013,2028,https://www.centralbedfordshire.gov.uk/info/48/minerals_and_waste/450/development_framework/2,https://www.centralbedfordshire.gov.uk/migrated_images/minerals-waste_tcm3-2120.pdf,bdf-lut-cbf-mineral-waste-plan-2028,2026-01-27
South London Waste,Joint Waste,,plan-adopted,2012-03-05,W,South London Waste,local-authority:BDG,E60000202,2022,2037,https://www.croydon.gov.uk/planning-and-regeneration/planning-policy/croydons-development-plan/south-london-waste-plan-2022-2037,https://www.croydon.gov.uk/sites/default/files/2023-03/WASTE-PLAN-FINAL-AMENDED-24.11.22%28web%29.pdf,bdg-waste-plan-2037,2026-01-27
South London Waste,Joint Waste,,planning-inspectorate-found-sound,2011-10-26,W,South London Waste,local-authority:BDG,E60000202,2022,2037,https://www.croydon.gov.uk/planning-and-regeneration/planning-policy/croydons-development-plan/south-london-waste-plan-2022-2037,https://www.croydon.gov.uk/sites/default/files/2023-03/WASTE-PLAN-FINAL-AMENDED-24.11.22%28web%29.pdf,bdg-waste-plan-2037,2026-01-27
South London Waste,Joint Waste,,reg-19-publication-local-plan-published,2010-12-21,W,South London Waste,local-authority:BDG,E60000202,2022,2037,https://www.croydon.gov.uk/planning-and-regeneration/planning-policy/croydons-development-plan/south-london-waste-plan-2022-2037,https://www.croydon.gov.uk/sites/default/files/2023-03/WASTE-PLAN-FINAL-AMENDED-24.11.22%28web%29.pdf,bdg-waste-plan-2037,2026-01-27
South London Waste,Joint Waste,,submit-plan-for-examination,2011-04-21,W,South London Waste,local-authority:BDG,E60000202,2022,2037,https://www.croydon.gov.uk/planning-and-regeneration/planning-policy/croydons-development-plan/south-london-waste-plan-2022-2037,https://www.croydon.gov.uk/sites/default/files/2023-03/WASTE-PLAN-FINAL-AMENDED-24.11.22%28web%29.pdf,bdg-waste-plan-2037,2026-01-27
West London Waste Plan,West London Waste Plan,,plan-adopted,2015-07-30,W,West London Waste Plan,local-authority:BDG,E60000202,2011,2031,https://www.wlwp.net/,https://www.wlwp.net/documents/West_London_waste_plan.pdf,bdg-waste-plan-2031,2026-01-27
West London Waste Plan,West London Waste Plan,,planning-inspectorate-found-sound,2015-03-16,W,West London Waste Plan,local-authority:BDG,E60000202,2011,2031,https://www.wlwp.net/,https://www.wlwp.net/documents/West_London_waste_plan.pdf,bdg-waste-plan-2031,2026-01-27
West London Waste Plan,West London Waste Plan,,reg-19-publication-local-plan-published,2014-02-28,W,West London Waste Plan,local-authority:BDG,E60000202,2011,2031,https://www.wlwp.net/,https://www.wlwp.net/documents/West_London_waste_plan.pdf,bdg-waste-plan-2031,2026-01-27
West London Waste Plan,West London Waste Plan,,submit-plan-for-examination,2014-07-30,W,West London Waste Plan,local-authority:BDG,E60000202,2011,2031,https://www.wlwp.net/,https://www.wlwp.net/documents/West_London_waste_plan.pdf,bdg-waste-plan-2031,2026-01-27
East London Waste Authorities,East London Joint Waste Plan Review,,reg-19-publication-local-plan-published,2025-05-19,W,London Borough of Barking and Dagenham;London Borough of Havering;London Borough of Newham;London Borough of Redbridge,local-authority:BDG;local-authority:HAV;local-authority:NWM;local-authority:RDB,E60000202-E60000212-E60000197-E60000217,,2041,https://consultation.havering.gov.uk/planning/east-london-joint-waste-plan/,https://consultation.havering.gov.uk/planning/east-london-joint-waste-plan/supporting_documents/ELJWP%20Reg%2018.pdf,bdg-hav-nwm-rdb-waste-plan-2041,2026-01-27
East London Waste Authorities,Joint Waste DPD,,plan-adopted,2012-02-27,W,London Borough of Barking and Dagenham;London Borough of Havering;London Borough of Newham;London Borough of Redbridge,local-authority:BDG;local-authority:HAV;local-authority:NWM;local-authority:RDB,E60000202-E60000212-E60000197-E60000217,,2021,https://www.newham.gov.uk/planning-development-conservation/east-london-joint-waste-plan,https://www.newham.gov.uk/downloads/file/1041/adoptedjointwastedpd,bdg-hav-nwm-rdb-waste-plan-2021,2026-01-27
East London Waste Authorities,Joint Waste DPD,,planning-inspectorate-found-sound,2011-11-14,W,London Borough of Barking and Dagenham;London Borough of Havering;London Borough of Newham;London Borough of Redbridge,local-authority:BDG;local-authority:HAV;local-authority:NWM;local-authority:RDB,E60000202-E60000212-E60000197-E60000217,,2021,https://www.newham.gov.uk/planning-development-conservation/east-london-joint-waste-plan,https://www.newham.gov.uk/downloads/file/1041/adoptedjointwastedpd,bdg-hav-nwm-rdb-waste-plan-2021,2026-01-27
East London Waste Authorities,Joint Waste DPD,,reg-19-publication-local-plan-published,2010-09-27,W,London Borough of Barking and Dagenham;London Borough of Havering;London Borough of Newham;London Borough of Redbridge,local-authority:BDG;local-authority:HAV;local-authority:NWM;local-authority:RDB,E60000202-E60000212-E60000197-E60000217,,2021,https://www.newham.gov.uk/planning-development-conservation/east-london-joint-waste-plan,https://www.newham.gov.uk/downloads/file/1041/adoptedjointwastedpd,bdg-hav-nwm-rdb-waste-plan-2021,2026-01-27
East London Waste Authorities,Joint Waste DPD,,submit-plan-for-examination,2010-11-30,W,London Borough of Barking and Dagenham;London Borough of Havering;London Borough of Newham;London Borough of Redbridge,local-authority:BDG;local-authority:HAV;local-authority:NWM;local-authority:RDB,E60000202-E60000212-E60000197-E60000217,,2021,https://www.newham.gov.uk/planning-development-conservation/east-london-joint-waste-plan,https://www.newham.gov.uk/downloads/file/1041/adoptedjointwastedpd,bdg-hav-nwm-rdb-waste-plan-2021,2026-01-27
Buckinghamshire County Council,M&W Local Plan,,plan-adopted,2019-07-25,M;W,Buckinghamshire County Council,local-authority:BKM,E10000002,2016,2036,https://www.buckinghamshire.gov.uk/planning-and-building-control/planning-policy/local-development-scheme/,https://buckinghamshire-gov-uk.s3.amazonaws.com/documents/buckinghamshire-minerals-and-waste-local-plan-2016-2036_yiYUGSb.pdf,bkm-mineral-waste-plan-2036,2026-01-27
Buckinghamshire County Council,M&W Local Plan,,planning-inspectorate-examination-end,2018-09-25,M;W,Buckinghamshire County Council,local-authority:BKM,E10000002,2016,2036,https://www.buckinghamshire.gov.uk/planning-and-building-control/planning-policy/local-development-scheme/,https://buckinghamshire-gov-uk.s3.amazonaws.com/documents/buckinghamshire-minerals-and-waste-local-plan-2016-2036_yiYUGSb.pdf,bkm-mineral-waste-plan-2036,2026-01-27
Buckinghamshire County Council,M&W Local Plan,,planning-inspectorate-examination-start,2018-09-24,M;W,Buckinghamshire County Council,local-authority:BKM,E10000002,2016,2036,https://www.buckinghamshire.gov.uk/planning-and-building-control/planning-policy/local-development-scheme/,https://buckinghamshire-gov-uk.s3.amazonaws.com/documents/buckinghamshire-minerals-and-waste-local-plan-2016-2036_yiYUGSb.pdf,bkm-mineral-waste-plan-2036,2026-01-27
Buckinghamshire County Council,M&W Local Plan,,planning-inspectorate-found-sound,2019-06-05,M;W,Buckinghamshire County Council,local-authority:BKM,E10000002,2016,2036,https://www.buckinghamshire.gov.uk/planning-and-building-control/planning-policy/local-development-scheme/,https://buckinghamshire-gov-uk.s3.amazonaws.com/documents/buckinghamshire-minerals-and-waste-local-plan-2016-2036_yiYUGSb.pdf,bkm-mineral-waste-plan-2036,2026-01-27
Buckinghamshire County Council,M&W Local Plan,,reg-19-publication-local-plan-published,2018-03-03,M;W,Buckinghamshire County Council,local-authority:BKM,E10000002,2016,2036,https://www.buckinghamshire.gov.uk/planning-and-building-control/planning-policy/local-development-scheme/,https://buckinghamshire-gov-uk.s3.amazonaws.com/documents/buckinghamshire-minerals-and-waste-local-plan-2016-2036_yiYUGSb.pdf,bkm-mineral-waste-plan-2036,2026-01-27
Buckinghamshire County Council,M&W Local Plan,,submit-plan-for-examination,2018-06-01,M;W,Buckinghamshire County Council,local-authority:BKM,E10000002,2016,2036,https://www.buckinghamshire.gov.uk/planning-and-building-control/planning-policy/local-development-scheme/,https://buckinghamshire-gov-uk.s3.amazonaws.com/documents/buckinghamshire-minerals-and-waste-local-plan-2016-2036_yiYUGSb.pdf,bkm-mineral-waste-plan-2036,2026-01-27
Buckinghamshire County Council,Minerals & Waste Core Strategy,,plan-adopted,2012-11-22,M;W,Buckinghamshire County Council,local-authority:BKM,E10000002,,2026,https://www.buckinghamshire.gov.uk/planning-and-building-control/planning-policy/local-development-scheme/,https://buckinghamshire.moderngov.co.uk/Data/BCC%20County%20Council/201211220930/Agenda/Appendix%20-%20Minerals%20and%20Waste%20Core%20Strategy.pdf,bkm-mineral-waste-plan-2026,2026-01-27
Buckinghamshire County Council,Minerals & Waste Core Strategy,,planning-inspectorate-found-sound,2012-09-03,M;W,Buckinghamshire County Council,local-authority:BKM,E10000002,,2026,https://www.buckinghamshire.gov.uk/planning-and-building-control/planning-policy/local-development-scheme/,https://buckinghamshire.moderngov.co.uk/Data/BCC%20County%20Council/201211220930/Agenda/Appendix%20-%20Minerals%20and%20Waste%20Core%20Strategy.pdf,bkm-mineral-waste-plan-2026,2026-01-27
Buckinghamshire County Council,Minerals & Waste Core Strategy,,reg-19-publication-local-plan-published,2011-09-05,M;W,Buckinghamshire County Council,local-authority:BKM,E10000002,,2026,https://www.buckinghamshire.gov.uk/planning-and-building-control/planning-policy/local-development-scheme/,https://buckinghamshire.moderngov.co.uk/Data/BCC%20County%20Council/201211220930/Agenda/Appendix%20-%20Minerals%20and%20Waste%20Core%20Strategy.pdf,bkm-mineral-waste-plan-2026,2026-01-27
Buckinghamshire County Council,Minerals & Waste Core Strategy,,submit-plan-for-examination,2011-11-11,M;W,Buckinghamshire County Council,local-authority:BKM,E10000002,,2026,https://www.buckinghamshire.gov.uk/planning-and-building-control/planning-policy/local-development-scheme/,https://buckinghamshire.moderngov.co.uk/Data/BCC%20County%20Council/201211220930/Agenda/Appendix%20-%20Minerals%20and%20Waste%20Core%20Strategy.pdf,bkm-mineral-waste-plan-2026,2026-01-27
"London Borough of Barnet, London Borough of Camden, London Borough of Enfield, London Borough of Hackney, London Borough of Haringey, London Borough of Islington and London Borough of Waltham Forest",Joint Waste,,planning-inspectorate-found-sound,2013-03-14,W,London Borough of Barnet;London Borough of Camden;London Borough of Enfield;London Borough of Hackney;London Borough of Haringey;London Borough of Islington;London Borough of Waltham Forest,local-authority:BNE;local-authority:CMD;local-authority:ENF;local-authority:HCK;local-authority:HRY;local-authority:ISL;local-authority:WFT,E60000203-E60000188-E60000209-E60000190-E60000192-E60000193-E60000220,,,,,bne-cmd-enf-hck-hry-isl-wft-waste-plan,2026-01-27
"London Borough of Barnet, London Borough of Camden, London Borough of Enfield, London Borough of Hackney, London Borough of Haringey, London Borough of Islington and London Borough of Waltham Forest",Joint Waste,,reg-19-publication-local-plan-published,2011-05-11,W,London Borough of Barnet;London Borough of Camden;London Borough of Enfield;London Borough of Hackney;London Borough of Haringey;London Borough of Islington;London Borough of Waltham Forest,local-authority:BNE;local-authority:CMD;local-authority:ENF;local-authority:HCK;local-authority:HRY;local-authority:ISL;local-authority:WFT,E60000203-E60000188-E60000209-E60000190-E60000192-E60000193-E60000220,,,,,bne-cmd-enf-hck-hry-isl-wft-waste-plan,2026-01-27
"London Borough of Barnet, London Borough of Camden, London Borough of Enfield, London Borough of Hackney, London Borough of Haringey, London Borough of Islington and London Borough of Waltham Forest",Joint Waste,,submit-plan-for-examination,2012-02-28,W,London Borough of Barnet;London Borough of Camden;London Borough of Enfield;London Borough of Hackney;London Borough of Haringey;London Borough of Islington;London Borough of Waltham Forest,local-authority:BNE;local-authority:CMD;local-authority:ENF;local-authority:HCK;local-authority:HRY;local-authority:ISL;local-authority:WFT,E60000203-E60000188-E60000209-E60000190-E60000192-E60000193-E60000220,,,,,bne-cmd-enf-hck-hry-isl-wft-waste-plan,2026-01-27
"London Borough of Barnet, London Borough of Camden, London Borough of Enfield, London Borough of Hackney, London Borough of Haringey, London Borough of Islington and London Borough of Waltham Forest",North London Waste Plan,,plan-adopted,2022-01-26,W,London Borough of Barnet;London Borough of Camden;London Borough of Enfield;London Borough of Hackney;London Borough of Haringey;London Borough of Islington;London Borough of Waltham Forest,local-authority:BNE;local-authority:CMD;local-authority:ENF;local-authority:HCK;local-authority:HRY;local-authority:ISL;local-authority:WFT,E60000203-E60000188-E60000209-E60000190-E60000192-E60000193-E60000220,2020,2036,https://www.nlwp.net/,https://www.nlwp.net/wp-content/uploads/2022/05/NLWP%202022%20final%20high%20res.pdf,bne-cmd-enf-hck-hry-isl-wft-waste-plan-2036,2026-01-27
"London Borough of Barnet, London Borough of Camden, London Borough of Enfield, London Borough of Hackney, London Borough of Haringey, London Borough of Islington and London Borough of Waltham Forest",North London Waste Plan,,planning-inspectorate-examination-end,2019-11-21,W,London Borough of Barnet;London Borough of Camden;London Borough of Enfield;London Borough of Hackney;London Borough of Haringey;London Borough of Islington;London Borough of Waltham Forest,local-authority:BNE;local-authority:CMD;local-authority:ENF;local-authority:HCK;local-authority:HRY;local-authority:ISL;local-authority:WFT,E60000203-E60000188-E60000209-E60000190-E60000192-E60000193-E60000220,2020,2036,https://www.nlwp.net/,https://www.nlwp.net/wp-content/uploads/2022/05/NLWP%202022%20final%20high%20res.pdf,bne-cmd-enf-hck-hry-isl-wft-waste-plan-2036,2026-01-27
"London Borough of Barnet, London Borough of Camden, London Borough of Enfield, London Borough of Hackney, London Borough of Haringey, London Borough of Islington and London Borough of Waltham Forest",North London Waste Plan,,planning-inspectorate-examination-start,2019-11-20,W,London Borough of Barnet;London Borough of Camden;London Borough of Enfield;London Borough of Hackney;London Borough of Haringey;London Borough of Islington;London Borough of Waltham Forest,local-authority:BNE;local-authority:CMD;local-authority:ENF;local-authority:HCK;local-authority:HRY;local-authority:ISL;local-authority:WFT,E60000203-E60000188-E60000209-E60000190-E60000192-E60000193-E60000220,2020,2036,https://www.nlwp.net/,https://www.nlwp.net/wp-content/uploads/2022/05/NLWP%202022%20final%20high%20res.pdf,bne-cmd-enf-hck-hry-isl-wft-waste-plan-2036,2026-01-27
"London Borough of Barnet, London Borough of Camden, London Borough of Enfield, London Borough of Hackney, London Borough of Haringey, London Borough of Islington and London Borough of Waltham Forest",North London Waste Plan,,planning-inspectorate-found-sound,2021-10-27,W,London Borough of Barnet;London Borough of Camden;London Borough of Enfield;London Borough of Hackney;London Borough of Haringey;London Borough of Islington;London Borough of Waltham Forest,local-authority:BNE;local-authority:CMD;local-authority:ENF;local-authority:HCK;local-authority:HRY;local-authority:ISL;local-authority:WFT,E60000203-E60000188-E60000209-E60000190-E60000192-E60000193-E60000220,2020,2036,https://www.nlwp.net/,https://www.nlwp.net/wp-content/uploads/2022/05/NLWP%202022%20final%20high%20res.pdf,bne-cmd-enf-hck-hry-isl-wft-waste-plan-2036,2026-01-27
"London Borough of Barnet, London Borough of Camden, London Borough of Enfield, London Borough of Hackney, London Borough of Haringey, London Borough of Islington and London Borough of Waltham Forest",North London Waste Plan,,reg-19-publication-local-plan-published,2019-03-01,W,London Borough of Barnet;London Borough of Camden;London Borough of Enfield;London Borough of Hackney;London Borough of Haringey;London Borough of Islington;London Borough of Waltham Forest,local-authority:BNE;local-authority:CMD;local-authority:ENF;local-authority:HCK;local-authority:HRY;local-authority:ISL;local-authority:WFT,E60000203-E60000188-E60000209-E60000190-E60000192-E60000193-E60000220,2020,2036,https://www.nlwp.net/,https://www.nlwp.net/wp-content/uploads/2022/05/NLWP%202022%20final%20high%20res.pdf,bne-cmd-enf-hck-hry-isl-wft-waste-plan-2036,2026-01-27
"London Borough of Barnet, London Borough of Camden, London Borough of Enfield, London Borough of Hackney, London Borough of Haringey, London Borough of Islington and London Borough of Waltham Forest",North London Waste Plan,,submit-plan-for-examination,2019-08-08,W,London Borough of Barnet;London Borough of Camden;London Borough of Enfield;London Borough of Hackney;London Borough of Haringey;London Borough of Islington;London Borough of Waltham Forest,local-authority:BNE;local-authority:CMD;local-authority:ENF;local-authority:HCK;local-authority:HRY;local-authority:ISL;local-authority:WFT,E60000203-E60000188-E60000209-E60000190-E60000192-E60000193-E60000220,2020,2036,https://www.nlwp.net/,https://www.nlwp.net/wp-content/uploads/2022/05/NLWP%202022%20final%20high%20res.pdf,bne-cmd-enf-hck-hry-isl-wft-waste-plan-2036,2026-01-27
"Barnsley Borough Council, City of Doncaster Council and Rotherham Metropolitan Borough Council",Joint waste plan,,plan-adopted,2012-03-30,W,Barnsley Borough Council;City of Doncaster Council;Rotherham Metropolitan Borough Council,local-authority:BNS;local-authority:DNC;local-authority:ROT,E60000064-E60000065-E60000066,,2026,https://www.doncaster.gov.uk/services/planning/barnsley-doncaster-rotherham-joint-waste-plan,"https://dmbcwebstolive01.blob.core.windows.net/media/Default/Planning/Documents/LDF/Waste%20Plan/Adopted%20Barnsley,%20Doncaster%20and%20Rotherham%20Joint%20Waste%20Plan.pdf",bns-dnc-rot-waste-plan-2026,2026-01-27
"Barnsley Borough Council, City of Doncaster Council and Rotherham Metropolitan Borough Council",Joint waste plan,,planning-inspectorate-found-sound,2012-01-13,W,Barnsley Borough Council;City of Doncaster Council;Rotherham Metropolitan Borough Council,local-authority:BNS;local-authority:DNC;local-authority:ROT,E60000064-E60000065-E60000066,,2026,https://www.doncaster.gov.uk/services/planning/barnsley-doncaster-rotherham-joint-waste-plan,"https://dmbcwebstolive01.blob.core.windows.net/media/Default/Planning/Documents/LDF/Waste%20Plan/Adopted%20Barnsley,%20Doncaster%20and%20Rotherham%20Joint%20Waste%20Plan.pdf",bns-dnc-rot-waste-plan-2026,2026-01-27
"Barnsley Borough Council, City of Doncaster Council and Rotherham Metropolitan Borough Council",Joint waste plan,,reg-19-publication-local-plan-published,2011-04-11,W,Barnsley Borough Council;City of Doncaster Council;Rotherham Metropolitan Borough Council,local-authority:BNS;local-authority:DNC;local-authority:ROT,E60000064-E60000065-E60000066,,2026,https://www.doncaster.gov.uk/services/planning/barnsley-doncaster-rotherham-joint-waste-plan,"https://dmbcwebstolive01.blob.core.windows.net/media/Default/Planning/Documents/LDF/Waste%20Plan/Adopted%20Barnsley,%20Doncaster%20and%20Rotherham%20Joint%20Waste%20Plan.pdf",bns-dnc-rot-waste-plan-2026,2026-01-27
"Barnsley Borough Council, City of Doncaster Council and Rotherham Metropolitan Borough Council",Joint waste plan,,submit-plan-for-examination,2011-07-29,W,Barnsley Borough Council;City of Doncaster Council;Rotherham Metropolitan Borough Council,local-authority:BNS;local-authority:DNC;local-authority:ROT,E60000064-E60000065-E60000066,,2026,https://www.doncaster.gov.uk/services/planning/barnsley-doncaster-rotherham-joint-waste-plan,"https://dmbcwebstolive01.blob.core.windows.net/media/Default/Planning/Documents/LDF/Waste%20Plan/Adopted%20Barnsley,%20Doncaster%20and%20Rotherham%20Joint%20Waste%20Plan.pdf",bns-dnc-rot-waste-plan-2026,2026-01-27
Greater Manchester Authorities,Waste,,plan-adopted,2012-03-28,W,Bolton Metropolitan Borough Council;Bury Metropolitan Borough Council;Manchester City Council;Oldham Metropolitan Borough Council;Rochdale Metropolitan Borough Council;Salford City Council;Stockport Metropolitan Borough Council;Tameside Metropolitan Borough Council;Trafford Metropolitan Borough Council;Wigan Metropolitan Borough Council,local-authority:BOL;local-authority:BUR;local-authority:MAN;local-authority:OLD;local-authority:RCH;local-authority:SLF;local-authority:SKP;local-authority:TAM;local-authority:TRF;local-authority:WGN,E60000025-E60000026-E60000027-E60000028-E60000029-E60000030-E60000031-E60000032-E60000033-E60000034,,2027,https://www.greatermanchester-ca.gov.uk/what-we-do/planning-and-housing/strategic-planning/greater-manchester-joint-waste-plan/,https://www.greatermanchester-ca.gov.uk/media/ibdjnc2n/greater_manchester_waste_plan.pdf,bol-bur-man-old-rch-slf-skp-tam-trf-wgn-waste-plan-2027,2026-01-27
Greater Manchester Authorities,Waste,,planning-inspectorate-found-sound,2011-11-04,W,Bolton Metropolitan Borough Council;Bury Metropolitan Borough Council;Manchester City Council;Oldham Metropolitan Borough Council;Rochdale Metropolitan Borough Council;Salford City Council;Stockport Metropolitan Borough Council;Tameside Metropolitan Borough Council;Trafford Metropolitan Borough Council;Wigan Metropolitan Borough Council,local-authority:BOL;local-authority:BUR;local-authority:MAN;local-authority:OLD;local-authority:RCH;local-authority:SLF;local-authority:SKP;local-authority:TAM;local-authority:TRF;local-authority:WGN,E60000025-E60000026-E60000027-E60000028-E60000029-E60000030-E60000031-E60000032-E60000033-E60000034,,2027,https://www.greatermanchester-ca.gov.uk/what-we-do/planning-and-housing/strategic-planning/greater-manchester-joint-waste-plan/,https://www.greatermanchester-ca.gov.uk/media/ibdjnc2n/greater_manchester_waste_plan.pdf,bol-bur-man-old-rch-slf-skp-tam-trf-wgn-waste-plan-2027,2026-01-27
Greater Manchester Authorities,Waste,,reg-19-publication-local-plan-published,2010-11-01,W,Bolton Metropolitan Borough Council;Bury Metropolitan Borough Council;Manchester City Council;Oldham Metropolitan Borough Council;Rochdale Metropolitan Borough Council;Salford City Council;Stockport Metropolitan Borough Council;Tameside Metropolitan Borough Council;Trafford Metropolitan Borough Council;Wigan Metropolitan Borough Council,local-authority:BOL;local-authority:BUR;local-authority:MAN;local-authority:OLD;local-authority:RCH;local-authority:SLF;local-authority:SKP;local-authority:TAM;local-authority:TRF;local-authority:WGN,E60000025-E60000026-E60000027-E60000028-E60000029-E60000030-E60000031-E60000032-E60000033-E60000034,,2027,https://www.greatermanchester-ca.gov.uk/what-we-do/planning-and-housing/strategic-planning/greater-manchester-joint-waste-plan/,https://www.greatermanchester-ca.gov.uk/media/ibdjnc2n/greater_manchester_waste_plan.pdf,bol-bur-man-old-rch-slf-skp-tam-trf-wgn-waste-plan-2027,2026-01-27
Greater Manchester Authorities,Waste,,submit-plan-for-examination,2011-02-28,W,Bolton Metropolitan Borough Council;Bury Metropolitan Borough Council;Manchester City Council;Oldham Metropolitan Borough Council;Rochdale Metropolitan Borough Council;Salford City Council;Stockport Metropolitan Borough Council;Tameside Metropolitan Borough Council;Trafford Metropolitan Borough Council;Wigan Metropolitan Borough Council,local-authority:BOL;local-authority:BUR;local-authority:MAN;local-authority:OLD;local-authority:RCH;local-authority:SLF;local-authority:SKP;local-authority:TAM;local-authority:TRF;local-authority:WGN,E60000025-E60000026-E60000027-E60000028-E60000029-E60000030-E60000031-E60000032-E60000033-E60000034,,2027,https://www.greatermanchester-ca.gov.uk/what-we-do/planning-and-housing/strategic-planning/greater-manchester-joint-waste-plan/,https://www.greatermanchester-ca.gov.uk/media/ibdjnc2n/greater_manchester_waste_plan.pdf,bol-bur-man-old-rch-slf-skp-tam-trf-wgn-waste-plan-2027,2026-01-27
Central and Eastern Berkshire Authorities,Joint Minerals and Waste Plan,,plan-adopted,2023-01-11,M;W,Bracknell Forest Council;Reading Borough Council;Wokingham Borough Council;West Berkshire Council,local-authority:BRC;local-authority:RDG;local-authority:WOK;local-authority:WBK,E60000221-E60000227-E60000232-E60000230,,2036,https://www.reading.gov.uk/planning-and-building-control/planning-policy/the-central-and-eastern-berkshire-minerals-and-waste-plan/,https://images.reading.gov.uk/2023/02/CEBJMWP-Adopted-January-2023.pdf,brc-rdg-wok-wbk-mineral-waste-plan-2036,2026-01-27
Central and Eastern Berkshire Authorities,Joint Minerals and Waste Plan,,planning-inspectorate-examination-end,2021-10-12,M;W,Bracknell Forest Council;Reading Borough Council;Wokingham Borough Council;West Berkshire Council,local-authority:BRC;local-authority:RDG;local-authority:WOK;local-authority:WBK,E60000221-E60000227-E60000232-E60000230,,2036,https://www.reading.gov.uk/planning-and-building-control/planning-policy/the-central-and-eastern-berkshire-minerals-and-waste-plan/,https://images.reading.gov.uk/2023/02/CEBJMWP-Adopted-January-2023.pdf,brc-rdg-wok-wbk-mineral-waste-plan-2036,2026-01-27
Central and Eastern Berkshire Authorities,Joint Minerals and Waste Plan,,planning-inspectorate-examination-start,2021-09-28,M;W,Bracknell Forest Council;Reading Borough Council;Wokingham Borough Council;West Berkshire Council,local-authority:BRC;local-authority:RDG;local-authority:WOK;local-authority:WBK,E60000221-E60000227-E60000232-E60000230,,2036,https://www.reading.gov.uk/planning-and-building-control/planning-policy/the-central-and-eastern-berkshire-minerals-and-waste-plan/,https://images.reading.gov.uk/2023/02/CEBJMWP-Adopted-January-2023.pdf,brc-rdg-wok-wbk-mineral-waste-plan-2036,2026-01-27
Central and Eastern Berkshire Authorities,Joint Minerals and Waste Plan,,planning-inspectorate-found-sound,2022-10-01,M;W,Bracknell Forest Council;Reading Borough Council;Wokingham Borough Council;West Berkshire Council,local-authority:BRC;local-authority:RDG;local-authority:WOK;local-authority:WBK,E60000221-E60000227-E60000232-E60000230,,2036,https://www.reading.gov.uk/planning-and-building-control/planning-policy/the-central-and-eastern-berkshire-minerals-and-waste-plan/,https://images.reading.gov.uk/2023/02/CEBJMWP-Adopted-January-2023.pdf,brc-rdg-wok-wbk-mineral-waste-plan-2036,2026-01-27
Central and Eastern Berkshire Authorities,Joint Minerals and Waste Plan,,reg-19-publication-local-plan-published,2020-09-01,M;W,Bracknell Forest Council;Reading Borough Council;Wokingham Borough Council;West Berkshire Council,local-authority:BRC;local-authority:RDG;local-authority:WOK;local-authority:WBK,E60000221-E60000227-E60000232-E60000230,,2036,https://www.reading.gov.uk/planning-and-building-control/planning-policy/the-central-and-eastern-berkshire-minerals-and-waste-plan/,https://images.reading.gov.uk/2023/02/CEBJMWP-Adopted-January-2023.pdf,brc-rdg-wok-wbk-mineral-waste-plan-2036,2026-01-27
Central and Eastern Berkshire Authorities,Joint Minerals and Waste Plan,,submit-plan-for-examination,2021-02-01,M;W,Bracknell Forest Council;Reading Borough Council;Wokingham Borough Council;West Berkshire Council,local-authority:BRC;local-authority:RDG;local-authority:WOK;local-authority:WBK,E60000221-E60000227-E60000232-E60000230,,2036,https://www.reading.gov.uk/planning-and-building-control/planning-policy/the-central-and-eastern-berkshire-minerals-and-waste-plan/,https://images.reading.gov.uk/2023/02/CEBJMWP-Adopted-January-2023.pdf,brc-rdg-wok-wbk-mineral-waste-plan-2036,2026-01-27
City of Bradford Metropolitan District Council,Waste Management Development Plan Document,,plan-adopted,2017-10-17,W,City of Bradford Metropolitan District Council,local-authority:BRD,E60000068,2015,2030,https://www.bradford.gov.uk/planning-and-building-control/planning-policy/waste-management-dpd/,https://www.bradford.gov.uk/Documents//WasteManagementDPD/Adoption/01%20Waste%20Management%20Development%20Plan%20Document%20%E2%80%93%20October%202017.PDF,brd-waste-plan-2030,2026-01-27
City of Bradford Metropolitan District Council,Waste Management Development Plan Document,,planning-inspectorate-found-sound,2017-07-25,W,City of Bradford Metropolitan District Council,local-authority:BRD,E60000068,2015,2030,https://www.bradford.gov.uk/planning-and-building-control/planning-policy/waste-management-dpd/,https://www.bradford.gov.uk/Documents//WasteManagementDPD/Adoption/01%20Waste%20Management%20Development%20Plan%20Document%20%E2%80%93%20October%202017.PDF,brd-waste-plan-2030,2026-01-27
City of Bradford Metropolitan District Council,Waste Management Development Plan Document,,reg-19-publication-local-plan-published,2015-12-14,W,City of Bradford Metropolitan District Council,local-authority:BRD,E60000068,2015,2030,https://www.bradford.gov.uk/planning-and-building-control/planning-policy/waste-management-dpd/,https://www.bradford.gov.uk/Documents//WasteManagementDPD/Adoption/01%20Waste%20Management%20Development%20Plan%20Document%20%E2%80%93%20October%202017.PDF,brd-waste-plan-2030,2026-01-27
City of Bradford Metropolitan District Council,Waste Management Development Plan Document,,submit-plan-for-examination,2016-05-11,W,City of Bradford Metropolitan District Council,local-authority:BRD,E60000068,2015,2030,https://www.bradford.gov.uk/planning-and-building-control/planning-policy/waste-management-dpd/,https://www.bradford.gov.uk/Documents//WasteManagementDPD/Adoption/01%20Waste%20Management%20Development%20Plan%20Document%20%E2%80%93%20October%202017.PDF,brd-waste-plan-2030,2026-01-27
Cambridgeshire County Council and Peterborough City Council,Joint Minerals and Waste Plan,,plan-adopted,2021-07-28,M;W,Cambridgeshire County Council;Peterborough City Council,local-authority:CAM;local-authority:PTE,E10000003-E60000146,2016,2036,https://www.cambridgeshire.gov.uk/business/planning-and-development/planning-policy/adopted-minerals-and-waste-plan,https://cccandpcc.sharepoint.com/:b:/r/sites/PCCPlanningPolicyPublicData/Shared%20Documents/Planning%20Policy/Adopted%20Local%20Plan/Minerals%20and%20Waste%20Local%20Plan/1)%20Minerals%20and%20Waste%20Local%20Plan%20Adopted%20July%202021.pdf?csf=1&web=1&e=VLgxrv,cam-pte-mineral-waste-plan-2036,2026-01-27
Cambridgeshire County Council and Peterborough City Council,Joint Minerals and Waste Plan,,planning-inspectorate-examination-end,2020-09-17,M;W,Cambridgeshire County Council;Peterborough City Council,local-authority:CAM;local-authority:PTE,E10000003-E60000146,2016,2036,https://www.cambridgeshire.gov.uk/business/planning-and-development/planning-policy/adopted-minerals-and-waste-plan,https://cccandpcc.sharepoint.com/:b:/r/sites/PCCPlanningPolicyPublicData/Shared%20Documents/Planning%20Policy/Adopted%20Local%20Plan/Minerals%20and%20Waste%20Local%20Plan/1)%20Minerals%20and%20Waste%20Local%20Plan%20Adopted%20July%202021.pdf?csf=1&web=1&e=VLgxrv,cam-pte-mineral-waste-plan-2036,2026-01-27
Cambridgeshire County Council and Peterborough City Council,Joint Minerals and Waste Plan,,planning-inspectorate-examination-start,2020-09-15,M;W,Cambridgeshire County Council;Peterborough City Council,local-authority:CAM;local-authority:PTE,E10000003-E60000146,2016,2036,https://www.cambridgeshire.gov.uk/business/planning-and-development/planning-policy/adopted-minerals-and-waste-plan,https://cccandpcc.sharepoint.com/:b:/r/sites/PCCPlanningPolicyPublicData/Shared%20Documents/Planning%20Policy/Adopted%20Local%20Plan/Minerals%20and%20Waste%20Local%20Plan/1)%20Minerals%20and%20Waste%20Local%20Plan%20Adopted%20July%202021.pdf?csf=1&web=1&e=VLgxrv,cam-pte-mineral-waste-plan-2036,2026-01-27
Cambridgeshire County Council and Peterborough City Council,Joint Minerals and Waste Plan,,planning-inspectorate-found-sound,2021-03-25,M;W,Cambridgeshire County Council;Peterborough City Council,local-authority:CAM;local-authority:PTE,E10000003-E60000146,2016,2036,https://www.cambridgeshire.gov.uk/business/planning-and-development/planning-policy/adopted-minerals-and-waste-plan,https://cccandpcc.sharepoint.com/:b:/r/sites/PCCPlanningPolicyPublicData/Shared%20Documents/Planning%20Policy/Adopted%20Local%20Plan/Minerals%20and%20Waste%20Local%20Plan/1)%20Minerals%20and%20Waste%20Local%20Plan%20Adopted%20July%202021.pdf?csf=1&web=1&e=VLgxrv,cam-pte-mineral-waste-plan-2036,2026-01-27
Cambridgeshire County Council and Peterborough City Council,Joint Minerals and Waste Plan,,reg-19-publication-local-plan-published,2019-11-15,M;W,Cambridgeshire County Council;Peterborough City Council,local-authority:CAM;local-authority:PTE,E10000003-E60000146,2016,2036,https://www.cambridgeshire.gov.uk/business/planning-and-development/planning-policy/adopted-minerals-and-waste-plan,https://cccandpcc.sharepoint.com/:b:/r/sites/PCCPlanningPolicyPublicData/Shared%20Documents/Planning%20Policy/Adopted%20Local%20Plan/Minerals%20and%20Waste%20Local%20Plan/1)%20Minerals%20and%20Waste%20Local%20Plan%20Adopted%20July%202021.pdf?csf=1&web=1&e=VLgxrv,cam-pte-mineral-waste-plan-2036,2026-01-27
Cambridgeshire County Council and Peterborough City Council,Joint Minerals and Waste Plan,,submit-plan-for-examination,2020-03-24,M;W,Cambridgeshire County Council;Peterborough City Council,local-authority:CAM;local-authority:PTE,E10000003-E60000146,2016,2036,https://www.cambridgeshire.gov.uk/business/planning-and-development/planning-policy/adopted-minerals-and-waste-plan,https://cccandpcc.sharepoint.com/:b:/r/sites/PCCPlanningPolicyPublicData/Shared%20Documents/Planning%20Policy/Adopted%20Local%20Plan/Minerals%20and%20Waste%20Local%20Plan/1)%20Minerals%20and%20Waste%20Local%20Plan%20Adopted%20July%202021.pdf?csf=1&web=1&e=VLgxrv,cam-pte-mineral-waste-plan-2036,2026-01-27
Cambridgeshire County Council and Peterborough City Council,M&W Core Strategy,,plan-adopted,2011-07-19,M;W,Cambridgeshire County Council;Peterborough City Council,local-authority:CAM;local-authority:PTE,E10000003-E60000146,2006,2026,,https://democracy.peterborough.gov.uk/documents/s8175/Minerals%20and%20Waste%20-%20Adopted%20Core%20Strategy%20DPD.pdf,cam-pte-mineral-waste-plan-2026,2026-01-27
Cambridgeshire County Council and Peterborough City Council,M&W Core Strategy,,planning-inspectorate-found-sound,2011-03-15,M;W,Cambridgeshire County Council;Peterborough City Council,local-authority:CAM;local-authority:PTE,E10000003-E60000146,2006,2026,,https://democracy.peterborough.gov.uk/documents/s8175/Minerals%20and%20Waste%20-%20Adopted%20Core%20Strategy%20DPD.pdf,cam-pte-mineral-waste-plan-2026,2026-01-27
Cambridgeshire County Council and Peterborough City Council,M&W Core Strategy,,reg-19-publication-local-plan-published,2010-02-15,M;W,Cambridgeshire County Council;Peterborough City Council,local-authority:CAM;local-authority:PTE,E10000003-E60000146,2006,2026,,https://democracy.peterborough.gov.uk/documents/s8175/Minerals%20and%20Waste%20-%20Adopted%20Core%20Strategy%20DPD.pdf,cam-pte-mineral-waste-plan-2026,2026-01-27
Cambridgeshire County Council and Peterborough City Council,M&W Core Strategy,,submit-plan-for-examination,2010-07-29,M;W,Cambridgeshire County Council;Peterborough City Council,local-authority:CAM;local-authority:PTE,E10000003-E60000146,2006,2026,,https://democracy.peterborough.gov.uk/documents/s8175/Minerals%20and%20Waste%20-%20Adopted%20Core%20Strategy%20DPD.pdf,cam-pte-mineral-waste-plan-2026,2026-01-27
Cambridgeshire County Council and Peterborough City Council,M&W Site Specific Proposals,,plan-adopted,2012-02-22,M;W,Cambridgeshire County Council;Peterborough City Council,local-authority:CAM;local-authority:PTE,E10000003-E60000146,2006,2026,,https://files.cambridge.gov.uk/public/ldf/coredocs/RD-AD/RD-AD-090/Site%20Specific%20Proposals%20Section%201-7.pdf,cam-pte-mineral-waste-plan-2026,2026-01-27
Cambridgeshire County Council and Peterborough City Council,M&W Site Specific Proposals,,planning-inspectorate-found-sound,2011-10-20,M;W,Cambridgeshire County Council;Peterborough City Council,local-authority:CAM;local-authority:PTE,E10000003-E60000146,2006,2026,,https://files.cambridge.gov.uk/public/ldf/coredocs/RD-AD/RD-AD-090/Site%20Specific%20Proposals%20Section%201-7.pdf,cam-pte-mineral-waste-plan-2026,2026-01-27
Cambridgeshire County Council and Peterborough City Council,M&W Site Specific Proposals,,reg-19-publication-local-plan-published,2010-02-15,M;W,Cambridgeshire County Council;Peterborough City Council,local-authority:CAM;local-authority:PTE,E10000003-E60000146,2006,2026,,https://files.cambridge.gov.uk/public/ldf/coredocs/RD-AD/RD-AD-090/Site%20Specific%20Proposals%20Section%201-7.pdf,cam-pte-mineral-waste-plan-2026,2026-01-27
Cambridgeshire County Council and Peterborough City Council,M&W Site Specific Proposals,,submit-plan-for-examination,2010-07-29,M;W,Cambridgeshire County Council;Peterborough City Council,local-authority:CAM;local-authority:PTE,E10000003-E60000146,2006,2026,,https://files.cambridge.gov.uk/public/ldf/coredocs/RD-AD/RD-AD-090/Site%20Specific%20Proposals%20Section%201-7.pdf,cam-pte-mineral-waste-plan-2026,2026-01-27
Cumbria County Council,Minerals & Waste Core Strategy,,plan-adopted,2009-04-23,M;W,Cumbria County Council,local-authority:CMA,E10000006,,2020,,https://consultations.southglos.gov.uk/gf2.ti/f/251202/7303717.1/PDF/-/RD65%20Cumbria%20County%20Council%20Minerals%20%20Waste%20Core%20Strategy.pdf,cma-mineral-waste-plan-2020,2026-01-27
Cumbria County Council,Minerals & Waste Core Strategy,,planning-inspectorate-found-sound,2009-02-03,M;W,Cumbria County Council,local-authority:CMA,E10000006,,2020,,https://consultations.southglos.gov.uk/gf2.ti/f/251202/7303717.1/PDF/-/RD65%20Cumbria%20County%20Council%20Minerals%20%20Waste%20Core%20Strategy.pdf,cma-mineral-waste-plan-2020,2026-01-27
Cumbria County Council,Minerals & Waste Core Strategy,,submit-plan-for-examination,2008-04-21,M;W,Cumbria County Council,local-authority:CMA,E10000006,,2020,,https://consultations.southglos.gov.uk/gf2.ti/f/251202/7303717.1/PDF/-/RD65%20Cumbria%20County%20Council%20Minerals%20%20Waste%20Core%20Strategy.pdf,cma-mineral-waste-plan-2020,2026-01-27
Cumbria County Council,Minerals & Waste LP,E10000006,plan-adopted,2017-09-06,M;W,Cumbria County Council,local-authority:CMA,E10000006,2015,2030,https://www.cumberland.gov.uk/planning-and-building-control/planning-policy/minerals-and-waste-local-plan,https://www.cumberland.gov.uk/sites/default/files/2024-12/cumbria_minerals_and_waste_local_plan_2015_to_2030.pdf,cma-mineral-waste-plan-2030,2026-01-27
Cumbria County Council,Minerals & Waste LP,E10000006,planning-inspectorate-examination-end,2016-12-14,M;W,Cumbria County Council,local-authority:CMA,E10000006,2015,2030,https://www.cumberland.gov.uk/planning-and-building-control/planning-policy/minerals-and-waste-local-plan,https://www.cumberland.gov.uk/sites/default/files/2024-12/cumbria_minerals_and_waste_local_plan_2015_to_2030.pdf,cma-mineral-waste-plan-2030,2026-01-27
Cumbria County Council,Minerals & Waste LP,E10000006,planning-inspectorate-examination-start,2016-11-29,M;W,Cumbria County Council,local-authority:CMA,E10000006,2015,2030,https://www.cumberland.gov.uk/planning-and-building-control/planning-policy/minerals-and-waste-local-plan,https://www.cumberland.gov.uk/sites/default/files/2024-12/cumbria_minerals_and_waste_local_plan_2015_to_2030.pdf,cma-mineral-waste-plan-2030,2026-01-27
Cumbria County Council,Minerals & Waste LP,E10000006,planning-inspectorate-found-sound,2017-06-29,M;W,Cumbria County Council,local-authority:CMA,E10000006,2015,2030,https://www.cumberland.gov.uk/planning-and-building-control/planning-policy/minerals-and-waste-local-plan,https://www.cumberland.gov.uk/sites/default/files/2024-12/cumbria_minerals_and_waste_local_plan_2015_to_2030.pdf,cma-mineral-waste-plan-2030,2026-01-27
Cumbria County Council,Minerals & Waste LP,E10000006,reg-19-publication-local-plan-published,2016-05-23,M;W,Cumbria County Council,local-authority:CMA,E10000006,2015,2030,https://www.cumberland.gov.uk/planning-and-building-control/planning-policy/minerals-and-waste-local-plan,https://www.cumberland.gov.uk/sites/default/files/2024-12/cumbria_minerals_and_waste_local_plan_2015_to_2030.pdf,cma-mineral-waste-plan-2030,2026-01-27
Cumbria County Council,Minerals & Waste LP,E10000006,submit-plan-for-examination,2016-09-08,M;W,Cumbria County Council,local-authority:CMA,E10000006,2015,2030,https://www.cumberland.gov.uk/planning-and-building-control/planning-policy/minerals-and-waste-local-plan,https://www.cumberland.gov.uk/sites/default/files/2024-12/cumbria_minerals_and_waste_local_plan_2015_to_2030.pdf,cma-mineral-waste-plan-2030,2026-01-27
Cumbria County Council,Minerals & Waste site allocations,,plan-adopted,2011-01-20,M;W,Cumbria County Council,local-authority:CMA,E10000006,,,,,cma-mineral-waste-plan-2011,2026-01-27
Cumbria County Council,Minerals & Waste site allocations,,planning-inspectorate-found-sound,2010-12-01,M;W,Cumbria County Council,local-authority:CMA,E10000006,,,,,cma-mineral-waste-plan-2011,2026-01-27
Cumbria County Council,Minerals & Waste site allocations,,reg-19-publication-local-plan-published,2009-12-11,M;W,Cumbria County Council,local-authority:CMA,E10000006,,,,,cma-mineral-waste-plan-2011,2026-01-27
Cumbria County Council,Minerals & Waste site allocations,,submit-plan-for-examination,2010-04-30,M;W,Cumbria County Council,local-authority:CMA,E10000006,,,,,cma-mineral-waste-plan-2011,2026-01-27
"London Borough of Croydon, Royal Borough of Kingston upon Thames, London Borough of Merton, London Borough of Sutton",Joint South London Waste Plan,,plan-adopted,2022-12-14,W,London Borough of Croydon;Royal Borough of Kingston upon Thames;London Borough of Merton;London Borough of Sutton,local-authority:CRY;local-authority:KTT;local-authority:MRT;local-authority:STN,E60000207-E60000215-E60000216-E60000219,2022,2037,https://www.croydon.gov.uk/planning-and-regeneration/planning-policy/croydons-development-plan/south-london-waste-plan-2022-2037,https://www.croydon.gov.uk/sites/default/files/2023-03/WASTE-PLAN-FINAL-AMENDED-24.11.22%28web%29.pdf,cry-ktt-mrt-stn-waste-plan-2037,2026-01-27
"London Borough of Croydon, Royal Borough of Kingston upon Thames, London Borough of Merton, London Borough of Sutton",Joint South London Waste Plan,,planning-inspectorate-examination-end,2021-09-02,W,London Borough of Croydon;Royal Borough of Kingston upon Thames;London Borough of Merton;London Borough of Sutton,local-authority:CRY;local-authority:KTT;local-authority:MRT;local-authority:STN,E60000207-E60000215-E60000216-E60000219,2022,2037,https://www.croydon.gov.uk/planning-and-regeneration/planning-policy/croydons-development-plan/south-london-waste-plan-2022-2037,https://www.croydon.gov.uk/sites/default/files/2023-03/WASTE-PLAN-FINAL-AMENDED-24.11.22%28web%29.pdf,cry-ktt-mrt-stn-waste-plan-2037,2026-01-27
"London Borough of Croydon, Royal Borough of Kingston upon Thames, London Borough of Merton, London Borough of Sutton",Joint South London Waste Plan,,planning-inspectorate-examination-start,2021-09-01,W,London Borough of Croydon;Royal Borough of Kingston upon Thames;London Borough of Merton;London Borough of Sutton,local-authority:CRY;local-authority:KTT;local-authority:MRT;local-authority:STN,E60000207-E60000215-E60000216-E60000219,2022,2037,https://www.croydon.gov.uk/planning-and-regeneration/planning-policy/croydons-development-plan/south-london-waste-plan-2022-2037,https://www.croydon.gov.uk/sites/default/files/2023-03/WASTE-PLAN-FINAL-AMENDED-24.11.22%28web%29.pdf,cry-ktt-mrt-stn-waste-plan-2037,2026-01-27
"London Borough of Croydon, Royal Borough of Kingston upon Thames, London Borough of Merton, London Borough of Sutton",Joint South London Waste Plan,,planning-inspectorate-found-sound,2022-11-21,W,London Borough of Croydon;Royal Borough of Kingston upon Thames;London Borough of Merton;London Borough of Sutton,local-authority:CRY;local-authority:KTT;local-authority:MRT;local-authority:STN,E60000207-E60000215-E60000216-E60000219,2022,2037,https://www.croydon.gov.uk/planning-and-regeneration/planning-policy/croydons-development-plan/south-london-waste-plan-2022-2037,https://www.croydon.gov.uk/sites/default/files/2023-03/WASTE-PLAN-FINAL-AMENDED-24.11.22%28web%29.pdf,cry-ktt-mrt-stn-waste-plan-2037,2026-01-27
"London Borough of Croydon, Royal Borough of Kingston upon Thames, London Borough of Merton, London Borough of Sutton",Joint South London Waste Plan,,reg-19-publication-local-plan-published,2021-01-01,W,London Borough of Croydon;Royal Borough of Kingston upon Thames;London Borough of Merton;London Borough of Sutton,local-authority:CRY;local-authority:KTT;local-authority:MRT;local-authority:STN,E60000207-E60000215-E60000216-E60000219,2022,2037,https://www.croydon.gov.uk/planning-and-regeneration/planning-policy/croydons-development-plan/south-london-waste-plan-2022-2037,https://www.croydon.gov.uk/sites/default/files/2023-03/WASTE-PLAN-FINAL-AMENDED-24.11.22%28web%29.pdf,cry-ktt-mrt-stn-waste-plan-2037,2026-01-27
"London Borough of Croydon, Royal Borough of Kingston upon Thames, London Borough of Merton, London Borough of Sutton",Joint South London Waste Plan,,submit-plan-for-examination,2022-01-19,W,London Borough of Croydon;Royal Borough of Kingston upon Thames;London Borough of Merton;London Borough of Sutton,local-authority:CRY;local-authority:KTT;local-authority:MRT;local-authority:STN,E60000207-E60000215-E60000216-E60000219,2022,2037,https://www.croydon.gov.uk/planning-and-regeneration/planning-policy/croydons-development-plan/south-london-waste-plan-2022-2037,https://www.croydon.gov.uk/sites/default/files/2023-03/WASTE-PLAN-FINAL-AMENDED-24.11.22%28web%29.pdf,cry-ktt-mrt-stn-waste-plan-2037,2026-01-27
Tees Valley Authorities,Joint M&W Core Strategy,,plan-adopted,2011-09-15,M;W,Darlington Borough Council;Hartlepool Borough Council;Middlesbrough Council;Redcar and Cleveland Borough Council;Stockton-on-Tees Borough Council,local-authority:DAL;local-authority:HPL;local-authority:MDB;local-authority:RCC;local-authority:STT,E60000002-E60000003-E60000004-E60000006-E60000007,2011,2026,https://www.middlesbrough.gov.uk/planning-and-development/planning-policy/tees-valley-joint-minerals-and-waste-dpds/,https://www.middlesbrough.gov.uk/media/ec0bfmsm/planning-policy-minerals-waste-stategy-dpd.pdf,dal-hpl-mdb-rcc-stt-mineral-waste-plan-2026,2026-01-27
Tees Valley Authorities,Joint M&W Core Strategy,,planning-inspectorate-found-sound,2011-05-16,M;W,Darlington Borough Council;Hartlepool Borough Council;Middlesbrough Council;Redcar and Cleveland Borough Council;Stockton-on-Tees Borough Council,local-authority:DAL;local-authority:HPL;local-authority:MDB;local-authority:RCC;local-authority:STT,E60000002-E60000003-E60000004-E60000006-E60000007,2011,2026,https://www.middlesbrough.gov.uk/planning-and-development/planning-policy/tees-valley-joint-minerals-and-waste-dpds/,https://www.middlesbrough.gov.uk/media/ec0bfmsm/planning-policy-minerals-waste-stategy-dpd.pdf,dal-hpl-mdb-rcc-stt-mineral-waste-plan-2026,2026-01-27
Tees Valley Authorities,Joint M&W Core Strategy,,reg-19-publication-local-plan-published,2009-08-27,M;W,Darlington Borough Council;Hartlepool Borough Council;Middlesbrough Council;Redcar and Cleveland Borough Council;Stockton-on-Tees Borough Council,local-authority:DAL;local-authority:HPL;local-authority:MDB;local-authority:RCC;local-authority:STT,E60000002-E60000003-E60000004-E60000006-E60000007,2011,2026,https://www.middlesbrough.gov.uk/planning-and-development/planning-policy/tees-valley-joint-minerals-and-waste-dpds/,https://www.middlesbrough.gov.uk/media/ec0bfmsm/planning-policy-minerals-waste-stategy-dpd.pdf,dal-hpl-mdb-rcc-stt-mineral-waste-plan-2026,2026-01-27
Tees Valley Authorities,Joint M&W Core Strategy,,submit-plan-for-examination,2010-11-12,M;W,Darlington Borough Council;Hartlepool Borough Council;Middlesbrough Council;Redcar and Cleveland Borough Council;Stockton-on-Tees Borough Council,local-authority:DAL;local-authority:HPL;local-authority:MDB;local-authority:RCC;local-authority:STT,E60000002-E60000003-E60000004-E60000006-E60000007,2011,2026,https://www.middlesbrough.gov.uk/planning-and-development/planning-policy/tees-valley-joint-minerals-and-waste-dpds/,https://www.middlesbrough.gov.uk/media/ec0bfmsm/planning-policy-minerals-waste-stategy-dpd.pdf,dal-hpl-mdb-rcc-stt-mineral-waste-plan-2026,2026-01-27
Tees Valley Authorities,Joint M&W policies & sites,,plan-adopted,2011-09-15,M;W,Darlington Borough Council;Hartlepool Borough Council;Middlesbrough Council;Redcar and Cleveland Borough Council;Stockton-on-Tees Borough Council,local-authority:DAL;local-authority:HPL;local-authority:MDB;local-authority:RCC;local-authority:STT,E60000002-E60000003-E60000004-E60000006-E60000007,2011,2026,https://www.middlesbrough.gov.uk/planning-and-development/planning-policy/tees-valley-joint-minerals-and-waste-dpds/,https://www.middlesbrough.gov.uk/media/amkcclcz/planning-policy-minerals-waste-policies-dpd.pdf,dal-hpl-mdb-rcc-stt-mineral-waste-plan-2026,2026-01-27
Tees Valley Authorities,Joint M&W policies & sites,,planning-inspectorate-found-sound,2011-05-16,M;W,Darlington Borough Council;Hartlepool Borough Council;Middlesbrough Council;Redcar and Cleveland Borough Council;Stockton-on-Tees Borough Council,local-authority:DAL;local-authority:HPL;local-authority:MDB;local-authority:RCC;local-authority:STT,E60000002-E60000003-E60000004-E60000006-E60000007,2011,2026,https://www.middlesbrough.gov.uk/planning-and-development/planning-policy/tees-valley-joint-minerals-and-waste-dpds/,https://www.middlesbrough.gov.uk/media/amkcclcz/planning-policy-minerals-waste-policies-dpd.pdf,dal-hpl-mdb-rcc-stt-mineral-waste-plan-2026,2026-01-27
Tees Valley Authorities,Joint M&W policies & sites,,reg-19-publication-local-plan-published,2009-08-27,M;W,Darlington Borough Council;Hartlepool Borough Council;Middlesbrough Council;Redcar and Cleveland Borough Council;Stockton-on-Tees Borough Council,local-authority:DAL;local-authority:HPL;local-authority:MDB;local-authority:RCC;local-authority:STT,E60000002-E60000003-E60000004-E60000006-E60000007,2011,2026,https://www.middlesbrough.gov.uk/planning-and-development/planning-policy/tees-valley-joint-minerals-and-waste-dpds/,https://www.middlesbrough.gov.uk/media/amkcclcz/planning-policy-minerals-waste-policies-dpd.pdf,dal-hpl-mdb-rcc-stt-mineral-waste-plan-2026,2026-01-27
Tees Valley Authorities,Joint M&W policies & sites,,submit-plan-for-examination,2010-11-15,M;W,Darlington Borough Council;Hartlepool Borough Council;Middlesbrough Council;Redcar and Cleveland Borough Council;Stockton-on-Tees Borough Council,local-authority:DAL;local-authority:HPL;local-authority:MDB;local-authority:RCC;local-authority:STT,E60000002-E60000003-E60000004-E60000006-E60000007,2011,2026,https://www.middlesbrough.gov.uk/planning-and-development/planning-policy/tees-valley-joint-minerals-and-waste-dpds/,https://www.middlesbrough.gov.uk/media/amkcclcz/planning-policy-minerals-waste-policies-dpd.pdf,dal-hpl-mdb-rcc-stt-mineral-waste-plan-2026,2026-01-27
Devon County Council,Waste Local Plan,,plan-adopted,2014-12-11,W,Devon County Council,local-authority:DEV,E10000008,2011,2031,https://www.devon.gov.uk/planning/planning-policies/minerals-and-waste-policy/devon-waste-plan/,https://devoncc.sharepoint.com/sites/PublicDocs/Planning/Planning/Forms/AllItems.aspx?id=%2Fsites%2FPublicDocs%2FPlanning%2FPlanning%2FWaste%20policy%20documents%2FDevon%20Waste%20Plan%2FDevon%20Waste%20Plan%20%2D%20designed%2FDevon%20Waste%20Plan%20%28full%29%2Epdf&parent=%2Fsites%2FPublicDocs%2FPlanning%2FPlanning%2FWaste%20policy%20documents%2FDevon%20Waste%20Plan%2FDevon%20Waste%20Plan%20%2D%20designed&p=true&ga=1,dev-waste-plan-2031,2026-01-27
Devon County Council,Waste Local Plan,,planning-inspectorate-found-sound,2014-10-06,W,Devon County Council,local-authority:DEV,E10000008,2011,2031,https://www.devon.gov.uk/planning/planning-policies/minerals-and-waste-policy/devon-waste-plan/,https://devoncc.sharepoint.com/sites/PublicDocs/Planning/Planning/Forms/AllItems.aspx?id=%2Fsites%2FPublicDocs%2FPlanning%2FPlanning%2FWaste%20policy%20documents%2FDevon%20Waste%20Plan%2FDevon%20Waste%20Plan%20%2D%20designed%2FDevon%20Waste%20Plan%20%28full%29%2Epdf&parent=%2Fsites%2FPublicDocs%2FPlanning%2FPlanning%2FWaste%20policy%20documents%2FDevon%20Waste%20Plan%2FDevon%20Waste%20Plan%20%2D%20designed&p=true&ga=1,dev-waste-plan-2031,2026-01-27
Devon County Council,Waste Local Plan,,reg-19-publication-local-plan-published,2013-12-02,W,Devon County Council,local-authority:DEV,E10000008,2011,2031,https://www.devon.gov.uk/planning/planning-policies/minerals-and-waste-policy/devon-waste-plan/,https://devoncc.sharepoint.com/sites/PublicDocs/Planning/Planning/Forms/AllItems.aspx?id=%2Fsites%2FPublicDocs%2FPlanning%2FPlanning%2FWaste%20policy%20documents%2FDevon%20Waste%20Plan%2FDevon%20Waste%20Plan%20%2D%20designed%2FDevon%20Waste%20Plan%20%28full%29%2Epdf&parent=%2Fsites%2FPublicDocs%2FPlanning%2FPlanning%2FWaste%20policy%20documents%2FDevon%20Waste%20Plan%2FDevon%20Waste%20Plan%20%2D%20designed&p=true&ga=1,dev-waste-plan-2031,2026-01-27
Devon County Council,Waste Local Plan,,submit-plan-for-examination,2014-03-28,W,Devon County Council,local-authority:DEV,E10000008,2011,2031,https://www.devon.gov.uk/planning/planning-policies/minerals-and-waste-policy/devon-waste-plan/,https://devoncc.sharepoint.com/sites/PublicDocs/Planning/Planning/Forms/AllItems.aspx?id=%2Fsites%2FPublicDocs%2FPlanning%2FPlanning%2FWaste%20policy%20documents%2FDevon%20Waste%20Plan%2FDevon%20Waste%20Plan%20%2D%20designed%2FDevon%20Waste%20Plan%20%28full%29%2Epdf&parent=%2Fsites%2FPublicDocs%2FPlanning%2FPlanning%2FWaste%20policy%20documents%2FDevon%20Waste%20Plan%2FDevon%20Waste%20Plan%20%2D%20designed&p=true&ga=1,dev-waste-plan-2031,2026-01-27
"Dorset County Council, Bournemouth, Christchurch and Poole Council",Waste Plan,,plan-adopted,2019-07-18,W,Dorset County Council;Bournemouth;Christchurch;Poole Council,local-authority:DOR;local-authority:BPC,E10000009-E06000028,2018,2033,https://www.dorsetcouncil.gov.uk/w/2019-waste-plan,https://www.dorsetcouncil.gov.uk/documents/35024/285757/Waste+Plan+2019+-+Part+1.pdf/2b346405-89e2-cdac-af01-9de9237852d2,dor-bpc-waste-plan-2033,2026-01-27
"Dorset County Council, Bournemouth, Christchurch and Poole Council",Waste Plan,,planning-inspectorate-examination-end,2018-06-29,W,Dorset County Council;Bournemouth;Christchurch;Poole Council,local-authority:DOR;local-authority:BPC,E10000009-E06000028,2018,2033,https://www.dorsetcouncil.gov.uk/w/2019-waste-plan,https://www.dorsetcouncil.gov.uk/documents/35024/285757/Waste+Plan+2019+-+Part+1.pdf/2b346405-89e2-cdac-af01-9de9237852d2,dor-bpc-waste-plan-2033,2026-01-27
"Dorset County Council, Bournemouth, Christchurch and Poole Council",Waste Plan,,planning-inspectorate-examination-start,2018-06-26,W,Dorset County Council;Bournemouth;Christchurch;Poole Council,local-authority:DOR;local-authority:BPC,E10000009-E06000028,2018,2033,https://www.dorsetcouncil.gov.uk/w/2019-waste-plan,https://www.dorsetcouncil.gov.uk/documents/35024/285757/Waste+Plan+2019+-+Part+1.pdf/2b346405-89e2-cdac-af01-9de9237852d2,dor-bpc-waste-plan-2033,2026-01-27
"Dorset County Council, Bournemouth, Christchurch and Poole Council",Waste Plan,,planning-inspectorate-found-sound,2019-01-31,W,Dorset County Council;Bournemouth;Christchurch;Poole Council,local-authority:DOR;local-authority:BPC,E10000009-E06000028,2018,2033,https://www.dorsetcouncil.gov.uk/w/2019-waste-plan,https://www.dorsetcouncil.gov.uk/documents/35024/285757/Waste+Plan+2019+-+Part+1.pdf/2b346405-89e2-cdac-af01-9de9237852d2,dor-bpc-waste-plan-2033,2026-01-27
"Dorset County Council, Bournemouth, Christchurch and Poole Council",Waste Plan,,reg-19-publication-local-plan-published,2017-12-01,W,Dorset County Council;Bournemouth;Christchurch;Poole Council,local-authority:DOR;local-authority:BPC,E10000009-E06000028,2018,2033,https://www.dorsetcouncil.gov.uk/w/2019-waste-plan,https://www.dorsetcouncil.gov.uk/documents/35024/285757/Waste+Plan+2019+-+Part+1.pdf/2b346405-89e2-cdac-af01-9de9237852d2,dor-bpc-waste-plan-2033,2026-01-27
"Dorset County Council, Bournemouth, Christchurch and Poole Council",Waste Plan,,submit-plan-for-examination,2018-03-28,W,Dorset County Council;Bournemouth;Christchurch;Poole Council,local-authority:DOR;local-authority:BPC,E10000009-E06000028,2018,2033,https://www.dorsetcouncil.gov.uk/w/2019-waste-plan,https://www.dorsetcouncil.gov.uk/documents/35024/285757/Waste+Plan+2019+-+Part+1.pdf/2b346405-89e2-cdac-af01-9de9237852d2,dor-bpc-waste-plan-2033,2026-01-27
"Dorset County Council, Bournemouth, Christchurch and Poole Council",Waste Plan,,submit-plan-for-examination,2018-03-23,W,Dorset County Council;Bournemouth;Christchurch;Poole Council,local-authority:DOR;local-authority:BPC,E10000009-E06000028,2018,2033,https://www.dorsetcouncil.gov.uk/w/2019-waste-plan,https://www.dorsetcouncil.gov.uk/documents/35024/285757/Waste+Plan+2019+-+Part+1.pdf/2b346405-89e2-cdac-af01-9de9237852d2,dor-bpc-waste-plan-2033,2026-01-27
Durham County Council,Minerals & Waste Plan,,plan-adopted,2024-07-17,M;W,Durham County Council,local-authority:DUR,E60000001,,2035,https://www.durham.gov.uk/MWDPDadoption,https://www.durham.gov.uk/media/45066/County-Durham-Minerals-and-Waste-Policies-and-Allocations-Document-July-2024/pdf/MWDPDAllocationsDocument.pdf?m=1721149401913,dur-mineral-waste-plan-2035,2026-01-27
Durham County Council,Minerals & Waste Plan,,planning-inspectorate-examination-end,2023-10-05,M;W,Durham County Council,local-authority:DUR,E60000001,,2035,https://www.durham.gov.uk/MWDPDadoption,https://www.durham.gov.uk/media/45066/County-Durham-Minerals-and-Waste-Policies-and-Allocations-Document-July-2024/pdf/MWDPDAllocationsDocument.pdf?m=1721149401913,dur-mineral-waste-plan-2035,2026-01-27
Durham County Council,Minerals & Waste Plan,,planning-inspectorate-examination-start,2023-09-26,M;W,Durham County Council,local-authority:DUR,E60000001,,2035,https://www.durham.gov.uk/MWDPDadoption,https://www.durham.gov.uk/media/45066/County-Durham-Minerals-and-Waste-Policies-and-Allocations-Document-July-2024/pdf/MWDPDAllocationsDocument.pdf?m=1721149401913,dur-mineral-waste-plan-2035,2026-01-27
Durham County Council,Minerals & Waste Plan,,planning-inspectorate-found-sound,2024-05-20,M;W,Durham County Council,local-authority:DUR,E60000001,,2035,https://www.durham.gov.uk/MWDPDadoption,https://www.durham.gov.uk/media/45066/County-Durham-Minerals-and-Waste-Policies-and-Allocations-Document-July-2024/pdf/MWDPDAllocationsDocument.pdf?m=1721149401913,dur-mineral-waste-plan-2035,2026-01-27
Durham County Council,Minerals & Waste Plan,,reg-19-publication-local-plan-published,2022-11-28,M;W,Durham County Council,local-authority:DUR,E60000001,,2035,https://www.durham.gov.uk/MWDPDadoption,https://www.durham.gov.uk/media/45066/County-Durham-Minerals-and-Waste-Policies-and-Allocations-Document-July-2024/pdf/MWDPDAllocationsDocument.pdf?m=1721149401913,dur-mineral-waste-plan-2035,2026-01-27
Durham County Council,Minerals & Waste Plan,,submit-plan-for-examination,2023-07-03,M;W,Durham County Council,local-authority:DUR,E60000001,,2035,https://www.durham.gov.uk/MWDPDadoption,https://www.durham.gov.uk/media/45066/County-Durham-Minerals-and-Waste-Policies-and-Allocations-Document-July-2024/pdf/MWDPDAllocationsDocument.pdf?m=1721149401913,dur-mineral-waste-plan-2035,2026-01-27
Essex County Council and Southend-on-Sea City Council,Waste Local Plan,,plan-adopted,2017-07-11,W,Essex County Council;Southend-on-Sea City Council,local-authority:ESS;local-authority:SOS,E10000012-E60000147,,2032,https://www.essex.gov.uk/planning-land-and-recycling/planning-and-development/minerals-and-waste-planning-policy/waste-local,https://www.essex.gov.uk/sites/default/files/migration_data/files/assets.ctfassets.net/knkzaf64jx5x/5MMZ5nNFmOClpF56igb0Jc/e6f7ab4cba4ed1198c67b87be7b375e7/waste-local-plan-2017-compressed.pdf,ess-sos-waste-plan-2032,2026-01-27
Essex County Council and Southend-on-Sea City Council,Waste Local Plan,,planning-inspectorate-examination-end,2016-10-07,W,Essex County Council;Southend-on-Sea City Council,local-authority:ESS;local-authority:SOS,E10000012-E60000147,,2032,https://www.essex.gov.uk/planning-land-and-recycling/planning-and-development/minerals-and-waste-planning-policy/waste-local,https://www.essex.gov.uk/sites/default/files/migration_data/files/assets.ctfassets.net/knkzaf64jx5x/5MMZ5nNFmOClpF56igb0Jc/e6f7ab4cba4ed1198c67b87be7b375e7/waste-local-plan-2017-compressed.pdf,ess-sos-waste-plan-2032,2026-01-27
Essex County Council and Southend-on-Sea City Council,Waste Local Plan,,planning-inspectorate-examination-start,2016-09-27,W,Essex County Council;Southend-on-Sea City Council,local-authority:ESS;local-authority:SOS,E10000012-E60000147,,2032,https://www.essex.gov.uk/planning-land-and-recycling/planning-and-development/minerals-and-waste-planning-policy/waste-local,https://www.essex.gov.uk/sites/default/files/migration_data/files/assets.ctfassets.net/knkzaf64jx5x/5MMZ5nNFmOClpF56igb0Jc/e6f7ab4cba4ed1198c67b87be7b375e7/waste-local-plan-2017-compressed.pdf,ess-sos-waste-plan-2032,2026-01-27
Essex County Council and Southend-on-Sea City Council,Waste Local Plan,,planning-inspectorate-found-sound,2017-06-19,W,Essex County Council;Southend-on-Sea City Council,local-authority:ESS;local-authority:SOS,E10000012-E60000147,,2032,https://www.essex.gov.uk/planning-land-and-recycling/planning-and-development/minerals-and-waste-planning-policy/waste-local,https://www.essex.gov.uk/sites/default/files/migration_data/files/assets.ctfassets.net/knkzaf64jx5x/5MMZ5nNFmOClpF56igb0Jc/e6f7ab4cba4ed1198c67b87be7b375e7/waste-local-plan-2017-compressed.pdf,ess-sos-waste-plan-2032,2026-01-27
Essex County Council and Southend-on-Sea City Council,Waste Local Plan,,reg-19-publication-local-plan-published,2016-03-03,W,Essex County Council;Southend-on-Sea City Council,local-authority:ESS;local-authority:SOS,E10000012-E60000147,,2032,https://www.essex.gov.uk/planning-land-and-recycling/planning-and-development/minerals-and-waste-planning-policy/waste-local,https://www.essex.gov.uk/sites/default/files/migration_data/files/assets.ctfassets.net/knkzaf64jx5x/5MMZ5nNFmOClpF56igb0Jc/e6f7ab4cba4ed1198c67b87be7b375e7/waste-local-plan-2017-compressed.pdf,ess-sos-waste-plan-2032,2026-01-27
Essex County Council and Southend-on-Sea City Council,Waste Local Plan,,submit-plan-for-examination,2016-06-10,W,Essex County Council;Southend-on-Sea City Council,local-authority:ESS;local-authority:SOS,E10000012-E60000147,,2032,https://www.essex.gov.uk/planning-land-and-recycling/planning-and-development/minerals-and-waste-planning-policy/waste-local,https://www.essex.gov.uk/sites/default/files/migration_data/files/assets.ctfassets.net/knkzaf64jx5x/5MMZ5nNFmOClpF56igb0Jc/e6f7ab4cba4ed1198c67b87be7b375e7/waste-local-plan-2017-compressed.pdf,ess-sos-waste-plan-2032,2026-01-27
"East Sussex County Council, Brighton and Hove City Council and South Downs National Park Authority",Waste and Minerals Local Plan - Revised Policies,,plan-adopted,2024-10-24,M;W,East Sussex County Council;Brighton and Hove City Council;South Downs National Park Authority,local-authority:ESX;local-authority:BNH;national-park-authority:Q20198711,E10000011-E60000222-E60000325,2019,2030,https://www.eastsussex.gov.uk/planning/waste-minerals-plans-monitoring-reports,https://www.eastsussex.gov.uk/media/k33egb25/revised-policies-rp08-v910.pdf,esx-bnh-q20198711-mineral-waste-plan-2030,2026-01-27
"East Sussex County Council, Brighton and Hove City Council and South Downs National Park Authority",Waste and Minerals Local Plan - Revised Policies,,plan-adopted,2013-02-19,M;W,East Sussex County Council;Brighton and Hove City Council;South Downs National Park Authority,local-authority:ESX;local-authority:BNH;national-park-authority:Q20198711,E10000011-E60000222-E60000325,2019,2030,https://www.eastsussex.gov.uk/planning/waste-minerals-plans-monitoring-reports,https://www.eastsussex.gov.uk/media/k33egb25/revised-policies-rp08-v910.pdf,esx-bnh-q20198711-mineral-waste-plan-2030,2026-01-27
"East Sussex County Council, Brighton and Hove City Council and South Downs National Park Authority",Waste and Minerals Local Plan - Revised Policies,,plan-adopted,2017-02-07,M;W,East Sussex County Council;Brighton and Hove City Council;South Downs National Park Authority,local-authority:ESX;local-authority:BNH;national-park-authority:Q20198711,E10000011-E60000222-E60000325,2019,2030,https://www.eastsussex.gov.uk/planning/waste-minerals-plans-monitoring-reports,https://www.eastsussex.gov.uk/media/k33egb25/revised-policies-rp08-v910.pdf,esx-bnh-q20198711-mineral-waste-plan-2030,2026-01-27
"East Sussex County Council, Brighton and Hove City Council and South Downs National Park Authority",Waste and Minerals Local Plan - Revised Policies,,planning-inspectorate-examination-end,2022-11-09,M;W,East Sussex County Council;Brighton and Hove City Council;South Downs National Park Authority,local-authority:ESX;local-authority:BNH;national-park-authority:Q20198711,E10000011-E60000222-E60000325,2019,2030,https://www.eastsussex.gov.uk/planning/waste-minerals-plans-monitoring-reports,https://www.eastsussex.gov.uk/media/k33egb25/revised-policies-rp08-v910.pdf,esx-bnh-q20198711-mineral-waste-plan-2030,2026-01-27
"East Sussex County Council, Brighton and Hove City Council and South Downs National Park Authority",Waste and Minerals Local Plan - Revised Policies,,planning-inspectorate-examination-end,2016-08-04,M;W,East Sussex County Council;Brighton and Hove City Council;South Downs National Park Authority,local-authority:ESX;local-authority:BNH;national-park-authority:Q20198711,E10000011-E60000222-E60000325,2019,2030,https://www.eastsussex.gov.uk/planning/waste-minerals-plans-monitoring-reports,https://www.eastsussex.gov.uk/media/k33egb25/revised-policies-rp08-v910.pdf,esx-bnh-q20198711-mineral-waste-plan-2030,2026-01-27
"East Sussex County Council, Brighton and Hove City Council and South Downs National Park Authority",Waste and Minerals Local Plan - Revised Policies,,planning-inspectorate-examination-start,2022-11-08,M;W,East Sussex County Council;Brighton and Hove City Council;South Downs National Park Authority,local-authority:ESX;local-authority:BNH;national-park-authority:Q20198711,E10000011-E60000222-E60000325,2019,2030,https://www.eastsussex.gov.uk/planning/waste-minerals-plans-monitoring-reports,https://www.eastsussex.gov.uk/media/k33egb25/revised-policies-rp08-v910.pdf,esx-bnh-q20198711-mineral-waste-plan-2030,2026-01-27
"East Sussex County Council, Brighton and Hove City Council and South Downs National Park Authority",Waste and Minerals Local Plan - Revised Policies,,planning-inspectorate-examination-start,2016-08-01,M;W,East Sussex County Council;Brighton and Hove City Council;South Downs National Park Authority,local-authority:ESX;local-authority:BNH;national-park-authority:Q20198711,E10000011-E60000222-E60000325,2019,2030,https://www.eastsussex.gov.uk/planning/waste-minerals-plans-monitoring-reports,https://www.eastsussex.gov.uk/media/k33egb25/revised-policies-rp08-v910.pdf,esx-bnh-q20198711-mineral-waste-plan-2030,2026-01-27
"East Sussex County Council, Brighton and Hove City Council and South Downs National Park Authority",Waste and Minerals Local Plan - Revised Policies,,planning-inspectorate-found-sound,2024-04-02,M;W,East Sussex County Council;Brighton and Hove City Council;South Downs National Park Authority,local-authority:ESX;local-authority:BNH;national-park-authority:Q20198711,E10000011-E60000222-E60000325,2019,2030,https://www.eastsussex.gov.uk/planning/waste-minerals-plans-monitoring-reports,https://www.eastsussex.gov.uk/media/k33egb25/revised-policies-rp08-v910.pdf,esx-bnh-q20198711-mineral-waste-plan-2030,2026-01-27
"East Sussex County Council, Brighton and Hove City Council and South Downs National Park Authority",Waste and Minerals Local Plan - Revised Policies,,planning-inspectorate-found-sound,2013-01-09,M;W,East Sussex County Council;Brighton and Hove City Council;South Downs National Park Authority,local-authority:ESX;local-authority:BNH;national-park-authority:Q20198711,E10000011-E60000222-E60000325,2019,2030,https://www.eastsussex.gov.uk/planning/waste-minerals-plans-monitoring-reports,https://www.eastsussex.gov.uk/media/k33egb25/revised-policies-rp08-v910.pdf,esx-bnh-q20198711-mineral-waste-plan-2030,2026-01-27
"East Sussex County Council, Brighton and Hove City Council and South Downs National Park Authority",Waste and Minerals Local Plan - Revised Policies,,planning-inspectorate-found-sound,2016-11-07,M;W,East Sussex County Council;Brighton and Hove City Council;South Downs National Park Authority,local-authority:ESX;local-authority:BNH;national-park-authority:Q20198711,E10000011-E60000222-E60000325,2019,2030,https://www.eastsussex.gov.uk/planning/waste-minerals-plans-monitoring-reports,https://www.eastsussex.gov.uk/media/k33egb25/revised-policies-rp08-v910.pdf,esx-bnh-q20198711-mineral-waste-plan-2030,2026-01-27
"East Sussex County Council, Brighton and Hove City Council and South Downs National Park Authority",Waste and Minerals Local Plan - Revised Policies,,reg-19-publication-local-plan-published,2021-10-29,M;W,East Sussex County Council;Brighton and Hove City Council;South Downs National Park Authority,local-authority:ESX;local-authority:BNH;national-park-authority:Q20198711,E10000011-E60000222-E60000325,2019,2030,https://www.eastsussex.gov.uk/planning/waste-minerals-plans-monitoring-reports,https://www.eastsussex.gov.uk/media/k33egb25/revised-policies-rp08-v910.pdf,esx-bnh-q20198711-mineral-waste-plan-2030,2026-01-27
"East Sussex County Council, Brighton and Hove City Council and South Downs National Park Authority",Waste and Minerals Local Plan - Revised Policies,,reg-19-publication-local-plan-published,2012-02-27,M;W,East Sussex County Council;Brighton and Hove City Council;South Downs National Park Authority,local-authority:ESX;local-authority:BNH;national-park-authority:Q20198711,E10000011-E60000222-E60000325,2019,2030,https://www.eastsussex.gov.uk/planning/waste-minerals-plans-monitoring-reports,https://www.eastsussex.gov.uk/media/k33egb25/revised-policies-rp08-v910.pdf,esx-bnh-q20198711-mineral-waste-plan-2030,2026-01-27
"East Sussex County Council, Brighton and Hove City Council and South Downs National Park Authority",Waste and Minerals Local Plan - Revised Policies,,reg-19-publication-local-plan-published,2015-10-28,M;W,East Sussex County Council;Brighton and Hove City Council;South Downs National Park Authority,local-authority:ESX;local-authority:BNH;national-park-authority:Q20198711,E10000011-E60000222-E60000325,2019,2030,https://www.eastsussex.gov.uk/planning/waste-minerals-plans-monitoring-reports,https://www.eastsussex.gov.uk/media/k33egb25/revised-policies-rp08-v910.pdf,esx-bnh-q20198711-mineral-waste-plan-2030,2026-01-27
"East Sussex County Council, Brighton and Hove City Council and South Downs National Park Authority",Waste and Minerals Local Plan - Revised Policies,,submit-plan-for-examination,2022-05-13,M;W,East Sussex County Council;Brighton and Hove City Council;South Downs National Park Authority,local-authority:ESX;local-authority:BNH;national-park-authority:Q20198711,E10000011-E60000222-E60000325,2019,2030,https://www.eastsussex.gov.uk/planning/waste-minerals-plans-monitoring-reports,https://www.eastsussex.gov.uk/media/k33egb25/revised-policies-rp08-v910.pdf,esx-bnh-q20198711-mineral-waste-plan-2030,2026-01-27
"East Sussex County Council, Brighton and Hove City Council and South Downs National Park Authority",Waste and Minerals Local Plan - Revised Policies,,submit-plan-for-examination,2012-06-01,M;W,East Sussex County Council;Brighton and Hove City Council;South Downs National Park Authority,local-authority:ESX;local-authority:BNH;national-park-authority:Q20198711,E10000011-E60000222-E60000325,2019,2030,https://www.eastsussex.gov.uk/planning/waste-minerals-plans-monitoring-reports,https://www.eastsussex.gov.uk/media/k33egb25/revised-policies-rp08-v910.pdf,esx-bnh-q20198711-mineral-waste-plan-2030,2026-01-27
"East Sussex County Council, Brighton and Hove City Council and South Downs National Park Authority",Waste and Minerals Local Plan - Revised Policies,,submit-plan-for-examination,2016-04-15,M;W,East Sussex County Council;Brighton and Hove City Council;South Downs National Park Authority,local-authority:ESX;local-authority:BNH;national-park-authority:Q20198711,E10000011-E60000222-E60000325,2019,2030,https://www.eastsussex.gov.uk/planning/waste-minerals-plans-monitoring-reports,https://www.eastsussex.gov.uk/media/k33egb25/revised-policies-rp08-v910.pdf,esx-bnh-q20198711-mineral-waste-plan-2030,2026-01-27
Gloucestershire County Council,Waste Core Strategy,,plan-adopted,2012-11-21,W,Gloucestershire County Council,local-authority:GLS,E10000013,2012,2027,https://www.gloucestershire.gov.uk/planning-and-environment/waste/gloucestershire-waste-core-strategy/,https://www.gloucestershire.gov.uk/media/p3khbtv1/adopted_wcs_211112-53886.pdf,gls-waste-plan-2027,2026-01-27
Gloucestershire County Council,Waste Core Strategy,,planning-inspectorate-found-sound,2012-08-17,W,Gloucestershire County Council,local-authority:GLS,E10000013,2012,2027,https://www.gloucestershire.gov.uk/planning-and-environment/waste/gloucestershire-waste-core-strategy/,https://www.gloucestershire.gov.uk/media/p3khbtv1/adopted_wcs_211112-53886.pdf,gls-waste-plan-2027,2026-01-27
Gloucestershire County Council,Waste Core Strategy,,reg-19-publication-local-plan-published,2010-12-13,W,Gloucestershire County Council,local-authority:GLS,E10000013,2012,2027,https://www.gloucestershire.gov.uk/planning-and-environment/waste/gloucestershire-waste-core-strategy/,https://www.gloucestershire.gov.uk/media/p3khbtv1/adopted_wcs_211112-53886.pdf,gls-waste-plan-2027,2026-01-27
Gloucestershire County Council,Waste Core Strategy,,submit-plan-for-examination,2011-09-05,W,Gloucestershire County Council,local-authority:GLS,E10000013,2012,2027,https://www.gloucestershire.gov.uk/planning-and-environment/waste/gloucestershire-waste-core-strategy/,https://www.gloucestershire.gov.uk/media/p3khbtv1/adopted_wcs_211112-53886.pdf,gls-waste-plan-2027,2026-01-27
Hampshire County Council,Minerals & Waste CS,,plan-adopted,2007-07-12,M;W,Hampshire County Council,local-authority:HAM,E10000014,,,,,ham-mineral-waste-plan-2007,2026-01-27
Hampshire County Council,Minerals & Waste CS,,planning-inspectorate-found-sound,2007-05-29,M;W,Hampshire County Council,local-authority:HAM,E10000014,,,,,ham-mineral-waste-plan-2007,2026-01-27
Hampshire County Council,Minerals & Waste CS,,submit-plan-for-examination,2006-05-30,M;W,Hampshire County Council,local-authority:HAM,E10000014,,,,,ham-mineral-waste-plan-2007,2026-01-27
"Hampshire County Council, New Forest District Council, Southampton City Council, Portsmouth City Council and South Downs National Park Authority",Minerals & Waste Local Plan ,E10000014,planning-inspectorate-examination-start,2025-02-04,M;W,Hampshire County Council;New Forest District Council;Southampton City Council;Portsmouth City Council;South Downs National Park Authority,local-authority:HAM;local-authority:NEW;local-authority:STH;local-authority:POR;national-park-authority:Q20198711,E10000014-E60000249-E60000229-E60000226-E60000325,2011,2030,https://www.hants.gov.uk/landplanningandenvironment/minerals-waste-planning/hampshire-minerals-waste-plan,https://documents.hants.gov.uk/mineralsandwaste/HampshireMineralsWastePlanADOPTED.pdf,ham-new-sth-por-q20198711-mineral-waste-plan-2030,2026-01-27
"Hampshire County Council, New Forest District Council, Southampton City Council, Portsmouth City Council and South Downs National Park Authority",Minerals & Waste Local Plan ,E10000014,reg-19-publication-local-plan-published,2024-01-09,M;W,Hampshire County Council;New Forest District Council;Southampton City Council;Portsmouth City Council;South Downs National Park Authority,local-authority:HAM;local-authority:NEW;local-authority:STH;local-authority:POR;national-park-authority:Q20198711,E10000014-E60000249-E60000229-E60000226-E60000325,2011,2030,https://www.hants.gov.uk/landplanningandenvironment/minerals-waste-planning/hampshire-minerals-waste-plan,https://documents.hants.gov.uk/mineralsandwaste/HampshireMineralsWastePlanADOPTED.pdf,ham-new-sth-por-q20198711-mineral-waste-plan-2030,2026-01-27
"Hampshire County Council, New Forest District Council, Southampton City Council, Portsmouth City Council and South Downs National Park Authority",Minerals & Waste Local Plan ,E10000014,submit-plan-for-examination,2024-07-29,M;W,Hampshire County Council;New Forest District Council;Southampton City Council;Portsmouth City Council;South Downs National Park Authority,local-authority:HAM;local-authority:NEW;local-authority:STH;local-authority:POR;national-park-authority:Q20198711,E10000014-E60000249-E60000229-E60000226-E60000325,2011,2030,https://www.hants.gov.uk/landplanningandenvironment/minerals-waste-planning/hampshire-minerals-waste-plan,https://documents.hants.gov.uk/mineralsandwaste/HampshireMineralsWastePlanADOPTED.pdf,ham-new-sth-por-q20198711-mineral-waste-plan-2030,2026-01-27
Herefordshire District Council,Minerals & Waste,,plan-adopted,2024-03-08,M;W,Herefordshire District Council,local-authority:HEF,E60000113,,2041,https://www.herefordshire.gov.uk/planning-and-building-control/local-plan/minerals-and-waste-local-plan/adopted-minerals-and-waste-local-plan/,https://www.herefordshire.gov.uk/media/azjjcj21/adopted_minerals_and_waste_local_plan.pdf,hef-mineral-waste-plan-2041,2026-01-27
Herefordshire District Council,Minerals & Waste,,planning-inspectorate-examination-end,2022-11-15,M;W,Herefordshire District Council,local-authority:HEF,E60000113,,2041,https://www.herefordshire.gov.uk/planning-and-building-control/local-plan/minerals-and-waste-local-plan/adopted-minerals-and-waste-local-plan/,https://www.herefordshire.gov.uk/media/azjjcj21/adopted_minerals_and_waste_local_plan.pdf,hef-mineral-waste-plan-2041,2026-01-27
Herefordshire District Council,Minerals & Waste,,planning-inspectorate-examination-start,2022-11-08,M;W,Herefordshire District Council,local-authority:HEF,E60000113,,2041,https://www.herefordshire.gov.uk/planning-and-building-control/local-plan/minerals-and-waste-local-plan/adopted-minerals-and-waste-local-plan/,https://www.herefordshire.gov.uk/media/azjjcj21/adopted_minerals_and_waste_local_plan.pdf,hef-mineral-waste-plan-2041,2026-01-27
Herefordshire District Council,Minerals & Waste,,planning-inspectorate-found-sound,2023-10-31,M;W,Herefordshire District Council,local-authority:HEF,E60000113,,2041,https://www.herefordshire.gov.uk/planning-and-building-control/local-plan/minerals-and-waste-local-plan/adopted-minerals-and-waste-local-plan/,https://www.herefordshire.gov.uk/media/azjjcj21/adopted_minerals_and_waste_local_plan.pdf,hef-mineral-waste-plan-2041,2026-01-27
Herefordshire District Council,Minerals & Waste,,reg-19-publication-local-plan-published,2021-04-12,M;W,Herefordshire District Council,local-authority:HEF,E60000113,,2041,https://www.herefordshire.gov.uk/planning-and-building-control/local-plan/minerals-and-waste-local-plan/adopted-minerals-and-waste-local-plan/,https://www.herefordshire.gov.uk/media/azjjcj21/adopted_minerals_and_waste_local_plan.pdf,hef-mineral-waste-plan-2041,2026-01-27
Herefordshire District Council,Minerals & Waste,,submit-plan-for-examination,2022-03-22,M;W,Herefordshire District Council,local-authority:HEF,E60000113,,2041,https://www.herefordshire.gov.uk/planning-and-building-control/local-plan/minerals-and-waste-local-plan/adopted-minerals-and-waste-local-plan/,https://www.herefordshire.gov.uk/media/azjjcj21/adopted_minerals_and_waste_local_plan.pdf,hef-mineral-waste-plan-2041,2026-01-27
Hertfordshire County Council,Waste CS & Dev Control Policies,,plan-adopted,2012-11-05,W,Hertfordshire County Council,local-authority:HRT,E10000015,2011,2026,https://www.hertfordshire.gov.uk/services/recycling-waste-and-environment/planning-in-hertfordshire/minerals-and-waste-planning/waste-planning/waste-planning.aspx,https://www.hertfordshire.gov.uk/media-library/documents/environment-and-planning/planning/planning-in-hertfordshire/waste-local-plan/waste-core-strategy-and-development-management-policies-document.pdf,hrt-waste-plan-2026,2026-01-27
Hertfordshire County Council,Waste CS & Dev Control Policies,,planning-inspectorate-found-sound,2012-07-17,W,Hertfordshire County Council,local-authority:HRT,E10000015,2011,2026,https://www.hertfordshire.gov.uk/services/recycling-waste-and-environment/planning-in-hertfordshire/minerals-and-waste-planning/waste-planning/waste-planning.aspx,https://www.hertfordshire.gov.uk/media-library/documents/environment-and-planning/planning/planning-in-hertfordshire/waste-local-plan/waste-core-strategy-and-development-management-policies-document.pdf,hrt-waste-plan-2026,2026-01-27
Hertfordshire County Council,Waste CS & Dev Control Policies,,reg-19-publication-local-plan-published,2010-11-01,W,Hertfordshire County Council,local-authority:HRT,E10000015,2011,2026,https://www.hertfordshire.gov.uk/services/recycling-waste-and-environment/planning-in-hertfordshire/minerals-and-waste-planning/waste-planning/waste-planning.aspx,https://www.hertfordshire.gov.uk/media-library/documents/environment-and-planning/planning/planning-in-hertfordshire/waste-local-plan/waste-core-strategy-and-development-management-policies-document.pdf,hrt-waste-plan-2026,2026-01-27
Hertfordshire County Council,Waste CS & Dev Control Policies,,submit-plan-for-examination,2011-06-27,W,Hertfordshire County Council,local-authority:HRT,E10000015,2011,2026,https://www.hertfordshire.gov.uk/services/recycling-waste-and-environment/planning-in-hertfordshire/minerals-and-waste-planning/waste-planning/waste-planning.aspx,https://www.hertfordshire.gov.uk/media-library/documents/environment-and-planning/planning/planning-in-hertfordshire/waste-local-plan/waste-core-strategy-and-development-management-policies-document.pdf,hrt-waste-plan-2026,2026-01-27
Hertfordshire County Council,Waste Site Allocations,,plan-adopted,2014-07-01,W,Hertfordshire County Council,local-authority:HRT,E10000015,2011,2026,,https://www.dacorum.gov.uk/docs/default-source/strategic-planning/waste-site-allocations---report-july-2014---main-report.pdf?sfvrsn=cb562e9e_0,hrt-waste-plan-2026,2026-01-27
Hertfordshire County Council,Waste Site Allocations,,planning-inspectorate-found-sound,2014-03-24,W,Hertfordshire County Council,local-authority:HRT,E10000015,2011,2026,,https://www.dacorum.gov.uk/docs/default-source/strategic-planning/waste-site-allocations---report-july-2014---main-report.pdf?sfvrsn=cb562e9e_0,hrt-waste-plan-2026,2026-01-27
Hertfordshire County Council,Waste Site Allocations,,reg-19-publication-local-plan-published,2012-02-06,W,Hertfordshire County Council,local-authority:HRT,E10000015,2011,2026,,https://www.dacorum.gov.uk/docs/default-source/strategic-planning/waste-site-allocations---report-july-2014---main-report.pdf?sfvrsn=cb562e9e_0,hrt-waste-plan-2026,2026-01-27
Hertfordshire County Council,Waste Site Allocations,,submit-plan-for-examination,2013-06-24,W,Hertfordshire County Council,local-authority:HRT,E10000015,2011,2026,,https://www.dacorum.gov.uk/docs/default-source/strategic-planning/waste-site-allocations---report-july-2014---main-report.pdf?sfvrsn=cb562e9e_0,hrt-waste-plan-2026,2026-01-27
Kent County Council,Mineral Sites Plan,,plan-adopted,2020-09-10,M;W,Kent County Council,local-authority:KEN,E10000016,2013,2030,https://www.kent.gov.uk/about-the-council/strategies-and-policies/service-specific-policies/economic-regeneration-and-planning-policies/planning-policies/minerals-and-waste-planning-policy/kent-minerals-and-waste-local-plan-kmwlp,https://www.kent.gov.uk/__data/assets/pdf_file/0020/205508/Kent-Mineral-Sites-Plan.pdf,ken-mineral-waste-plan-2030,2026-01-27
Kent County Council,Mineral Sites Plan,,planning-inspectorate-examination-end,2019-10-15,M;W,Kent County Council,local-authority:KEN,E10000016,2013,2030,https://www.kent.gov.uk/about-the-council/strategies-and-policies/service-specific-policies/economic-regeneration-and-planning-policies/planning-policies/minerals-and-waste-planning-policy/kent-minerals-and-waste-local-plan-kmwlp,https://www.kent.gov.uk/__data/assets/pdf_file/0020/205508/Kent-Mineral-Sites-Plan.pdf,ken-mineral-waste-plan-2030,2026-01-27
Kent County Council,Mineral Sites Plan,,planning-inspectorate-examination-start,2019-10-08,M;W,Kent County Council,local-authority:KEN,E10000016,2013,2030,https://www.kent.gov.uk/about-the-council/strategies-and-policies/service-specific-policies/economic-regeneration-and-planning-policies/planning-policies/minerals-and-waste-planning-policy/kent-minerals-and-waste-local-plan-kmwlp,https://www.kent.gov.uk/__data/assets/pdf_file/0020/205508/Kent-Mineral-Sites-Plan.pdf,ken-mineral-waste-plan-2030,2026-01-27
Kent County Council,Mineral Sites Plan,,planning-inspectorate-found-sound,2020-04-23,M;W,Kent County Council,local-authority:KEN,E10000016,2013,2030,https://www.kent.gov.uk/about-the-council/strategies-and-policies/service-specific-policies/economic-regeneration-and-planning-policies/planning-policies/minerals-and-waste-planning-policy/kent-minerals-and-waste-local-plan-kmwlp,https://www.kent.gov.uk/__data/assets/pdf_file/0020/205508/Kent-Mineral-Sites-Plan.pdf,ken-mineral-waste-plan-2030,2026-01-27
Kent County Council,Mineral Sites Plan,,reg-19-publication-local-plan-published,2019-01-11,M;W,Kent County Council,local-authority:KEN,E10000016,2013,2030,https://www.kent.gov.uk/about-the-council/strategies-and-policies/service-specific-policies/economic-regeneration-and-planning-policies/planning-policies/minerals-and-waste-planning-policy/kent-minerals-and-waste-local-plan-kmwlp,https://www.kent.gov.uk/__data/assets/pdf_file/0020/205508/Kent-Mineral-Sites-Plan.pdf,ken-mineral-waste-plan-2030,2026-01-27
Kent County Council,Mineral Sites Plan,,submit-plan-for-examination,2019-05-03,M;W,Kent County Council,local-authority:KEN,E10000016,2013,2030,https://www.kent.gov.uk/about-the-council/strategies-and-policies/service-specific-policies/economic-regeneration-and-planning-policies/planning-policies/minerals-and-waste-planning-policy/kent-minerals-and-waste-local-plan-kmwlp,https://www.kent.gov.uk/__data/assets/pdf_file/0020/205508/Kent-Mineral-Sites-Plan.pdf,ken-mineral-waste-plan-2030,2026-01-27
Kent County Council,Minerals and Waste Plan,,plan-adopted,2025-03-13,M;W,Kent County Council,local-authority:KEN,E10000016,2024,2039,https://www.kent.gov.uk/about-the-council/strategies-and-policies/service-specific-policies/economic-regeneration-and-planning-policies/planning-policies/minerals-and-waste-planning-policy/kent-minerals-and-waste-local-plan-kmwlp,https://www.kent.gov.uk/__data/assets/pdf_file/0019/205507/Kent-minerals-and-waste-local-plan-2024-to-2039.pdf,ken-mineral-waste-plan-2039,2026-01-27
Kent County Council,Minerals and Waste Plan,,planning-inspectorate-examination-end,2024-09-17,M;W,Kent County Council,local-authority:KEN,E10000016,2024,2039,https://www.kent.gov.uk/about-the-council/strategies-and-policies/service-specific-policies/economic-regeneration-and-planning-policies/planning-policies/minerals-and-waste-planning-policy/kent-minerals-and-waste-local-plan-kmwlp,https://www.kent.gov.uk/__data/assets/pdf_file/0019/205507/Kent-minerals-and-waste-local-plan-2024-to-2039.pdf,ken-mineral-waste-plan-2039,2026-01-27
Kent County Council,Minerals and Waste Plan,,planning-inspectorate-examination-start,2024-09-10,M;W,Kent County Council,local-authority:KEN,E10000016,2024,2039,https://www.kent.gov.uk/about-the-council/strategies-and-policies/service-specific-policies/economic-regeneration-and-planning-policies/planning-policies/minerals-and-waste-planning-policy/kent-minerals-and-waste-local-plan-kmwlp,https://www.kent.gov.uk/__data/assets/pdf_file/0019/205507/Kent-minerals-and-waste-local-plan-2024-to-2039.pdf,ken-mineral-waste-plan-2039,2026-01-27
Kent County Council,Minerals and Waste Plan,,planning-inspectorate-found-sound,2025-02-06,M;W,Kent County Council,local-authority:KEN,E10000016,2024,2039,https://www.kent.gov.uk/about-the-council/strategies-and-policies/service-specific-policies/economic-regeneration-and-planning-policies/planning-policies/minerals-and-waste-planning-policy/kent-minerals-and-waste-local-plan-kmwlp,https://www.kent.gov.uk/__data/assets/pdf_file/0019/205507/Kent-minerals-and-waste-local-plan-2024-to-2039.pdf,ken-mineral-waste-plan-2039,2026-01-27
Kent County Council,Minerals and Waste Plan,,reg-19-publication-local-plan-published,2024-01-17,M;W,Kent County Council,local-authority:KEN,E10000016,2024,2039,https://www.kent.gov.uk/about-the-council/strategies-and-policies/service-specific-policies/economic-regeneration-and-planning-policies/planning-policies/minerals-and-waste-planning-policy/kent-minerals-and-waste-local-plan-kmwlp,https://www.kent.gov.uk/__data/assets/pdf_file/0019/205507/Kent-minerals-and-waste-local-plan-2024-to-2039.pdf,ken-mineral-waste-plan-2039,2026-01-27
Kent County Council,Minerals and Waste Plan,,submit-plan-for-examination,2024-05-17,M;W,Kent County Council,local-authority:KEN,E10000016,2024,2039,https://www.kent.gov.uk/about-the-council/strategies-and-policies/service-specific-policies/economic-regeneration-and-planning-policies/planning-policies/minerals-and-waste-planning-policy/kent-minerals-and-waste-local-plan-kmwlp,https://www.kent.gov.uk/__data/assets/pdf_file/0019/205507/Kent-minerals-and-waste-local-plan-2024-to-2039.pdf,ken-mineral-waste-plan-2039,2026-01-27
Lancashire County Council,Minerals & Waste Core Strategy,,plan-adopted,2009-02-26,M;W,Lancashire County Council,local-authority:LAN,E10000017,,2021,https://www.lancashire.gov.uk/council/planning/local-planning-policy-for-minerals-and-waste/#corestrategy,https://www.lancashire.gov.uk/media/191785/CORE.pdf,lan-mineral-waste-plan-2021,2026-01-27
Lancashire County Council,Minerals & Waste Core Strategy,,planning-inspectorate-found-sound,2008-08-22,M;W,Lancashire County Council,local-authority:LAN,E10000017,,2021,https://www.lancashire.gov.uk/council/planning/local-planning-policy-for-minerals-and-waste/#corestrategy,https://www.lancashire.gov.uk/media/191785/CORE.pdf,lan-mineral-waste-plan-2021,2026-01-27
Lancashire County Council,Minerals & Waste Core Strategy,,submit-plan-for-examination,2007-11-29,M;W,Lancashire County Council,local-authority:LAN,E10000017,,2021,https://www.lancashire.gov.uk/council/planning/local-planning-policy-for-minerals-and-waste/#corestrategy,https://www.lancashire.gov.uk/media/191785/CORE.pdf,lan-mineral-waste-plan-2021,2026-01-27
Leeds City Council,Natural Resources & Waste LP Policies Minerals 13 & 14,E08000035,plan-adopted,2013-01-16,M;W,Leeds City Council,local-authority:LDS,E60000071,,,https://www.leeds.gov.uk/planning/planning-policy/adopted-local-plan/natural-resources-and-waste-local-plan,https://www.leeds.gov.uk/sites/default/files/docs/Adopted%20Policies%20Minerals%2013%20and%2014.pdf,lds-mineral-waste-plan-2013,2026-01-27
Leeds City Council,Natural Resources & Waste LP Policies Minerals 13 & 14,E08000035,planning-inspectorate-examination-end,2015-05-28,M;W,Leeds City Council,local-authority:LDS,E60000071,,,https://www.leeds.gov.uk/planning/planning-policy/adopted-local-plan/natural-resources-and-waste-local-plan,https://www.leeds.gov.uk/sites/default/files/docs/Adopted%20Policies%20Minerals%2013%20and%2014.pdf,lds-mineral-waste-plan-2013,2026-01-27
Leeds City Council,Natural Resources & Waste LP Policies Minerals 13 & 14,E08000035,planning-inspectorate-examination-start,2015-05-27,M;W,Leeds City Council,local-authority:LDS,E60000071,,,https://www.leeds.gov.uk/planning/planning-policy/adopted-local-plan/natural-resources-and-waste-local-plan,https://www.leeds.gov.uk/sites/default/files/docs/Adopted%20Policies%20Minerals%2013%20and%2014.pdf,lds-mineral-waste-plan-2013,2026-01-27
Leeds City Council,Natural Resources & Waste LP Policies Minerals 13 & 14,E08000035,planning-inspectorate-found-sound,2012-12-07,M;W,Leeds City Council,local-authority:LDS,E60000071,,,https://www.leeds.gov.uk/planning/planning-policy/adopted-local-plan/natural-resources-and-waste-local-plan,https://www.leeds.gov.uk/sites/default/files/docs/Adopted%20Policies%20Minerals%2013%20and%2014.pdf,lds-mineral-waste-plan-2013,2026-01-27
Leeds City Council,Natural Resources & Waste LP Policies Minerals 13 & 14,E08000035,reg-19-publication-local-plan-published,2010-12-15,M;W,Leeds City Council,local-authority:LDS,E60000071,,,https://www.leeds.gov.uk/planning/planning-policy/adopted-local-plan/natural-resources-and-waste-local-plan,https://www.leeds.gov.uk/sites/default/files/docs/Adopted%20Policies%20Minerals%2013%20and%2014.pdf,lds-mineral-waste-plan-2013,2026-01-27
Leeds City Council,Natural Resources & Waste LP Policies Minerals 13 & 14,E08000035,submit-plan-for-examination,2011-07-25,M;W,Leeds City Council,local-authority:LDS,E60000071,,,https://www.leeds.gov.uk/planning/planning-policy/adopted-local-plan/natural-resources-and-waste-local-plan,https://www.leeds.gov.uk/sites/default/files/docs/Adopted%20Policies%20Minerals%2013%20and%2014.pdf,lds-mineral-waste-plan-2013,2026-01-27
Leicestershire County Council,Minerals & Waste Plan,E10000018,plan-adopted,2019-09-25,M;W,Leicestershire County Council,local-authority:LEC,E10000018,2015,2031,https://www.leicestershire.gov.uk/environment-and-planning/planning/minerals-and-waste-local-plan/the-development-plan,https://www.leicestershire.gov.uk/sites/default/files/field/pdf/2019/10/3/Leicestershire-Minerals-and-Waste-Local-Plan-Up-to-2031-Adopted-2019.pdf,lec-mineral-waste-plan-2031,2026-01-27
Leicestershire County Council,Minerals & Waste Plan,E10000018,planning-inspectorate-examination-end,2018-10-23,M;W,Leicestershire County Council,local-authority:LEC,E10000018,2015,2031,https://www.leicestershire.gov.uk/environment-and-planning/planning/minerals-and-waste-local-plan/the-development-plan,https://www.leicestershire.gov.uk/sites/default/files/field/pdf/2019/10/3/Leicestershire-Minerals-and-Waste-Local-Plan-Up-to-2031-Adopted-2019.pdf,lec-mineral-waste-plan-2031,2026-01-27
Leicestershire County Council,Minerals & Waste Plan,E10000018,planning-inspectorate-examination-start,2018-10-22,M;W,Leicestershire County Council,local-authority:LEC,E10000018,2015,2031,https://www.leicestershire.gov.uk/environment-and-planning/planning/minerals-and-waste-local-plan/the-development-plan,https://www.leicestershire.gov.uk/sites/default/files/field/pdf/2019/10/3/Leicestershire-Minerals-and-Waste-Local-Plan-Up-to-2031-Adopted-2019.pdf,lec-mineral-waste-plan-2031,2026-01-27
Leicestershire County Council,Minerals & Waste Plan,E10000018,planning-inspectorate-found-sound,2019-05-21,M;W,Leicestershire County Council,local-authority:LEC,E10000018,2015,2031,https://www.leicestershire.gov.uk/environment-and-planning/planning/minerals-and-waste-local-plan/the-development-plan,https://www.leicestershire.gov.uk/sites/default/files/field/pdf/2019/10/3/Leicestershire-Minerals-and-Waste-Local-Plan-Up-to-2031-Adopted-2019.pdf,lec-mineral-waste-plan-2031,2026-01-27
Leicestershire County Council,Minerals & Waste Plan,E10000018,reg-19-publication-local-plan-published,2017-11-10,M;W,Leicestershire County Council,local-authority:LEC,E10000018,2015,2031,https://www.leicestershire.gov.uk/environment-and-planning/planning/minerals-and-waste-local-plan/the-development-plan,https://www.leicestershire.gov.uk/sites/default/files/field/pdf/2019/10/3/Leicestershire-Minerals-and-Waste-Local-Plan-Up-to-2031-Adopted-2019.pdf,lec-mineral-waste-plan-2031,2026-01-27
Leicestershire County Council,Minerals & Waste Plan,E10000018,submit-plan-for-examination,2018-03-23,M;W,Leicestershire County Council,local-authority:LEC,E10000018,2015,2031,https://www.leicestershire.gov.uk/environment-and-planning/planning/minerals-and-waste-local-plan/the-development-plan,https://www.leicestershire.gov.uk/sites/default/files/field/pdf/2019/10/3/Leicestershire-Minerals-and-Waste-Local-Plan-Up-to-2031-Adopted-2019.pdf,lec-mineral-waste-plan-2031,2026-01-27
Leicestershire County Council,Waste CS & DC Policies,,plan-adopted,2009-10-08,W,Leicestershire County Council,local-authority:LEC,E10000018,,2021,,https://www.leicester.gov.uk/media/179022/leicester-and-leicestershire-waste-core-strategy-development-management-policies-dpd.pdf,lec-waste-plan-2021,2026-01-27
Leicestershire County Council,Waste CS & DC Policies,,planning-inspectorate-found-sound,2009-05-01,W,Leicestershire County Council,local-authority:LEC,E10000018,,2021,,https://www.leicester.gov.uk/media/179022/leicester-and-leicestershire-waste-core-strategy-development-management-policies-dpd.pdf,lec-waste-plan-2021,2026-01-27
Leicestershire County Council,Waste CS & DC Policies,,submit-plan-for-examination,2008-06-23,W,Leicestershire County Council,local-authority:LEC,E10000018,,2021,,https://www.leicester.gov.uk/media/179022/leicester-and-leicestershire-waste-core-strategy-development-management-policies-dpd.pdf,lec-waste-plan-2021,2026-01-27
Lincolnshire County Council,Minerals & Waste Plan,,plan-adopted,2016-05-10,M;W,Lincolnshire County Council,local-authority:LIN,E10000019,2014,2031,https://www.lincolnshire.gov.uk/directory-record/61697/minerals-and-waste-local-plan-core-strategy-and-development-management-policies,https://www.lincolnshire.gov.uk/downloads/file/2361/core-strategy-and-development-management-policies,lin-mineral-waste-plan-2031,2026-01-27
Lincolnshire County Council,Minerals & Waste Plan,,planning-inspectorate-found-sound,2016-02-22,M;W,Lincolnshire County Council,local-authority:LIN,E10000019,2014,2031,https://www.lincolnshire.gov.uk/directory-record/61697/minerals-and-waste-local-plan-core-strategy-and-development-management-policies,https://www.lincolnshire.gov.uk/downloads/file/2361/core-strategy-and-development-management-policies,lin-mineral-waste-plan-2031,2026-01-27
Lincolnshire County Council,Minerals & Waste Plan,,reg-19-publication-local-plan-published,2015-01-05,M;W,Lincolnshire County Council,local-authority:LIN,E10000019,2014,2031,https://www.lincolnshire.gov.uk/directory-record/61697/minerals-and-waste-local-plan-core-strategy-and-development-management-policies,https://www.lincolnshire.gov.uk/downloads/file/2361/core-strategy-and-development-management-policies,lin-mineral-waste-plan-2031,2026-01-27
Lincolnshire County Council,Minerals & Waste Plan,,submit-plan-for-examination,2015-06-05,M;W,Lincolnshire County Council,local-authority:LIN,E10000019,2014,2031,https://www.lincolnshire.gov.uk/directory-record/61697/minerals-and-waste-local-plan-core-strategy-and-development-management-policies,https://www.lincolnshire.gov.uk/downloads/file/2361/core-strategy-and-development-management-policies,lin-mineral-waste-plan-2031,2026-01-27
Lincolnshire County Council,Minerals and Waste Site Locations,,plan-adopted,2017-12-15,M;W,Lincolnshire County Council,local-authority:LIN,E10000019,2014,2031,https://www.lincolnshire.gov.uk/directory-record/63740/minerals-and-waste-local-plan-site-locations,https://www.lincolnshire.gov.uk/downloads/file/2274/adopted-site-locations-pdfa,lin-mineral-waste-plan-2031,2026-01-27
Lincolnshire County Council,Minerals and Waste Site Locations,E10000019,planning-inspectorate-examination-end,2017-07-27,M;W,Lincolnshire County Council,local-authority:LIN,E10000019,2014,2031,https://www.lincolnshire.gov.uk/directory-record/63740/minerals-and-waste-local-plan-site-locations,https://www.lincolnshire.gov.uk/downloads/file/2274/adopted-site-locations-pdfa,lin-mineral-waste-plan-2031,2026-01-27
Lincolnshire County Council,Minerals and Waste Site Locations,E10000019,planning-inspectorate-examination-start,2017-07-25,M;W,Lincolnshire County Council,local-authority:LIN,E10000019,2014,2031,https://www.lincolnshire.gov.uk/directory-record/63740/minerals-and-waste-local-plan-site-locations,https://www.lincolnshire.gov.uk/downloads/file/2274/adopted-site-locations-pdfa,lin-mineral-waste-plan-2031,2026-01-27
Lincolnshire County Council,Minerals and Waste Site Locations,,planning-inspectorate-found-sound,2017-09-19,M;W,Lincolnshire County Council,local-authority:LIN,E10000019,2014,2031,https://www.lincolnshire.gov.uk/directory-record/63740/minerals-and-waste-local-plan-site-locations,https://www.lincolnshire.gov.uk/downloads/file/2274/adopted-site-locations-pdfa,lin-mineral-waste-plan-2031,2026-01-27
Lincolnshire County Council,Minerals and Waste Site Locations,,reg-19-publication-local-plan-published,2016-11-07,M;W,Lincolnshire County Council,local-authority:LIN,E10000019,2014,2031,https://www.lincolnshire.gov.uk/directory-record/63740/minerals-and-waste-local-plan-site-locations,https://www.lincolnshire.gov.uk/downloads/file/2274/adopted-site-locations-pdfa,lin-mineral-waste-plan-2031,2026-01-27
Lincolnshire County Council,Minerals and Waste Site Locations,,submit-plan-for-examination,2017-04-03,M;W,Lincolnshire County Council,local-authority:LIN,E10000019,2014,2031,https://www.lincolnshire.gov.uk/directory-record/63740/minerals-and-waste-local-plan-site-locations,https://www.lincolnshire.gov.uk/downloads/file/2274/adopted-site-locations-pdfa,lin-mineral-waste-plan-2031,2026-01-27
Milton Keynes Council,Waste DPD,,plan-adopted,2008-02-12,W,Milton Keynes Council,local-authority:MIK,E60000225,2007,2026,https://www.milton-keynes.gov.uk/planning-and-building/planning-policy/waste-development-plan-document,https://www.milton-keynes.gov.uk/sites/default/files/2022-02/Waste%20DPD.pdf,mik-waste-plan-2026,2026-01-27
Milton Keynes Council,Waste DPD,,planning-inspectorate-found-sound,2007-12-14,W,Milton Keynes Council,local-authority:MIK,E60000225,2007,2026,https://www.milton-keynes.gov.uk/planning-and-building/planning-policy/waste-development-plan-document,https://www.milton-keynes.gov.uk/sites/default/files/2022-02/Waste%20DPD.pdf,mik-waste-plan-2026,2026-01-27
Milton Keynes Council,Waste DPD,,submit-plan-for-examination,2007-01-30,W,Milton Keynes Council,local-authority:MIK,E60000225,2007,2026,https://www.milton-keynes.gov.uk/planning-and-building/planning-policy/waste-development-plan-document,https://www.milton-keynes.gov.uk/sites/default/files/2022-02/Waste%20DPD.pdf,mik-waste-plan-2026,2026-01-27
Norfolk County Council,M&W CS & DM policies,,plan-adopted,2011-09-26,M;W,Norfolk County Council,local-authority:NFK,E10000020,2010,2026,,https://www.north-norfolk.gov.uk/media/9022/j3-core-strategy-minerals-waste-development-management-policies-dpd-2010-2026.pdf,nfk-mineral-waste-plan-2026,2026-01-27
Norfolk County Council,M&W CS & DM policies,,planning-inspectorate-found-sound,2011-08-30,M;W,Norfolk County Council,local-authority:NFK,E10000020,2010,2026,,https://www.north-norfolk.gov.uk/media/9022/j3-core-strategy-minerals-waste-development-management-policies-dpd-2010-2026.pdf,nfk-mineral-waste-plan-2026,2026-01-27
Norfolk County Council,M&W CS & DM policies,,reg-19-publication-local-plan-published,2010-05-28,M;W,Norfolk County Council,local-authority:NFK,E10000020,2010,2026,,https://www.north-norfolk.gov.uk/media/9022/j3-core-strategy-minerals-waste-development-management-policies-dpd-2010-2026.pdf,nfk-mineral-waste-plan-2026,2026-01-27
Norfolk County Council,M&W CS & DM policies,,submit-plan-for-examination,2011-02-07,M;W,Norfolk County Council,local-authority:NFK,E10000020,2010,2026,,https://www.north-norfolk.gov.uk/media/9022/j3-core-strategy-minerals-waste-development-management-policies-dpd-2010-2026.pdf,nfk-mineral-waste-plan-2026,2026-01-27
Norfolk County Council,Norfolk Minerals and Waste Local Plan,E10000020,plan-adopted,2025-05-20,M;W,Norfolk County Council,local-authority:NFK,E10000020,2023,2038,https://norfolk.oc2.uk/document/71,https://norfolk.oc2.uk/docfiles/71/Adoption%20NM&WLP%20with%20main_add%20mods%20accepted%20-%20V4.pdf,nfk-mineral-waste-plan-2038,2026-01-27
Norfolk County Council,Norfolk Minerals and Waste Local Plan,E10000020,planning-inspectorate-examination-end,2024-07-03,M;W,Norfolk County Council,local-authority:NFK,E10000020,2023,2038,https://norfolk.oc2.uk/document/71,https://norfolk.oc2.uk/docfiles/71/Adoption%20NM&WLP%20with%20main_add%20mods%20accepted%20-%20V4.pdf,nfk-mineral-waste-plan-2038,2026-01-27
Norfolk County Council,Norfolk Minerals and Waste Local Plan,E10000020,planning-inspectorate-examination-start,2024-07-02,M;W,Norfolk County Council,local-authority:NFK,E10000020,2023,2038,https://norfolk.oc2.uk/document/71,https://norfolk.oc2.uk/docfiles/71/Adoption%20NM&WLP%20with%20main_add%20mods%20accepted%20-%20V4.pdf,nfk-mineral-waste-plan-2038,2026-01-27
Norfolk County Council,Norfolk Minerals and Waste Local Plan,E10000020,planning-inspectorate-found-sound,2025-03-24,M;W,Norfolk County Council,local-authority:NFK,E10000020,2023,2038,https://norfolk.oc2.uk/document/71,https://norfolk.oc2.uk/docfiles/71/Adoption%20NM&WLP%20with%20main_add%20mods%20accepted%20-%20V4.pdf,nfk-mineral-waste-plan-2038,2026-01-27
Norfolk County Council,Norfolk Minerals and Waste Local Plan,E10000020,reg-19-publication-local-plan-published,2022-09-01,M;W,Norfolk County Council,local-authority:NFK,E10000020,2023,2038,https://norfolk.oc2.uk/document/71,https://norfolk.oc2.uk/docfiles/71/Adoption%20NM&WLP%20with%20main_add%20mods%20accepted%20-%20V4.pdf,nfk-mineral-waste-plan-2038,2026-01-27
Norfolk County Council,Norfolk Minerals and Waste Local Plan,E10000020,submit-plan-for-examination,2023-12-20,M;W,Norfolk County Council,local-authority:NFK,E10000020,2023,2038,https://norfolk.oc2.uk/document/71,https://norfolk.oc2.uk/docfiles/71/Adoption%20NM&WLP%20with%20main_add%20mods%20accepted%20-%20V4.pdf,nfk-mineral-waste-plan-2038,2026-01-27
Norfolk County Council,Waste Site Specific Allocations,,plan-adopted,2013-10-28,W,Norfolk County Council,local-authority:NFK,E10000020,2010,2026,,https://norfolk.oc2.uk/docfiles/61/C3%20Norfolk%20Waste%20Site%20Specific%20Allocations%20DPD.pdf,nfk-waste-plan-2026,2026-01-27
Norfolk County Council,Waste Site Specific Allocations,,planning-inspectorate-found-sound,2013-07-22,W,Norfolk County Council,local-authority:NFK,E10000020,2010,2026,,https://norfolk.oc2.uk/docfiles/61/C3%20Norfolk%20Waste%20Site%20Specific%20Allocations%20DPD.pdf,nfk-waste-plan-2026,2026-01-27
Norfolk County Council,Waste Site Specific Allocations,,reg-19-publication-local-plan-published,2012-05-04,W,Norfolk County Council,local-authority:NFK,E10000020,2010,2026,,https://norfolk.oc2.uk/docfiles/61/C3%20Norfolk%20Waste%20Site%20Specific%20Allocations%20DPD.pdf,nfk-waste-plan-2026,2026-01-27
Norfolk County Council,Waste Site Specific Allocations,,submit-plan-for-examination,2012-12-10,W,Norfolk County Council,local-authority:NFK,E10000020,2010,2026,,https://norfolk.oc2.uk/docfiles/61/C3%20Norfolk%20Waste%20Site%20Specific%20Allocations%20DPD.pdf,nfk-waste-plan-2026,2026-01-27
Northamptonshire County Council,Locations for Waste Development,,plan-adopted,2011-03-24,W,Northamptonshire County Council,local-authority:NTH,E10000021,,,,,nth-waste-plan-2011,2026-01-27
Northamptonshire County Council,Locations for Waste Development,,planning-inspectorate-found-sound,2010-12-14,W,Northamptonshire County Council,local-authority:NTH,E10000021,,,,,nth-waste-plan-2011,2026-01-27
Northamptonshire County Council,Locations for Waste Development,,reg-19-publication-local-plan-published,2009-01-15,W,Northamptonshire County Council,local-authority:NTH,E10000021,,,,,nth-waste-plan-2011,2026-01-27
Northamptonshire County Council,Locations for Waste Development,,submit-plan-for-examination,2010-03-31,W,Northamptonshire County Council,local-authority:NTH,E10000021,,,,,nth-waste-plan-2011,2026-01-27
Northamptonshire County Council,Minerals & Waste CS,,plan-adopted,2010-05-20,M;W,Northamptonshire County Council,local-authority:NTH,E10000021,,,,,nth-mineral-waste-plan-2010,2026-01-27
Northamptonshire County Council,Minerals & Waste CS,,planning-inspectorate-found-sound,2010-03-01,M;W,Northamptonshire County Council,local-authority:NTH,E10000021,,,,,nth-mineral-waste-plan-2010,2026-01-27
Northamptonshire County Council,Minerals & Waste CS,,reg-19-publication-local-plan-published,2008-09-25,M;W,Northamptonshire County Council,local-authority:NTH,E10000021,,,,,nth-mineral-waste-plan-2010,2026-01-27
Northamptonshire County Council,Minerals & Waste CS,,submit-plan-for-examination,2008-12-12,M;W,Northamptonshire County Council,local-authority:NTH,E10000021,,,,,nth-mineral-waste-plan-2010,2026-01-27
Northamptonshire County Council,Minerals and Waste Local Plan Update,E10000021,plan-adopted,2017-07-01,M;W,Northamptonshire County Council,local-authority:NTH,E10000021,2011,2031,https://www.northnorthants.gov.uk/minerals-and-waste-planning-policy/adopted-minerals-and-waste-local-plan,https://cms.northnorthants.gov.uk/media/4661/download,nth-mineral-waste-plan-2031,2026-01-27
Northamptonshire County Council,Minerals and Waste Local Plan Update,E10000021,planning-inspectorate-examination-end,2016-11-30,M;W,Northamptonshire County Council,local-authority:NTH,E10000021,2011,2031,https://www.northnorthants.gov.uk/minerals-and-waste-planning-policy/adopted-minerals-and-waste-local-plan,https://cms.northnorthants.gov.uk/media/4661/download,nth-mineral-waste-plan-2031,2026-01-27
Northamptonshire County Council,Minerals and Waste Local Plan Update,E10000021,planning-inspectorate-examination-start,2016-11-29,M;W,Northamptonshire County Council,local-authority:NTH,E10000021,2011,2031,https://www.northnorthants.gov.uk/minerals-and-waste-planning-policy/adopted-minerals-and-waste-local-plan,https://cms.northnorthants.gov.uk/media/4661/download,nth-mineral-waste-plan-2031,2026-01-27
Northamptonshire County Council,Minerals and Waste Local Plan Update,E10000021,planning-inspectorate-found-sound,2017-03-29,M;W,Northamptonshire County Council,local-authority:NTH,E10000021,2011,2031,https://www.northnorthants.gov.uk/minerals-and-waste-planning-policy/adopted-minerals-and-waste-local-plan,https://cms.northnorthants.gov.uk/media/4661/download,nth-mineral-waste-plan-2031,2026-01-27
Northamptonshire County Council,Minerals and Waste Local Plan Update,E10000021,reg-19-publication-local-plan-published,2016-06-01,M;W,Northamptonshire County Council,local-authority:NTH,E10000021,2011,2031,https://www.northnorthants.gov.uk/minerals-and-waste-planning-policy/adopted-minerals-and-waste-local-plan,https://cms.northnorthants.gov.uk/media/4661/download,nth-mineral-waste-plan-2031,2026-01-27
Northamptonshire County Council,Minerals and Waste Local Plan Update,E10000021,submit-plan-for-examination,2016-08-18,M;W,Northamptonshire County Council,local-authority:NTH,E10000021,2011,2031,https://www.northnorthants.gov.uk/minerals-and-waste-planning-policy/adopted-minerals-and-waste-local-plan,https://cms.northnorthants.gov.uk/media/4661/download,nth-mineral-waste-plan-2031,2026-01-27
Nottinghamshire County Council and Nottingham City Council,Joint Waste Plan,,plan-adopted,2025-09-18,W,Nottinghamshire County Council;Nottingham City Council,local-authority:NTT;local-authority:NGM,E10000024-E60000075,2021,2038,https://www.nottinghamshire.gov.uk/planning-and-environment/waste-development-plan/new-waste-local-plan,https://www.nottinghamshire.gov.uk/media/o3dfsast/nottinghamshireandnottinghamwlp.pdf,ntt-ngm-waste-plan-2038,2026-01-27
Nottinghamshire County Council and Nottingham City Council,Joint Waste Plan,,planning-inspectorate-examination-end,2024-10-16,W,Nottinghamshire County Council;Nottingham City Council,local-authority:NTT;local-authority:NGM,E10000024-E60000075,2021,2038,https://www.nottinghamshire.gov.uk/planning-and-environment/waste-development-plan/new-waste-local-plan,https://www.nottinghamshire.gov.uk/media/o3dfsast/nottinghamshireandnottinghamwlp.pdf,ntt-ngm-waste-plan-2038,2026-01-27
Nottinghamshire County Council and Nottingham City Council,Joint Waste Plan,,planning-inspectorate-examination-start,2024-10-15,W,Nottinghamshire County Council;Nottingham City Council,local-authority:NTT;local-authority:NGM,E10000024-E60000075,2021,2038,https://www.nottinghamshire.gov.uk/planning-and-environment/waste-development-plan/new-waste-local-plan,https://www.nottinghamshire.gov.uk/media/o3dfsast/nottinghamshireandnottinghamwlp.pdf,ntt-ngm-waste-plan-2038,2026-01-27
Nottinghamshire County Council and Nottingham City Council,Joint Waste Plan,,planning-inspectorate-found-sound,2025-06-09,W,Nottinghamshire County Council;Nottingham City Council,local-authority:NTT;local-authority:NGM,E10000024-E60000075,2021,2038,https://www.nottinghamshire.gov.uk/planning-and-environment/waste-development-plan/new-waste-local-plan,https://www.nottinghamshire.gov.uk/media/o3dfsast/nottinghamshireandnottinghamwlp.pdf,ntt-ngm-waste-plan-2038,2026-01-27
Nottinghamshire County Council and Nottingham City Council,Joint Waste Plan,,reg-19-publication-local-plan-published,2023-08-30,W,Nottinghamshire County Council;Nottingham City Council,local-authority:NTT;local-authority:NGM,E10000024-E60000075,2021,2038,https://www.nottinghamshire.gov.uk/planning-and-environment/waste-development-plan/new-waste-local-plan,https://www.nottinghamshire.gov.uk/media/o3dfsast/nottinghamshireandnottinghamwlp.pdf,ntt-ngm-waste-plan-2038,2026-01-27
Nottinghamshire County Council and Nottingham City Council,Joint Waste Plan,,submit-plan-for-examination,2024-03-05,W,Nottinghamshire County Council;Nottingham City Council,local-authority:NTT;local-authority:NGM,E10000024-E60000075,2021,2038,https://www.nottinghamshire.gov.uk/planning-and-environment/waste-development-plan/new-waste-local-plan,https://www.nottinghamshire.gov.uk/media/o3dfsast/nottinghamshireandnottinghamwlp.pdf,ntt-ngm-waste-plan-2038,2026-01-27
Nottinghamshire County Council and Nottingham City Council,Waste Core Strategy,,plan-adopted,2013-12-10,W,Nottinghamshire County Council;Nottingham City Council,local-authority:NTT;local-authority:NGM,E10000024-E60000075,2011,2031,https://www.nottinghamshire.gov.uk/planning-and-environment/waste-development-plan/waste-core-strategy,https://www.nottinghamcity.gov.uk/media/cl0pxuoo/waste-core-strategy.pdf,ntt-ngm-waste-plan-2031,2026-01-27
Nottinghamshire County Council and Nottingham City Council,Waste Core Strategy,,planning-inspectorate-found-sound,2013-10-07,W,Nottinghamshire County Council;Nottingham City Council,local-authority:NTT;local-authority:NGM,E10000024-E60000075,2011,2031,https://www.nottinghamshire.gov.uk/planning-and-environment/waste-development-plan/waste-core-strategy,https://www.nottinghamcity.gov.uk/media/cl0pxuoo/waste-core-strategy.pdf,ntt-ngm-waste-plan-2031,2026-01-27
Nottinghamshire County Council and Nottingham City Council,Waste Core Strategy,,reg-19-publication-local-plan-published,2012-03-05,W,Nottinghamshire County Council;Nottingham City Council,local-authority:NTT;local-authority:NGM,E10000024-E60000075,2011,2031,https://www.nottinghamshire.gov.uk/planning-and-environment/waste-development-plan/waste-core-strategy,https://www.nottinghamcity.gov.uk/media/cl0pxuoo/waste-core-strategy.pdf,ntt-ngm-waste-plan-2031,2026-01-27
Nottinghamshire County Council and Nottingham City Council,Waste Core Strategy,,submit-plan-for-examination,2013-01-14,W,Nottinghamshire County Council;Nottingham City Council,local-authority:NTT;local-authority:NGM,E10000024-E60000075,2011,2031,https://www.nottinghamshire.gov.uk/planning-and-environment/waste-development-plan/waste-core-strategy,https://www.nottinghamcity.gov.uk/media/cl0pxuoo/waste-core-strategy.pdf,ntt-ngm-waste-plan-2031,2026-01-27
"North Yorkshire County Council, City of York Council and North York Moors National Park",Mineral and Waste Joint Plan,,plan-adopted,2022-02-16,M;W,North Yorkshire County Council;City of York Council;North York Moors National Park,local-authority:NYK;local-authority:YOR;national-park-authority:Q72617669,E10000023-E60000056-E60000322,2016,2030,https://www.northyorks.gov.uk/planning-and-conservation/planning-policy/planning-policy-minerals-and-waste/minerals-and-waste-joint-plan/minerals-and-waste-joint-plan,https://www.northyorks.gov.uk/sites/default/files/fileroot/planning_migrated/minerals_and_waste_plan/LPA128%20-%20%20MWJP%20Policy%20adopted%20document%20-%20Final%20-%20accessible.pdf,nyk-yor-q72617669-mineral-waste-plan-2030,2026-01-27
"North Yorkshire County Council, City of York Council and North York Moors National Park",Mineral and Waste Joint Plan,,planning-inspectorate-examination-end,2019-01-25,M;W,North Yorkshire County Council;City of York Council;North York Moors National Park,local-authority:NYK;local-authority:YOR;national-park-authority:Q72617669,E10000023-E60000056-E60000322,2016,2030,https://www.northyorks.gov.uk/planning-and-conservation/planning-policy/planning-policy-minerals-and-waste/minerals-and-waste-joint-plan/minerals-and-waste-joint-plan,https://www.northyorks.gov.uk/sites/default/files/fileroot/planning_migrated/minerals_and_waste_plan/LPA128%20-%20%20MWJP%20Policy%20adopted%20document%20-%20Final%20-%20accessible.pdf,nyk-yor-q72617669-mineral-waste-plan-2030,2026-01-27
"North Yorkshire County Council, City of York Council and North York Moors National Park",Mineral and Waste Joint Plan,,planning-inspectorate-examination-start,2018-02-27,M;W,North Yorkshire County Council;City of York Council;North York Moors National Park,local-authority:NYK;local-authority:YOR;national-park-authority:Q72617669,E10000023-E60000056-E60000322,2016,2030,https://www.northyorks.gov.uk/planning-and-conservation/planning-policy/planning-policy-minerals-and-waste/minerals-and-waste-joint-plan/minerals-and-waste-joint-plan,https://www.northyorks.gov.uk/sites/default/files/fileroot/planning_migrated/minerals_and_waste_plan/LPA128%20-%20%20MWJP%20Policy%20adopted%20document%20-%20Final%20-%20accessible.pdf,nyk-yor-q72617669-mineral-waste-plan-2030,2026-01-27
"North Yorkshire County Council, City of York Council and North York Moors National Park",Mineral and Waste Joint Plan,,planning-inspectorate-found-sound,2022-02-01,M;W,North Yorkshire County Council;City of York Council;North York Moors National Park,local-authority:NYK;local-authority:YOR;national-park-authority:Q72617669,E10000023-E60000056-E60000322,2016,2030,https://www.northyorks.gov.uk/planning-and-conservation/planning-policy/planning-policy-minerals-and-waste/minerals-and-waste-joint-plan/minerals-and-waste-joint-plan,https://www.northyorks.gov.uk/sites/default/files/fileroot/planning_migrated/minerals_and_waste_plan/LPA128%20-%20%20MWJP%20Policy%20adopted%20document%20-%20Final%20-%20accessible.pdf,nyk-yor-q72617669-mineral-waste-plan-2030,2026-01-27
"North Yorkshire County Council, City of York Council and North York Moors National Park",Mineral and Waste Joint Plan,,reg-19-publication-local-plan-published,2016-11-09,M;W,North Yorkshire County Council;City of York Council;North York Moors National Park,local-authority:NYK;local-authority:YOR;national-park-authority:Q72617669,E10000023-E60000056-E60000322,2016,2030,https://www.northyorks.gov.uk/planning-and-conservation/planning-policy/planning-policy-minerals-and-waste/minerals-and-waste-joint-plan/minerals-and-waste-joint-plan,https://www.northyorks.gov.uk/sites/default/files/fileroot/planning_migrated/minerals_and_waste_plan/LPA128%20-%20%20MWJP%20Policy%20adopted%20document%20-%20Final%20-%20accessible.pdf,nyk-yor-q72617669-mineral-waste-plan-2030,2026-01-27
"North Yorkshire County Council, City of York Council and North York Moors National Park",Mineral and Waste Joint Plan,,submit-plan-for-examination,2017-11-28,M;W,North Yorkshire County Council;City of York Council;North York Moors National Park,local-authority:NYK;local-authority:YOR;national-park-authority:Q72617669,E10000023-E60000056-E60000322,2016,2030,https://www.northyorks.gov.uk/planning-and-conservation/planning-policy/planning-policy-minerals-and-waste/minerals-and-waste-joint-plan/minerals-and-waste-joint-plan,https://www.northyorks.gov.uk/sites/default/files/fileroot/planning_migrated/minerals_and_waste_plan/LPA128%20-%20%20MWJP%20Policy%20adopted%20document%20-%20Final%20-%20accessible.pdf,nyk-yor-q72617669-mineral-waste-plan-2030,2026-01-27
Oxfordshire County Council,Oxfordshire Minerals and Waste Local Plan - Part 1 Core Strategy,,plan-adopted,2017-09-12,M;W,Oxfordshire County Council,local-authority:OXF,E10000025,2014,2031,https://www.oxfordshire.gov.uk/residents/environment-and-planning/planning/planning-policy/minerals-and-waste-policy/core-strategy,https://www.oxfordshire.gov.uk/sites/default/files/file/planning-minerals-strategy-2017-and-2011/adoptedmineralswastecorestrategysept2017.pdf,oxf-mineral-waste-plan-2031,2026-01-27
Oxfordshire County Council,Oxfordshire Minerals and Waste Local Plan - Part 1 Core Strategy,E10000025,planning-inspectorate-examination-end,2016-09-30,M;W,Oxfordshire County Council,local-authority:OXF,E10000025,2014,2031,https://www.oxfordshire.gov.uk/residents/environment-and-planning/planning/planning-policy/minerals-and-waste-policy/core-strategy,https://www.oxfordshire.gov.uk/sites/default/files/file/planning-minerals-strategy-2017-and-2011/adoptedmineralswastecorestrategysept2017.pdf,oxf-mineral-waste-plan-2031,2026-01-27
Oxfordshire County Council,Oxfordshire Minerals and Waste Local Plan - Part 1 Core Strategy,E10000025,planning-inspectorate-examination-start,2016-09-20,M;W,Oxfordshire County Council,local-authority:OXF,E10000025,2014,2031,https://www.oxfordshire.gov.uk/residents/environment-and-planning/planning/planning-policy/minerals-and-waste-policy/core-strategy,https://www.oxfordshire.gov.uk/sites/default/files/file/planning-minerals-strategy-2017-and-2011/adoptedmineralswastecorestrategysept2017.pdf,oxf-mineral-waste-plan-2031,2026-01-27
Oxfordshire County Council,Oxfordshire Minerals and Waste Local Plan - Part 1 Core Strategy,,planning-inspectorate-found-sound,2017-06-15,M;W,Oxfordshire County Council,local-authority:OXF,E10000025,2014,2031,https://www.oxfordshire.gov.uk/residents/environment-and-planning/planning/planning-policy/minerals-and-waste-policy/core-strategy,https://www.oxfordshire.gov.uk/sites/default/files/file/planning-minerals-strategy-2017-and-2011/adoptedmineralswastecorestrategysept2017.pdf,oxf-mineral-waste-plan-2031,2026-01-27
Oxfordshire County Council,Oxfordshire Minerals and Waste Local Plan - Part 1 Core Strategy,,reg-19-publication-local-plan-published,2015-08-19,M;W,Oxfordshire County Council,local-authority:OXF,E10000025,2014,2031,https://www.oxfordshire.gov.uk/residents/environment-and-planning/planning/planning-policy/minerals-and-waste-policy/core-strategy,https://www.oxfordshire.gov.uk/sites/default/files/file/planning-minerals-strategy-2017-and-2011/adoptedmineralswastecorestrategysept2017.pdf,oxf-mineral-waste-plan-2031,2026-01-27
Oxfordshire County Council,Oxfordshire Minerals and Waste Local Plan - Part 1 Core Strategy,,submit-plan-for-examination,2015-12-30,M;W,Oxfordshire County Council,local-authority:OXF,E10000025,2014,2031,https://www.oxfordshire.gov.uk/residents/environment-and-planning/planning/planning-policy/minerals-and-waste-policy/core-strategy,https://www.oxfordshire.gov.uk/sites/default/files/file/planning-minerals-strategy-2017-and-2011/adoptedmineralswastecorestrategysept2017.pdf,oxf-mineral-waste-plan-2031,2026-01-27
Plymouth City Council,Waste,,plan-adopted,2008-04-21,W,Plymouth City Council,local-authority:PLY,E60000295,2006,2021,https://www.plymouth.gov.uk/waste-development-plan-document,https://www.plymouth.gov.uk/sites/default/files/WasteDevelopmentPlan.pdf,ply-waste-plan-2021,2026-01-27
Plymouth City Council,Waste,,planning-inspectorate-found-sound,2008-03-20,W,Plymouth City Council,local-authority:PLY,E60000295,2006,2021,https://www.plymouth.gov.uk/waste-development-plan-document,https://www.plymouth.gov.uk/sites/default/files/WasteDevelopmentPlan.pdf,ply-waste-plan-2021,2026-01-27
Plymouth City Council,Waste,,submit-plan-for-examination,2007-08-29,W,Plymouth City Council,local-authority:PLY,E60000295,2006,2021,https://www.plymouth.gov.uk/waste-development-plan-document,https://www.plymouth.gov.uk/sites/default/files/WasteDevelopmentPlan.pdf,ply-waste-plan-2021,2026-01-27
Suffolk County Council,Minerals & Waste,,plan-adopted,2020-07-09,M;W,Suffolk County Council,local-authority:SFK,E10000029,,2036,https://www.suffolk.gov.uk/planning-waste-and-environment/suffolk-minerals-and-waste-plan/adopted-suffolk-minerals-and-waste-local-plan,https://www.suffolk.gov.uk/asset-library/imported/chapters-1-to-18-smwlp-adopted-july-2020.pdf,sfk-mineral-waste-plan-2036,2026-01-27
Suffolk County Council,Minerals & Waste,,planning-inspectorate-examination-end,2019-06-26,M;W,Suffolk County Council,local-authority:SFK,E10000029,,2036,https://www.suffolk.gov.uk/planning-waste-and-environment/suffolk-minerals-and-waste-plan/adopted-suffolk-minerals-and-waste-local-plan,https://www.suffolk.gov.uk/asset-library/imported/chapters-1-to-18-smwlp-adopted-july-2020.pdf,sfk-mineral-waste-plan-2036,2026-01-27
Suffolk County Council,Minerals & Waste,,planning-inspectorate-examination-start,2019-06-19,M;W,Suffolk County Council,local-authority:SFK,E10000029,,2036,https://www.suffolk.gov.uk/planning-waste-and-environment/suffolk-minerals-and-waste-plan/adopted-suffolk-minerals-and-waste-local-plan,https://www.suffolk.gov.uk/asset-library/imported/chapters-1-to-18-smwlp-adopted-july-2020.pdf,sfk-mineral-waste-plan-2036,2026-01-27
Suffolk County Council,Minerals & Waste,,planning-inspectorate-found-sound,2020-03-09,M;W,Suffolk County Council,local-authority:SFK,E10000029,,2036,https://www.suffolk.gov.uk/planning-waste-and-environment/suffolk-minerals-and-waste-plan/adopted-suffolk-minerals-and-waste-local-plan,https://www.suffolk.gov.uk/asset-library/imported/chapters-1-to-18-smwlp-adopted-july-2020.pdf,sfk-mineral-waste-plan-2036,2026-01-27
Suffolk County Council,Minerals & Waste,,reg-19-publication-local-plan-published,2018-06-11,M;W,Suffolk County Council,local-authority:SFK,E10000029,,2036,https://www.suffolk.gov.uk/planning-waste-and-environment/suffolk-minerals-and-waste-plan/adopted-suffolk-minerals-and-waste-local-plan,https://www.suffolk.gov.uk/asset-library/imported/chapters-1-to-18-smwlp-adopted-july-2020.pdf,sfk-mineral-waste-plan-2036,2026-01-27
Suffolk County Council,Minerals & Waste,,submit-plan-for-examination,2018-12-21,M;W,Suffolk County Council,local-authority:SFK,E10000029,,2036,https://www.suffolk.gov.uk/planning-waste-and-environment/suffolk-minerals-and-waste-plan/adopted-suffolk-minerals-and-waste-local-plan,https://www.suffolk.gov.uk/asset-library/imported/chapters-1-to-18-smwlp-adopted-july-2020.pdf,sfk-mineral-waste-plan-2036,2026-01-27
Suffolk County Council,Waste CS,,plan-adopted,2011-03-17,W,Suffolk County Council,local-authority:SFK,E10000029,2011,2026,,https://www.eastsuffolk.gov.uk/assets/Planning/Suffolk-Coastal-Local-Plan/Document-Library/Waste/Waste-Core-Strategy.pdf,sfk-waste-plan-2026,2026-01-27
Suffolk County Council,Waste CS,,planning-inspectorate-found-sound,2010-12-08,W,Suffolk County Council,local-authority:SFK,E10000029,2011,2026,,https://www.eastsuffolk.gov.uk/assets/Planning/Suffolk-Coastal-Local-Plan/Document-Library/Waste/Waste-Core-Strategy.pdf,sfk-waste-plan-2026,2026-01-27
Suffolk County Council,Waste CS,,reg-19-publication-local-plan-published,2010-01-18,W,Suffolk County Council,local-authority:SFK,E10000029,2011,2026,,https://www.eastsuffolk.gov.uk/assets/Planning/Suffolk-Coastal-Local-Plan/Document-Library/Waste/Waste-Core-Strategy.pdf,sfk-waste-plan-2026,2026-01-27
Suffolk County Council,Waste CS,,submit-plan-for-examination,2010-03-19,W,Suffolk County Council,local-authority:SFK,E10000029,2011,2026,,https://www.eastsuffolk.gov.uk/assets/Planning/Suffolk-Coastal-Local-Plan/Document-Library/Waste/Waste-Core-Strategy.pdf,sfk-waste-plan-2026,2026-01-27
Merseyside and Halton,Joint Waste,,plan-adopted,2013-07-01,W,Sefton Metropolitan Borough Council;Wirral Metropolitan Borough Council;Liverpool City Council;St Helens Metropolitan Borough Council;Knowsley Metropolitan Borough Council;Halton Borough Council,local-authority:SFT;local-authority:WRL;local-authority:LIV;local-authority:SHN;local-authority:KWL;local-authority:HAL,E60000049-E60000051-E60000048-E60000050-E60000047-E60000017,,2027,https://www.sefton.gov.uk/planning-building-control/planning-policy-including-local-plan-and-neighbourhood-planning/merseyside-and-halton-waste-local-plan/,https://www.sefton.gov.uk/media/1798/mside-halton-waste-localplan2013.pdf,sft-wrl-liv-shn-kwl-hal-waste-plan-2027,2026-01-27
Merseyside and Halton,Joint Waste,,planning-inspectorate-found-sound,2013-03-04,W,Sefton Metropolitan Borough Council;Wirral Metropolitan Borough Council;Liverpool City Council;St Helens Metropolitan Borough Council;Knowsley Metropolitan Borough Council;Halton Borough Council,local-authority:SFT;local-authority:WRL;local-authority:LIV;local-authority:SHN;local-authority:KWL;local-authority:HAL,E60000049-E60000051-E60000048-E60000050-E60000047-E60000017,,2027,https://www.sefton.gov.uk/planning-building-control/planning-policy-including-local-plan-and-neighbourhood-planning/merseyside-and-halton-waste-local-plan/,https://www.sefton.gov.uk/media/1798/mside-halton-waste-localplan2013.pdf,sft-wrl-liv-shn-kwl-hal-waste-plan-2027,2026-01-27
Merseyside and Halton,Joint Waste,,reg-19-publication-local-plan-published,2011-11-22,W,Sefton Metropolitan Borough Council;Wirral Metropolitan Borough Council;Liverpool City Council;St Helens Metropolitan Borough Council;Knowsley Metropolitan Borough Council;Halton Borough Council,local-authority:SFT;local-authority:WRL;local-authority:LIV;local-authority:SHN;local-authority:KWL;local-authority:HAL,E60000049-E60000051-E60000048-E60000050-E60000047-E60000017,,2027,https://www.sefton.gov.uk/planning-building-control/planning-policy-including-local-plan-and-neighbourhood-planning/merseyside-and-halton-waste-local-plan/,https://www.sefton.gov.uk/media/1798/mside-halton-waste-localplan2013.pdf,sft-wrl-liv-shn-kwl-hal-waste-plan-2027,2026-01-27
Merseyside and Halton,Joint Waste,,submit-plan-for-examination,2012-02-17,W,Sefton Metropolitan Borough Council;Wirral Metropolitan Borough Council;Liverpool City Council;St Helens Metropolitan Borough Council;Knowsley Metropolitan Borough Council;Halton Borough Council,local-authority:SFT;local-authority:WRL;local-authority:LIV;local-authority:SHN;local-authority:KWL;local-authority:HAL,E60000049-E60000051-E60000048-E60000050-E60000047-E60000017,,2027,https://www.sefton.gov.uk/planning-building-control/planning-policy-including-local-plan-and-neighbourhood-planning/merseyside-and-halton-waste-local-plan/,https://www.sefton.gov.uk/media/1798/mside-halton-waste-localplan2013.pdf,sft-wrl-liv-shn-kwl-hal-waste-plan-2027,2026-01-27
Somerset County Council,Waste Core Strategy,,plan-adopted,2013-02-20,W,Somerset County Council,local-authority:SOM,E10000027,2010,2028,https://www.somerset.gov.uk/planning-buildings-and-land/minerals-and-waste-planning/#Waste%20Planning,https://somersetcc.sharepoint.com/sites/SCCPublic/Planning%20and%20Land/Forms/AllItems.aspx?id=%2Fsites%2FSCCPublic%2FPlanning%20and%20Land%2FMinerals%20and%20Waste%2FSomerset%20Waste%20Core%20Strategy%2Epdf&parent=%2Fsites%2FSCCPublic%2FPlanning%20and%20Land%2FMinerals%20and%20Waste&p=true&ga=1,som-waste-plan-2028,2026-01-27
Somerset County Council,Waste Core Strategy,,planning-inspectorate-found-sound,2013-01-09,W,Somerset County Council,local-authority:SOM,E10000027,2010,2028,https://www.somerset.gov.uk/planning-buildings-and-land/minerals-and-waste-planning/#Waste%20Planning,https://somersetcc.sharepoint.com/sites/SCCPublic/Planning%20and%20Land/Forms/AllItems.aspx?id=%2Fsites%2FSCCPublic%2FPlanning%20and%20Land%2FMinerals%20and%20Waste%2FSomerset%20Waste%20Core%20Strategy%2Epdf&parent=%2Fsites%2FSCCPublic%2FPlanning%20and%20Land%2FMinerals%20and%20Waste&p=true&ga=1,som-waste-plan-2028,2026-01-27
Somerset County Council,Waste Core Strategy,,reg-19-publication-local-plan-published,2011-10-31,W,Somerset County Council,local-authority:SOM,E10000027,2010,2028,https://www.somerset.gov.uk/planning-buildings-and-land/minerals-and-waste-planning/#Waste%20Planning,https://somersetcc.sharepoint.com/sites/SCCPublic/Planning%20and%20Land/Forms/AllItems.aspx?id=%2Fsites%2FSCCPublic%2FPlanning%20and%20Land%2FMinerals%20and%20Waste%2FSomerset%20Waste%20Core%20Strategy%2Epdf&parent=%2Fsites%2FSCCPublic%2FPlanning%20and%20Land%2FMinerals%20and%20Waste&p=true&ga=1,som-waste-plan-2028,2026-01-27
Somerset County Council,Waste Core Strategy,,submit-plan-for-examination,2012-03-14,W,Somerset County Council,local-authority:SOM,E10000027,2010,2028,https://www.somerset.gov.uk/planning-buildings-and-land/minerals-and-waste-planning/#Waste%20Planning,https://somersetcc.sharepoint.com/sites/SCCPublic/Planning%20and%20Land/Forms/AllItems.aspx?id=%2Fsites%2FSCCPublic%2FPlanning%20and%20Land%2FMinerals%20and%20Waste%2FSomerset%20Waste%20Core%20Strategy%2Epdf&parent=%2Fsites%2FSCCPublic%2FPlanning%20and%20Land%2FMinerals%20and%20Waste&p=true&ga=1,som-waste-plan-2028,2026-01-27
Surrey County Council,Surrey Waste Plan,,plan-adopted,2008-05-06,W,Surrey County Council,local-authority:SRY,E10000030,2006,2026,,https://mycouncil.surreycc.gov.uk/Data/Council/20080506/Agenda/item%2009%20-%20Annex%20C%20Waste%20Plan_07.04.08_SET%201.pdf,sry-waste-plan-2026,2026-01-27
Surrey County Council,Surrey Waste Plan,,planning-inspectorate-found-sound,2007-12-20,W,Surrey County Council,local-authority:SRY,E10000030,2006,2026,,https://mycouncil.surreycc.gov.uk/Data/Council/20080506/Agenda/item%2009%20-%20Annex%20C%20Waste%20Plan_07.04.08_SET%201.pdf,sry-waste-plan-2026,2026-01-27
Surrey County Council,Surrey Waste Plan,,submit-plan-for-examination,2006-06-30,W,Surrey County Council,local-authority:SRY,E10000030,2006,2026,,https://mycouncil.surreycc.gov.uk/Data/Council/20080506/Agenda/item%2009%20-%20Annex%20C%20Waste%20Plan_07.04.08_SET%201.pdf,sry-waste-plan-2026,2026-01-27
Surrey County Council,Waste Plan,,plan-adopted,2020-12-01,W,Surrey County Council,local-authority:SRY,E10000030,2019,2033,https://www.surreycc.gov.uk/land-planning-and-development/minerals-and-waste/waste-plan,https://www.surreycc.gov.uk/__data/assets/pdf_file/0003/246882/2020-11-20-SWLP-Part-1-for-Adoption-Final.pdf,sry-waste-plan-2033,2026-01-27
Surrey County Council,Waste Plan,,planning-inspectorate-examination-end,2019-09-26,W,Surrey County Council,local-authority:SRY,E10000030,2019,2033,https://www.surreycc.gov.uk/land-planning-and-development/minerals-and-waste/waste-plan,https://www.surreycc.gov.uk/__data/assets/pdf_file/0003/246882/2020-11-20-SWLP-Part-1-for-Adoption-Final.pdf,sry-waste-plan-2033,2026-01-27
Surrey County Council,Waste Plan,,planning-inspectorate-examination-start,2019-09-17,W,Surrey County Council,local-authority:SRY,E10000030,2019,2033,https://www.surreycc.gov.uk/land-planning-and-development/minerals-and-waste/waste-plan,https://www.surreycc.gov.uk/__data/assets/pdf_file/0003/246882/2020-11-20-SWLP-Part-1-for-Adoption-Final.pdf,sry-waste-plan-2033,2026-01-27
Surrey County Council,Waste Plan,,planning-inspectorate-found-sound,2020-05-11,W,Surrey County Council,local-authority:SRY,E10000030,2019,2033,https://www.surreycc.gov.uk/land-planning-and-development/minerals-and-waste/waste-plan,https://www.surreycc.gov.uk/__data/assets/pdf_file/0003/246882/2020-11-20-SWLP-Part-1-for-Adoption-Final.pdf,sry-waste-plan-2033,2026-01-27
Surrey County Council,Waste Plan,,reg-19-publication-local-plan-published,2019-01-14,W,Surrey County Council,local-authority:SRY,E10000030,2019,2033,https://www.surreycc.gov.uk/land-planning-and-development/minerals-and-waste/waste-plan,https://www.surreycc.gov.uk/__data/assets/pdf_file/0003/246882/2020-11-20-SWLP-Part-1-for-Adoption-Final.pdf,sry-waste-plan-2033,2026-01-27
Surrey County Council,Waste Plan,,submit-plan-for-examination,2019-04-12,W,Surrey County Council,local-authority:SRY,E10000030,2019,2033,https://www.surreycc.gov.uk/land-planning-and-development/minerals-and-waste/waste-plan,https://www.surreycc.gov.uk/__data/assets/pdf_file/0003/246882/2020-11-20-SWLP-Part-1-for-Adoption-Final.pdf,sry-waste-plan-2033,2026-01-27
Staffordshire County Council and Stoke-on-Trent City Council,Waste Core Strategy,,plan-adopted,2013-03-22,W,Staffordshire County Council;Stoke-on-Trent City Council,local-authority:STS;local-authority:STE,E10000028-E60000115,2010,2026,https://www.staffordshire.gov.uk/Waste-and-recycling/wastestrategy/JointMunicipalWasteManagementStrategy.aspx,https://www.staffordshire.gov.uk/environment/planning/policy/wastelocalplan/Documents/Staffordshire-and-Stoke-on-Trent-Joint-Waste-Local-Plan-2010-to-2026-adopted-March-2013.pdf,sts-ste-waste-plan-2026,2026-01-27
Staffordshire County Council and Stoke-on-Trent City Council,Waste Core Strategy,,planning-inspectorate-found-sound,2013-02-04,W,Staffordshire County Council;Stoke-on-Trent City Council,local-authority:STS;local-authority:STE,E10000028-E60000115,2010,2026,https://www.staffordshire.gov.uk/Waste-and-recycling/wastestrategy/JointMunicipalWasteManagementStrategy.aspx,https://www.staffordshire.gov.uk/environment/planning/policy/wastelocalplan/Documents/Staffordshire-and-Stoke-on-Trent-Joint-Waste-Local-Plan-2010-to-2026-adopted-March-2013.pdf,sts-ste-waste-plan-2026,2026-01-27
Staffordshire County Council and Stoke-on-Trent City Council,Waste Core Strategy,,reg-19-publication-local-plan-published,2011-09-23,W,Staffordshire County Council;Stoke-on-Trent City Council,local-authority:STS;local-authority:STE,E10000028-E60000115,2010,2026,https://www.staffordshire.gov.uk/Waste-and-recycling/wastestrategy/JointMunicipalWasteManagementStrategy.aspx,https://www.staffordshire.gov.uk/environment/planning/policy/wastelocalplan/Documents/Staffordshire-and-Stoke-on-Trent-Joint-Waste-Local-Plan-2010-to-2026-adopted-March-2013.pdf,sts-ste-waste-plan-2026,2026-01-27
Staffordshire County Council and Stoke-on-Trent City Council,Waste Core Strategy,,submit-plan-for-examination,2012-01-20,W,Staffordshire County Council;Stoke-on-Trent City Council,local-authority:STS;local-authority:STE,E10000028-E60000115,2010,2026,https://www.staffordshire.gov.uk/Waste-and-recycling/wastestrategy/JointMunicipalWasteManagementStrategy.aspx,https://www.staffordshire.gov.uk/environment/planning/policy/wastelocalplan/Documents/Staffordshire-and-Stoke-on-Trent-Joint-Waste-Local-Plan-2010-to-2026-adopted-March-2013.pdf,sts-ste-waste-plan-2026,2026-01-27
Warwickshire County Council,Waste Core Strategy,,plan-adopted,2013-07-09,W,Warwickshire County Council,local-authority:WAR,E10000031,2013,2028,https://www.warwickshire.gov.uk/mineral-waste-plans/waste-development-framework/1,https://api.warwickshire.gov.uk/documents/WCCC-680-279,war-waste-plan-2028,2026-01-27
Warwickshire County Council,Waste Core Strategy,,planning-inspectorate-found-sound,2013-06-12,W,Warwickshire County Council,local-authority:WAR,E10000031,2013,2028,https://www.warwickshire.gov.uk/mineral-waste-plans/waste-development-framework/1,https://api.warwickshire.gov.uk/documents/WCCC-680-279,war-waste-plan-2028,2026-01-27
Warwickshire County Council,Waste Core Strategy,,reg-19-publication-local-plan-published,2012-03-30,W,Warwickshire County Council,local-authority:WAR,E10000031,2013,2028,https://www.warwickshire.gov.uk/mineral-waste-plans/waste-development-framework/1,https://api.warwickshire.gov.uk/documents/WCCC-680-279,war-waste-plan-2028,2026-01-27
Warwickshire County Council,Waste Core Strategy,,submit-plan-for-examination,2012-10-19,W,Warwickshire County Council,local-authority:WAR,E10000031,2013,2028,https://www.warwickshire.gov.uk/mineral-waste-plans/waste-development-framework/1,https://api.warwickshire.gov.uk/documents/WCCC-680-279,war-waste-plan-2028,2026-01-27
West Berkshire Council,Minerals and Waste Local Plan,E06000037,plan-adopted,2022-12-01,M;W,West Berkshire Council,local-authority:WBK,E60000230,2022,2037,https://www.westberks.gov.uk/article/41069/The-Minerals-and-Waste-Local-Plan,https://www.westberks.gov.uk/media/53808/Final-Minerals-and-Waste-Local-Plan/pdf/FINAL_MWLP_09.11.22.pdf?m=1669718157867,wbk-mineral-waste-plan-2037,2026-01-27
West Berkshire Council,Minerals and Waste Local Plan,E06000037,planning-inspectorate-examination-end,2022-02-03,M;W,West Berkshire Council,local-authority:WBK,E60000230,2022,2037,https://www.westberks.gov.uk/article/41069/The-Minerals-and-Waste-Local-Plan,https://www.westberks.gov.uk/media/53808/Final-Minerals-and-Waste-Local-Plan/pdf/FINAL_MWLP_09.11.22.pdf?m=1669718157867,wbk-mineral-waste-plan-2037,2026-01-27
West Berkshire Council,Minerals and Waste Local Plan,E06000037,planning-inspectorate-examination-start,2022-02-01,M;W,West Berkshire Council,local-authority:WBK,E60000230,2022,2037,https://www.westberks.gov.uk/article/41069/The-Minerals-and-Waste-Local-Plan,https://www.westberks.gov.uk/media/53808/Final-Minerals-and-Waste-Local-Plan/pdf/FINAL_MWLP_09.11.22.pdf?m=1669718157867,wbk-mineral-waste-plan-2037,2026-01-27
West Berkshire Council,Minerals and Waste Local Plan,E06000037,planning-inspectorate-found-sound,2022-10-01,M;W,West Berkshire Council,local-authority:WBK,E60000230,2022,2037,https://www.westberks.gov.uk/article/41069/The-Minerals-and-Waste-Local-Plan,https://www.westberks.gov.uk/media/53808/Final-Minerals-and-Waste-Local-Plan/pdf/FINAL_MWLP_09.11.22.pdf?m=1669718157867,wbk-mineral-waste-plan-2037,2026-01-27
West Berkshire Council,Minerals and Waste Local Plan,E06000037,reg-19-publication-local-plan-published,2021-01-04,M;W,West Berkshire Council,local-authority:WBK,E60000230,2022,2037,https://www.westberks.gov.uk/article/41069/The-Minerals-and-Waste-Local-Plan,https://www.westberks.gov.uk/media/53808/Final-Minerals-and-Waste-Local-Plan/pdf/FINAL_MWLP_09.11.22.pdf?m=1669718157867,wbk-mineral-waste-plan-2037,2026-01-27
West Berkshire Council,Minerals and Waste Local Plan,E06000037,submit-plan-for-examination,2021-07-29,M;W,West Berkshire Council,local-authority:WBK,E60000230,2022,2037,https://www.westberks.gov.uk/article/41069/The-Minerals-and-Waste-Local-Plan,https://www.westberks.gov.uk/media/53808/Final-Minerals-and-Waste-Local-Plan/pdf/FINAL_MWLP_09.11.22.pdf?m=1669718157867,wbk-mineral-waste-plan-2037,2026-01-27
Wiltshire County Council and Swindon Borough Council,Waste Core Strategy,,plan-adopted,2009-06-01,W,Wiltshire County Council;Swindon Borough Council,local-authority:WIL;local-authority:SWD,E60000299-E60000297,2006,2026,https://www.wiltshire.gov.uk/article/1080/Minerals-and-Waste,https://www.wiltshire.gov.uk/media/8548/waste-core-strategy-july-2009/pdf/waste-core-strategy-2009-july.pdf?m=1644847623427,wil-swd-waste-plan-2026,2026-01-27
Wiltshire County Council and Swindon Borough Council,Waste Core Strategy,,planning-inspectorate-found-sound,2009-04-14,W,Wiltshire County Council;Swindon Borough Council,local-authority:WIL;local-authority:SWD,E60000299-E60000297,2006,2026,https://www.wiltshire.gov.uk/article/1080/Minerals-and-Waste,https://www.wiltshire.gov.uk/media/8548/waste-core-strategy-july-2009/pdf/waste-core-strategy-2009-july.pdf?m=1644847623427,wil-swd-waste-plan-2026,2026-01-27
Wiltshire County Council and Swindon Borough Council,Waste Core Strategy,,submit-plan-for-examination,2008-03-28,W,Wiltshire County Council;Swindon Borough Council,local-authority:WIL;local-authority:SWD,E60000299-E60000297,2006,2026,https://www.wiltshire.gov.uk/article/1080/Minerals-and-Waste,https://www.wiltshire.gov.uk/media/8548/waste-core-strategy-july-2009/pdf/waste-core-strategy-2009-july.pdf?m=1644847623427,wil-swd-waste-plan-2026,2026-01-27
Wiltshire County Council and Swindon Borough Council,Waste DC Policies,,plan-adopted,2009-09-01,W,Wiltshire County Council;Swindon Borough Council,local-authority:WIL;local-authority:SWD,E60000299-E60000297,,2026,https://www.wiltshire.gov.uk/article/1080/Minerals-and-Waste,https://www.wiltshire.gov.uk/media/8551/minerals-development-control-policies-dpd-September-2009/pdf/adopted-minerals-development-control-policies-dpd-2009-september.pdf?m=1644847883447,wil-swd-waste-plan-2026,2026-01-27
Wiltshire County Council and Swindon Borough Council,Waste DC Policies,,planning-inspectorate-found-sound,2009-05-26,W,Wiltshire County Council;Swindon Borough Council,local-authority:WIL;local-authority:SWD,E60000299-E60000297,,2026,https://www.wiltshire.gov.uk/article/1080/Minerals-and-Waste,https://www.wiltshire.gov.uk/media/8551/minerals-development-control-policies-dpd-September-2009/pdf/adopted-minerals-development-control-policies-dpd-2009-september.pdf?m=1644847883447,wil-swd-waste-plan-2026,2026-01-27
Wiltshire County Council and Swindon Borough Council,Waste DC Policies,,submit-plan-for-examination,2008-07-29,W,Wiltshire County Council;Swindon Borough Council,local-authority:WIL;local-authority:SWD,E60000299-E60000297,,2026,https://www.wiltshire.gov.uk/article/1080/Minerals-and-Waste,https://www.wiltshire.gov.uk/media/8551/minerals-development-control-policies-dpd-September-2009/pdf/adopted-minerals-development-control-policies-dpd-2009-september.pdf?m=1644847883447,wil-swd-waste-plan-2026,2026-01-27
Wiltshire County Council and Swindon Borough Council,Waste site allocations,,plan-adopted,2013-02-26,W,Wiltshire County Council;Swindon Borough Council,local-authority:WIL;local-authority:SWD,E60000299-E60000297,,2026,https://www.wiltshire.gov.uk/article/1080/Minerals-and-Waste,https://www.wiltshire.gov.uk/media/8561/waste-site-allocations-local-plan-february-2013/pdf/waste-site-allocations-local-plan-feb-20131.pdf?m=1644848543520,wil-swd-waste-plan-2026,2026-01-27
Wiltshire County Council and Swindon Borough Council,Waste site allocations,,planning-inspectorate-found-sound,2012-11-06,W,Wiltshire County Council;Swindon Borough Council,local-authority:WIL;local-authority:SWD,E60000299-E60000297,,2026,https://www.wiltshire.gov.uk/article/1080/Minerals-and-Waste,https://www.wiltshire.gov.uk/media/8561/waste-site-allocations-local-plan-february-2013/pdf/waste-site-allocations-local-plan-feb-20131.pdf?m=1644848543520,wil-swd-waste-plan-2026,2026-01-27
Wiltshire County Council and Swindon Borough Council,Waste site allocations,,reg-19-publication-local-plan-published,2011-06-08,W,Wiltshire County Council;Swindon Borough Council,local-authority:WIL;local-authority:SWD,E60000299-E60000297,,2026,https://www.wiltshire.gov.uk/article/1080/Minerals-and-Waste,https://www.wiltshire.gov.uk/media/8561/waste-site-allocations-local-plan-february-2013/pdf/waste-site-allocations-local-plan-feb-20131.pdf?m=1644848543520,wil-swd-waste-plan-2026,2026-01-27
Wiltshire County Council and Swindon Borough Council,Waste site allocations,,submit-plan-for-examination,2012-02-14,W,Wiltshire County Council;Swindon Borough Council,local-authority:WIL;local-authority:SWD,E60000299-E60000297,,2026,https://www.wiltshire.gov.uk/article/1080/Minerals-and-Waste,https://www.wiltshire.gov.uk/media/8561/waste-site-allocations-local-plan-february-2013/pdf/waste-site-allocations-local-plan-feb-20131.pdf?m=1644848543520,wil-swd-waste-plan-2026,2026-01-27
Wakefield Metropolitan District Council,Waste Development Plan Document,,plan-adopted,2009-12-09,W,Wakefield Metropolitan District Council,local-authority:WKF,E60000072,,2026,https://www.wakefield.gov.uk/planning/planning-policy/revoked-local-development-framework,https://www.wakefield.gov.uk/media/z3rbfd0a/waste-dpd-no-maps-aug-2010.pdf,wkf-waste-plan-2026,2026-01-27
Wakefield Metropolitan District Council,Waste Development Plan Document,,planning-inspectorate-found-sound,2009-10-12,W,Wakefield Metropolitan District Council,local-authority:WKF,E60000072,,2026,https://www.wakefield.gov.uk/planning/planning-policy/revoked-local-development-framework,https://www.wakefield.gov.uk/media/z3rbfd0a/waste-dpd-no-maps-aug-2010.pdf,wkf-waste-plan-2026,2026-01-27
Wakefield Metropolitan District Council,Waste Development Plan Document,,reg-19-publication-local-plan-published,2009-03-05,W,Wakefield Metropolitan District Council,local-authority:WKF,E60000072,,2026,https://www.wakefield.gov.uk/planning/planning-policy/revoked-local-development-framework,https://www.wakefield.gov.uk/media/z3rbfd0a/waste-dpd-no-maps-aug-2010.pdf,wkf-waste-plan-2026,2026-01-27
Wakefield Metropolitan District Council,Waste Development Plan Document,,submit-plan-for-examination,2009-04-30,W,Wakefield Metropolitan District Council,local-authority:WKF,E60000072,,2026,https://www.wakefield.gov.uk/planning/planning-policy/revoked-local-development-framework,https://www.wakefield.gov.uk/media/z3rbfd0a/waste-dpd-no-maps-aug-2010.pdf,wkf-waste-plan-2026,2026-01-27
Worcestershire County Council,Waste Core Strategy,,plan-adopted,2012-11-15,W,Worcestershire County Council,local-authority:WOR,E10000034,2012,2027,https://www.worcestershire.gov.uk/council-services/planning-and-developments/planning-policy-and-strategy/waste-core-strategy,https://www.worcestershire.gov.uk/sites/default/files/2025-04/Waste%20Core%20Strategy%20Adopted%20including%20maps.pdf,wor-waste-plan-2027,2026-01-27
Worcestershire County Council,Waste Core Strategy,,planning-inspectorate-found-sound,2012-07-20,W,Worcestershire County Council,local-authority:WOR,E10000034,2012,2027,https://www.worcestershire.gov.uk/council-services/planning-and-developments/planning-policy-and-strategy/waste-core-strategy,https://www.worcestershire.gov.uk/sites/default/files/2025-04/Waste%20Core%20Strategy%20Adopted%20including%20maps.pdf,wor-waste-plan-2027,2026-01-27
Worcestershire County Council,Waste Core Strategy,,reg-19-publication-local-plan-published,2011-03-22,W,Worcestershire County Council,local-authority:WOR,E10000034,2012,2027,https://www.worcestershire.gov.uk/council-services/planning-and-developments/planning-policy-and-strategy/waste-core-strategy,https://www.worcestershire.gov.uk/sites/default/files/2025-04/Waste%20Core%20Strategy%20Adopted%20including%20maps.pdf,wor-waste-plan-2027,2026-01-27
Worcestershire County Council,Waste Core Strategy,,submit-plan-for-examination,2011-11-28,W,Worcestershire County Council,local-authority:WOR,E10000034,2012,2027,https://www.worcestershire.gov.uk/council-services/planning-and-developments/planning-policy-and-strategy/waste-core-strategy,https://www.worcestershire.gov.uk/sites/default/files/2025-04/Waste%20Core%20Strategy%20Adopted%20including%20maps.pdf,wor-waste-plan-2027,2026-01-27
West Sussex County Council and South Downs National Park Authority,Waste Local Plan,,plan-adopted,2014-04-11,W,West Sussex County Council,local-authority:WSX;national-park-authority:Q20198711,E10000032-E60000325,,2031,https://www.westsussex.gov.uk/about-the-council/policies-and-reports/environment-planning-and-waste-policy-and-reports/minerals-and-waste-policy/waste-local-plan/,https://www.westsussex.gov.uk/media/3241/waste_local_plan_april2014.pdf,wsx-q20198711-waste-plan-2031,2026-01-27
West Sussex County Council and South Downs National Park Authority,Waste Local Plan,,planning-inspectorate-found-sound,2014-02-17,W,West Sussex County Council,local-authority:WSX;national-park-authority:Q20198711,E10000032-E60000325,,2031,https://www.westsussex.gov.uk/about-the-council/policies-and-reports/environment-planning-and-waste-policy-and-reports/minerals-and-waste-policy/waste-local-plan/,https://www.westsussex.gov.uk/media/3241/waste_local_plan_april2014.pdf,wsx-q20198711-waste-plan-2031,2026-01-27
West Sussex County Council and South Downs National Park Authority,Waste Local Plan,,reg-19-publication-local-plan-published,2012-11-09,W,West Sussex County Council,local-authority:WSX;national-park-authority:Q20198711,E10000032-E60000325,,2031,https://www.westsussex.gov.uk/about-the-council/policies-and-reports/environment-planning-and-waste-policy-and-reports/minerals-and-waste-policy/waste-local-plan/,https://www.westsussex.gov.uk/media/3241/waste_local_plan_april2014.pdf,wsx-q20198711-waste-plan-2031,2026-01-27
West Sussex County Council and South Downs National Park Authority,Waste Local Plan,,submit-plan-for-examination,2013-03-27,W,West Sussex County Council,local-authority:WSX;national-park-authority:Q20198711,E10000032-E60000325,,2031,https://www.westsussex.gov.uk/about-the-council/policies-and-reports/environment-planning-and-waste-policy-and-reports/minerals-and-waste-policy/waste-local-plan/,https://www.westsussex.gov.uk/media/3241/waste_local_plan_april2014.pdf,wsx-q20198711-waste-plan-2031,2026-01-27
