dataset,end-date,entity,entry-date,geojson,geometry,name,organisation-entity,point,prefix,quality,reference,start-date,typology,description,document-types,document-url,documentation-url,local-plan,notes,organisation
local-plan-document,,3800000,2024-10-02,,,Adopted Local Plan,600001,,local-plan-document,authoritative,arun-district-council-local-plan-2011-1,,document,,local-plan,https://www.arun.gov.uk/download.cfm?doc=docm93jijm4n12844.pdf&ver=12984,https://www.arun.gov.uk/adopted-local-plan/,arun-district-council-local-plan-2011,,
local-plan-document,,3800001,2024-10-02,,,Local Plan Policy Map (District Wide) - Update 2018 V23,600001,,local-plan-document,authoritative,arun-district-council-local-plan-2011-2,,document,,policies-map,https://www.arun.gov.uk/download.cfm?doc=docm93jijm4n12918.pdf&ver=13058,https://www.arun.gov.uk/adopted-local-plan/,arun-district-council-local-plan-2011,,
local-plan-document,,3800002,2024-10-02,,,"Policy map: Arundel, the Six Villages & surrounding area",600001,,local-plan-document,authoritative,arun-district-council-local-plan-2011-3,,document,,policies-map,https://www.arun.gov.uk/download.cfm?doc=docm93jijm4n12919.pdf&ver=13059,https://www.arun.gov.uk/adopted-local-plan/,arun-district-council-local-plan-2011,,
local-plan-document,,3800003,2024-10-02,,,Adoption Statement,600001,,local-plan-document,authoritative,arun-district-council-local-plan-2011-32,,document,,adoption-statement,https://www.arun.gov.uk/download.cfm?doc=docm93jijm4n12541.pdf&ver=12559,https://www.arun.gov.uk/adopted-local-plan/,arun-district-council-local-plan-2011,,
local-plan-document,,3800004,2024-10-02,,,Inspector's Report (dated 4'July 2018) into the examination of the Arun Local Plan 2011-2031,600001,,local-plan-document,authoritative,arun-district-council-local-plan-2011-33,,document,,inspectors-report,https://www.arun.gov.uk/download.cfm?doc=docm93jijm4n12488.pdf&ver=12506,https://www.arun.gov.uk/adopted-local-plan/,arun-district-council-local-plan-2011,,
local-plan-document,,3800005,2024-10-02,,,Inspector's Report Appendix Final Schedule of Main Modifications,600001,,local-plan-document,authoritative,arun-district-council-local-plan-2011-34,,document,,inspectors-report,https://www.arun.gov.uk/download.cfm?doc=docm93jijm4n12489.pdf&ver=12507,https://www.arun.gov.uk/adopted-local-plan/,arun-district-council-local-plan-2011,,
local-plan-document,,3800006,2024-10-02,,,Policy Map 3 (West) - Update September 2018 V1,600001,,local-plan-document,authoritative,arun-district-council-local-plan-2011-4,,document,,policies-map,https://www.arun.gov.uk/download.cfm?doc=docm93jijm4n12920.pdf&ver=13060,https://www.arun.gov.uk/adopted-local-plan/,arun-district-council-local-plan-2011,,
local-plan-document,,3800007,2024-10-02,,,Policy Map 4 (East) - Update September 2018 V1,600001,,local-plan-document,authoritative,arun-district-council-local-plan-2011-5,,document,,policies-map,https://www.arun.gov.uk/download.cfm?doc=docm93jijm4n12921.pdf&ver=13061,https://www.arun.gov.uk/adopted-local-plan/,arun-district-council-local-plan-2011,,
local-plan-document,,3800008,2024-10-09,,,Inspector's Report,600001,,local-plan-document,authoritative,inspector-s-report,,document,"The Inspector found the Local Plan Submission Draft 'sound', subject to modifications.",inspectors-report,https://www.camden.gov.uk/documents/20142/3912524/Planning+Inspector%27s+Report.pdf/6ff81008-e290-5d08-70bf-59d919ad3e61,https://www.camden.gov.uk/camden-local-plan1,london-borough-of-camden-local-plan-2017,,
local-plan-document,,3800009,2024-10-10,,,Local plan 2017,600001,,local-plan-document,authoritative,local-plan-2017,,document,This is the main document for Camden's local plan 2017,local-plan,https://www.camden.gov.uk/documents/20142/4820180/Local+Plan.pdf/ce6e992a-91f9-3a60-720c-70290fab78a6,https://www.camden.gov.uk/camden-local-plan1,london-borough-of-camden-local-plan-2017,,
local-plan-document,,3800010,2024-10-02,,,Strategic and Development Management policies,600001,,local-plan-document,authoritative,london-borough-of-islington-local-plan-2023-1,,document,,local-plan,https://www.islington.gov.uk:443/-/media/sharepoint-lists/public-records/planningandbuildingcontrol/publicity/publicconsultation/20232024/islington-council-local-plan-strategic-and-development-management-policies.pdf?la=en&hash=87580E35EA21B2221918960F570CD1CC3CEFFE6B,https://www.islington.gov.uk/planning/planning-policy/islington-local-plan,london-borough-of-islington-local-plan-2023,,
local-plan-document,,3800011,2024-10-02,,,Site Allocations,600001,,local-plan-document,authoritative,london-borough-of-islington-local-plan-2023-2,,document,,local-plan;site-allocations,https://www.islington.gov.uk:443/-/media/sharepoint-lists/public-records/planningandbuildingcontrol/publicity/publicconsultation/20232024/islington-council-local-plan-site-allocations.pdf?la=en&hash=98007803BDD179C372CCFA9529DB4A764896AD48,https://www.islington.gov.uk/planning/planning-policy/islington-local-plan,london-borough-of-islington-local-plan-2023,,
local-plan-document,,3800012,2024-10-02,,,Bunhill and Clerkenwell Area Action Plan,600001,,local-plan-document,authoritative,london-borough-of-islington-local-plan-2023-3,,document,,area-action-plan,https://www.islington.gov.uk:443/-/media/sharepoint-lists/public-records/planningandbuildingcontrol/publicity/publicconsultation/20232024/islington-council-local-plan-bunhill-and-clerkenwell-area-action-plan.pdf?la=en&hash=5C0A108521E44C81CF01CA6F63761E8196892278,https://www.islington.gov.uk/planning/planning-policy/islington-local-plan,london-borough-of-islington-local-plan-2023,,
local-plan-document,,3800013,2024-10-02,,,Policies Map,600001,,local-plan-document,authoritative,london-borough-of-islington-local-plan-2023-4,,document,,policies-map,https://www.islington.gov.uk:443/-/media/sharepoint-lists/public-records/planningandbuildingcontrol/publicity/publicconsultation/20232024/islington-local-plan-policies-map-adopted-28-september-2023.pdf?la=en&hash=AE1E57D7EC33433C18F6ECEB34488366E6C9FD32,https://www.islington.gov.uk/planning/planning-policy/islington-local-plan,london-borough-of-islington-local-plan-2023,,
local-plan-document,,3800014,2024-10-02,,,Local Development Scheme,600001,,local-plan-document,authoritative,london-borough-of-islington-local-plan-2023-6,,document,,local-development-scheme,https://www.islington.gov.uk:443/-/media/sharepoint-lists/public-records/planningandbuildingcontrol/publicity/publicnotices/20222023/lds_march2023.pdf?la=en&hash=0974D4D353578D1FA122D9D7BB596736A56FD236,https://www.islington.gov.uk/planning/planning-policy/islington-local-plan,london-borough-of-islington-local-plan-2023,,
local-plan-document,,3800015,2024-10-02,,,Appendix N-T - Lease comps details,600001,,local-plan-document,authoritative,darlington-borough-council-local-plan-2016-10,,document,,viability-assessment,https://www.darlington.gov.uk/media/21232/cd08-appendix-n-t.pdf,https://www.darlington.gov.uk/environment-and-planning/planning/planning-and-environmental-policy/adopted-local-plan-2016-2036/,darlington-borough-council-local-plan-2016,,
local-plan-document,,3800016,2024-10-02,,,Addendum to CD08 Local Plan viability assessment,600001,,local-plan-document,authoritative,darlington-borough-council-local-plan-2016-11,,document,,viability-assessment,https://www.darlington.gov.uk/media/21233/cd08-addendum-to-cd08-local-plan-viability-assessment-metric.pdf,https://www.darlington.gov.uk/environment-and-planning/planning/planning-and-environmental-policy/adopted-local-plan-2016-2036/,darlington-borough-council-local-plan-2016,,
local-plan-document,,3800017,2024-10-02,,,PD01 Consultation Statement,600001,,local-plan-document,authoritative,darlington-borough-council-local-plan-2016-12,,document,,,https://www.darlington.gov.uk/media/21234/pd01-consultation-statement.pdf,https://www.darlington.gov.uk/environment-and-planning/planning/planning-and-environmental-policy/adopted-local-plan-2016-2036/,darlington-borough-council-local-plan-2016,,
local-plan-document,,3800018,2024-10-02,,,PD03 Darlington Local Plan Equality Impact Assessment 2020,600001,,local-plan-document,authoritative,darlington-borough-council-local-plan-2016-13,,document,,,https://www.darlington.gov.uk/media/21235/pd03-darlington-local-plan-equality-impact-assessment-2020.pdf,https://www.darlington.gov.uk/environment-and-planning/planning/planning-and-environmental-policy/adopted-local-plan-2016-2036/,darlington-borough-council-local-plan-2016,,
local-plan-document,,3800019,2024-10-02,,,Darlington Local Plan 2016 - 2036,600001,,local-plan-document,authoritative,darlington-borough-council-local-plan-2016-2,,document,,local-plan,https://www.darlington.gov.uk/media/16694/local-plan-adopted-feb22v2.pdf,https://www.darlington.gov.uk/environment-and-planning/planning/planning-and-environmental-policy/adopted-local-plan-2016-2036/,darlington-borough-council-local-plan-2016,,
local-plan-document,,3800020,2024-10-02,,,SD03 Flood Risk Sequential and Exceptions test 2020,600001,,local-plan-document,authoritative,darlington-borough-council-local-plan-2016-24,,document,,strategic-flood-risk-assessment,https://www.darlington.gov.uk/media/21236/sd03-flood-risk-sequential-and-exception-tests-2020.pdf,https://www.darlington.gov.uk/environment-and-planning/planning/planning-and-environmental-policy/adopted-local-plan-2016-2036/,darlington-borough-council-local-plan-2016,,
local-plan-document,,3800021,2024-10-02,,,SD08 Darlington Strategic Housing market assessment 2020,600001,,local-plan-document,authoritative,darlington-borough-council-local-plan-2016-25,,document,,strategic-housing-market-assessment,https://www.darlington.gov.uk/media/21237/sd08-darlington-strategic-housing-market-assessment-2020.pdf,https://www.darlington.gov.uk/environment-and-planning/planning/planning-and-environmental-policy/adopted-local-plan-2016-2036/,darlington-borough-council-local-plan-2016,,
local-plan-document,,3800022,2024-10-02,,,SD09 Darlington Strategic Housing market assessment 2017,600001,,local-plan-document,authoritative,darlington-borough-council-local-plan-2016-26,,document,,strategic-housing-market-assessment,https://www.darlington.gov.uk/media/21238/sd09-shma-2017.pdf,https://www.darlington.gov.uk/environment-and-planning/planning/planning-and-environmental-policy/adopted-local-plan-2016-2036/,darlington-borough-council-local-plan-2016,,
local-plan-document,,3800023,2024-10-02,,,SD10 HELAA 2017 - Part 1,600001,,local-plan-document,authoritative,darlington-borough-council-local-plan-2016-27,,document,,,https://www.darlington.gov.uk/media/21502/sd10-helaa-2017_part1.pdf,https://www.darlington.gov.uk/environment-and-planning/planning/planning-and-environmental-policy/adopted-local-plan-2016-2036/,darlington-borough-council-local-plan-2016,,
local-plan-document,,3800024,2024-10-02,,,SD10 HELAA 2017 - Part 2,600001,,local-plan-document,authoritative,darlington-borough-council-local-plan-2016-28,,document,,,https://www.darlington.gov.uk/media/21503/sd10-helaa-2017_part2.pdf,https://www.darlington.gov.uk/environment-and-planning/planning/planning-and-environmental-policy/adopted-local-plan-2016-2036/,darlington-borough-council-local-plan-2016,,
local-plan-document,,3800025,2024-10-02,,,SD10 HELAA 2017 - Part 3,600001,,local-plan-document,authoritative,darlington-borough-council-local-plan-2016-29,,document,,,https://www.darlington.gov.uk/media/21504/sd10-helaa-2017_part3.pdf,https://www.darlington.gov.uk/environment-and-planning/planning/planning-and-environmental-policy/adopted-local-plan-2016-2036/,darlington-borough-council-local-plan-2016,,
local-plan-document,,3800026,2024-10-02,,,Darlington Policies Map,600001,,local-plan-document,authoritative,darlington-borough-council-local-plan-2016-3,,document,,policies-map,https://www.darlington.gov.uk/media/18086/adopted-darlington-local-plan-feb22-r.pdf,https://www.darlington.gov.uk/environment-and-planning/planning/planning-and-environmental-policy/adopted-local-plan-2016-2036/,darlington-borough-council-local-plan-2016,,
local-plan-document,,3800027,2024-10-02,,,SD10 HELAA 2017 - Part 4,600001,,local-plan-document,authoritative,darlington-borough-council-local-plan-2016-30,,document,,,https://www.darlington.gov.uk/media/21505/sd10-helaa-2017_part4.pdf,https://www.darlington.gov.uk/environment-and-planning/planning/planning-and-environmental-policy/adopted-local-plan-2016-2036/,darlington-borough-council-local-plan-2016,,
local-plan-document,,3800028,2024-10-02,,,SD10 HELAA 2017 - Part 5,600001,,local-plan-document,authoritative,darlington-borough-council-local-plan-2016-31,,document,,,https://www.darlington.gov.uk/media/21506/sd10-helaa-2017_part5.pdf,https://www.darlington.gov.uk/environment-and-planning/planning/planning-and-environmental-policy/adopted-local-plan-2016-2036/,darlington-borough-council-local-plan-2016,,
local-plan-document,,3800029,2024-10-02,,,SD10 HELAA 2017 - Part 6,600001,,local-plan-document,authoritative,darlington-borough-council-local-plan-2016-32,,document,,,https://www.darlington.gov.uk/media/21507/sd10-helaa-2017_part6.pdf,https://www.darlington.gov.uk/environment-and-planning/planning/planning-and-environmental-policy/adopted-local-plan-2016-2036/,darlington-borough-council-local-plan-2016,,
local-plan-document,,3800030,2024-10-02,,,SD13 Gypsy and Traveller accommodation assessment update 2017,600001,,local-plan-document,authoritative,darlington-borough-council-local-plan-2016-33,,document,,,https://www.darlington.gov.uk/media/21239/sd13-darlington-gypsy-and-traveller-accommodation-update-report-october-2017.pdf,https://www.darlington.gov.uk/environment-and-planning/planning/planning-and-environmental-policy/adopted-local-plan-2016-2036/,darlington-borough-council-local-plan-2016,,
local-plan-document,,3800031,2024-10-02,,,SD14 Gypsy and Traveller accommodation assessment 2014,600001,,local-plan-document,authoritative,darlington-borough-council-local-plan-2016-34,,document,,,https://www.darlington.gov.uk/media/21240/sd14-darlington-gypsy-and-traveller-accommodation-assessment-2014.pdf,https://www.darlington.gov.uk/environment-and-planning/planning/planning-and-environmental-policy/adopted-local-plan-2016-2036/,darlington-borough-council-local-plan-2016,,
local-plan-document,,3800032,2024-10-02,,,SD15 Darlington Future Employment Needs report 2017,600001,,local-plan-document,authoritative,darlington-borough-council-local-plan-2016-35,,document,,,https://www.darlington.gov.uk/media/21241/sd15-darlington-future-employment-needs-report-2017.pdf,https://www.darlington.gov.uk/environment-and-planning/planning/planning-and-environmental-policy/adopted-local-plan-2016-2036/,darlington-borough-council-local-plan-2016,,
local-plan-document,,3800033,2024-10-02,,,SD16 Employment Land review 2017,600001,,local-plan-document,authoritative,darlington-borough-council-local-plan-2016-36,,document,,,https://www.darlington.gov.uk/media/21242/sd16-employment-land-review-2017.pdf,https://www.darlington.gov.uk/environment-and-planning/planning/planning-and-environmental-policy/adopted-local-plan-2016-2036/,darlington-borough-council-local-plan-2016,,
local-plan-document,,3800034,2024-10-02,,,SD17 Employment Land review 2012,600001,,local-plan-document,authoritative,darlington-borough-council-local-plan-2016-37,,document,,,https://www.darlington.gov.uk/media/21243/sd17-employment-land-review-2012.pdf,https://www.darlington.gov.uk/environment-and-planning/planning/planning-and-environmental-policy/adopted-local-plan-2016-2036/,darlington-borough-council-local-plan-2016,,
local-plan-document,,3800035,2024-10-02,,,"SD22 Darlington Town Centre and Retail study, and retail study update 2017",600001,,local-plan-document,authoritative,darlington-borough-council-local-plan-2016-38,,document,,,https://www.darlington.gov.uk/media/21245/sd22-darlingtontown-centre-and-retail-study-and-retail-study-update-2017.pdf,https://www.darlington.gov.uk/environment-and-planning/planning/planning-and-environmental-policy/adopted-local-plan-2016-2036/,darlington-borough-council-local-plan-2016,,
local-plan-document,,3800036,2024-10-02,,,SD23 Retail and Town Centre study 2014,600001,,local-plan-document,authoritative,darlington-borough-council-local-plan-2016-39,,document,,,https://www.darlington.gov.uk/media/21246/sd23-retail-and-town-centre-study-2014.pdf,https://www.darlington.gov.uk/environment-and-planning/planning/planning-and-environmental-policy/adopted-local-plan-2016-2036/,darlington-borough-council-local-plan-2016,,
local-plan-document,,3800037,2024-10-02,,,CD03 Darlington Borough Local Plan 2016-2036 (Regulation 19) Sustainability Appraisal,600001,,local-plan-document,authoritative,darlington-borough-council-local-plan-2016-4,,document,,sustainability-apprasial,https://www.darlington.gov.uk/media/21223/cd03-darlington-local-plan-proposed-submission-local-plan-2016-2036-sustainability-appraisal.pdf,https://www.darlington.gov.uk/environment-and-planning/planning/planning-and-environmental-policy/adopted-local-plan-2016-2036/,darlington-borough-council-local-plan-2016,,
local-plan-document,,3800038,2024-10-02,,,SD24 Darlington Town Centre strategy 2019-2030,600001,,local-plan-document,authoritative,darlington-borough-council-local-plan-2016-40,,document,,,https://www.darlington.gov.uk/media/21247/sd24-darlington-town-centre-strategy-2019-30.pdf,https://www.darlington.gov.uk/environment-and-planning/planning/planning-and-environmental-policy/adopted-local-plan-2016-2036/,darlington-borough-council-local-plan-2016,,
local-plan-document,,3800039,2024-10-02,,,SD25 Town Centre action plan 2012,600001,,local-plan-document,authoritative,darlington-borough-council-local-plan-2016-41,,document,,,https://www.darlington.gov.uk/media/21248/sd25-town-centre-action-plan-2012.pdf,https://www.darlington.gov.uk/environment-and-planning/planning/planning-and-environmental-policy/adopted-local-plan-2016-2036/,darlington-borough-council-local-plan-2016,,
local-plan-document,,3800040,2024-10-02,,,SD26 Town Centre Fringe master plan 2013,600001,,local-plan-document,authoritative,darlington-borough-council-local-plan-2016-42,,document,,,https://www.darlington.gov.uk/media/21249/sd26-town-centre-fringe-masterplan-2013.pdf,https://www.darlington.gov.uk/environment-and-planning/planning/planning-and-environmental-policy/adopted-local-plan-2016-2036/,darlington-borough-council-local-plan-2016,,
local-plan-document,,3800041,2024-10-02,,,SD27 The Bank Top station masterplan,600001,,local-plan-document,authoritative,darlington-borough-council-local-plan-2016-43,,document,,,https://www.darlington.gov.uk/media/21250/sd27-the-bank-top-station-masterplan.pdf,https://www.darlington.gov.uk/environment-and-planning/planning/planning-and-environmental-policy/adopted-local-plan-2016-2036/,darlington-borough-council-local-plan-2016,,
local-plan-document,,3800042,2024-10-02,,,SD28 Local Green Space designation report January 2020,600001,,local-plan-document,authoritative,darlington-borough-council-local-plan-2016-44,,document,,,https://www.darlington.gov.uk/media/21251/sd28-local-green-space-designation-report-2020-update.pdf,https://www.darlington.gov.uk/environment-and-planning/planning/planning-and-environmental-policy/adopted-local-plan-2016-2036/,darlington-borough-council-local-plan-2016,,
local-plan-document,,3800043,2024-10-02,,,SD29 Heritage Impact Assessment update 2020,600001,,local-plan-document,authoritative,darlington-borough-council-local-plan-2016-45,,document,,,https://www.darlington.gov.uk/media/21252/sd29-heritage-impact-assessment-update-2020.pdf,https://www.darlington.gov.uk/environment-and-planning/planning/planning-and-environmental-policy/adopted-local-plan-2016-2036/,darlington-borough-council-local-plan-2016,,
local-plan-document,,3800044,2024-10-02,,,SD30 Heritage Impact Assessment - Part 1,600001,,local-plan-document,authoritative,darlington-borough-council-local-plan-2016-46,,document,,,https://www.darlington.gov.uk/media/21508/sd30-heritage-impact-assessment-solstice-heritage-2019_part1.pdf,https://www.darlington.gov.uk/environment-and-planning/planning/planning-and-environmental-policy/adopted-local-plan-2016-2036/,darlington-borough-council-local-plan-2016,,
local-plan-document,,3800045,2024-10-02,,,SD30 Heritage Impact Assessment - Part 2,600001,,local-plan-document,authoritative,darlington-borough-council-local-plan-2016-47,,document,,,https://www.darlington.gov.uk/media/21509/sd30-heritage-impact-assessment-solstice-heritage-2019_part2.pdf,https://www.darlington.gov.uk/environment-and-planning/planning/planning-and-environmental-policy/adopted-local-plan-2016-2036/,darlington-borough-council-local-plan-2016,,
local-plan-document,,3800046,2024-10-02,,,SD30 Heritage Impact Assessment - Part 3,600001,,local-plan-document,authoritative,darlington-borough-council-local-plan-2016-48,,document,,,https://www.darlington.gov.uk/media/21510/sd30-heritage-impact-assessment-solstice-heritage-2019_part3.pdf,https://www.darlington.gov.uk/environment-and-planning/planning/planning-and-environmental-policy/adopted-local-plan-2016-2036/,darlington-borough-council-local-plan-2016,,
local-plan-document,,3800047,2024-10-02,,,SD30 Heritage Impact Assessment - Part 4,600001,,local-plan-document,authoritative,darlington-borough-council-local-plan-2016-49,,document,,,https://www.darlington.gov.uk/media/21511/sd30-heritage-impact-assessment-solstice-heritage-2019_part4.pdf,https://www.darlington.gov.uk/environment-and-planning/planning/planning-and-environmental-policy/adopted-local-plan-2016-2036/,darlington-borough-council-local-plan-2016,,
local-plan-document,,3800048,2024-10-02,,,CD05 Statement of Common Ground including Duty to Co-operate,600001,,local-plan-document,authoritative,darlington-borough-council-local-plan-2016-5,,document,,,https://www.darlington.gov.uk/media/21224/cd05-statement-of-common-ground.pdf,https://www.darlington.gov.uk/environment-and-planning/planning/planning-and-environmental-policy/adopted-local-plan-2016-2036/,darlington-borough-council-local-plan-2016,,
local-plan-document,,3800049,2024-10-02,,,SD30 Heritage Impact Assessment - Part 5,600001,,local-plan-document,authoritative,darlington-borough-council-local-plan-2016-50,,document,,,https://www.darlington.gov.uk/media/21512/sd30-heritage-impact-assessment-solstice-heritage-2019_part5.pdf,https://www.darlington.gov.uk/environment-and-planning/planning/planning-and-environmental-policy/adopted-local-plan-2016-2036/,darlington-borough-council-local-plan-2016,,
local-plan-document,,3800050,2024-10-02,,,SD30 Heritage Impact Assessment - Part 6,600001,,local-plan-document,authoritative,darlington-borough-council-local-plan-2016-51,,document,,,https://www.darlington.gov.uk/media/21513/sd30-heritage-impact-assessment-solstice-heritage-2019_part6.pdf,https://www.darlington.gov.uk/environment-and-planning/planning/planning-and-environmental-policy/adopted-local-plan-2016-2036/,darlington-borough-council-local-plan-2016,,
local-plan-document,,3800051,2024-10-02,,,SD31 Landscape sensitivity of potential housing sites in Darlington Borough 2019,600001,,local-plan-document,authoritative,darlington-borough-council-local-plan-2016-52,,document,,,https://www.darlington.gov.uk/media/21253/sd31-landscape-sensitivity-of-potential-housing-sites-in-darlington-borough-2019.pdf,https://www.darlington.gov.uk/environment-and-planning/planning/planning-and-environmental-policy/adopted-local-plan-2016-2036/,darlington-borough-council-local-plan-2016,,
local-plan-document,,3800052,2024-10-02,,,SD32 The Impact of growth on demand for sports facilities 2019,600001,,local-plan-document,authoritative,darlington-borough-council-local-plan-2016-53,,document,,,https://www.darlington.gov.uk/media/21254/sd32-the-impact-of-growth-on-demand-for-sports-facilities-2019.pdf,https://www.darlington.gov.uk/environment-and-planning/planning/planning-and-environmental-policy/adopted-local-plan-2016-2036/,darlington-borough-council-local-plan-2016,,
local-plan-document,,3800053,2024-10-02,,,SD33 1825 Stockton and Darlington railway: Historic environment audit 2019 revision,600001,,local-plan-document,authoritative,darlington-borough-council-local-plan-2016-54,,document,,,https://www.darlington.gov.uk/media/21255/sd33-1825-stockton-and-darlington-railway-historic-environmental-audit-2016-2019-rev.pdf,https://www.darlington.gov.uk/environment-and-planning/planning/planning-and-environmental-policy/adopted-local-plan-2016-2036/,darlington-borough-council-local-plan-2016,,
local-plan-document,,3800054,2024-10-02,,,SD35 Darlington Landscape Character Assessment 2015,600001,,local-plan-document,authoritative,darlington-borough-council-local-plan-2016-55,,document,,,https://www.darlington.gov.uk/media/21256/sd35-darlington-landscape-character-assessment-2015.pdf,https://www.darlington.gov.uk/environment-and-planning/planning/planning-and-environmental-policy/adopted-local-plan-2016-2036/,darlington-borough-council-local-plan-2016,,
local-plan-document,,3800055,2024-10-02,,,SD38 Darlington Green Infrastructure Strategy 2009,600001,,local-plan-document,authoritative,darlington-borough-council-local-plan-2016-56,,document,,,https://www.darlington.gov.uk/media/21257/sd38-darlington-green-infrastructure-strategy-2013-2026.pdf,https://www.darlington.gov.uk/environment-and-planning/planning/planning-and-environmental-policy/adopted-local-plan-2016-2036/,darlington-borough-council-local-plan-2016,,
local-plan-document,,3800056,2024-10-02,,,SD39 Darlington Characterisation Study 2009,600001,,local-plan-document,authoritative,darlington-borough-council-local-plan-2016-57,,document,,,https://www.darlington.gov.uk/media/21258/sd39-darlington-characterisation-study-2009.pdf,https://www.darlington.gov.uk/environment-and-planning/planning/planning-and-environmental-policy/adopted-local-plan-2016-2036/,darlington-borough-council-local-plan-2016,,
local-plan-document,,3800057,2024-10-02,,,SD65 Blackwell Grange Park statement of significance,600001,,local-plan-document,authoritative,darlington-borough-council-local-plan-2016-58,,document,,,https://www.darlington.gov.uk/media/21259/sd65-blackwell-grange-park-statement-of-significance.pdf,https://www.darlington.gov.uk/environment-and-planning/planning/planning-and-environmental-policy/adopted-local-plan-2016-2036/,darlington-borough-council-local-plan-2016,,
local-plan-document,,3800058,2024-10-02,,,SD66 Strategic Modelling report,600001,,local-plan-document,authoritative,darlington-borough-council-local-plan-2016-59,,document,,,https://www.darlington.gov.uk/media/21260/sd66-strategic-transport-modelling-report.pdf,https://www.darlington.gov.uk/environment-and-planning/planning/planning-and-environmental-policy/adopted-local-plan-2016-2036/,darlington-borough-council-local-plan-2016,,
local-plan-document,,3800059,2024-10-02,,,CD07 Habitat Regulations Appropriate Assessment - screening report,600001,,local-plan-document,authoritative,darlington-borough-council-local-plan-2016-6,,document,,,https://www.darlington.gov.uk/media/21225/cd07-habitat-regulations-assessmen-screening-report-2019.pdf,https://www.darlington.gov.uk/environment-and-planning/planning/planning-and-environmental-policy/adopted-local-plan-2016-2036/,darlington-borough-council-local-plan-2016,,
local-plan-document,,3800060,2024-10-02,,,SD67 Coniscliffe Aimsun Modelling,600001,,local-plan-document,authoritative,darlington-borough-council-local-plan-2016-60,,document,,,https://www.darlington.gov.uk/media/21261/sd67-coniscliffe-aimsun-modelling.pdf,https://www.darlington.gov.uk/environment-and-planning/planning/planning-and-environmental-policy/adopted-local-plan-2016-2036/,darlington-borough-council-local-plan-2016,,
local-plan-document,,3800061,2024-10-02,,,SD68 North Darlington Aimsun Modelling,600001,,local-plan-document,authoritative,darlington-borough-council-local-plan-2016-61,,document,,,https://www.darlington.gov.uk/media/21262/sd68-north-darlington-aimsun-modelling.pdf,https://www.darlington.gov.uk/environment-and-planning/planning/planning-and-environmental-policy/adopted-local-plan-2016-2036/,darlington-borough-council-local-plan-2016,,
local-plan-document,,3800062,2024-10-02,,,SD69 A66 Corridor Vissim Model,600001,,local-plan-document,authoritative,darlington-borough-council-local-plan-2016-62,,document,,,https://www.darlington.gov.uk/media/21263/sd69-a66-corridor-vissim-model.pdf,https://www.darlington.gov.uk/environment-and-planning/planning/planning-and-environmental-policy/adopted-local-plan-2016-2036/,darlington-borough-council-local-plan-2016,,
local-plan-document,,3800063,2024-10-02,,,CD08 Local Plan Viability Assessment,600001,,local-plan-document,authoritative,darlington-borough-council-local-plan-2016-7,,document,,viability-assessment,https://www.darlington.gov.uk/media/21226/cd08-local-plan-viability-assessment.pdf,https://www.darlington.gov.uk/environment-and-planning/planning/planning-and-environmental-policy/adopted-local-plan-2016-2036/,darlington-borough-council-local-plan-2016,,
local-plan-document,,3800064,2024-10-02,,,Appendix A-F Residential viability testing study,600001,,local-plan-document,authoritative,darlington-borough-council-local-plan-2016-8,,document,,viability-assessment,https://www.darlington.gov.uk/media/21227/cd08-appendix-a-f.pdf,https://www.darlington.gov.uk/environment-and-planning/planning/planning-and-environmental-policy/adopted-local-plan-2016-2036/,darlington-borough-council-local-plan-2016,,
local-plan-document,,3800065,2024-10-02,,,Appendix H-K - Costar export lease comps report,600001,,local-plan-document,authoritative,darlington-borough-council-local-plan-2016-9,,document,,viability-assessment,https://www.darlington.gov.uk/media/21229/cd08-appendix-h-k.pdf,https://www.darlington.gov.uk/environment-and-planning/planning/planning-and-environmental-policy/adopted-local-plan-2016-2036/,darlington-borough-council-local-plan-2016,,
local-plan-document,,3800066,2024-10-15,,,Draft local plan for regulation 18 consultation,600001,,local-plan-document,authoritative,draft-local-plan-for-regulation-18-consultation,,document,,local-plan,https://www.camden.gov.uk/documents/20142/4820180/Draft+New+Camden+Local+Plan+2024+v1.pdf/415cc7da-c24a-8237-ddc2-5c72045af9d2?t=1706548115256,https://www.camden.gov.uk/draft-new-local-plan,camden-local-plan-2026,,
local-plan-document,,3800067,2024-10-18,,,East Lindsey Core Strategy and Settlement Proposals DPD Report - Final - May 2018,600001,,local-plan-document,authoritative,east-lindsey-core-strategy-and-settlement-proposals-dpd-report-final-may-2018,,document,,,https://www.e-lindsey.gov.uk/media/9021/East-Lindsey-Core-Strategy-and-Settlement-Proposals-DPD-Report-Final-May-2018/pdf/East_Lindsey_Core_Strategy_and_Settlement_Proposals_DPD_Report_-_Final_-_May_2018.pdf?m=1525354390860,https://www.e-lindsey.gov.uk/article/8455/Inspectors-Report,east-lindsey-district-council-local-plan-2018,,
local-plan-document,,3800068,2024-10-18,,,East Lindsey Core Strategy and Settlement Proposals DPD Report - Final - May 2018,600001,,local-plan-document,authoritative,east-lindsey-core-strategy-and-settlement-proposals-dpd-report-final-may-2018-east-lindsey-district-council-local-plan-2018,,document,,inspectors-report,https://www.e-lindsey.gov.uk/media/9021/East-Lindsey-Core-Strategy-and-Settlement-Proposals-DPD-Report-Final-May-2018/pdf/East_Lindsey_Core_Strategy_and_Settlement_Proposals_DPD_Report_-_Final_-_May_2018.pdf?m=1525354390860,https://www.e-lindsey.gov.uk/article/8455/Inspectors-Report,east-lindsey-district-council-local-plan-2018,,
local-plan-document,,3800069,2024-10-18,,,East Lindsey Core Strategy and Settlement Proposals DPD Report - MM Appendix A - Final,600001,,local-plan-document,authoritative,east-lindsey-core-strategy-and-settlement-proposals-dpd-report-mm-appendix-a-final,,document,,inspectors-report,https://www.e-lindsey.gov.uk/media/9022/East-Lindsey-Core-Strategy-and-Settlement-Proposals-DPD-Report-MM-Appendix-A-Final/pdf/East_Lindsey_Core_Strategy_and_Settlement_Proposals_DPD_Report_-_MM_Appendix_A_-_Final.pdf?m=1525354391140,https://www.e-lindsey.gov.uk/article/8455/Inspectors-Report,east-lindsey-district-council-local-plan-2018,,
local-plan-document,,3800070,2024-10-18,,,East Lindsey Core Strategy and Settlement Proposals DPD Report - MM Appendix B - Final,600001,,local-plan-document,authoritative,east-lindsey-core-strategy-and-settlement-proposals-dpd-report-mm-appendix-b-final,,document,,inspectors-report,https://www.e-lindsey.gov.uk/media/9023/East-Lindsey-Core-Strategy-and-Settlement-Proposals-DPD-Report-MM-Appendix-B-Final/pdf/East_Lindsey_Core_Strategy_and_Settlement_Proposals_DPD_Report_-_MM_Appendix_B_-_Final.pdf?m=1525354391413,https://www.e-lindsey.gov.uk/article/8455/Inspectors-Report,east-lindsey-district-council-local-plan-2018,,
local-plan-document,,3800071,2024-10-02,,,Core Strategy,600001,,local-plan-document,authoritative,east-lindsey-district-council-local-plan-2018-1,,document,,core-strategy,https://www.e-lindsey.gov.uk/media/9791/Core-Strategy/pdf/Final_Version_of_Core_Strategy_2018.pdf?m=1546595473230,https://www.e-lindsey.gov.uk/article/8934/Adopted-Local-Plan-2018,east-lindsey-district-council-local-plan-2018,,
local-plan-document,,3800072,2024-10-02,,,CD102 Addendum to the Sustainability Appraisal of the East Lindsey Core Strategy,600001,,local-plan-document,authoritative,east-lindsey-district-council-local-plan-2018-10,,document,,sustainability-appraisal,https://www.e-lindsey.gov.uk/media/5985/CD102-Addendum-to-the-Sustainability-Appraisal-of-the-East-Lindsey-Core-Strategy/pdf/CD102_Addendum_to_the_Sustainability_Appraisal_of_the_East_Lindsey_Core_Strategy.pdf?m=1505729487247,https://www.e-lindsey.gov.uk/article/8934/Adopted-Local-Plan-2018,east-lindsey-district-council-local-plan-2018,,
local-plan-document,,3800073,2024-10-02,,,CD102 East Lindsey Settlement Proposals Sustainability Appraisal November 2016 with Non Technical Summary,600001,,local-plan-document,authoritative,east-lindsey-district-council-local-plan-2018-11,,document,,sustainability-appraisal,https://www.e-lindsey.gov.uk/media/5989/CD102-East-Lindsey-Settlement-Proposals-Sustainability-Appraisal-November-2016-with-Non-Technical-Summary/pdf/CD102_East_Lindsey_Settlement_Proposals_Sustainability_Appraisal_November_2016_with_Non_Technical_Su.pdf?m=1505729489143,https://www.e-lindsey.gov.uk/article/8934/Adopted-Local-Plan-2018,east-lindsey-district-council-local-plan-2018,,
local-plan-document,,3800074,2024-10-02,,,CD102 Appendix 1 - Settlement Proposals Site Assessment Forms,600001,,local-plan-document,authoritative,east-lindsey-district-council-local-plan-2018-12,,document,,,https://www.e-lindsey.gov.uk/media/5990/CD102-Appendix-1-Settlement-Proposals-Site-Assessment-Forms/pdf/CD102_Appendix_1_-_Settlement_Proposals_Site_Assessment_Forms.pdf?m=1505729489720,https://www.e-lindsey.gov.uk/article/8934/Adopted-Local-Plan-2018,east-lindsey-district-council-local-plan-2018,,
local-plan-document,,3800075,2024-10-02,,,"CD102 Appendix 2 - Cumulative, Synergistic and Indirect Effects Table",600001,,local-plan-document,authoritative,east-lindsey-district-council-local-plan-2018-13,,document,,,https://www.e-lindsey.gov.uk/media/5991/CD102-Appendix-2-Cumulative-Synergistic-and-Indirect-Effects-Table/pdf/CD102_Appendix_2_-_Cumulative__Synergistic_and_Indirect_Effects_Table.pdf?m=1505729490323,https://www.e-lindsey.gov.uk/article/8934/Adopted-Local-Plan-2018,east-lindsey-district-council-local-plan-2018,,
local-plan-document,,3800076,2024-10-02,,,CD102 Appendix 3 - Gypsy and Traveller Sites,600001,,local-plan-document,authoritative,east-lindsey-district-council-local-plan-2018-14,,document,,,https://www.e-lindsey.gov.uk/media/6248/CD102-Appendix-3-Gypsy-and-Traveller-Sites/pdf/CD102_Appendix_3_-_Gypsy_and_Traveller_Sites.pdf?m=1506598402013,https://www.e-lindsey.gov.uk/article/8934/Adopted-Local-Plan-2018,east-lindsey-district-council-local-plan-2018,,
local-plan-document,,3800077,2024-10-02,,,Additional Modifications,600001,,local-plan-document,authoritative,east-lindsey-district-council-local-plan-2018-15,,document,,,https://www.e-lindsey.gov.uk/media/9939/Additional-Modifications/pdf/Additional_Modifications.pdf?m=1533116019953,https://www.e-lindsey.gov.uk/article/8934/Adopted-Local-Plan-2018,east-lindsey-district-council-local-plan-2018,,
local-plan-document,,3800078,2024-10-02,,,Schedule of Proposed Main Modifications to the Core Strategy Draft Local Plan (2017),600001,,local-plan-document,authoritative,east-lindsey-district-council-local-plan-2018-16,,document,,,https://www.e-lindsey.gov.uk/media/7732/Schedule-of-Proposed-Main-Modifications-to-the-Core-Strategy-Draft-Local-Plan-2017-ED056/pdf/ED056_Main_Mods_table_Core_Strategy_Version_5.pdf?m=1612263191610,https://www.e-lindsey.gov.uk/article/8934/Adopted-Local-Plan-2018,east-lindsey-district-council-local-plan-2018,,
local-plan-document,,3800079,2024-10-02,,,Schedule of Proposed Main Modifications to the Settlement Proposals DPD Draft Local Plan (2017),600001,,local-plan-document,authoritative,east-lindsey-district-council-local-plan-2018-17,,document,,,https://www.e-lindsey.gov.uk/media/7733/Schedule-of-Proposed-Main-Modifications-to-the-Settlement-Proposals-DPD-Draft-Local-Plan-2017-ED057/pdf/ED057_Main_Mods_table_SP_DPD_Revised_Version_2018.pdf?m=1612263203067,https://www.e-lindsey.gov.uk/article/8934/Adopted-Local-Plan-2018,east-lindsey-district-council-local-plan-2018,,
local-plan-document,,3800080,2024-10-02,,,Adoption Statement,600001,,local-plan-document,authoritative,east-lindsey-district-council-local-plan-2018-18,,document,,adoption-statement,https://www.e-lindsey.gov.uk/media/9940/Adoption-Statement/pdf/Adoption_Statement.pdf?m=1533116020207,https://www.e-lindsey.gov.uk/article/8934/Adopted-Local-Plan-2018,east-lindsey-district-council-local-plan-2018,,
local-plan-document,,3800081,2024-10-02,,,East Lindsey Settlement Proposals Development Plan Document,600001,,local-plan-document,authoritative,east-lindsey-district-council-local-plan-2018-2,,document,,local-plan,https://www.e-lindsey.gov.uk/media/15269/Adopted-Settlement-Proposals/pdf/AdoptedSettlementProposalsDocument.pdf?m=1579873492493,https://www.e-lindsey.gov.uk/article/8934/Adopted-Local-Plan-2018,east-lindsey-district-council-local-plan-2018,,
local-plan-document,,3800082,2024-10-02,,,Settlement Proposals Pt1 Alford to Legbourne,600001,,local-plan-document,authoritative,east-lindsey-district-council-local-plan-2018-3,,document,,site-allocations,https://www.e-lindsey.gov.uk/media/9792/Settlement-Proposals-Pt1-Alford-to-Legbourne/pdf/Settlement_Proposals_Pt1_Alford_to_Legbourne.pdf?m=1532335698627,https://www.e-lindsey.gov.uk/article/8934/Adopted-Local-Plan-2018,east-lindsey-district-council-local-plan-2018,,
local-plan-document,,3800083,2024-10-02,,,Settlement Proposals Pt2 Louth to Wragby,600001,,local-plan-document,authoritative,east-lindsey-district-council-local-plan-2018-4,,document,,site-allocations,https://www.e-lindsey.gov.uk/media/9793/Settlement-Proposals-Pt2-Louth-to-Wragby/pdf/Settlement_Proposals_Pt2_Louth_to_Wragby.pdf?m=1532335699247,https://www.e-lindsey.gov.uk/article/8934/Adopted-Local-Plan-2018,east-lindsey-district-council-local-plan-2018,,
local-plan-document,,3800084,2024-10-02,,,Settlement Proposals Pt3 Coastal Settlements,600001,,local-plan-document,authoritative,east-lindsey-district-council-local-plan-2018-5,,document,,site-allocations,https://www.e-lindsey.gov.uk/media/9794/Settlement-Proposals-Pt3-Coastal-Settlements/pdf/Settlement_Proposals_Pt3_Coastal_Settlements.pdf?m=1532335699927,https://www.e-lindsey.gov.uk/article/8934/Adopted-Local-Plan-2018,east-lindsey-district-council-local-plan-2018,,
local-plan-document,,3800085,2024-10-02,,,Single Plot Exceptions - Feb 17,600001,,local-plan-document,authoritative,east-lindsey-district-council-local-plan-2018-6,,document,,site-allocations,https://www.e-lindsey.gov.uk/media/10163/Single-Plot-Exceptions-Feb-17/pdf/Single_Plot_Brochure_A4_amendments_2017_v3_correct1.pdf?m=1546595439477,https://www.e-lindsey.gov.uk/article/8934/Adopted-Local-Plan-2018,east-lindsey-district-council-local-plan-2018,,
local-plan-document,,3800086,2024-10-02,,,CD102 East Lindsey Core Strategy Sustainability Appraisal November 2016 with Non Technical Summary,600001,,local-plan-document,authoritative,east-lindsey-district-council-local-plan-2018-7,,document,,sustainability-appraisal,https://www.e-lindsey.gov.uk/media/5024/CD102-East-Lindsey-Core-Strategy-Sustainability-Appraisal-November-2016-with-Non-Technical-Summary/pdf/Cd102_East_Lindsey_Core_Strategy_Sustainability_Appraisal_November_2016_with_Non_Technical_Summary.pdf?m=1503583849553,https://www.e-lindsey.gov.uk/article/8934/Adopted-Local-Plan-2018,east-lindsey-district-council-local-plan-2018,,
local-plan-document,,3800087,2024-10-02,,,CD102 Appendix 1 - Vision and Strategic Actions Appraisal,600001,,local-plan-document,authoritative,east-lindsey-district-council-local-plan-2018-8,,document,,,https://www.e-lindsey.gov.uk/media/5022/CD102-Appendix-1-Vision-and-Strategic-Actions-Appraisal/pdf/CD102_Appendix_1_-_Vision_and_Strategic_Actions_Appraisal.pdf?m=1503583681797,https://www.e-lindsey.gov.uk/article/8934/Adopted-Local-Plan-2018,east-lindsey-district-council-local-plan-2018,,
local-plan-document,,3800088,2024-10-02,,,CD102 Appendix 2 - Policy appraisal sheets of changes as a result of consultation,600001,,local-plan-document,authoritative,east-lindsey-district-council-local-plan-2018-9,,document,,,https://www.e-lindsey.gov.uk/media/5987/CD102-Appendix-2-Policy-appraisal-sheets-of-changes-as-a-result-of-consultation/pdf/CD102_Appendix_2_-_Policy_appraisal_sheets_of_changes_as_a_result_of_consultation.pdf?m=1505729488030,https://www.e-lindsey.gov.uk/article/8934/Adopted-Local-Plan-2018,east-lindsey-district-council-local-plan-2018,,
local-plan-document,,3800089,2024-10-18,,,Inspectors Final Report,600001,,local-plan-document,authoritative,inspectors-final-report,,document,,inspectors-report,https://www.e-lindsey.gov.uk/media/9024/Inspectors-Final-Report/pdf/Inspectors_Final_Report.pdf?m=1525354391803,https://www.e-lindsey.gov.uk/article/8455/Inspectors-Report,east-lindsey-district-council-local-plan-2018,,
local-plan-document,,3800090,2024-11-25,,,Local Development Scheme,600001,,local-plan-document,authoritative,local-development-scheme,,document,Local development scheme published in December 2023,local-development-scheme,https://www.cannockchasedc.gov.uk/sites/default/files/document-library/Local%20Development%20Scheme%202024.pdf,https://www.cannockchasedc.gov.uk/residents/planning-and-building-control/planning-policy/local-development-scheme,cannock-chase-district-local-plan,,
local-plan-document,,3800091,2024-10-16,,,Local Plan 2031 Adopted Policies Map Abingdon-on-Thames and Oxford Fringe Sub-Area,600001,,local-plan-document,authoritative,local-plan-2031-adopted-policies-map-abingdon-on-thames-and-oxford-fringe-sub-area,,document,,policies-map,https://www.whitehorsedc.gov.uk/wp-content/uploads/sites/3/2020/10/Adopted-October-2019-constraint-sub-area-abingdon-north-v3.pdf,https://www.whitehorsedc.gov.uk/vale-of-white-horse-district-council/planning-and-development/local-plan-and-planning-policies/local-plan-2031/,vale-of-white-horse-district-council-local-plan-2016,,
local-plan-document,,3800092,2024-10-16,,,Local Plan 2031 Adopted Policies Map South-East Vale Sub-Area,600001,,local-plan-document,authoritative,local-plan-2031-adopted-policies-map-south-east-vale-sub-area,,document,,policies-map,https://www.whitehorsedc.gov.uk/wp-content/uploads/sites/3/2020/10/Adopted-October-2019-constraint-sub-area-east-v3.pdf,https://www.whitehorsedc.gov.uk/vale-of-white-horse-district-council/planning-and-development/local-plan-and-planning-policies/local-plan-2031/,vale-of-white-horse-district-council-local-plan-2016,,
local-plan-document,,3800093,2024-10-16,,,Local Plan 2031 Adopted Policies Map Western Vale Sub Area,600001,,local-plan-document,authoritative,local-plan-2031-adopted-policies-map-western-vale-sub-area,,document,,policies-map,https://www.whitehorsedc.gov.uk/wp-content/uploads/sites/3/2020/10/Adopted-October-2019-constraint-sub-area-western-v3.pdf,https://www.whitehorsedc.gov.uk/vale-of-white-horse-district-council/planning-and-development/local-plan-and-planning-policies/local-plan-2031/,vale-of-white-horse-district-council-local-plan-2016,,
local-plan-document,,3800094,2024-10-16,,,Local Plan 2031 Part 1 - Adoption Statement,600001,,local-plan-document,authoritative,local-plan-2031-part-1-adoption-statement,,document,,adoption-statement,https://www.whitehorsedc.gov.uk/wp-content/uploads/sites/3/2019/07/Local-Plan-2031-Part-1-Adoption-Statement-LPP1.pdf,https://www.whitehorsedc.gov.uk/vale-of-white-horse-district-council/planning-and-development/local-plan-and-planning-policies/local-plan-2031/,vale-of-white-horse-district-council-local-plan-2016,,
local-plan-document,,3800095,2024-10-16,,,Local Plan 2031 Part 1 Review,600001,,local-plan-document,authoritative,local-plan-2031-part-1-review,,document,,,https://www.whitehorsedc.gov.uk/wp-content/uploads/sites/3/2021/12/Local-Plan-Part-1-Review-Dec-2021..pdf,https://www.whitehorsedc.gov.uk/vale-of-white-horse-district-council/planning-and-development/local-plan-and-planning-policies/local-plan-2031/,vale-of-white-horse-district-council-local-plan-2016,,
local-plan-document,,3800096,2024-10-16,,,Local Plan 2031 Part 1: Strategic Sites and Policies,600001,,local-plan-document,authoritative,local-plan-2031-part-1-strategic-sites-and-policies,,document,,local-plan,https://www.whitehorsedc.gov.uk/wp-content/uploads/sites/3/2020/10/Local-Plan-2031-Part-1.pdf,https://www.whitehorsedc.gov.uk/vale-of-white-horse-district-council/planning-and-development/local-plan-and-planning-policies/local-plan-2031/,vale-of-white-horse-district-council-local-plan-2016,,
local-plan-document,,3800097,2024-10-16,,,Local Plan 2031 Part 1: Strategic Sites and Policies Appendices,600001,,local-plan-document,authoritative,local-plan-2031-part-1-strategic-sites-and-policies-appendices,,document,,local-plan,https://www.whitehorsedc.gov.uk/wp-content/uploads/sites/3/2020/10/Local-Plan-2031-Part-1-Appendicies.pdf,https://www.whitehorsedc.gov.uk/vale-of-white-horse-district-council/planning-and-development/local-plan-and-planning-policies/local-plan-2031/,vale-of-white-horse-district-council-local-plan-2016,,
local-plan-document,,3800098,2024-10-16,,,Local Plan 2031 Part 1 - Sustainability Appraisal Adoption Statement,600001,,local-plan-document,authoritative,local-plan-2031-part-1-sustainability-appraisal-adoption-statement,,document,,adoption-statement,https://www.whitehorsedc.gov.uk/wp-content/uploads/sites/3/2019/07/Vale-LPP1-SA-Adoption-Statement-161206-LPP1.pdf,https://www.whitehorsedc.gov.uk/vale-of-white-horse-district-council/planning-and-development/local-plan-and-planning-policies/local-plan-2031/,vale-of-white-horse-district-council-local-plan-2016,,
local-plan-document,,3800099,2024-10-16,,,Local Plan 2031 Part 2 - Adoption Statement,600001,,local-plan-document,authoritative,local-plan-2031-part-2-adoption-statement,,document,,adoption-statement,https://www.whitehorsedc.gov.uk/wp-content/uploads/sites/3/2020/10/2019-10-10-VoWH-Adoption-Statement-FINAL_0-1.pdf,https://www.whitehorsedc.gov.uk/vale-of-white-horse-district-council/planning-and-development/local-plan-and-planning-policies/local-plan-2031/,vale-of-white-horse-district-council-local-plan-2016,,
local-plan-document,,3800100,2024-10-16,,,Local Plan 2031 Part 2: Detailed Policies and Additional Sites,600001,,local-plan-document,authoritative,local-plan-2031-part-2-detailed-policies-and-additional-sites,,document,,local-plan,https://www.whitehorsedc.gov.uk/wp-content/uploads/sites/3/2021/03/VOWHDC-Master-1.pdf,https://www.whitehorsedc.gov.uk/vale-of-white-horse-district-council/planning-and-development/local-plan-and-planning-policies/local-plan-2031/,vale-of-white-horse-district-council-local-plan-2016,,
local-plan-document,,3800101,2024-10-16,,,Local Plan 2031 Part 2 Review,600001,,local-plan-document,authoritative,local-plan-2031-part-2-review,,document,,,https://democratic.whitehorsedc.gov.uk/documents/s61489/LPP2%20Cabinet%20Report%20Final.pdf#page=9,https://www.whitehorsedc.gov.uk/vale-of-white-horse-district-council/planning-and-development/local-plan-and-planning-policies/local-plan-2031/,vale-of-white-horse-district-council-local-plan-2016,,
local-plan-document,,3800102,2024-10-16,,,Local Plan 2031 Part 2: Strategic Sites and Policies Appendices,600001,,local-plan-document,authoritative,local-plan-2031-part-2-strategic-sites-and-policies-appendices,,document,,local-plan,https://data.whitehorsedc.gov.uk/java/support/dynamic_serve.jsp?ID=1173080763&CODE=481ECD6ACC86E6C4A6FE38F6391274B7,https://www.whitehorsedc.gov.uk/vale-of-white-horse-district-council/planning-and-development/local-plan-and-planning-policies/local-plan-2031/,vale-of-white-horse-district-council-local-plan-2016,,
local-plan-document,,3800103,2024-10-16,,,Local Plan 2031 Part 2 - Sustainability Appraisal Adoption Statement,600001,,local-plan-document,authoritative,local-plan-2031-part-2-sustainability-appraisal-adoption-statement,,document,,adoption-statement,https://www.whitehorsedc.gov.uk/wp-content/uploads/sites/3/2020/10/VoWH-LPP2-Sustainability-Appraisal-Adoption-Statement-191025-1.pdf,https://www.whitehorsedc.gov.uk/vale-of-white-horse-district-council/planning-and-development/local-plan-and-planning-policies/local-plan-2031/,vale-of-white-horse-district-council-local-plan-2016,,
local-plan-document,,3800104,2024-10-02,,,Adoption Statement,600001,,local-plan-document,authoritative,south-cambridgeshire-district-council-local-plan-2018-1,,document,,adoption-statement,https://www.scambs.gov.uk/media/17751/south-cambridgeshire-local-plan-2018-adoption-statement.pdf,https://www.scambs.gov.uk/planning/local-plan-and-neighbourhood-planning/the-adopted-development-plan/south-cambridgeshire-local-plan-2018,south-cambridgeshire-district-council-local-plan-2018,,
local-plan-document,,3800105,2024-10-02,,,Errata to South Cambridgeshire Local Plan (2018),600001,,local-plan-document,authoritative,south-cambridgeshire-district-council-local-plan-2018-16,,document,,local-plan,https://www.scambs.gov.uk/media/17817/errata-to-south-cambridgeshire-local-plan-2018.pdf,https://www.scambs.gov.uk/planning/local-plan-and-neighbourhood-planning/the-adopted-development-plan/south-cambridgeshire-local-plan-2018,south-cambridgeshire-district-council-local-plan-2018,,
local-plan-document,,3800106,2024-10-02,,,Policy Review of the Adopted Local Plans for Greater Cambridge (June 2023),600001,,local-plan-document,authoritative,south-cambridgeshire-district-council-local-plan-2018-17,,document,,local-plan-review,https://www.greatercambridgeplanning.org/media/2801/greater-cambridge-5-year-review-of-adopted-local-plan-policies.pdf,https://www.scambs.gov.uk/planning/local-plan-and-neighbourhood-planning/the-adopted-development-plan/south-cambridgeshire-local-plan-2018,south-cambridgeshire-district-council-local-plan-2018,,
local-plan-document,,3800107,2024-10-02,,,Inspectors Report,600001,,local-plan-document,authoritative,south-cambridgeshire-district-council-local-plan-2018-18,,document,,inspectors-report,https://www.scambs.gov.uk/media/17450/scdc-local-plan-final-report-2018.pdf,https://www.scambs.gov.uk/planning/local-plan-and-neighbourhood-planning/the-adopted-development-plan/south-cambridgeshire-local-plan-2018,south-cambridgeshire-district-council-local-plan-2018,,
local-plan-document,,3800108,2024-10-02,,,Schedule of Main Modifications,600001,,local-plan-document,authoritative,south-cambridgeshire-district-council-local-plan-2018-19,,document,,,https://www.scambs.gov.uk/media/12103/south-cambs-report-appendix-1.pdf,https://www.scambs.gov.uk/planning/local-plan-and-neighbourhood-planning/the-adopted-development-plan/south-cambridgeshire-local-plan-2018,south-cambridgeshire-district-council-local-plan-2018,,
local-plan-document,,3800109,2024-10-02,,,South Cambridgeshire Local Plan,600001,,local-plan-document,authoritative,south-cambridgeshire-district-council-local-plan-2018-2,,document,,local-plan,https://www.scambs.gov.uk/media/17793/south-cambridgeshire-adopted-local-plan-2018.pdf,https://www.scambs.gov.uk/planning/local-plan-and-neighbourhood-planning/the-adopted-development-plan/south-cambridgeshire-local-plan-2018,south-cambridgeshire-district-council-local-plan-2018,,
local-plan-document,,3800110,2024-10-02,,,Appendix 1 of the Inspectors Report,600001,,local-plan-document,authoritative,south-cambridgeshire-district-council-local-plan-2018-21,,document,,inspectors-report,https://www.scambs.gov.uk/media/12103/south-cambs-report-appendix-1.pdf,https://www.scambs.gov.uk/planning/local-plan-and-neighbourhood-planning/the-adopted-development-plan/south-cambridgeshire-local-plan-2018,south-cambridgeshire-district-council-local-plan-2018,,
local-plan-document,,3800111,2024-10-02,,,Additional Modifications,600001,,local-plan-document,authoritative,south-cambridgeshire-district-council-local-plan-2018-22,,document,,,https://www.scambs.gov.uk/media/12566/schedule-of-additional-mods-sept-2018.pdf,https://www.scambs.gov.uk/planning/local-plan-and-neighbourhood-planning/the-adopted-development-plan/south-cambridgeshire-local-plan-2018,south-cambridgeshire-district-council-local-plan-2018,,
local-plan-document,,3800112,2024-10-02,,,Schedule of Main Modifications,600001,,local-plan-document,authoritative,south-cambridgeshire-district-council-local-plan-2018-26,,document,,,https://www.scambs.gov.uk/media/12103/south-cambs-report-appendix-1.pdf,https://www.scambs.gov.uk/planning/local-plan-and-neighbourhood-planning/the-adopted-development-plan/south-cambridgeshire-local-plan-2018,south-cambridgeshire-district-council-local-plan-2018,,
local-plan-document,,3800113,2024-10-02,,,Errata to South Cambridgeshire Local Plan (2018),600001,,local-plan-document,authoritative,south-cambridgeshire-district-council-local-plan-2018-3,,document,,local-plan,https://www.scambs.gov.uk/media/18045/errata-to-south-cambridgeshire-local-plan-2018-oct-2019-amendments.pdf,https://www.scambs.gov.uk/planning/local-plan-and-neighbourhood-planning/the-adopted-development-plan/south-cambridgeshire-local-plan-2018,south-cambridgeshire-district-council-local-plan-2018,,
local-plan-document,,3800114,2024-10-02,,,Schedule of Additional Modifications,600001,,local-plan-document,authoritative,south-cambridgeshire-district-council-local-plan-2018-38,,document,,,https://www.scambs.gov.uk/media/17748/schedule-of-additional-modification-sept-2018.pdf,https://www.scambs.gov.uk/planning/local-plan-and-neighbourhood-planning/the-adopted-development-plan/south-cambridgeshire-local-plan-2018,south-cambridgeshire-district-council-local-plan-2018,,
local-plan-document,,3800115,2024-10-02,,,Sustainability Appraisal Adoption Statement,600001,,local-plan-document,authoritative,south-cambridgeshire-district-council-local-plan-2018-39,,document,,adoption-statement;sustainability-appraisal,https://www.scambs.gov.uk/media/12567/r1700002275_-south-cambridgeshire-sa-adoption-statement.pdf,https://www.scambs.gov.uk/planning/local-plan-and-neighbourhood-planning/the-adopted-development-plan/south-cambridgeshire-local-plan-2018,south-cambridgeshire-district-council-local-plan-2018,,
local-plan-document,,3800116,2024-10-02,,,Sustainability Appraisal Post Adoption Statement September 2020,600001,,local-plan-document,authoritative,staffordshire-moorlands-district-council-local-plan-2014-10,,document,,sustainability-apprasial,https://www.staffsmoorlands.gov.uk/media/6163/SA-Post-Adoption-Statement---Final/pdf/SA_Post_Adoption_Statement_-_Final.pdf?m=1601645143143,https://www.staffsmoorlands.gov.uk/localplan,staffordshire-moorlands-district-council-local-plan-2014,,
local-plan-document,,3800117,2024-10-02,,,Sustainability Appraisal Submission Version February 2018,600001,,local-plan-document,authoritative,staffordshire-moorlands-district-council-local-plan-2014-11,,document,,sustainability-apprasial,https://www.staffsmoorlands.gov.uk/media/6164/SA-Report-05.02.18/pdf/SA_Report_05.02.18.pdf?m=1601645143383,https://www.staffsmoorlands.gov.uk/localplan,staffordshire-moorlands-district-council-local-plan-2014,,
local-plan-document,,3800118,2024-10-02,,,Sustainability Appraisal of the Staffordshire Moorlands Local Plan Proposed Main Modifications,600001,,local-plan-document,authoritative,staffordshire-moorlands-district-council-local-plan-2014-12,,document,,sustainability-apprasial,https://www.staffsmoorlands.gov.uk/media/6166/Sustainability-Appraisal-of-main-modifications/pdf/Sustainability_Appraisal_of_main_modifications.pdf?m=1601645143877,https://www.staffsmoorlands.gov.uk/localplan,staffordshire-moorlands-district-council-local-plan-2014,,
local-plan-document,,3800119,2024-10-02,,,Staffordshire Moorlands Local Plan,600001,,local-plan-document,authoritative,staffordshire-moorlands-district-council-local-plan-2014-2,,document,,local-plan,https://www.staffsmoorlands.gov.uk/media/6155/Adopted-Local-Plan/pdf/Adopted_Local_Plan.pdf?m=1601645140880,https://www.staffsmoorlands.gov.uk/localplan,staffordshire-moorlands-district-council-local-plan-2014,,
local-plan-document,,3800120,2024-10-02,,,Adoption statement,600001,,local-plan-document,authoritative,staffordshire-moorlands-district-council-local-plan-2014-3,,document,,adoption-statement,https://www.staffsmoorlands.gov.uk/media/6156/adoption-statement/pdf/adoption_statement.pdf?m=1601645141177,https://www.staffsmoorlands.gov.uk/localplan,staffordshire-moorlands-district-council-local-plan-2014,,
local-plan-document,,3800121,2024-10-02,,,Inspector's final report,600001,,local-plan-document,authoritative,staffordshire-moorlands-district-council-local-plan-2014-4,,document,,inspectors-report,https://www.staffsmoorlands.gov.uk/media/6161/Inspectors-final-report/pdf/Inspectors_final_report.pdf?m=1601645142637,https://www.staffsmoorlands.gov.uk/localplan,staffordshire-moorlands-district-council-local-plan-2014,,
local-plan-document,,3800122,2024-10-02,,,Annex to Inspector's report - schedule of main modifications,600001,,local-plan-document,authoritative,staffordshire-moorlands-district-council-local-plan-2014-5,,document,,inspectors-report,https://www.staffsmoorlands.gov.uk/media/6157/Annex-to-Inspectors-report---schedule-of-main-modifications/pdf/Annex_to_Inspectors_report_-_schedule_of_main_modifications.pdf?m=1601645141410,https://www.staffsmoorlands.gov.uk/localplan,staffordshire-moorlands-district-council-local-plan-2014,,
local-plan-document,,3800123,2024-10-02,,,Appendix 2 SA report Biddulph options June 2019,600001,,local-plan-document,authoritative,staffordshire-moorlands-district-council-local-plan-2014-6,,document,,sustainability-apprasial,https://www.staffsmoorlands.gov.uk/media/6158/Appendix-2-SA-report-Biddulph-options-June-2019/pdf/Appendix_2_SA_report_Biddulph_options_June_2019.pdf?m=1601645141647,https://www.staffsmoorlands.gov.uk/localplan,staffordshire-moorlands-district-council-local-plan-2014,,
local-plan-document,,3800124,2024-10-02,,,Equalities Impact Assessment,600001,,local-plan-document,authoritative,staffordshire-moorlands-district-council-local-plan-2014-7,,document,,,https://www.staffsmoorlands.gov.uk/media/6159/Equalities-Impact-Assessment/pdf/Equalities_Impact_Assessment.pdf?m=1601645142040,https://www.staffsmoorlands.gov.uk/localplan,staffordshire-moorlands-district-council-local-plan-2014,,
local-plan-document,,3800125,2024-10-02,,,Further Additional Modifications September 2020,600001,,local-plan-document,authoritative,staffordshire-moorlands-district-council-local-plan-2014-8,,document,,,https://www.staffsmoorlands.gov.uk/media/6160/Further-AMs/pdf/Further_AMs.pdf?m=1601645142390,https://www.staffsmoorlands.gov.uk/localplan,staffordshire-moorlands-district-council-local-plan-2014,,
local-plan-document,,3800126,2024-10-02,,,Revised additional modifications,600001,,local-plan-document,authoritative,staffordshire-moorlands-district-council-local-plan-2014-9,,document,,,https://www.staffsmoorlands.gov.uk/media/6162/Revised-additional-modifications/pdf/Revised_additional_modifications.pdf?m=1601645142887,https://www.staffsmoorlands.gov.uk/localplan,staffordshire-moorlands-district-council-local-plan-2014,,
local-plan-document,,3800127,2024-10-02,,,Core Strategy and Policies for Management of Development (as amended) Adopted January 2015,600001,,local-plan-document,authoritative,thurrock-council-local-plan-2015-2,,document,,core-strategy,https://www.thurrock.gov.uk/sites/default/files/assets/documents/core_strategy_adopted_2011_amended_2015.pdf,https://www.thurrock.gov.uk/current-development-plan/core-strategy-local-plan,thurrock-council-local-plan-2015,,
local-plan-document,,3800128,2024-10-02,,,"Core Strategy NPPF focused review, adopted January 2015 - adoption statement",600001,,local-plan-document,authoritative,thurrock-council-local-plan-2015-3,,document,,adoption-statement,https://www.thurrock.gov.uk/sites/default/files/assets/documents/core_strategy_focused_review_nppf_adopted_20150128_statement.pdf,https://www.thurrock.gov.uk/current-development-plan/core-strategy-local-plan,thurrock-council-local-plan-2015,,
local-plan-document,,3800129,2024-10-02,,,"Core Strategy NPPF focused review proposed submission draft, sustainability appraisal addendum",600001,,local-plan-document,authoritative,thurrock-council-local-plan-2015-4,,document,,sustainability-apprasial,https://www.thurrock.gov.uk/sites/default/files/assets/documents/core_strategy_focused_review_nppf_adopted_20150128_sa_add.pdf,https://www.thurrock.gov.uk/current-development-plan/core-strategy-local-plan,thurrock-council-local-plan-2015,,
local-plan-document,,3800130,2024-10-02,,,Core strategy adopted map - west,600001,,local-plan-document,authoritative,thurrock-council-local-plan-2015-5,,document,,policies-map,https://www.thurrock.gov.uk/sites/default/files/assets/documents/core-strategy_adopted-2011-map-1west-v01.pdf,https://www.thurrock.gov.uk/current-development-plan/core-strategy-local-plan,thurrock-council-local-plan-2015,,
local-plan-document,,3800131,2024-10-02,,,"Core strategy adopted map - east, part 1",600001,,local-plan-document,authoritative,thurrock-council-local-plan-2015-6,,document,,policies-map,https://www.thurrock.gov.uk/sites/default/files/assets/documents/core-strategy_adopted-2011-map-2east1-v01.pdf,https://www.thurrock.gov.uk/current-development-plan/core-strategy-local-plan,thurrock-council-local-plan-2015,,
local-plan-document,,3800132,2024-10-02,,,"Core strategy adopted map - east, part 2",600001,,local-plan-document,authoritative,thurrock-council-local-plan-2015-7,,document,,policies-map,https://www.thurrock.gov.uk/sites/default/files/assets/documents/core-strategy_adopted-2011-map-3east2-v01.pdf,https://www.thurrock.gov.uk/current-development-plan/core-strategy-local-plan,thurrock-council-local-plan-2015,,
local-plan-document,,3800133,2024-10-02,,,Core strategy adopted map - key,600001,,local-plan-document,authoritative,thurrock-council-local-plan-2015-8,,document,,policies-map,https://www.thurrock.gov.uk/sites/default/files/assets/documents/core-strategy_adopted-2011-map-4key-v01.pdf,https://www.thurrock.gov.uk/current-development-plan/core-strategy-local-plan,thurrock-council-local-plan-2015,,
local-plan-document,,3800134,2024-11-25,,,Adopted Dacorum Core Strategy 2006 - 2031,600001,,local-plan-document,authoritative,adopted-dacorum-core-strategy-2006-2031,,document,,core-strategy,https://www.dacorum.gov.uk/docs/default-source/strategic-planning/adopted-core-strategy-2013.pdf?sfvrsn=2,,core-strategy-2006-2031,,
local-plan-document,,3800135,2024-11-25,,,Adopted Derbyshire Dales Local Plan 2013 - 2033,600001,,local-plan-document,authoritative,adopted-derbyshire-dales-local-plan-2013-2033,,document,,local-plan,https://www.derbyshiredales.gov.uk/documents/dddc-adopted-local-plan-2017-2/download,,derbyshire-dales-local-plan,,
local-plan-document,,3800136,2025-02-03,,,Adoption statement,600001,,local-plan-document,authoritative,adoption-statement,,document,Adoption Statement giving notice that the Derby City Local Plan - Part 1 Core Strategy was formally adopted by Derby City Council on 25 January 2017.,adoption-statement,https://www.elmbridge.gov.uk/sites/default/files/2023-03/Core%20Strategy%20-%20Adoption%20Statement.pdf,https://www.elmbridge.gov.uk/planning/planning-policy-and-guidance/core-strategy,elmbridge-borough-council-local-plan-2011,,
local-plan-document,,3800137,2024-11-25,,,Adoption Statement,600001,,local-plan-document,authoritative,adoption-statement-barnsley-metropolitan-borough-council-local-plan-2019,,document,,adoption-statement,https://www.barnsley.gov.uk/media/17019/adoption-statement-jan-19.pdf,https://www.barnsley.gov.uk/services/planning-and-buildings/local-planning-and-development/our-local-plan/barnsleys-local-plan/,barnsley-metropolitan-borough-council-local-plan-2019,,
local-plan-document,,3800138,2024-11-25,,,"Adoption Statement: Local Plan update 2023 (PDF, 0.1MB)",600001,,local-plan-document,authoritative,adoption-statement-local-plan-update-2023-pdf-0-1mb,,document,,adoption-statement,https://www.eastcambs.gov.uk/sites/default/files/Adoption%20statement%20Local%20Plan%202023%20Update%20-%20final.pdf,,east-cambridgeshire-local-plan-single-issue-review,,
local-plan-document,,3800139,2024-10-02,,,Adur Local Plan 2017 (adopted) - Complete document,600001,,local-plan-document,authoritative,adur-district-council-local-plan-2017-1,,document,,local-plan,"https://www.adur-worthing.gov.uk/media/Media,159572,smxx.pdf",https://www.adur-worthing.gov.uk/adur-local-plan/,adur-district-council-local-plan-2017,,
local-plan-document,,3800140,2024-10-02,,,Adur Local Plan 2017 - Adoption Statement,600001,,local-plan-document,authoritative,adur-district-council-local-plan-2017-10,,document,,adoption-statement;local-plan,"https://www.adur-worthing.gov.uk/media/Media,147019,smxx.pdf",https://www.adur-worthing.gov.uk/adur-local-plan/,adur-district-council-local-plan-2017,,
local-plan-document,,3800141,2024-10-02,,,Local Plan Policies Map,600001,,local-plan-document,authoritative,ashford-borough-council-local-plan-2019-11,,document,,policies-map,https://www.ashford.gov.uk/planning-and-development/planning-policy/adopted-development-plan-documents/adopted-local-plan-to-2030/local-plan-policies-map/,https://www.ashford.gov.uk/planning-and-development/planning-policy/adopted-development-plan-documents/adopted-local-plan-to-2030/,ashford-borough-council-local-plan-2019,,
local-plan-document,,3800142,2024-10-02,,,Inspectors report,600001,,local-plan-document,authoritative,babergh-district-council-local-plan-2023-1,,document,,inspectors-report,https://www.babergh.gov.uk/documents/d/asset-library-54706/k01-bmsdc-jlp-final-report-and-schedule,https://www.babergh.gov.uk/joint-local-plan?p_l_back_url=%2Fsearch%3Fq%3DLocal%2BPlans,babergh-district-council-local-plan-2023,,
local-plan-document,,3800143,2024-10-02,,,Joint Local Plan - Part 1,600001,,local-plan-document,authoritative,babergh-district-council-local-plan-2023-2,,document,,local-plan,https://www.babergh.gov.uk/documents/d/asset-library-54706/babergh-and-mid-suffolk-joint-local-plan-part-1-nov-2023,https://www.babergh.gov.uk/joint-local-plan?p_l_back_url=%2Fsearch%3Fq%3DLocal%2BPlans,babergh-district-council-local-plan-2023,,
local-plan-document,,3800144,2024-10-02,,,Adoption Statement,600001,,local-plan-document,authoritative,babergh-district-council-local-plan-2023-3,,document,,adoption-statement,https://www.babergh.gov.uk/documents/d/asset-library-54706/mid-suffolk-district-council-jlp-part-1-adoption-statement,https://www.babergh.gov.uk/joint-local-plan?p_l_back_url=%2Fsearch%3Fq%3DLocal%2BPlans,babergh-district-council-local-plan-2023,,
local-plan-document,,3800145,2024-10-02,,,Supplementary Policy Map Insets,600001,,local-plan-document,authoritative,babergh-district-council-local-plan-2023-5,,document,,policies-map,https://www.midsuffolk.gov.uk/documents/d/asset-library-54706/jlp-settlement-maps-master-doc-part-1-sep-24,https://www.babergh.gov.uk/joint-local-plan?p_l_back_url=%2Fsearch%3Fq%3DLocal%2BPlans,babergh-district-council-local-plan-2023,,
local-plan-document,,3800146,2024-10-02,,,Local Development Scheme,600001,,local-plan-document,authoritative,babergh-district-council-local-plan-2023-6,,document,,local-development-scheme,https://www.babergh.gov.uk/documents/d/asset-library-54706/babergh-and-mid-suffolk-joint-local-development-scheme-2023-2026,https://www.babergh.gov.uk/joint-local-plan?p_l_back_url=%2Fsearch%3Fq%3DLocal%2BPlans,babergh-district-council-local-plan-2023,,
local-plan-document,,3800147,2024-11-25,,,Barnsley Local Plan 2019,600001,,local-plan-document,authoritative,barnsley-local-plan-2019,,document,,local-plan,https://www.barnsley.gov.uk/media/17249/local-plan-adopted.pdf,https://www.barnsley.gov.uk/services/planning-and-buildings/local-planning-and-development/our-local-plan/barnsleys-local-plan/,barnsley-metropolitan-borough-council-local-plan-2019,,
local-plan-document,,3800148,2024-10-02,,,Basildon District Local Plan Saved Policies,600001,,local-plan-document,authoritative,basildon-borough-council-local-plan-2011-1,,document,,local-plan,https://www.basildon.gov.uk/media/598/Basildon-District-Local-Plan-Saved-Policies-September-2007/pdf/Basildon_District_Local_Plan_Saved_Policies_-_September_2007.pdf?m=1540381932580,https://www.basildon.gov.uk/adoptedplan,basildon-borough-council-local-plan-2011,,
local-plan-document,,3800149,2024-10-02,,,Adopted Local Plan (2011 to 2029),600001,,local-plan-document,authoritative,basingstoke-and-deane-borough-council-local-plan-2011-1,,document,,local-plan,https://www.basingstoke.gov.uk/content/doclib/1592.pdf,https://www.basingstoke.gov.uk/planningpolicy,basingstoke-and-deane-borough-council-local-plan-2011,,
local-plan-document,,3800150,2024-10-02,,,Adoption Statement,600001,,local-plan-document,authoritative,basingstoke-and-deane-borough-council-local-plan-2011-4,,document,,adoption-statement,https://www.basingstoke.gov.uk/content/page/44903/Local%20Plan%20Adoption%20Statement.pdf,https://www.basingstoke.gov.uk/planningpolicy,basingstoke-and-deane-borough-council-local-plan-2011,,
local-plan-document,,3800151,2024-10-02,,,SEA Adoption Statement,600001,,local-plan-document,authoritative,basingstoke-and-deane-borough-council-local-plan-2011-5,,document,,adoption-statement;sustainability-appraisal,https://www.basingstoke.gov.uk/content/page/44905/SEA%20Adoption%20Statement.pdf,https://www.basingstoke.gov.uk/planningpolicy,basingstoke-and-deane-borough-council-local-plan-2011,,
local-plan-document,,3800152,2024-10-02,,,Bassetlaw Local Plan,600001,,local-plan-document,authoritative,bassetlaw-district-council-local-plan-2020-1,,document,,local-plan,https://www.bassetlaw.gov.uk/media/gn1kjm1b/adopted-bassetlaw-local-plan-2020-2038.pdf,https://www.bassetlaw.gov.uk/planning-and-building/bassetlaw-local-plan-2020-2038/bassetlaw-local-plan-2020-2038/,bassetlaw-district-council-local-plan-2020,,
local-plan-document,,3800153,2024-10-02,,,Sustainability Appraisal Adoption Statement,600001,,local-plan-document,authoritative,bassetlaw-district-council-local-plan-2020-2,,document,,adoption-statement;sustainability-appraisal,https://www.bassetlaw.gov.uk/media/bbupnmig/appendix-4-bassetlaw-sa-adoption-statement.pdf,https://www.bassetlaw.gov.uk/planning-and-building/bassetlaw-local-plan-2020-2038/bassetlaw-local-plan-2020-2038/,bassetlaw-district-council-local-plan-2020,,
local-plan-document,,3800154,2024-10-02,,,Local Plan 2030,600001,,local-plan-document,authoritative,bedford-borough-council-local-plan-2018-1,,document,,local-plan,,https://www.bedford.gov.uk/planning-and-building-control/planning-policy/local-plan-2030/local-plan-2030-overview,bedford-borough-council-local-plan-2018,,
local-plan-document,,3800155,2024-10-02,,,Policies map,600001,,local-plan-document,authoritative,bedford-borough-council-local-plan-2018-2,,document,,policies-map,https://www.bedford.gov.uk/planning-and-building/planning-policy-its-purpose/development-plan-documents/policies-map/,https://www.bedford.gov.uk/planning-and-building-control/planning-policy/local-plan-2030/local-plan-2030-overview,bedford-borough-council-local-plan-2018,,
local-plan-document,,3800156,2024-10-02,,,Inspectors Report,600001,,local-plan-document,authoritative,bedford-borough-council-local-plan-2018-21,,document,,inspectors-report,,https://www.bedford.gov.uk/planning-and-building-control/planning-policy/local-plan-2030/local-plan-2030-overview,bedford-borough-council-local-plan-2018,,
local-plan-document,,3800157,2024-10-02,,,Sustainability Appraisal,600001,,local-plan-document,authoritative,bedford-borough-council-local-plan-2018-29,,document,,sustainability-appraisal,https://edrms.bedford.gov.uk/OpenDocument.aspx?id=w%2f1uW7yleu4KmJhsKmHidQ%3d%3d&name=25a%20-%20Sustainability%20Appraisal%20Report%20September%202018.pdf,https://www.bedford.gov.uk/planning-and-building-control/planning-policy/local-plan-2030/local-plan-2030-overview,bedford-borough-council-local-plan-2018,,
local-plan-document,,3800158,2024-10-02,,,Adoption statement,600001,,local-plan-document,authoritative,bedford-borough-council-local-plan-2018-4,,document,,adoption-statement,https://edrms.bedford.gov.uk/OpenDocument.aspx?id=OzzaOHXt2Z0vLLb9jmvZ8A%3d%3d&name=Local%20Plan%20Adoption%20Statement.pdf,https://www.bedford.gov.uk/planning-and-building-control/planning-policy/local-plan-2030/local-plan-2030-overview,bedford-borough-council-local-plan-2018,,
local-plan-document,,3800159,2024-11-25,,,Birmingham Plan 2031,600001,,local-plan-document,authoritative,birmingham-plan-2031,,document,,local-plan,https://www.birmingham.gov.uk/downloads/file/5433/adopted_birmingham_development_plan_2031,https://www.birmingham.gov.uk/downloads/download/1139/adopted_birmingham_development_plan,the-birmingham-plan-bdp-update,,
local-plan-document,,3800160,2024-10-02,,,Calderdale Local Plan 2018/19 to 2032/33 Written Statement,600001,,local-plan-document,authoritative,calderdale-metropolitan-borough-council-local-plan-2018-1,,document,,local-plan,https://new.calderdale.gov.uk/sites/default/files/2023-12/Local-Plan-Written-Statement.pdf,https://new.calderdale.gov.uk/planning-and-building-control/planning-policy/local-plan,calderdale-metropolitan-borough-council-local-plan-2018,,
local-plan-document,,3800161,2024-10-02,,,Appendix 1 - Site Allocations,600001,,local-plan-document,authoritative,calderdale-metropolitan-borough-council-local-plan-2018-2,,document,,local-plan,https://calderdale.gov.uk/docs/local-plan/Local-Plan-Appendix-1.pdf,https://new.calderdale.gov.uk/planning-and-building-control/planning-policy/local-plan,calderdale-metropolitan-borough-council-local-plan-2018,,
local-plan-document,,3800162,2024-10-02,,,Cambridge Local Plan,600001,,local-plan-document,authoritative,cambridge-city-council-local-plan-2018-1,,document,Adopted local plan for Cambridge city,local-plan,https://www.cambridge.gov.uk/media/6890/local-plan-2018.pdf,https://www.cambridge.gov.uk/local-plan-2018,cambridge-city-council-local-plan-2018,,
local-plan-document,,3800163,2024-10-02,,,Adopted Policies Map (October 2018),600001,,local-plan-document,authoritative,cambridge-city-council-local-plan-2018-10,,document,,policies-map,https://www.cambridge.gov.uk/media/6892/development-plan-adopted-policies-map.pdf,https://www.cambridge.gov.uk/local-plan-2018,cambridge-city-council-local-plan-2018,,
local-plan-document,,3800164,2024-10-02,,,Inspectors Report and Schedule of Main Modifications,600001,,local-plan-document,authoritative,cambridge-city-council-local-plan-2018-11,,document,,inspectors-report,https://www.cambridge.gov.uk/media/6789/local-plan-2018-inspectors-examination-report.pdf,https://www.cambridge.gov.uk/local-plan-2018,cambridge-city-council-local-plan-2018,,
local-plan-document,,3800165,2024-10-02,,,Adoption statement,600001,,local-plan-document,authoritative,cambridge-city-council-local-plan-2018-3,,document,,adoption-statement,https://www.cambridge.gov.uk/media/6791/local-plan-2018-adoption-statement.pdf,https://www.cambridge.gov.uk/local-plan-2018,cambridge-city-council-local-plan-2018,,
local-plan-document,,3800166,2024-10-02,,,Inspectors report,600001,,local-plan-document,authoritative,cannock-chase-district-council-local-plan-2006-10,,document,,inspectors-report,https://www.cannockchasedc.gov.uk/sites/default/files/site-old/cannock_chase_lp_final_report.pdf,https://www.cannockchasedc.gov.uk/residents/planning-and-building-control/planning-policy/cannock-chase-local-plan,cannock-chase-district-council-local-plan-2006,,
local-plan-document,,3800167,2024-10-02,,,Cannock Chase Local Plan - Local Plan (Part 1) 2014,600001,,local-plan-document,authoritative,cannock-chase-district-council-local-plan-2006-3,,document,Adopted local plan for Cannock Chase,local-plan,https://www.cannockchasedc.gov.uk/sites/default/files/site-old/local_plan_part_1_09.04.14_low_res.pdf,https://www.cannockchasedc.gov.uk/residents/planning-and-building-control/planning-policy/cannock-chase-local-plan,cannock-chase-district-council-local-plan-2006,,
local-plan-document,,3800168,2024-10-02,,,Adoption Statement,600001,,local-plan-document,authoritative,cannock-chase-district-council-local-plan-2006-4,,document,,adoption-statement,https://www.cannockchasedc.gov.uk/sites/default/files/site-old/local_plan_p1_adoption_statement_09.04.14.doc,https://www.cannockchasedc.gov.uk/residents/planning-and-building-control/planning-policy/cannock-chase-local-plan,cannock-chase-district-council-local-plan-2006,,
local-plan-document,,3800169,2024-11-25,,,Cannock Chase District Local Plan Pre-Submission (Regulation 19),600001,,local-plan-document,authoritative,cannock-chase-district-local-plan-pre-submission-regulation-19,,document,,local-plan,https://www.cannockchasedc.gov.uk/sites/default/files/document-library/Cannock%20Chase%20Local%20Plan%20Pre%20Submission%20Reg%2019.pdf,https://www.cannockchasedc.gov.uk/residents/planning-and-building-control/planning-policy/cannock-chase-local-plan,cannock-chase-district-local-plan,,
local-plan-document,,3800170,2024-11-25,,,Canterbury District Local Plan,600001,,local-plan-document,authoritative,canterbury-district-local-plan,,document,Adopted local plan for Canterbury,local-plan,https://www.canterbury.gov.uk/sites/default/files/2022-10/Adopted%20Local%20Plan.pdf,https://www.canterbury.gov.uk/planning-and-building/planning-policies/adopted-local-plan,canterbury-district-local-plan,,
local-plan-document,,3800171,2024-10-02,,,Saved policies,600001,,local-plan-document,authoritative,castle-point-borough-council-local-plan-1998-1,,document,List of saved policies which remain in force after 28th September 2007,local-plan,https://www.castlepoint.gov.uk/download.cfm?doc=docm93jijm4n1267.pdf&ver=1498,https://www.castlepoint.gov.uk/adopted-local-plan/,castle-point-borough-council-local-plan-1998,,
local-plan-document,,3800172,2024-10-02,,,Recreation Policies,600001,,local-plan-document,authoritative,castle-point-borough-council-local-plan-1998-10,,document,,local-plan,https://www.castlepoint.gov.uk/download.cfm?doc=docm93jijm4n1262.pdf&ver=1493,https://www.castlepoint.gov.uk/adopted-local-plan/,castle-point-borough-council-local-plan-1998,,
local-plan-document,,3800173,2024-10-02,,,Community Facilities,600001,,local-plan-document,authoritative,castle-point-borough-council-local-plan-1998-11,,document,,local-plan,https://www.castlepoint.gov.uk/download.cfm?doc=docm93jijm4n1257.pdf&ver=1488,https://www.castlepoint.gov.uk/adopted-local-plan/,castle-point-borough-council-local-plan-1998,,
local-plan-document,,3800174,2024-10-02,,,Appendices,600001,,local-plan-document,authoritative,castle-point-borough-council-local-plan-1998-12,,document,,local-plan,https://www.castlepoint.gov.uk/download.cfm?doc=docm93jijm4n1256.pdf&ver=1487,https://www.castlepoint.gov.uk/adopted-local-plan/,castle-point-borough-council-local-plan-1998,,
local-plan-document,,3800175,2024-10-02,,,Proposals Map and Key,600001,,local-plan-document,authoritative,castle-point-borough-council-local-plan-1998-14,,document,,policies-map,https://www.castlepoint.gov.uk/download.cfm?doc=docm93jijm4n1269.pdf&ver=1500,https://www.castlepoint.gov.uk/adopted-local-plan/,castle-point-borough-council-local-plan-1998,,
local-plan-document,,3800176,2024-10-02,,,Proposals Map Town Centre Inserts,600001,,local-plan-document,authoritative,castle-point-borough-council-local-plan-1998-15,,document,,policies-map,https://www.castlepoint.gov.uk/download.cfm?doc=docm93jijm4n1268.pdf&ver=1499,https://www.castlepoint.gov.uk/adopted-local-plan/,castle-point-borough-council-local-plan-1998,,
local-plan-document,,3800177,2024-10-02,,,Introduction to the Plan,600001,,local-plan-document,authoritative,castle-point-borough-council-local-plan-1998-3,,document,,local-plan,https://www.castlepoint.gov.uk/download.cfm?doc=docm93jijm4n1261.pdf&ver=1492,https://www.castlepoint.gov.uk/adopted-local-plan/,castle-point-borough-council-local-plan-1998,,
local-plan-document,,3800178,2024-10-02,,,Green Belt Policies,600001,,local-plan-document,authoritative,castle-point-borough-council-local-plan-1998-4,,document,,local-plan,https://www.castlepoint.gov.uk/download.cfm?doc=docm93jijm4n1264.pdf&ver=1495,https://www.castlepoint.gov.uk/adopted-local-plan/,castle-point-borough-council-local-plan-1998,,
local-plan-document,,3800179,2024-10-02,,,Environment and Conservation Policies,600001,,local-plan-document,authoritative,castle-point-borough-council-local-plan-1998-5,,document,,local-plan,https://www.castlepoint.gov.uk/download.cfm?doc=docm93jijm4n1259.pdf&ver=1490,https://www.castlepoint.gov.uk/adopted-local-plan/,castle-point-borough-council-local-plan-1998,,
local-plan-document,,3800180,2024-10-02,,,Housing and Population Policies,600001,,local-plan-document,authoritative,castle-point-borough-council-local-plan-1998-6,,document,,local-plan,https://www.castlepoint.gov.uk/download.cfm?doc=docm93jijm4n1260.pdf&ver=1491,https://www.castlepoint.gov.uk/adopted-local-plan/,castle-point-borough-council-local-plan-1998,,
local-plan-document,,3800181,2024-10-02,,,Economic Development Policies,600001,,local-plan-document,authoritative,castle-point-borough-council-local-plan-1998-7,,document,,local-plan,https://www.castlepoint.gov.uk/download.cfm?doc=docm93jijm4n1258.pdf&ver=1489,https://www.castlepoint.gov.uk/adopted-local-plan/,castle-point-borough-council-local-plan-1998,,
local-plan-document,,3800182,2024-10-02,,,Shopping Policies,600001,,local-plan-document,authoritative,castle-point-borough-council-local-plan-1998-8,,document,,local-plan,https://www.castlepoint.gov.uk/download.cfm?doc=docm93jijm4n1265.pdf&ver=1496,https://www.castlepoint.gov.uk/adopted-local-plan/,castle-point-borough-council-local-plan-1998,,
local-plan-document,,3800183,2024-10-02,,,Transport Policies,600001,,local-plan-document,authoritative,castle-point-borough-council-local-plan-1998-9,,document,,local-plan,https://www.castlepoint.gov.uk/download.cfm?doc=docm93jijm4n1266.pdf&ver=1497,https://www.castlepoint.gov.uk/adopted-local-plan/,castle-point-borough-council-local-plan-1998,,
local-plan-document,,3800184,2024-11-25,,,Central Bedfordshire Council Local Development Scheme,600001,,local-plan-document,authoritative,central-bedfordshire-council-local-development-scheme,,document,,local-development-scheme,https://centralbedfordshirecouncil.sharepoint.com/sites/Communications/Website%20and%20intranet/Forms/AllItems.aspx?id=%2Fsites%2FCommunications%2FWebsite%20and%20intranet%2FWebsite%20Documents%2FPlanning%2FPlanning%20Policy%2FLocal%20development%20scheme%2FFinal%20Local%20Development%20Scheme%20LDS%20November%202023%2Epdf&parent=%2Fsites%2FCommunications%2FWebsite%20and%20intranet%2FWebsite%20Documents%2FPlanning%2FPlanning%20Policy%2FLocal%20development%20scheme&p=true&ga=1,https://www.centralbedfordshire.gov.uk/info/45/planning_policy/1168/local_development_scheme_lds,central-bedfordshire-local-plan-2035,,
local-plan-document,,3800185,2024-11-25,,,Central Bedfordshire Local Plan: 2015-2035,600001,,local-plan-document,authoritative,central-bedfordshire-local-plan-2015-2035,,document,,local-plan,https://centralbedfordshirecouncil.sharepoint.com/sites/Communications/Website%20and%20intranet/Forms/AllItems.aspx?id=%2Fsites%2FCommunications%2FWebsite%20and%20intranet%2FWebsite%20Documents%2FPlanning%2FLocal%20Plan%2FLocal%20Plan%20Documents%2F15%5F%20Adoption%20documents%2F2%5F%20Central%20Bedfordshire%20Local%20Plan%202015%20%E2%80%93%202035%2FCentral%20Bedfordshire%20Local%20Plan%202015%20%E2%80%93%202035%2Epdf&parent=%2Fsites%2FCommunications%2FWebsite%20and%20intranet%2FWebsite%20Documents%2FPlanning%2FLocal%20Plan%2FLocal%20Plan%20Documents%2F15%5F%20Adoption%20documents%2F2%5F%20Central%20Bedfordshire%20Local%20Plan%202015%20%E2%80%93%202035&p=true&ga=1,https://www.centralbedfordshire.gov.uk/info/153/central_bedfordshire_local_plan_2015_to_2035/1034/adopted_local_plan,central-bedfordshire-council-local-plan-2015,,
local-plan-document,,3800186,2024-11-25,,,Core Strategy and Development Plan 2015 - 2033,600001,,local-plan-document,authoritative,core-strategy-and-development-plan-2015-2033,,document,,core-strategy,https://www.sunderland.gov.uk/media/22171/Core-Strategy-and-Development-Plan-2015-2033/pdf/CSDP_2015-2033.pdf?m=1580375786447,https://www.sunderland.gov.uk/CSDP,sunderland-city-council-local-plan-2024,,
local-plan-document,,3800187,2024-11-25,,,Dacorum Core Strategy Adoption Statement,600001,,local-plan-document,authoritative,dacorum-core-strategy-adoption-statement,,document,Statement giving notice that Dacorum Borough Council formally adopted its Core Strategy on 25 September 2013.,adoption-statement,https://www.dacorum.gov.uk/docs/default-source/strategic-planning/adoption-notice-(pdf).pdf?sfvrsn=74e4f39f_0,,core-strategy-2006-2031,,
local-plan-document,,3800188,2024-10-02,,,The Dartford Plan to 2037,600001,,local-plan-document,authoritative,dartford-borough-council-local-plan-2024-1,,document,,local-plan,https://www.dartford.gov.uk/downloads/file/2248/the-dartford-plan,https://www.dartford.gov.uk/policy-1/dartford-plan-2024/1,dartford-borough-council-local-plan-2024,,
local-plan-document,,3800189,2024-10-02,,,Adoption Statement,600001,,local-plan-document,authoritative,dartford-borough-council-local-plan-2024-2,,document,Statement giving notice that the Dartford Local Plan to 2037 was adopted by the Dartford Borough Council on the 22 April 2024.,adoption-statement,https://www.dartford.gov.uk/downloads/file/2274/adoption-statement,https://www.dartford.gov.uk/policy-1/dartford-plan-2024/1,dartford-borough-council-local-plan-2024,,
local-plan-document,,3800190,2024-11-25,,,Dartmoor Local Plan 2018 - 2036,600001,,local-plan-document,authoritative,dartmoor-local-plan-2018-2036,,document,Adopted local plan for the Dartmoor National Park Authority,local-plan,https://www.dartmoor.gov.uk/__data/assets/pdf_file/0015/410127/LP_Adopted.pdf,,local-plan-review-2018-2036,,
local-plan-document,,3800191,2024-11-25,,,Dartmoor Local Plan 2018 - 2036 Adoption Statement,600001,,local-plan-document,authoritative,dartmoor-local-plan-2018-2036-adoption-statement,,document,Statement giving notice that the Dartmoor Local Plan was formally adopted by the Dartmoor National Park Authority on 3 December 2021.,adoption-statement,https://www.dartmoor.gov.uk/__data/assets/pdf_file/0025/408247/2021-12-02_LOCAL_PLAN_Notice_of_Adoption.pdf,,local-plan-review-2018-2036,,
local-plan-document,,3800192,2024-11-25,,,Derby City Local Plan - Part 1 Core Strategy,600001,,local-plan-document,authoritative,derby-city-local-plan-part-1-core-strategy,,document,The Core Strategy sets the overall strategic direction for planning the administrative area of Derby City over the period 2011 to 2028.,core-strategy,https://www.derby.gov.uk/media/derbycitycouncil/contentassets/documents/environmentandplanning/planning/localplan/evidencebase/Core-Strategy_ADOPTED_DEC-2016_V3_WEB.pdf,,derby-city-local-plan-part-1-core-strategy,,
local-plan-document,,3800193,2024-11-25,,,Derbyshire Dales Local Plan Adoption Statement,600001,,local-plan-document,authoritative,derbyshire-dales-local-plan-adoption-statement,,document,Statement giving notice that the Derbyshire Dales Local Plan was formally adopted by Derbyshire Dales District Council on 7th December 2017.,adoption-statement,https://www.derbyshiredales.gov.uk/documents/adoption-statement-final-dec-2017-2/download,,derbyshire-dales-local-plan,,
local-plan-document,,3800194,2024-11-04,,,Development Management DPD,600001,,local-plan-document,authoritative,development-management-dpd,,document,,local-plan,https://www.ealing.gov.uk/download/downloads/id/19450/development_management_dpd.pdf,https://www.ealing.gov.uk/info/201162/planning_policy/3124/development_plan,development-strategy-2026,,
local-plan-document,,3800195,2024-11-04,,,Development (or Core Strategy) DPD,600001,,local-plan-document,authoritative,development-or-core-strategy-dpd,,document,,core-strategy;local-plan,https://www.ealing.gov.uk/download/downloads/id/19446/development_strategy_2026_-_development_plan_document.pdf,https://www.ealing.gov.uk/info/201162/planning_policy/3124/development_plan,development-strategy-2026,,
local-plan-document,,3800196,2024-11-04,,,Development Sites DPD,600001,,local-plan-document,authoritative,development-sites-dpd,,document,,local-plan;site-allocations,https://www.ealing.gov.uk/download/downloads/id/19449/development_sites.pdf,https://www.ealing.gov.uk/info/201162/planning_policy/3124/development_plan,development-strategy-2026,,
local-plan-document,,3800197,2024-10-02,,,Doncaster Local Plan Adoption Statement,600001,,local-plan-document,authoritative,doncaster-metropolitan-borough-council-local-plan-2015-10,,document,Statement giving notice that on 23 September 2021 Doncaster Council adopted the Doncaster Local Plan as a development plan document.,adoption-statement,https://dmbcwebstolive01.blob.core.windows.net:443/media/Default/Planning/Documents/Local%20Plan/Submission/Adoption%20Statement.pdf,https://www.doncaster.gov.uk/services/planning/local-plan,doncaster-metropolitan-borough-council-local-plan-2015,,
local-plan-document,,3800198,2024-11-04,,,Ealing's Local Plan,600001,,local-plan-document,authoritative,ealing-s-local-plan,,document,,local-plan,https://ealing.moderngov.co.uk/documents/g6325/Public%20reports%20pack%20Wednesday%2028-Feb-2024%20Ealings%20Draft%20Local%20Plan%20Regulation%2019%20Consultation%20D.pdf?T=10,https://www.ealing.gov.uk/info/201164/local_plan/3125/new_local_plan,london-borough-of-ealing-local-plan-2011,,
local-plan-document,,3800199,2024-10-02,,,"Adoption Statement: Local Plan 2015 (PDF, 0.)",600001,,local-plan-document,authoritative,east-cambridgeshire-district-council-local-plan-2013-13,,document,,adoption-statement,https://www.eastcambs.gov.uk/sites/default/files/Adoption%20statement%20-%20final.pdf,https://www.eastcambs.gov.uk/local-development-framework/east-cambridgeshire-local-plan-2015-amended-2023,east-cambridgeshire-district-council-local-plan-2013,,
local-plan-document,,3800200,2024-10-02,,,"Inspector's Report on the examination into the East Cambridgeshire Local Plan 2015 (PDF, 0.)",600001,,local-plan-document,authoritative,east-cambridgeshire-district-council-local-plan-2013-15,,document,,inspectors-report,https://www.eastcambs.gov.uk/sites/default/files/Inspector%27s%20Report_0.pdf,https://www.eastcambs.gov.uk/local-development-framework/east-cambridgeshire-local-plan-2015-amended-2023,east-cambridgeshire-district-council-local-plan-2013,,
local-plan-document,,3800201,2024-10-02,,,"Sustainability Appraisal of the Local Plan 2015 (PDF, 4.)",600001,,local-plan-document,authoritative,east-cambridgeshire-district-council-local-plan-2013-19,,document,,sustainability-appraisal,https://www.eastcambs.gov.uk/sites/default/files/SA%20report%20of%20the%20April%202015%20Adopted%20LP%20-%20FINAL.pdf,https://www.eastcambs.gov.uk/local-development-framework/east-cambridgeshire-local-plan-2015-amended-2023,east-cambridgeshire-district-council-local-plan-2013,,
local-plan-document,,3800202,2024-10-02,,,"Adoption Statement of the Sustainability Appraisal 2015 (PDF, 0.)",600001,,local-plan-document,authoritative,east-cambridgeshire-district-council-local-plan-2013-20,,document,,adoption-statement;sustainability-appraisal,https://www.eastcambs.gov.uk/sites/default/files/SA%20Adoption%20Statement%20-%20Apr%202015%20-%20Final.pdf,https://www.eastcambs.gov.uk/local-development-framework/east-cambridgeshire-local-plan-2015-amended-2023,east-cambridgeshire-district-council-local-plan-2013,,
local-plan-document,,3800203,2024-11-25,,,East Cambridgeshire Local Plan 2015 Policies Map,600001,,local-plan-document,authoritative,east-cambridgeshire-local-plan-2015-policies-map,,document,,policies-map,https://www.eastcambs.gov.uk/sites/default/files/District%20Proposal%20Map_50k_Colour%20%28resized%29.pdf,https://www.eastcambs.gov.uk/local-development-framework/east-cambridgeshire-local-plan-2015-policies-map,east-cambridgeshire-local-plan-single-issue-review,,
local-plan-document,,3800204,2024-10-02,,,The Local Plan 2013-2031,600001,,local-plan-document,authoritative,east-devon-district-council-local-plan-2013-1,,document,,local-plan,https://eastdevon.gov.uk/media/1772841/Local-Plan-Final-Adopted-Plan-2016.pdf,https://eastdevon.gov.uk/planning/planning-policy/local-plan-2013-2031/,east-devon-district-council-local-plan-2013,,
local-plan-document,,3800205,2024-10-02,,,Local Plan Adoption Statement,600001,,local-plan-document,authoritative,east-devon-district-council-local-plan-2013-21,,document,,adoption-statement,https://eastdevon.gov.uk/media/1515195/East-Devon-Local-Plan-Adoption-Notice-Jan-2016.pdf,https://eastdevon.gov.uk/planning/planning-policy/local-plan-2013-2031/,east-devon-district-council-local-plan-2013,,
local-plan-document,,3800206,2024-10-02,,,Updated Sustainability Appraisal Report - August 2015,600001,,local-plan-document,authoritative,east-devon-district-council-local-plan-2013-7,,document,,sustainability-appraisal,https://eastdevon.gov.uk/media/3724959/e-devon-lp-psd2015w-2-sareportincpropchangesaug2015.pdf,https://eastdevon.gov.uk/planning/planning-policy/local-plan-2013-2031/,east-devon-district-council-local-plan-2013,,
local-plan-document,,3800207,2024-10-02,,,East Suffolk Council Suffolk Coastal Local Plan,600001,,local-plan-document,authoritative,east-suffolk-council-local-plan-2019-1,,document,,local-plan,https://www.eastsuffolk.gov.uk/assets/Planning/Planning-Policy-and-Local-Plans/Suffolk-Coastal-Local-Plan/Adopted-Suffolk-Coastal-Local-Plan/East-Suffolk-Council-Suffolk-Coastal-Local-Plan.pdf,https://www.eastsuffolk.gov.uk/planning/planning-policy-and-local-plans/local-plans/,east-suffolk-council-local-plan-2019,,
local-plan-document,,3800208,2024-10-02,,,East Suffolk Council Waveney Local Plan,600001,,local-plan-document,authoritative,east-suffolk-council-local-plan-2019-2,,document,,local-plan,https://www.eastsuffolk.gov.uk/assets/Planning/Waveney-Local-Plan/Adopted-Waveney-Local-Plan-including-Erratum.pdf,https://www.eastsuffolk.gov.uk/planning/planning-policy-and-local-plans/local-plans/,east-suffolk-council-local-plan-2019,,
local-plan-document,,3800209,2024-10-02,,,"Adoption documents, inspector's reports and previous stages",600001,,local-plan-document,authoritative,east-suffolk-council-local-plan-2019-3,,document,,adoption-statement,https://www.eastsuffolk.gov.uk/planning/planning-policy-and-local-plans/local-plans/adoption-documents-inspectors-reports-and-previous-stages/,https://www.eastsuffolk.gov.uk/planning/planning-policy-and-local-plans/local-plans/,east-suffolk-council-local-plan-2019,,
local-plan-document,,3800210,2024-11-25,,,Epping Forest District Local Plan 2011-2033 Part One (pdf ),600001,,local-plan-document,authoritative,epping-forest-district-local-plan-2011-2033-part-one-pdf,,document,,local-plan,https://www.eppingforestdc.gov.uk/wp-content/uploads/2023/03/EFD-Local-Plan-2011-2033-Part-One.pdf,https://www.eppingforestdc.gov.uk/planning-and-building/planning-policy/adopted-local-plan-march-2023/,epping-forest-district-local-plan,,
local-plan-document,,3800211,2024-11-25,,,Epping Forest District Local Plan 2011-2033 Part Two (Site Specific Policy Requirements and Designations) (pdf ),600001,,local-plan-document,authoritative,epping-forest-district-local-plan-2011-2033-part-two-site-specific-policy-requirements-and-designations-pdf,,document,,local-plan,https://www.eppingforestdc.gov.uk/wp-content/uploads/2023/03/EFD-Local-Plan-2011-2033-Part-Two.pdf,https://www.eppingforestdc.gov.uk/planning-and-building/planning-policy/adopted-local-plan-march-2023/,epping-forest-district-local-plan,,
local-plan-document,,3800212,2024-11-25,,,Epping Forest District Local Plan 2011-2033 Policies Map (pdf ),600001,,local-plan-document,authoritative,epping-forest-district-local-plan-2011-2033-policies-map-pdf,,document,,policies-map;site-allocations,https://www.eppingforestdc.gov.uk/wp-content/uploads/2023/03/Policies-Map-200323.pdf,https://www.eppingforestdc.gov.uk/planning-and-building/planning-policy/adopted-local-plan-march-2023/,epping-forest-district-local-plan,,
local-plan-document,,3800213,2024-11-25,,,Epping Forest District Local Plan 2011-2033 Sustainability Appraisal Adoption Statement (pdf ),600001,,local-plan-document,authoritative,epping-forest-district-local-plan-2011-2033-sustainability-appraisal-adoption-statement-pdf,,document,,sustainability-appraisal,https://www.eppingforestdc.gov.uk/wp-content/uploads/2023/03/EFD-Local-Plan-2011-2033-SA-Adoption-Statement-140323.pdf,https://www.eppingforestdc.gov.uk/planning-and-building/planning-policy/adopted-local-plan-march-2023/,epping-forest-district-local-plan,,
local-plan-document,,3800214,2024-11-25,,,Epping Forest District Local Plan Adoption Statement (pdf ),600001,,local-plan-document,authoritative,epping-forest-district-local-plan-adoption-statement-pdf,,document,,adoption-statement,https://www.eppingforestdc.gov.uk/wp-content/uploads/2023/03/EFDLP-Adoption-Statement-140323.pdf,https://www.eppingforestdc.gov.uk/planning-and-building/planning-policy/adopted-local-plan-march-2023/,epping-forest-district-local-plan,,
local-plan-document,,3800215,2024-11-25,,,Fareham Local Plan 2037(19 MB),600001,,local-plan-document,authoritative,fareham-local-plan-2037-19-mb,,document,,local-plan,http://www.fareham.gov.uk/pdf/planning/local_plan/1.FLP2037.pdf,https://www.fareham.gov.uk/planning/localplan.aspx,fareham-local-plan-2037,,
local-plan-document,,3800216,2024-10-02,,,Core Strategy and Urban Core Plan,600001,,local-plan-document,authoritative,gateshead-metropolitan-borough-council-local-plan-2010-1,,document,"This Plan contains an overall joint spatial vision, objectives, strategy and policies.",core-strategy,https://www.gateshead.gov.uk/media/7765/Core-Strategy-and-Urban-Core-Plan-for-Gateshead-and-Newcastle/pdf/Core-Strategy-and-Urban-Core-Plan-for-Gateshead-and-Newcastle_SMALLER.pdf?m=1526313509250,https://www.gateshead.gov.uk/article/3251/Core-Strategy-and-Urban-Core-Plan-for-Gateshead-and-Newcastle-2010-2030,gateshead-metropolitan-borough-council-local-plan-2010,,
local-plan-document,,3800217,2024-10-02,,,Adoption Statement,600001,,local-plan-document,authoritative,gateshead-metropolitan-borough-council-local-plan-2010-2,,document,,adoption-statement,https://www.gateshead.gov.uk/media/1904/Adoption-Statement/pdf/Adoption-Statement.pdf?m=1531310685127,https://www.gateshead.gov.uk/article/3251/Core-Strategy-and-Urban-Core-Plan-for-Gateshead-and-Newcastle-2010-2030,gateshead-metropolitan-borough-council-local-plan-2010,,
local-plan-document,,3800218,2024-11-25,,,Greater Cambridge Local Development Scheme Updated Addendum: Local Plan Timetable Update,600001,,local-plan-document,authoritative,greater-cambridge-local-development-scheme-updated-addendum-local-plan-timetable-update,,document,,local-development-scheme,https://www.greatercambridgeplanning.org/media/00chgjot/gc-local_development-scheme_addendum_5-11-24.pdf,https://www.greatercambridgeplanning.org/emerging-plans-and-guidance/greater-cambridge-local-plan-the-20-year-master-plan-for-the-greater-cambridge-area/,greater-cambridge-local-plan-2021-2041,,
local-plan-document,,3800219,2024-11-25,,,Greater Cambridge Local Plan - First Proposals Consultation,600001,,local-plan-document,authoritative,greater-cambridge-local-plan-first-proposals-consultation,,document,In late 2021 Cambridge held a full public consultation on the First Proposals for the Plan.,local-plan,https://consultations.greatercambridgeplanning.org/sites/gcp/files/2021-10/First%20Proposals%20-%20FINAL%20FURTHER%20REVISED%2028.10.21-red.pdf,https://consultations.greatercambridgeplanning.org/greater-cambridge-local-plan-first-proposals,greater-cambridge-local-plan-2021-2041,,
local-plan-document,,3800220,2024-10-02,,,Delivery and Allocations Local Plan (2022),600001,,local-plan-document,authoritative,halton-borough-council-local-plan-2022-1,,document,,local-plan;site-allocations,https://www3.halton.gov.uk/Documents/planning/planning%20policy/newdalp/DALP%20Adopted.pdf,https://www3.halton.gov.uk/Pages/eip/eiphome.aspx,halton-borough-council-local-plan-2022,,
local-plan-document,,3800221,2024-10-02,,,Policies Map (2022),600001,,local-plan-document,authoritative,halton-borough-council-local-plan-2022-2,,document,,policies-map,https://www3.halton.gov.uk/Documents/planning/planning%20policy/newdalp/DALP%20Policies%20Map%20Adopted.pdf,https://www3.halton.gov.uk/Pages/eip/eiphome.aspx,halton-borough-council-local-plan-2022,,
local-plan-document,,3800222,2024-10-02,,,Adoption Statement,600001,,local-plan-document,authoritative,halton-borough-council-local-plan-2022-3,,document,,adoption-statement,https://www3.halton.gov.uk/Documents/planning/planning%20policy/newdalp/DALP%20Adoption%20Statement.pdf,https://www3.halton.gov.uk/Pages/eip/eiphome.aspx,halton-borough-council-local-plan-2022,,
local-plan-document,,3800223,2024-10-02,,,Local Plan documents,600001,,local-plan-document,authoritative,harlow-district-council-local-plan-2011-1,,document,,local-plan,https://www.harlow.gov.uk/planning-and-building-control/planning-policy/local-plan/local-plan-documents,https://www.harlow.gov.uk/planning-and-building-control/planning-policy/local-plan,harlow-district-council-local-plan-2011,,
local-plan-document,,3800224,2024-10-02,,,Supplementary planning documents,600001,,local-plan-document,authoritative,harlow-district-council-local-plan-2011-2,,document,,supplementary-planning-documents,https://www.harlow.gov.uk/planning-and-building-control/planning-policy/local-plan/supplementary-planning-documents-and,https://www.harlow.gov.uk/planning-and-building-control/planning-policy/local-plan,harlow-district-council-local-plan-2011,,
local-plan-document,,3800225,2024-10-02,,,Hart local plan (strategy and sites),600001,,local-plan-document,authoritative,hart-district-council-local-plan-2014-1,,document,,local-plan,https://www.hart.gov.uk/sites/default/files/2024-08/Hart-Local-Plan-strategy-and-Sites-2032.pdf,https://www.hart.gov.uk/planning-and-building-control/planning-policy/plans-and-policies,hart-district-council-local-plan-2014,,
local-plan-document,,3800226,2024-10-02,,,Core Strategy (PDF 1.70mb),600001,,local-plan-document,authoritative,hertsmere-borough-council-local-plan-2012-3,,document,,core-strategy,https://www.hertsmere.gov.uk/Documents/09-Planning--Building-Control/Planning-Policy/Local-Development-Framework/Core-Strategy-DPD-2013.pdf,https://www.hertsmere.gov.uk/Planning--Building-Control/Planning-Policy/Local-Plan/Current-Local-Plan/Local-Plan-2012-27-Core-Strategy.aspx,hertsmere-borough-council-local-plan-2012,,
local-plan-document,,3800227,2024-10-02,,,Hertsmere Core Strategy Notice of Adoption and Fact,600001,,local-plan-document,authoritative,hertsmere-borough-council-local-plan-2012-5,,document,,adoption-statement,https://www.hertsmere.gov.uk/Documents/09-Planning--Building-Control/Planning-Policy/Local-Plan/Core-Strategy-Notice-of-Adoption-and-Fact.pdf,https://www.hertsmere.gov.uk/Planning--Building-Control/Planning-Policy/Local-Plan/Current-Local-Plan/Local-Plan-2012-27-Core-Strategy.aspx,hertsmere-borough-council-local-plan-2012,,
local-plan-document,,3800228,2024-10-02,,,The High Peak Local Plan Adopted April 2016,600001,,local-plan-document,authoritative,high-peak-borough-council-local-plan-2011-2,,document,,local-plan,https://www.highpeak.gov.uk/media/160/The-High-Peak-Local-Plan-Adopted-April-2016/pdf/The_High_Peak_Local_Plan_Adopted_April_2016.pdf?m=1514473710280,https://www.highpeak.gov.uk/article/646/The-Adopted-Local-Plan-2016,high-peak-borough-council-local-plan-2011,,
local-plan-document,,3800229,2024-10-02,,,Inspector's report,600001,,local-plan-document,authoritative,high-peak-borough-council-local-plan-2011-3,,document,,inspectors-report,https://www.highpeak.gov.uk/media/161/Inspectors-report/pdf/Inspectors_Report.pdf?m=1514474273050,https://www.highpeak.gov.uk/article/646/The-Adopted-Local-Plan-2016,high-peak-borough-council-local-plan-2011,,
local-plan-document,,3800230,2024-10-02,,,Adoption Statement,600001,,local-plan-document,authoritative,high-peak-borough-council-local-plan-2011-5,,document,,adoption-statement,https://www.highpeak.gov.uk/media/163/Adoption-Statement/pdf/Adoption_statement.pdf?m=1514473896560,https://www.highpeak.gov.uk/article/646/The-Adopted-Local-Plan-2016,high-peak-borough-council-local-plan-2011,,
local-plan-document,,3800231,2024-11-25,,,Huntingdonshire's Local Plan to 2036,600001,,local-plan-document,authoritative,huntingdonshire-s-local-plan-to-2036,,document,,local-plan,https://www.huntingdonshire.gov.uk/media/3872/190516-final-adopted-local-plan-to-2036.pdf,https://www.huntingdonshire.gov.uk/planning/local-plan-to-2036/,huntingdonshire-s-local-plan-to-2036,,
local-plan-document,,3800232,2024-11-25,,,Inspector's Report on the LP examination including the Main Mods,600001,,local-plan-document,authoritative,inspector-s-report-on-the-lp-examination-including-the-main-mods,,document,,inspectors-report,https://moderngov.fareham.gov.uk/documents/s34237/Appendix%201%20Inspectors%20Report%20on%20the%20LP%20examination%20including%20the%20Main%20Mods.pdf,https://www.fareham.gov.uk/planning/localplan.aspx,fareham-local-plan-2037,,
local-plan-document,,3800233,2024-11-25,,,Inspectors Report,600001,,local-plan-document,authoritative,inspectors-report,,document,,inspectors-report,https://www.barnsley.gov.uk/media/17924/inspectors-report-and-modifications-appendix.pdf,https://www.barnsley.gov.uk/services/planning-and-buildings/local-planning-and-development/our-local-plan/barnsleys-local-plan/,barnsley-metropolitan-borough-council-local-plan-2019,,
local-plan-document,,3800234,2024-11-25,,,Kirklees Local Plan Strategy and Policies,600001,,local-plan-document,authoritative,kirklees-local-plan-strategy-and-policies,,document,,local-plan,https://www.kirklees.gov.uk/beta/planning-policy/pdf/local-plan-strategy-and-policies.pdf,https://www.kirklees.gov.uk/beta/planning-policy/local-plan.aspx,kirklees-council-local-plan-2013,,
local-plan-document,,3800235,2024-10-02,,,Local Plans Timetable June 2024,600001,,local-plan-document,authoritative,lincolnshire-county-council-local-plan-2023-10,,document,,local-development-scheme,https://www.n-kesteven.gov.uk/sites/default/files/2024-04/Central%20Lincolnshire%20Local%20Plans%20Timetable%20March%202024.pdf,https://www.n-kesteven.gov.uk/central-lincolnshire,lincolnshire-county-council-local-plan-2023,,
local-plan-document,,3800236,2024-10-02,,,Adopted Central Lincolnshire Local Plan 2023,600001,,local-plan-document,authoritative,lincolnshire-county-council-local-plan-2023-2,,document,,local-plan,https://www.n-kesteven.gov.uk/sites/default/files/2023-04/Local%20Plan%20for%20adoption%20Approved%20by%20Committee.pdf,https://www.n-kesteven.gov.uk/central-lincolnshire,lincolnshire-county-council-local-plan-2023,,
local-plan-document,,3800237,2024-10-02,,,Local Plan Adoption Statement,600001,,local-plan-document,authoritative,lincolnshire-county-council-local-plan-2023-4,,document,,adoption-statement,https://www.n-kesteven.gov.uk/sites/default/files/2023-04/Local%20Plan%20Adoption%20Statement.pdf,https://www.n-kesteven.gov.uk/central-lincolnshire,lincolnshire-county-council-local-plan-2023,,
local-plan-document,,3800238,2024-11-06,,,Local development scheme - december 2022,600001,,local-plan-document,authoritative,local-development-scheme-december-2022,,document,,local-development-scheme,https://lewisham.gov.uk/-/media/local-development-scheme-december-2022.pdf,https://lewisham.gov.uk/myservices/planning/policy/planning/current-and-future-consultations,london-borough-of-lewisham-local-plan-2020,,
local-plan-document,,3800239,2024-11-25,,,Local development scheme - Oct 2024,600001,,local-plan-document,authoritative,local-development-scheme-oct-2024,,document,,local-development-scheme,https://tunbridgewells.gov.uk/__data/assets/pdf_file/0008/483677/Local-Development-Scheme-October-2024.pdf,https://tunbridgewells.gov.uk/planning/planning-policy/local-development-scheme,tunbridge-wells-borough-council-new-local-plan,,
local-plan-document,,3800240,2024-11-25,,,Local Plan 2037 Adoption Statement(99 KB),600001,,local-plan-document,authoritative,local-plan-2037-adoption-statement-99-kb,,document,,adoption-statement,http://www.fareham.gov.uk/pdf/planning/local_plan/5.LocalPlanAdoptionStatement.pdf,https://www.fareham.gov.uk/planning/localplan.aspx,fareham-local-plan-2037,,
local-plan-document,,3800241,2024-11-25,,,Local Plan 2037 Policies Map(12 MB),600001,,local-plan-document,authoritative,local-plan-2037-policies-map-12-mb,,document,,policies-map,http://www.fareham.gov.uk/pdf/planning/local_plan/4.PoliciesMap.pdf,https://www.fareham.gov.uk/planning/localplan.aspx,fareham-local-plan-2037,,
local-plan-document,,3800242,2024-11-25,,,Local Plan Issues and Options Consultation (May 2019),600001,,local-plan-document,authoritative,local-plan-issues-and-options-consultation-may-2019,,document,,local-plan,https://www.cannockchasedc.gov.uk/sites/default/files/site-old/issues_and_options_final_0.pdf,https://www.cannockchasedc.gov.uk/residents/planning-and-building-control/planning-policy/cannock-chase-local-plan,cannock-chase-district-local-plan,,
local-plan-document,,3800243,2024-11-25,,,Local plan - Reg 18 draft,600001,,local-plan-document,authoritative,local-plan-reg-18-draft,,document,,local-plan,https://www.trafford.gov.uk/planning/strategic-planning/docs/Draft-Local-Plan-Feb-2021.pdf,https://www.trafford.gov.uk/planning/strategic-planning/local-plan/Trafford-Local-Plan-Consultations.aspx#Regulation18DraftLocalPlanConsultationFebruary2021,trafford-local-plan,,
local-plan-document,,3800244,2024-11-25,,,LONDON BOROUGH OF BARKING AND DAGENHAM LOCAL PLAN 2020-2037,600001,,local-plan-document,authoritative,london-borough-of-barking-and-dagenham-local-plan-2020-2037,,document,,local-plan,https://www.lbbd.gov.uk/sites/default/files/2024-10/B%26D_LocalPlan_A4_SEP24_digital.pdf,https://www.lbbd.gov.uk/planning-building-control-and-local-land-charges/planning-guidance-and-policies/local-plan,the-barking-and-dagenham-local-plan-2037,,
local-plan-document,,3800245,2024-10-02,,,Bromley's Local Plan,600001,,local-plan-document,authoritative,london-borough-of-bromley-local-plan-2019-1,,document,,local-plan,https://www.bromley.gov.uk/downloads/file/51/bromley-local-plan,https://www.bromley.gov.uk/Local_Plan,london-borough-of-bromley-local-plan-2019,,
local-plan-document,,3800246,2024-10-02,,,Haringey Local Plan: Strategic Policies (pdf),600001,,local-plan-document,authoritative,london-borough-of-haringey-local-plan-2013-1,,document,,local-plan,https://new.haringey.gov.uk/sites/default/files/2024-01/final_haringey_local_plan_2017_online.pdf,https://new.haringey.gov.uk/planning-building-control/planning/planning-policy/local-plan/local-plan-strategic-policies,london-borough-of-haringey-local-plan-2013,,
local-plan-document,,3800247,2024-10-02,,,"Haringey Local Plan adoption statement (pdf,2 page(s),138.97 KB)",600001,,local-plan-document,authoritative,london-borough-of-haringey-local-plan-2013-2,,document,,adoption-statement,https://new.haringey.gov.uk/sites/default/files/local_plan_adoption_statement_2.pdf,https://new.haringey.gov.uk/planning-building-control/planning/planning-policy/local-plan/local-plan-strategic-policies,london-borough-of-haringey-local-plan-2013,,
local-plan-document,,3800248,2024-10-02,,,Havering Local Plan 2016-2031 (adopted in 2021),600001,,local-plan-document,authoritative,london-borough-of-havering-local-plan-2016-1,,document,,local-plan,https://www.havering.gov.uk/downloads/file/5300/havering-local-plan-2016---2031,https://www.havering.gov.uk/planning-3/planning-policy/2,london-borough-of-havering-local-plan-2016,,
local-plan-document,,3800249,2024-10-02,,,Redbridge Local Plan 2015-2030,600001,,local-plan-document,authoritative,london-borough-of-redbridge-local-plan-2015-1,,document,,local-plan,https://www.redbridge.gov.uk/media/9993/10-redbridgelocal-plan_070318_web-1_tp.pdf,https://www.redbridge.gov.uk/planning-and-building/planning-policy/local-plan/,london-borough-of-redbridge-local-plan-2015,,
local-plan-document,,3800250,2024-10-02,,,Sutton Local Plan (2018),600001,,local-plan-document,authoritative,london-borough-of-sutton-local-plan-2018-1,,document,,local-plan,https://www.sutton.gov.uk/documents/20124/864129/1.+Sutton+Local+Plan+%28Adopted+2018%29.pdf/57903d66-57ad-bf28-857d-8c8e779fc3ce?t=1678268850847,https://www.sutton.gov.uk/w/the-local-plan,london-borough-of-sutton-local-plan-2018,,
local-plan-document,,3800251,2024-10-02,,,Inspector's Report,600001,,local-plan-document,authoritative,london-borough-of-sutton-local-plan-2018-8,,document,,inspectors-report,https://www.sutton.gov.uk/documents/20124/864129/Inspector%27s+Report+-+Sutton+Local+Plan.pdf/4207ba7d-c552-89f6-1065-bb94a78a5933?t=1661352092901,https://www.sutton.gov.uk/w/the-local-plan,london-borough-of-sutton-local-plan-2018,,
local-plan-document,,3800252,2024-10-02,,,Maidstone Borough Council Local Plan Review 2021-2038,600001,,local-plan-document,authoritative,maidstone-borough-council-local-plan-2021-1,,document,,local-plan,https://drive.google.com/file/d/1QSkRhBDxcBFEFtlTb62_lWB50yq7VOj0/view?usp=sharing,https://localplan.maidstone.gov.uk/home/local-plan-review,maidstone-borough-council-local-plan-2021,,
local-plan-document,,3800253,2024-10-02,,,Mansfield District Local Plan 2013-2033,600001,,local-plan-document,authoritative,mansfield-district-council-local-plan-2013-1,,document,,local-plan,https://www.mansfield.gov.uk/downloads/file/1645/mdc-adopted-local-plan-2020,https://www.mansfield.gov.uk/local-plan/adopted-local-plan-2013-2033,mansfield-district-council-local-plan-2013,,
local-plan-document,,3800254,2024-11-25,,,Merton Local Plan 2024 – 2037/38,600001,,local-plan-document,authoritative,merton-local-plan-2024-2037-38,,document,,local-plan,,https://www.merton.gov.uk/planning-and-buildings/planning/local-plan/newlocalplan/whole-local-plan,local-plan-2020,,
local-plan-document,,3800255,2024-11-25,,,New Local Plan - Issues & Options (Regulation 18),600001,,local-plan-document,authoritative,new-local-plan-issues-options-regulation-18,,document,,local-plan,https://harborough.oc2.uk/document/58,https://harborough.oc2.uk/document/58/5666#topofdoc,harborough-new-local-plan-2020-2041,,
local-plan-document,,3800256,2024-11-04,,,Planning for Schools DPD,600001,,local-plan-document,authoritative,planning-for-schools-dpd,,document,,,https://www.ealing.gov.uk/download/downloads/id/19451/planning_for_schools_dpd.pdf,https://www.ealing.gov.uk/info/201162/planning_policy/3124/development_plan,development-strategy-2026,,
local-plan-document,,3800257,2024-12-10,,,Policies Map,600001,,local-plan-document,authoritative,policies-map,,document,Adopted policies map for Cannock Chase,policies-map,https://www.greatermanchester-ca.gov.uk/media/9567/pfe-policies-map-as-presented-to-council-meetings.jpeg,https://www.greatermanchester-ca.gov.uk/what-we-do/planning-and-housing/places-for-everyone/pfe-adoption/,greater-manchester-spatial-framework-superseded-by-pep,,
local-plan-document,,3800258,2024-11-25,,,Policies Maps,600001,,local-plan-document,authoritative,policies-maps,,document,,policies-map,https://centralbedfordshirecouncil.sharepoint.com/sites/Communications/Website%20and%20intranet/Forms/AllItems.aspx?id=%2Fsites%2FCommunications%2FWebsite%20and%20intranet%2FWebsite%20Documents%2FPlanning%2FLocal%20Plan%2FLocal%20Plan%20Documents%2F15%5F%20Adoption%20documents%2F3%5F%20Local%20Plan%20%2D%20Policies%20Maps&p=true&ga=1,https://www.centralbedfordshire.gov.uk/info/153/central_bedfordshire_local_plan_2015_to_2035/1034/adopted_local_plan,central-bedfordshire-council-local-plan-2015,,
local-plan-document,,3800259,2024-11-25,,,Proposals Map,600001,,local-plan-document,authoritative,proposals-map,,document,A proposals map showing the allocated areas for development,policies-map,https://mapping.canterbury.gov.uk/webapps/Local_Plan_Proposals_2017/,https://www.canterbury.gov.uk/planning-and-building/planning-policies/adopted-local-plan,canterbury-district-local-plan,,
local-plan-document,,3800260,2024-11-06,,,Proposed Policies Map January 2023,600001,,local-plan-document,authoritative,proposed-policies-map-january-2023,,document,,policies-map,https://lewisham.gov.uk/-/media/reg-19-proposed-policies-map-accessible.pdf,https://lewisham.gov.uk/myservices/planning/policy/planning/current-and-future-consultations,london-borough-of-lewisham-local-plan-2020,,
local-plan-document,,3800261,2024-11-25,,,Report on the Examination of the Central Bedfordshire Local Plan,600001,,local-plan-document,authoritative,report-on-the-examination-of-the-central-bedfordshire-local-plan,,document,,inspectors-report,https://centralbedfordshirecouncil.sharepoint.com/sites/Communications/Website%20and%20intranet/Forms/AllItems.aspx?ga=1&id=%2Fsites%2FCommunications%2FWebsite%20and%20intranet%2FWebsite%20Documents%2FPlanning%2FLocal%20Plan%2FLocal%20Plan%20Documents%2F15%5F%20Adoption%20documents%2F4%5F%20Inspectors%27%20report%2FThe%20Planning%20Inspectorate%20Report%20to%20Central%20Bedfordshire%20Council%20%2Epdf&parent=%2Fsites%2FCommunications%2FWebsite%20and%20intranet%2FWebsite%20Documents%2FPlanning%2FLocal%20Plan%2FLocal%20Plan%20Documents%2F15%5F%20Adoption%20documents%2F4%5F%20Inspectors%27%20report,https://www.centralbedfordshire.gov.uk/info/153/central_bedfordshire_local_plan_2015_to_2035/1034/adopted_local_plan,central-bedfordshire-council-local-plan-2015,,
local-plan-document,,3800262,2024-11-25,,,Report on the Examination of the Central Bedfordshire Local Plan,600001,,local-plan-document,authoritative,report-on-the-examination-of-the-central-bedfordshire-local-plan-central-bedfordshire-council-local-plan-2015,,document,,inspectors-report,https://centralbedfordshirecouncil.sharepoint.com/sites/Communications/Website%20and%20intranet/Forms/AllItems.aspx?ga=1&id=%2Fsites%2FCommunications%2FWebsite%20and%20intranet%2FWebsite%20Documents%2FPlanning%2FLocal%20Plan%2FLocal%20Plan%20Documents%2F15%5F%20Adoption%20documents%2F4%5F%20Inspectors%27%20report%2FThe%20Planning%20Inspectorate%20Report%20to%20Central%20Bedfordshire%20Council%20%2Epdf&parent=%2Fsites%2FCommunications%2FWebsite%20and%20intranet%2FWebsite%20Documents%2FPlanning%2FLocal%20Plan%2FLocal%20Plan%20Documents%2F15%5F%20Adoption%20documents%2F4%5F%20Inspectors%27%20report,https://www.centralbedfordshire.gov.uk/info/153/central_bedfordshire_local_plan_2015_to_2035/1034/adopted_local_plan,central-bedfordshire-council-local-plan-2015,,
local-plan-document,,3800263,2024-11-25,,,Strategic Policies: Spatial Strategy,600001,,local-plan-document,authoritative,strategic-policies-spatial-strategy,,document,,policies-map,https://harborough.oc2.uk/document/58/5661,https://harborough.oc2.uk/document/58/5666#topofdoc,harborough-new-local-plan-2020-2041,,
local-plan-document,,3800264,2024-11-25,,,"Sustainability and Equalities Impact Appraisal, December 2017 (EB204)",600001,,local-plan-document,authoritative,sustainability-and-equalities-impact-appraisal-december-2017-eb204,,document,,sustainability-appraisal,https://www.eppingforestdc.gov.uk/wp-content/uploads/2024/02/EB204-Sustainability-and-Equalities-Impact-Appraisal-AECOM-December-2017.pdf,https://www.eppingforestdc.gov.uk/planning-and-building/planning-policy/adopted-local-plan-march-2023/,epping-forest-district-local-plan,,
local-plan-document,,3800265,2024-11-25,,,Sustainability Appraisal,600001,,local-plan-document,authoritative,sustainability-appraisal,,document,,sustainability-appraisal,https://www.birmingham.gov.uk/downloads/file/5432/final_revised_sustainability_report_june_2015,https://www.birmingham.gov.uk/downloads/download/1139/adopted_birmingham_development_plan,the-birmingham-plan-bdp-update,,
local-plan-document,,3800266,2024-11-25,,,"Sustainability Appraisal Report Addendum, June 2021 (ED128/ EB210)",600001,,local-plan-document,authoritative,sustainability-appraisal-report-addendum-june-2021-ed128-eb210,,document,,sustainability-appraisal,https://www.eppingforestdc.gov.uk/wp-content/uploads/2024/02/EB210-Epping-Forest-District-Sustainability-Report-Addendum-June-2021.pdf,https://www.eppingforestdc.gov.uk/planning-and-building/planning-policy/adopted-local-plan-march-2023/,epping-forest-district-local-plan,,
local-plan-document,,3800267,2024-11-25,,,Sustainability Appraisal Report Addendum October 2022 (ED148 / EB214) (pdf ),600001,,local-plan-document,authoritative,sustainability-appraisal-report-addendum-october-2022-ed148-eb214-pdf,,document,,sustainability-appraisal,https://www.eppingforestdc.gov.uk/wp-content/uploads/2024/07/ED148-Sustainability-Appraisal-Addendum-Oct-22.pdf,https://www.eppingforestdc.gov.uk/planning-and-building/planning-policy/adopted-local-plan-march-2023/,epping-forest-district-local-plan,,
local-plan-document,,3800268,2024-11-25,,,The Castle Point Local Plan 2023-43 - Issues & Options Consultation,600001,,local-plan-document,authoritative,the-castle-point-local-plan-2023-43-issues-options-consultation,,document,,local-plan,https://consultation.castlepoint.gov.uk/planning/castle-point-plan-issues-and-options/user_uploads/issues-and-options-consultation-document-final.pdf,https://consultation.castlepoint.gov.uk/planning/castle-point-plan-issues-and-options/,the-castle-point-plan,,
local-plan-document,,3800269,2024-10-02,,,Inspector's Final Report,600001,,local-plan-document,authoritative,broxbourne-borough-council-local-plan-2018-6,,document,,inspectors-report,https://www.broxbourne.gov.uk/downloads/file/924/broxbourne-lp-report-final,https://www.broxbourne.gov.uk/planning/local-plan-2018-2033,broxbourne-borough-council-local-plan-2018,,
local-plan-document,,3800270,2024-10-02,,,Policies Map (JPEG),600001,,local-plan-document,authoritative,broxbourne-borough-council-local-plan-2018-8,,document,,policies-map,https://www.broxbourne.gov.uk/downloads/file/930/local-plan-policies-map-june-2020-jpeg,https://www.broxbourne.gov.uk/planning/local-plan-2018-2033,broxbourne-borough-council-local-plan-2018,,
local-plan-document,,3800271,2024-10-02,,,The Broxbourne Local Plan,600001,,local-plan-document,authoritative,broxbourne-borough-council-local-plan-2018-1,,document,,local-plan,https://www.broxbourne.gov.uk/downloads/file/1813/local-plan-2018-2033,https://www.broxbourne.gov.uk/planning/local-plan-2018-2033,broxbourne-borough-council-local-plan-2018,,
local-plan-document,,3800272,2024-11-25,,,Adoption statement,600001,,local-plan-document,authoritative,adoption-statement-oldham-metropolitan-borough-council-local-plan-2011,,document,,adoption-statement,https://www.oldham.gov.uk/download/downloads/id/1444/adoption_statement.doc,https://www.oldham.gov.uk/downloads/file/1444/adoption_statement,oldham-metropolitan-borough-council-local-plan-2011,,
local-plan-document,,3800273,2024-11-25,,,Cambridge Local Plan,600001,,local-plan-document,authoritative,cambridge-local-plan,,document,Adopted local plan for Cambridge City,local-plan,https://www.cambridge.gov.uk/media/6890/local-plan-2018.pdf,https://www.greatercambridgeplanning.org/current-plans-and-guidance/#a1,cambridge-local-plan,,
local-plan-document,,3800274,2024-11-25,,,Policies Map,600001,,local-plan-document,authoritative,policies-map-barnsley-metropolitan-borough-council-local-plan-2019,,document,,policies-map,https://www.barnsley.gov.uk/media/17579/local-plan-adopted-policies-map.pdf,https://www.barnsley.gov.uk/services/planning-and-buildings/local-planning-and-development/our-local-plan/barnsleys-local-plan/,barnsley-metropolitan-borough-council-local-plan-2019,,
local-plan-document,,3800275,2024-11-25,,,Local Development Scheme,600001,,local-plan-document,authoritative,local-development-scheme-cannock-chase-district-local-plan,,document,,local-development-scheme,https://www.cannockchasedc.gov.uk/sites/default/files/document-library/Local%20Development%20Scheme%202024.pdf,https://www.cannockchasedc.gov.uk/residents/planning-and-building-control/planning-policy/local-development-scheme,cannock-chase-district-local-plan,,
local-plan-document,,3800276,2024-11-25,,,Policies Map,600001,,local-plan-document,authoritative,policies-map-cannock-chase-district-council-local-plan-2006,,document,Adopted policies map for Cannock Chase,policies-map,https://experience.arcgis.com/experience/b1d9785310f04b5083e04a114facf464/page/Page-1/,https://www.cannockchasedc.gov.uk/residents/planning-and-building-control/planning-policy/cannock-chase-local-plan,cannock-chase-district-council-local-plan-2006,,
local-plan-document,,3800277,2024-11-25,,,Adoption Statement,600001,,local-plan-document,authoritative,adoption-statement-barnsley-metropolitan-borough-council-local-plan-2019-2024-11-29,,document,,adoption-statement,https://www.barnsley.gov.uk/media/17019/adoption-statement-jan-19.pdf,https://www.barnsley.gov.uk/services/planning-and-buildings/local-planning-and-development/our-local-plan/barnsleys-local-plan/,barnsley-metropolitan-borough-council-local-plan-2019,,
local-plan-document,,3800278,2024-11-25,,,Policies Map,600001,,local-plan-document,authoritative,policies-map-basingstoke-and-deane-borough-council-local-plan-2011,,document,,policies-map,https://www.basingstoke.gov.uk/content/page/45145/BASINGSTOKE%20POLICIES%20MAP.pdf,https://www.basingstoke.gov.uk/adopted-policies-map,basingstoke-and-deane-borough-council-local-plan-2011,,
local-plan-document,,3800279,2024-11-25,,,Adoption Statement,600001,,local-plan-document,authoritative,adoption-statement-derby-city-local-plan-part-1-core-strategy,,document,Adoption Statement giving notice that the Derby City Local Plan - Part 1 Core Strategy was formally adopted by Derby City Council on 25 January 2017.,adoption-statement,https://www.derby.gov.uk/media/derbycitycouncil/contentassets/documents/environmentandplanning/planning/localplan/part1/DCC_Adoption_Statement_V2.pdf,,derby-city-local-plan-part-1-core-strategy,,
local-plan-document,,3800280,2024-11-25,,,Local development scheme,600001,,local-plan-document,authoritative,local-development-scheme-sevenoaks-district-council-local-plan-2040,,document,,local-development-scheme,https://www.sevenoaks.gov.uk/download/downloads/id/790/local_development_scheme.pdf,https://www.sevenoaks.gov.uk/downloads/file/790/local_development_scheme,sevenoaks-district-council-local-plan-2040,,
local-plan-document,,3800281,2024-11-25,,,Local development scheme,600001,,local-plan-document,authoritative,local-development-scheme-trafford-local-plan,,document,,local-development-scheme,https://www.trafford.gov.uk/planning/strategic-planning/docs/Local-Development-Scheme-October-2022.pdf,https://www.trafford.gov.uk/planning/strategic-planning/Other-Supporting-Documents/local-development-scheme.aspx,trafford-local-plan,,
local-plan-document,,3800282,2024-11-25,,,Local Development Scheme,600001,,local-plan-document,authoritative,local-development-scheme-ashfield-local-plan-2023-2040,,document,,local-development-scheme,https://www.ashfield.gov.uk/media/emon5bum/lds-final-august-2023.docx,https://www.ashfield.gov.uk/planning-building-control/local-plan/emerging-local-plan,ashfield-local-plan-2023-2040,,
local-plan-document,,3800283,2024-11-25,,,Policies map,600001,,local-plan-document,authoritative,policies-map-mid-sussex-district-plan-2021-2039,,document,,policies-map,https://shared.xmap.cloud/?map=a1afad0b-1939-41c9-ba1f-67b0962adeb1,https://www.midsussex.gov.uk/planning-building/mid-sussex-district-plan/district-plan-review,mid-sussex-district-plan-2021-2039,,
local-plan-document,,3800284,2024-11-25,,,Policies Map,600001,,local-plan-document,authoritative,policies-map-bassetlaw-district-council-local-plan-2020,,document,,policies-map,https://www.bassetlaw.gov.uk/media/rpubkcae/bassetlaw.pdf,https://www.bassetlaw.gov.uk/planning-and-building/bassetlaw-local-plan-2020-2038/bassetlaw-local-plan-2020-2038-adoption/bassetlaw-local-plan-policies-map/,bassetlaw-district-council-local-plan-2020,,
local-plan-document,,3800285,2024-12-10,,,Bristol Development Framework Core Strategy,600001,,local-plan-document,authoritative,bristol-development-framework-core-strategy,,document,,core-strategy;local-plan,https://www.bristol.gov.uk/files/documents/64-core-strategy-web-pdf-low-res-with-links/file,https://www.bristol.gov.uk/residents/planning-and-building-regulations/planning-policy-and-guidance/local-plan,bristol-development-framework-core-strategy,,
local-plan-document,,3800286,2024-11-25,,,Adoption Statement,600001,,local-plan-document,authoritative,adoption-statement-the-birmingham-plan-bdp-update,,document,,adoption-statement,https://www.birmingham.gov.uk/downloads/file/5431/final_adoption_statement,https://www.birmingham.gov.uk/downloads/download/1139/adopted_birmingham_development_plan,the-birmingham-plan-bdp-update,,
local-plan-document,,3800287,2024-12-10,,,Places for Everyone Joint Development Plan Document,600001,,local-plan-document,authoritative,places-for-everyone-joint-development-plan-document,,document,,local-plan,https://www.greatermanchester-ca.gov.uk/media/3ccbetc4/post-adoption-places-for-everyone-joint-development-plan.pdf,https://www.greatermanchester-ca.gov.uk/what-we-do/planning-and-housing/places-for-everyone/pfe-adoption/,greater-manchester-spatial-framework-superseded-by-pep,,
local-plan-document,,3800288,2024-11-25,,,Local development scheme,600001,,local-plan-document,authoritative,local-development-scheme-the-barking-and-dagenham-local-plan-2037,,document,,local-development-scheme,https://yourcall.befirst.london/11324/widgets/38986/documents/52555,https://www.lbbd.gov.uk/planning-building-control-and-local-land-charges/planning-guidance-and-policies/local-plan,the-barking-and-dagenham-local-plan-2037,,
local-plan-document,,3800289,2024-11-25,,,Local Development Scheme,600001,,local-plan-document,authoritative,local-development-scheme-new-canterbury-district-local-plan-2020-2040,,document,,local-development-scheme,https://www.canterbury.gov.uk/sites/default/files/2024-10/Local%20Development%20Scheme.pdf,https://www.canterbury.gov.uk/planning-and-building/new-local-plan/about-new-local-plan,new-canterbury-district-local-plan-2020-2040,,
local-plan-document,,3800290,2024-12-10,,,Burnley's Local Plan,600001,,local-plan-document,authoritative,burnley-s-local-plan,,document,,local-plan,https://burnley.gov.uk/wp-content/uploads/2022/04/Burnleys-Local-Plan-Adopted-Version-Final-With-erratum-28-Sep-2018.pdf,https://burnley.gov.uk/planning/planning-policies/burnleys-local-plan/,burnley-s-local-plan,,
local-plan-document,,3800291,2024-11-25,,,Adoption Statement,600001,,local-plan-document,authoritative,adoption-statement-central-bedfordshire-council-local-plan-2015,,document,,adoption-statement,https://centralbedfordshirecouncil.sharepoint.com/sites/Communications/Website%20and%20intranet/Forms/AllItems.aspx?ga=1&id=%2Fsites%2FCommunications%2FWebsite%20and%20intranet%2FWebsite%20Documents%2FPlanning%2FLocal%20Plan%2FLocal%20Plan%20Documents%2F15%5F%20Adoption%20documents%2F1%5F%20Local%20Plan%20Adoption%20Statement%2FCentral%20Bedfordshire%20Council%20Local%20Plan%20Adoption%20Statement%2Epdf&parent=%2Fsites%2FCommunications%2FWebsite%20and%20intranet%2FWebsite%20Documents%2FPlanning%2FLocal%20Plan%2FLocal%20Plan%20Documents%2F15%5F%20Adoption%20documents%2F1%5F%20Local%20Plan%20Adoption%20Statement,https://www.centralbedfordshire.gov.uk/info/153/central_bedfordshire_local_plan_2015_to_2035/1034/adopted_local_plan,central-bedfordshire-council-local-plan-2015,,
local-plan-document,,3800292,2024-12-10,,,Policies Map - East,600001,,local-plan-document,authoritative,policies-map-east,,document,,policies-map,https://burnley.gov.uk/wp-content/uploads/2022/02/Policies-Map-East-Web.pdf,https://burnley.gov.uk/planning/planning-policies/burnleys-local-plan/,burnley-s-local-plan,,
local-plan-document,,3800293,2024-12-10,,,Policies Map - West,600001,,local-plan-document,authoritative,policies-map-west,,document,,policies-map,https://burnley.gov.uk/wp-content/uploads/2022/02/New-Policies-Map-West-Web.pdf,https://burnley.gov.uk/planning/planning-policies/burnleys-local-plan/,burnley-s-local-plan,,
local-plan-document,,3800294,2024-12-10,,,Policies Map - Town Centre,600001,,local-plan-document,authoritative,policies-map-town-centre,,document,,policies-map,https://burnley.gov.uk/wp-content/uploads/2022/02/Burnley-Town-Centre-Inset-Web.pdf,https://burnley.gov.uk/planning/planning-policies/burnleys-local-plan/,burnley-s-local-plan,,
local-plan-document,,3800295,2024-12-10,,,Part 2 Local Plan,600001,,local-plan-document,authoritative,part-2-local-plan,,document,,local-plan,https://www.broxtowe.gov.uk/media/7088/part-2-local-plan-adopted-october-2019.pdf,https://www.broxtowe.gov.uk/for-you/planning/planning-policy/part-2-local-plan/,broxtowe-borough-council-local-plan-part-2-2019,,
local-plan-document,,3800296,2024-12-10,,,Policies Map - Town Centre inset,600001,,local-plan-document,authoritative,policies-map-town-centre-inset,,document,,policies-map,https://burnley.gov.uk/wp-content/uploads/2022/02/Padiham-Town-Centre-Inset-Web.pdf,https://burnley.gov.uk/planning/planning-policies/burnleys-local-plan/,burnley-s-local-plan,,
local-plan-document,,3800297,2024-12-10,,,Broxtowe Borough Gedling Borough Nottingham City Aligned Core Strategies Part 1 Local Plan,600001,,local-plan-document,authoritative,broxtowe-borough-gedling-borough-nottingham-city-aligned-core-strategies-part-1-local-plan,,document,,core-strategy;local-plan,https://www.broxtowe.gov.uk/media/2160/broxtowe-aligned-core-strategy.pdf,https://www.broxtowe.gov.uk/for-you/planning/planning-policy/part-1-local-plan-core-strategy/,broxtowe-borough-council-local-plan-part-1-2014,,
local-plan-document,,3800298,2024-12-10,,,Bromsgrove District Plan 2011-2030,600001,,local-plan-document,authoritative,bromsgrove-district-plan-2011-2030,,document,,local-plan,https://www.bromsgrove.gov.uk/media/samhiyxl/bromsgrove-district-plan-2011-2030.pdf,https://www.bromsgrove.gov.uk/council/policy/planning-policies-and-other-information/local-development-plan/the-bromsgrove-district-plan-2011-2030/adopted-bromsgrove-district-plan-2011-2030/,bromsgrove-district-plan,,
local-plan-document,,3800299,2024-12-10,,,Greater Nottingham Strategic Plan Publication Draft 2024,600001,,local-plan-document,authoritative,greater-nottingham-strategic-plan-publication-draft-2024,,document,,local-plan,https://www.gnplan.org.uk/media/qfihjw32/gnsp-reg-19-publication-draft-digital.pdf,https://www.gnplan.org.uk/consultations/,greater-nottingham-strategic-plan,,
local-plan-document,,3800300,2024-12-10,,,Policies Map,600001,,local-plan-document,authoritative,policies-map-bromsgrove-district-plan,,document,,policies-map,https://www.bromsgrove.gov.uk/media/d04lx4ao/policies-map.pdf,https://www.bromsgrove.gov.uk/council/policy/planning-policies-and-other-information/local-development-plan/the-bromsgrove-district-plan-2011-2030/adopted-bromsgrove-district-plan-2011-2030/,bromsgrove-district-plan,,
local-plan-document,,3800301,2024-12-10,,,Local Plan for the Broads,600001,,local-plan-document,authoritative,local-plan-for-the-broads,,document,,local-plan,https://www.broads-authority.gov.uk/__data/assets/pdf_file/0036/259596/Local-Plan-for-the-Broads.pdf,https://www.broads-authority.gov.uk/planning/planning-policies/local-plan-for-the-broads/current-local-plan-for-the-broads,local-plan-for-the-broads,,
local-plan-document,,3800302,2024-12-10,,,Site Allocations and Development Management Policies Local Plan,600001,,local-plan-document,authoritative,site-allocations-and-development-management-policies-local-plan,,document,,local-plan;site-allocations,https://www.bristol.gov.uk/files/documents/2235-site-allocations-bd5605/file,https://www.bristol.gov.uk/residents/planning-and-building-regulations/planning-policy-and-guidance/local-plan,bristol-development-framework-core-strategy,,
local-plan-document,,3800303,2024-12-10,,,Site Allocations and Development Management Policies POLICIES MAP,600001,,local-plan-document,authoritative,site-allocations-and-development-management-policies-policies-map,,document,,policies-map,https://www.bristol.gov.uk/files/documents/2237-policies-map-sept-14-bd5605/file,https://www.bristol.gov.uk/residents/planning-and-building-regulations/planning-policy-and-guidance/local-plan,bristol-development-framework-core-strategy,,
local-plan-document,,3800304,2024-12-10,,,Bristol Local Plan Publication Version,600001,,local-plan-document,authoritative,bristol-local-plan-publication-version,,document,,local-plan;local-plan-review,https://www.bristol.gov.uk/files/documents/6894-bristol-local-plan-main-document-publication-version-nov-2023/file,https://www.bristol.gov.uk/residents/planning-and-building-regulations/planning-policy-and-guidance/local-plan/local-plan-review,bristol-local-plan-2022-2040,,
local-plan-document,,3800305,2024-12-10,,,Bristol Local Plan Annex – Development Allocations,600001,,local-plan-document,authoritative,bristol-local-plan-annex-development-allocations,,document,,local-plan;local-plan-review;site-allocations,https://www.bristol.gov.uk/files/documents/6890-bristol-local-plan-annex-development-allocations/file,https://www.bristol.gov.uk/residents/planning-and-building-regulations/planning-policy-and-guidance/local-plan/local-plan-review,bristol-local-plan-2022-2040,,
local-plan-document,,3800306,2024-12-10,,,Bristol Local Plan Policies map,600001,,local-plan-document,authoritative,bristol-local-plan-policies-map,,document,,local-plan;local-plan-review;policies-map,https://www.bristol.gov.uk/files/documents/6891-bristol-local-plan-policies-map-publication/file,https://www.bristol.gov.uk/residents/planning-and-building-regulations/planning-policy-and-guidance/local-plan/local-plan-review,bristol-local-plan-2022-2040,,
local-plan-document,,3800307,2024-10-15,,,Local development scheme,600001,,local-plan-document,authoritative,local-development-scheme-camden-local-plan-2026,,document,Local development scheme published in December 2023,local-development-scheme,https://www.camden.gov.uk/documents/20142/4855432/2023+LDS+FINAL.pdf/50d11f59-5926-6d74-d380-1bc4a30d7133?t=1702459128479,,camden-local-plan-2026,,
local-plan-document,,3800308,2024-10-02,,,Blackburn with Darwen Local Plan 2021 to 2037,600001,,local-plan-document,authoritative,blackburn-with-darwen-borough-council-local-plan-2021-1,,document,,local-plan,https://blackburn-darwen.org.uk/wp-content/uploads/Blackburn-with-Darwen-Local-Plan-2021-2037.pdf,https://www.blackburn.gov.uk/planning/planning-policies-strategies-and-guides/local-plan-2021-2037,blackburn-with-darwen-borough-council-local-plan-2021,,
local-plan-document,,3800309,2024-10-02,,,Blackburn with Darwen Local Plan 2021 to 2037 Policies Map Blackburn Section,600001,,local-plan-document,authoritative,blackburn-with-darwen-borough-council-local-plan-2021-2,,document,,policies-map,https://blackburn-darwen.org.uk/wp-content/uploads/Local-Plan-Policies-Map-Blackburn-Section-1.pdf,https://www.blackburn.gov.uk/planning/planning-policies-strategies-and-guides/local-plan-2021-2037,blackburn-with-darwen-borough-council-local-plan-2021,,
local-plan-document,,3800310,2024-10-02,,,Adopted Map 1 Central District Policies Map,600001,,local-plan-document,authoritative,blaby-district-council-local-plan-2019-2,,document,,policies-map,https://www.blaby.gov.uk/media/4wylvqz3/map-1-central-district-policies-map.pdf,https://www.blaby.gov.uk/planning-and-building/local-plan/local-plan-delivery-dpd/,blaby-district-council-local-plan-2019,,
local-plan-document,,3800311,2024-10-02,,,Adopted Maps 2 and 3 West and East District Policies Map,600001,,local-plan-document,authoritative,blaby-district-council-local-plan-2019-3,,document,,policies-map,https://www.blaby.gov.uk/media/2725/maps-2-and-3-west-and-east-district-policies-map.pdf,https://www.blaby.gov.uk/planning-and-building/local-plan/local-plan-delivery-dpd/,blaby-district-council-local-plan-2019,,
local-plan-document,,3800312,2024-10-02,,,Adopted Maps 4 and 5 Inset Maps for Blaby Town Centre and Glenfield District Centre,600001,,local-plan-document,authoritative,blaby-district-council-local-plan-2019-4,,document,,policies-map,https://www.blaby.gov.uk/media/2724/maps-4-and-5-inset-maps-for-blaby-town-centre-and-glenfield-district-centre.pdf,https://www.blaby.gov.uk/planning-and-building/local-plan/local-plan-delivery-dpd/,blaby-district-council-local-plan-2019,,
local-plan-document,,3800313,2024-10-02,,,Blackburn with Darwen Local Plan 2021 to 2037 Policies Map Darwen Section,600001,,local-plan-document,authoritative,blackburn-with-darwen-borough-council-local-plan-2021-3,,document,,policies-map,https://blackburn-darwen.org.uk/wp-content/uploads/Local-Plan-Policies-Map-Darwen-Section-1.pdf,https://www.blackburn.gov.uk/planning/planning-policies-strategies-and-guides/local-plan-2021-2037,blackburn-with-darwen-borough-council-local-plan-2021,,
local-plan-document,,3800314,2024-10-02,,,Local Plan Delivery Document,600001,,local-plan-document,authoritative,blaby-district-council-local-plan-2019-1,,document,,local-plan,https://www.blaby.gov.uk/media/15ebnxns/blaby-district-adoped-local-plan.pdf,https://www.blaby.gov.uk/planning-and-building/local-plan/local-plan-delivery-dpd/,blaby-district-council-local-plan-2019,,
local-plan-document,,3800315,2024-10-02,,,Blackburn with Darwen Local Plan 2021 to 2037 Policies Map - Darwen Town Centre Inset Map,600001,,local-plan-document,authoritative,blackburn-with-darwen-borough-council-local-plan-2021-6,,document,,policies-map,https://blackburn-darwen.org.uk/wp-content/uploads/Darwen-TC-Inset-Map.pdf,https://www.blackburn.gov.uk/planning/planning-policies-strategies-and-guides/local-plan-2021-2037,blackburn-with-darwen-borough-council-local-plan-2021,,
local-plan-document,,3800316,2024-10-02,,,Places for Everyone Joint Development Plan,600001,,local-plan-document,authoritative,bolton-metropolitan-borough-council-local-plan-2011-3,,document,,local-plan,https://www.greatermanchester-ca.gov.uk/media/9578/places-for-everyone-joint-development-plan-document.pdf,https://www.bolton.gov.uk/planning-policy-strategy/core-strategy/1,bolton-metropolitan-borough-council-local-plan-2011,,
local-plan-document,,3800317,2024-10-02,,,Inspectors Report,600001,,local-plan-document,authoritative,bolton-metropolitan-borough-council-local-plan-2011-6,,document,,inspectors-report,https://www.bolton.gov.uk/downloads/file/667/inspectors-report,https://www.bolton.gov.uk/planning-policy-strategy/core-strategy/1,bolton-metropolitan-borough-council-local-plan-2011,,
local-plan-document,,3800318,2024-10-02,,,Official Adoption Statement,600001,,local-plan-document,authoritative,bolton-metropolitan-borough-council-local-plan-2011-7,,document,,adoption-statement,https://www.bolton.gov.uk/downloads/file/668/official-adoption-statement,https://www.bolton.gov.uk/planning-policy-strategy/core-strategy/1,bolton-metropolitan-borough-council-local-plan-2011,,
local-plan-document,,3800319,2024-10-02,,,Local Development Scheme No7,600001,,local-plan-document,authoritative,bolsover-district-council-local-plan-2022-1,,document,,local-development-scheme,https://www.bolsover.gov.uk/component/edocman/13610-local-development-scheme-plan-no7/download?Itemid=0,https://www.bolsover.gov.uk/index.php?option=com_content&view=category&id=233,bolsover-district-council-local-plan-2022,,
local-plan-document,,3800320,2024-10-02,,,Core Strategy,600001,,local-plan-document,authoritative,bolton-metropolitan-borough-council-local-plan-2011-2,,document,,core-strategy,https://www.bolton.gov.uk/downloads/file/666/core-strategy,https://www.bolton.gov.uk/planning-policy-strategy/core-strategy/1,bolton-metropolitan-borough-council-local-plan-2011,,
local-plan-document,,3800321,2024-10-02,,,Breckland Local Plan,600001,,local-plan-document,authoritative,breckland-district-council-local-plan-2023-1,,document,,local-plan,https://www.breckland.gov.uk/media/16659/Adopted-Breckland-Local-Plan/pdf/Appendix_4_-_Breckland_District_Council_Local_Plan.pdf?m=1704795365193,https://www.breckland.gov.uk/local-plan/adoption,breckland-district-council-local-plan-2023,,
local-plan-document,,3800322,2024-10-02,,,Breckland District Council Local Plan Inspectors Report,600001,,local-plan-document,authoritative,breckland-district-council-local-plan-2023-4,,document,,inspectors-report,https://www.breckland.gov.uk/media/14678/Appendix-1-Breckland-District-Council-Local-Plan-Inspectors-report-final/pdf/Appendix_1_Breckland_District_Council_Local_Plan_Inspectors_report_final.pdf?m=1616502703263,https://www.breckland.gov.uk/local-plan/adoption,breckland-district-council-local-plan-2023,,
local-plan-document,,3800323,2024-10-02,,,Policies Map,600001,,local-plan-document,authoritative,brentwood-borough-council-local-plan-2016-3,,document,,policies-map,https://www.brentwood.gov.uk/sites/default/files/documents/20124/533660/Policies+Map+(23.3MB).pdf,https://www.brentwood.gov.uk/adopted-local-plan,brentwood-borough-council-local-plan-2016,,
local-plan-document,,3800324,2024-10-02,,,Sustainability Appraisal Adoption Statement,600001,,local-plan-document,authoritative,brentwood-borough-council-local-plan-2016-5,,document,,sustainability-appraisal,https://www.brentwood.gov.uk/sites/default/files/documents/20124/533660/Sustainability+Appraisal+Adoption+Statement.pdf,https://www.brentwood.gov.uk/adopted-local-plan,brentwood-borough-council-local-plan-2016,,
local-plan-document,,3800325,2024-10-02,,,Local Plan Adoption Statement,600001,,local-plan-document,authoritative,brentwood-borough-council-local-plan-2016-4,,document,,local-plan,https://www.brentwood.gov.uk/sites/default/files/documents/20124/533660/Local+Plan+Adoption+Statement.pdf,https://www.brentwood.gov.uk/adopted-local-plan,brentwood-borough-council-local-plan-2016,,
local-plan-document,,3800326,2024-10-02,,,Brentwood Local Plan 2016-2033,600001,,local-plan-document,authoritative,brentwood-borough-council-local-plan-2016-2,,document,,local-plan,https://www.brentwood.gov.uk/sites/default/files/documents/20124/533660/Brentwood+Local+Plan+2016-2033+Adopted+March+2022.pdf,https://www.brentwood.gov.uk/adopted-local-plan,brentwood-borough-council-local-plan-2016,,
local-plan-document,,3800327,2024-12-18,,,City Plan Part 2,600001,,local-plan-document,authoritative,city-plan-part-2,,document,,local-plan,https://www.brighton-hove.gov.uk/sites/default/files/2022-10/CPP2%20Adoption%20Version%20October%202022%20DIGITAL%20version_0.pdf,https://www.brighton-hove.gov.uk/planning/city-plan-part-two/adopted-city-plan-part-two,brighton-and-hove-city-plan-part-one,,
local-plan-document,,3800328,2024-12-20,,,Braintree District Local Plan 2033,600001,,local-plan-document,authoritative,braintree-district-local-plan-2033,,document,,local-plan,https://www.braintree.gov.uk/downloads/file/3553/local-plan-2033-s1-and-s2-pdf-minus-maps,https://www.braintree.gov.uk/planning-building-control/local-plan-2033,braintree-district-council-local-plan-2014,,
local-plan-document,,3800329,2024-12-18,,,City Plan Part 1,600001,,local-plan-document,authoritative,brighton-hove-city-council-s-development-plan,,document,,local-plan,https://www.brighton-hove.gov.uk/sites/default/files/migrated/article/inline/FINAL%20version%20cityplan%20March%202016compreswith%20forward_0.pdf,https://www.brighton-hove.gov.uk/planning/planning-policy/city-plan-part-one,brighton-and-hove-city-plan-part-one,,
local-plan-document,,3800330,2024-12-18,,,Adopted Policies Map - East,600001,,local-plan-document,authoritative,adopted-policies-map-east,,document,,policies-map,https://www.brighton-hove.gov.uk/sites/default/files/2023-03/CPP2%20East%20Area%20map%20PDF%20March%202023.pdf,https://www.brighton-hove.gov.uk/planning/city-plan-part-two/adopted-policies-map,brighton-and-hove-city-plan-part-one,,
local-plan-document,,3800331,2024-12-18,,,Draft Local Plan Full Update Preferred Options June 2024,600001,,local-plan-document,authoritative,draft-local-plan-full-update-preferred-options-june-2024,,document,,local-plan;local-plan-review,https://www.breckland.gov.uk/media/21601/Regulation-18-Preferred-Options-Local-Plan-Full-Update-June-2024/pdf/Regulation_18_Preferred_Options_Local_Plan_Full_Update_June_2024.pdf?m=1732610181683,https://www.breckland.gov.uk/article/19942/Local-Plan-Full-Update-2024,local-plan-full-update-2024,,
local-plan-document,,3800332,2024-12-18,,,Policies Map - West,600001,,local-plan-document,authoritative,policies-map-west-brighton-and-hove-city-plan-part-one,,document,,policies-map,https://www.brighton-hove.gov.uk/sites/default/files/2023-03/CPP2%20West%20Area%20map%20PDF%20March%202023.pdf,https://www.brighton-hove.gov.uk/sites/default/files/2023-03/CPP2%20East%20Area%20map%20PDF%20March%202023.pdf,brighton-and-hove-city-plan-part-one,,
local-plan-document,,3800333,2024-12-18,,,Policies Map - Central,600001,,local-plan-document,authoritative,policies-map-central,,document,,policies-map,https://www.brighton-hove.gov.uk/sites/default/files/2023-11/CPP2%20Central%20Area%20map%20PDF%20March%202023%20%281%29.pdf,https://www.brighton-hove.gov.uk/planning/city-plan-part-two/adopted-policies-map,brighton-and-hove-city-plan-part-one,,
local-plan-document,,3800334,2024-12-20,,,Bracknell Forest Local Plan 2020-2037,600001,,local-plan-document,authoritative,bracknell-forest-local-plan-2020-2037,,document,,local-plan,https://www.bracknell-forest.gov.uk/planning-and-building-control/planning/planning-policy/development-plan/bracknell-forest-local-plan/about-bracknell-forest-local-plan,https://www.bracknell-forest.gov.uk/planning-and-building-control/planning/planning-policy/development-plan/bracknell-forest-local-plan/about-bracknell-forest-local-plan,bracknell-forest-local-plan,,
local-plan-document,,3800335,2024-12-20,,,Policies map 1 - Binfield,600001,,local-plan-document,authoritative,policies-map-1-binfield,,document,,policies-map,https://www.bracknell-forest.gov.uk/planning-and-building-control/planning/planning-policy/development-plan/bracknell-forest-policies-map,https://www.bracknell-forest.gov.uk/planning-and-building-control/planning/planning-policy/development-plan/bracknell-forest-policies-map,bracknell-forest-local-plan,,
local-plan-document,,3800336,2024-12-20,,,Policies map 2 - Warfield and Winkfield North,600001,,local-plan-document,authoritative,policies-map-2-warfield-and-winkfield-north,,document,,policies-map,https://www.bracknell-forest.gov.uk/planning-and-building-control/planning/planning-policy/development-plan/bracknell-forest-policies-map,https://www.bracknell-forest.gov.uk/planning-and-building-control/planning/planning-policy/development-plan/bracknell-forest-policies-map,bracknell-forest-local-plan,,
local-plan-document,,3800337,2024-12-20,,,Policies map 3 - Bracknell and Winfield South,600001,,local-plan-document,authoritative,policies-map-3-bracknell-and-winfield-south,,document,,policies-map,https://www.bracknell-forest.gov.uk/planning-and-building-control/planning/planning-policy/development-plan/bracknell-forest-policies-map,https://www.bracknell-forest.gov.uk/planning-and-building-control/planning/planning-policy/development-plan/bracknell-forest-policies-map,bracknell-forest-local-plan,,
local-plan-document,,3800338,2024-12-20,,,Policies map 4 - Sandhurst and Crowthorne,600001,,local-plan-document,authoritative,policies-map-4-sandhurst-and-crowthorne,,document,,policies-map,https://www.bracknell-forest.gov.uk/planning-and-building-control/planning/planning-policy/development-plan/bracknell-forest-policies-map,https://www.bracknell-forest.gov.uk/planning-and-building-control/planning/planning-policy/development-plan/bracknell-forest-policies-map,bracknell-forest-local-plan,,
local-plan-document,,3800339,2024-12-20,,,South East Lincolnshire Local Plan 2011-2036,600001,,local-plan-document,authoritative,south-east-lincolnshire-local-plan-2011-2036,,document,,local-plan,https://southeastlincslocalplan.org/media/21941/South-East-Lincolnshire-Local-Plan-2011-2036/pdf/Local-Plan-text-March-2019.pdf?m=1720710748483,https://southeastlincslocalplan.org/article/20102/Adopted-Plan,south-east-lincs-local-plan,,
local-plan-document,,3800340,2024-12-20,,,Policies map,600001,,local-plan-document,authoritative,policies-map-south-east-lincs-local-plan,,document,,policies-map,https://southeastlincslocalplan.org/media/21942/Policies-map/pdf/0-Policies-Map.pdf?m=1720710748117,https://southeastlincslocalplan.org/article/20102/Adopted-Plan,south-east-lincs-local-plan,,
local-plan-document,,3800341,2024-12-20,,,Core Strategy,600001,,local-plan-document,authoritative,core-strategy,,document,,core-strategy;local-plan,https://www.west-norfolk.gov.uk/homepage/23/current_local_plan,https://www.west-norfolk.gov.uk/homepage/23/current_local_plan,borough-council-of-king-s-lynn-and-west-norfolk-local-plan-review,,
local-plan-document,,3800342,2024-12-20,,,Site Allocations & Development Management Policies (SADMP) Plan,600001,,local-plan-document,authoritative,site-allocations-development-management-policies-sadmp-plan,,document,,local-plan;site-allocations,https://www.west-norfolk.gov.uk/info/20220/site_allocations_and_development_management_policies_plan/514/adopted_plan,https://www.west-norfolk.gov.uk/info/20220/site_allocations_and_development_management_policies_plan/514/adopted_plan,borough-council-of-king-s-lynn-and-west-norfolk-local-plan-review,,
local-plan-document,,3800343,2024-12-20,,,Bolton’s Allocations Plan,600001,,local-plan-document,authoritative,boltons-allocations-plan,,document,,local-plan;site-allocations,https://www.bolton.gov.uk/downloads/file/671/allocations-plan-written-statement,https://www.bolton.gov.uk/planning-policy-strategy/allocations-plan/1,bolton-metropolitan-borough-council-local-plan-2011,,
local-plan-document,,3800344,2024-12-20,,,https://www.bolsover.gov.uk/index.php?option=com_content&view=article&id=90,600001,,local-plan-document,authoritative,https-www-bolsover-gov-uk-index-php-option-com-content-view-article-id-90,,document,,local-plan,https://www.bolsover.gov.uk/index.php?option=com_content&view=article&id=90,https://www.bolsover.gov.uk/index.php?option=com_content&view=article&id=90,bolsover-district-council-local-plan-2022,,
local-plan-document,,3800345,2024-12-20,,,Policies Map Northern Area,600001,,local-plan-document,authoritative,policies-map-northern-area,,document,,policies-map,https://www.bolsover.gov.uk/index.php?option=com_content&view=article&id=90,https://www.bolsover.gov.uk/index.php?option=com_content&view=article&id=90,bolsover-district-council-local-plan-2022,,
local-plan-document,,3800346,2024-12-20,,,Policies Map Central Area,600001,,local-plan-document,authoritative,policies-map-central-area,,document,,policies-map,https://www.bolsover.gov.uk/index.php?option=com_content&view=article&id=90,https://www.bolsover.gov.uk/index.php?option=com_content&view=article&id=90,bolsover-district-council-local-plan-2022,,
local-plan-document,,3800347,2024-12-20,,,Blackpool Local Plan 2012-2027 Policies Map: Town Centre Inset,600001,,local-plan-document,authoritative,blackpool-local-plan-2012-2027-policies-map-town-centre-inset,,document,,policies-map,https://www.blackpool.gov.uk/Residents/Planning-environment-and-community/Documents/Local-Plan-Adopted-Policies-Map-2012-27-Town-Centre.pdf,https://www.blackpool.gov.uk/Residents/Planning-environment-and-community/Planning/Planning-policy/Blackpool-local-plan/Core-strategy.aspx,blackpool-borough-council-core-strategy,,
local-plan-document,,3800348,2024-12-20,,,Policies Map Southern Area,600001,,local-plan-document,authoritative,policies-map-southern-area,,document,,policies-map,https://www.bolsover.gov.uk/index.php?option=com_content&view=article&id=90,https://www.bolsover.gov.uk/index.php?option=com_content&view=article&id=90,bolsover-district-council-local-plan-2022,,
local-plan-document,,3800349,2024-12-20,,,Part 1: Core Strategy (2012 – 2027),600001,,local-plan-document,authoritative,part-1-core-strategy-2012-2027,,document,,core-strategy;local-plan,https://www.blackpool.gov.uk/Residents/Planning-environment-and-community/Documents/J118003-107575-2016-updated-17-Feb-2016-High-Res.pdf,https://www.blackpool.gov.uk/Residents/Planning-environment-and-community/Planning/Planning-policy/Blackpool-local-plan/Core-strategy.aspx,blackpool-borough-council-core-strategy,,
local-plan-document,,3800350,2024-12-20,,,Blackpool Local Plan 2012-2027 Policies Map: Blackpool Borough,600001,,local-plan-document,authoritative,blackpool-local-plan-2012-2027-policies-map-blackpool-borough,,document,,policies-map,https://www.blackpool.gov.uk/Residents/Planning-environment-and-community/Documents/Local-plan-2021/Local-Plan-Adopted-Policies-Map-2012-27-Blackpool.pdf,https://www.blackpool.gov.uk/Residents/Planning-environment-and-community/Planning/Planning-policy/Blackpool-local-plan/Core-strategy.aspx,blackpool-borough-council-core-strategy,,
local-plan-document,,3800351,2024-10-02,,,Blackburn with Darwen Local Plan 2021 to 2037 Policies Map - Blackburn Town Centre Inset Map,600001,,local-plan-document,authoritative,blackburn-with-darwen-borough-council-local-plan-2021-5,,document,,policies-map,https://blackburn-darwen.org.uk/wp-content/uploads/Blackburn-TC-Inset-Map.pdf,https://www.blackburn.gov.uk/planning/planning-policies-strategies-and-guides/local-plan-2021-2037,blackburn-with-darwen-borough-council-local-plan-2021,,
local-plan-document,,3800352,2024-12-20,,,Site Allocations and Development Management Policies,600001,,local-plan-document,authoritative,site-allocations-and-development-management-policies,,document,,local-plan;site-allocations,https://www.blackpool.gov.uk/Residents/Planning-environment-and-community/Documents/LPP2-Adoption-Final-Feb-23.pdf,https://www.blackpool.gov.uk/Residents/Planning-environment-and-community/Planning/Planning-policy/Blackpool-local-plan/Site-allocations-and-development-management-policies.aspx,blackpool-borough-council-core-strategy,,
local-plan-document,,3800353,2024-12-20,,,Core Strategy and Placemaking Plan incorporating the Local Plan Partial Update,600001,,local-plan-document,authoritative,core-strategy-and-placemaking-plan-incorporating-the-local-plan-partial-update,,document,,core-strategy;local-plan,https://www.bathnes.gov.uk/sites/default/files/2023-06/1.%20Districtwide%20Composite%20plan%20final.pdf,https://www.bathnes.gov.uk/policy-and-documents-library/development-plan-core-strategy-placemaking-plan-and-local-plan-partial,local-plan-partial-update-removed-as-non-strategic,,
local-plan-document,,3800354,2024-12-20,,,Local Plan Core Strategy,600001,,local-plan-document,authoritative,local-plan-core-strategy,,document,,core-strategy;local-plan,https://www.blaby.gov.uk/media/4107/adopted-core-strategy.pdf,https://www.blaby.gov.uk/planning-and-building/local-plan/,blaby-district-council-local-plan-2019,,
local-plan-document,,3800355,2024-12-20,,,"New Local Plan Options Options for Spatial Strategy, Sites and Strategic Policies",600001,,local-plan-document,authoritative,new-local-plan-options-options-for-spatial-strategy-sites-and-strategic-policies,,document,,local-plan,https://www.blaby.gov.uk/media/4560/bdc-new-local-plan-options-consultation-document.pdf,https://www.blaby.gov.uk/planning-and-building/local-plan/new-local-plan/,blaby-district-new-local-plan,,
local-plan-document,,3800356,2024-10-02,,,Blackburn with Darwen Local Plan 2021 to 2037 Policies Map Rural Section,600001,,local-plan-document,authoritative,blackburn-with-darwen-borough-council-local-plan-2021-4,,document,,policies-map,https://blackburn-darwen.org.uk/wp-content/uploads/Local-Plan-Policies-Map-Rural-Section-1.pdf,https://www.blackburn.gov.uk/planning/planning-policies-strategies-and-guides/local-plan-2021-2037,blackburn-with-darwen-borough-council-local-plan-2021,,
local-plan-document,,3800357,2024-10-02,,,Local Plan Adoption Statement,600001,,local-plan-document,authoritative,chelmsford-city-council-local-plan-2013-50,,document,,adoption-statement,https://www.chelmsford.gov.uk/media/xi4etzfb/local-plan-adoption-statement.pdf,https://www.chelmsford.gov.uk/planning-and-building-control/planning-policy-and-local-plan/adopted-local-plan/,chelmsford-city-council-local-plan-2013,,
local-plan-document,,3800358,2025-02-03,,,County Durham Plan Adoption Statement,600001,,local-plan-document,authoritative,county-durham-plan-adoption-statement,,document,,adoption-statement,https://www.durham.gov.uk/media/34073/County-Durham-Plan-Adoption-Statement/pdf/CountyDurhamPlanAdoptionStatement1.pdf?m=1720103327560,https://www.durham.gov.uk/article/7440/What-is-the-County-Durham-Plan,county-durham-plan,,
local-plan-document,,3800359,2025-02-03,,,County Durham Plan,600001,,local-plan-document,authoritative,county-durham-plan,,document,,local-plan,https://www.durham.gov.uk/media/34069/County-Durham-Plan/pdf/CountyDurhamPlanAdopted2020vDec2020.pdf?m=1732184551360,https://www.durham.gov.uk/article/7440/What-is-the-County-Durham-Plan,county-durham-plan,,
local-plan-document,,3800360,2025-02-03,,,Draft Elmbridge Local Plan 2037,600001,,local-plan-document,authoritative,draft-elmbridge-local-plan-2037,,document,,local-plan,https://www.elmbridge.gov.uk/sites/default/files/2023-08/CD001%20-%20Draft%20Elmbridge%20Local%20Plan%202037.pdf,https://www.elmbridge.gov.uk/local-plan-examination/submission-documents,elmbridge-new-local-plan,,
local-plan-document,,3800361,2025-03-18,,,City of York Local Plan 2017-2033,600001,,local-plan-document,authoritative,city-of-york-local-plan-2017-2033,,document,Local Plan,local-plan,https://www.york.gov.uk/downloads/file/10103/city-of-york-adopted-local-plan-2025,https://www.york.gov.uk/planning-policy/adopted-local-plan,city-of-york-local-plan,,
local-plan-document,,3800362,2025-02-03,,,LD12 Local Development Scheme 2024,600001,,local-plan-document,authoritative,ld12-local-development-scheme-2024,,document,,local-development-scheme,https://www.cityoflondon.gov.uk/assets/Services-Environment/Local-Development-Scheme-2024.pdf,https://www.cityoflondon.gov.uk/services/planning/planning-policy/city-plan-2040,city-plan-2040,,
local-plan-document,,3800363,2025-02-03,,,Policies map,600001,,local-plan-document,authoritative,policies-map-county-durham-plan,,document,,policies-map,https://durhamcounty.maps.arcgis.com/apps/instant/sidebar/index.html?appid=98d8317175a445b98709b7a50815067e,https://www.durham.gov.uk/article/7440/What-is-the-County-Durham-Plan,county-durham-plan,,
local-plan-document,,3800364,2024-10-02,,,HRA update with respect to modification of Policy 2 Nutrient Neutrality and with respect to GIRAMS (G2.4),600001,,local-plan-document,authoritative,norwich-city-council-local-plan-2018-38,,document,,sustainability-appraisal,https://www.gnlp.org.uk/sites/gnlp/files/2023-03/E16845%20GNLP%20Reg%2019%20HRA%202023-03-17.pdf,https://www.gnlp.org.uk/local-plan-examination-local-plan-examination-document-library/j-inspectors-report-and-adoption,norwich-city-council-local-plan-2018,,
local-plan-document,,3800365,2025-03-18,,,Adoption Statement,600001,,local-plan-document,authoritative,adoption-statement-city-of-york-local-plan,,document,Adoption statement for the City of York Local Plan 2017-2033,adoption-statement,https://www.york.gov.uk/downloads/file/10105/local-plan-adoption-statement,https://www.york.gov.uk/planning-policy/adopted-local-plan,city-of-york-local-plan,,
local-plan-document,,3800366,2025-02-03,,,Local Development Scheme 2023-2026,600001,,local-plan-document,authoritative,local-development-scheme-2023-2026,,document,,local-development-scheme,https://www.elmbridge.gov.uk/sites/default/files/2023-09/CD006%20-%20Local%20Development%20Scheme%202023-2026%20-July%202023.pdf,https://www.elmbridge.gov.uk/local-plan-examination/submission-documents,elmbridge-new-local-plan,,
local-plan-document,,3800367,2025-02-03,,,Core Strategy July 2011,600001,,local-plan-document,authoritative,core-strategy-july-2011,,document,,core-strategy,https://www.elmbridge.gov.uk/sites/default/files/2023-03/Core%20Strategy.pdf,https://www.elmbridge.gov.uk/planning/planning-policy-and-guidance/core-strategy,elmbridge-borough-council-local-plan-2011,,
local-plan-document,,3800368,2025-03-20,,,Sustainability Appraisal,600001,,local-plan-document,authoritative,sustainability-appraisal-city-plan-2040,,document,,sustainability-appraisal,https://www.cityoflondon.gov.uk/assets/Services-Environment/SA-Main-Report-Reg-19b.pdf,,city-plan-2040,,
local-plan-document,,3800369,2025-03-20,,,Sustainability Appraisal Appendix 2 Baseline Info,600001,,local-plan-document,authoritative,sustainability-appraisal-appendix-2-baseline-info,,document,,sustainability-appraisal,https://www.cityoflondon.gov.uk/assets/Services-Environment/Appendix-2-SA-Baseline-Information-Reg-19b.pdf,,city-plan-2040,,
local-plan-document,,3800370,2025-03-20,,,Sustainability Appraisal Appendix 3 Responses,600001,,local-plan-document,authoritative,sustainability-appraisal-appendix-3-responses,,document,,sustainability-appraisal,https://www.cityoflondon.gov.uk/assets/Services-Environment/Appendix-3-SA-Consultation-Responses-Reg-19b.pdf,,city-plan-2040,,
local-plan-document,,3800371,2025-03-20,,,City Plan 2040 Viability Assessment,600001,,local-plan-document,authoritative,city-plan-2040-viability-assessment,,document,,viability-assessment,https://www.cityoflondon.gov.uk/assets/Services-Environment/City-Plan-2040-Viability-Assessment.pdf,,city-plan-2040,,
local-plan-document,,3800372,2025-03-20,,,Policies Maps City Plan 2040,600001,,local-plan-document,authoritative,policies-maps-city-plan-2040,,document,,policies-map,https://www.cityoflondon.gov.uk/assets/Services-Environment/Policies-Maps-City-Plan-2040-2024.pdf,,city-plan-2040,,
local-plan-document,,3800373,2025-03-20,,,Sustainability Appraisal Appendix 1 Other Plans,600001,,local-plan-document,authoritative,sustainability-appraisal-appendix-1-other-plans,,document,,sustainability-appraisal,https://www.cityoflondon.gov.uk/assets/Services-Environment/Appendix-1-SA-Other-Plans-and-Programmes-Reg-19b.pdf,,city-plan-2040,,
local-plan-document,,3800374,2025-03-20,,,Sustainability Appraisal Appendix 4,600001,,local-plan-document,authoritative,sustainability-appraisal-appendix-4,,document,,sustainability-appraisal,https://www.cityoflondon.gov.uk/assets/Services-Environment/Appendix-4-SA-of-Reasonable-Alternatives-Reg-19b.pdf,,city-plan-2040,,
local-plan-document,,3800375,2025-03-20,,,Sustainability Appraisal Appendix 5,600001,,local-plan-document,authoritative,sustainability-appraisal-appendix-5,,document,,sustainability-appraisal,https://www.cityoflondon.gov.uk/assets/Services-Environment/Appendix-5-SA-Assessments-Revised-Proposed-Submission-City-Plan-2040-Reg-19b.pdf,,city-plan-2040,,
local-plan-document,,3800376,2025-03-20,,,City of London Local Plan 2040,600001,,local-plan-document,authoritative,city-of-london-local-plan-2040,,document,,local-plan,https://www.cityoflondon.gov.uk/assets/Services-Environment/City-Plan-2040.pdf,,city-plan-2040,,
local-plan-document,,3800377,2025-03-20,,,City Plan 2040 Policies Maps Changes,600001,,local-plan-document,authoritative,city-plan-2040-policies-maps-changes,,document,,policies-map,https://www.cityoflondon.gov.uk/assets/Services-Environment/City-Plan-Policies-Map-Changes-2024.pdf,,city-plan-2040,,
local-plan-document,,3800378,2025-03-20,,,Strategic Housing Market Assessment,600001,,local-plan-document,authoritative,strategic-housing-market-assessment,,document,,strategic-housing-market-assessment,https://www.cityoflondon.gov.uk/assets/Services-Environment/SHMA-Housing-Needs-Assessment-2023.pdf,,city-plan-2040,,
local-plan-document,,3800379,2024-10-02,,,Chelmsford Adopted Local Plan (with maps),600001,,local-plan-document,authoritative,chelmsford-city-council-local-plan-2013-1,,document,,local-plan,https://www.chelmsford.gov.uk/media/id1jmniz/chelmsford-local-plan-may-2020-includes-a1-plans.pdf,https://www.chelmsford.gov.uk/planning-and-building-control/planning-policy-and-local-plan/adopted-local-plan/,chelmsford-city-council-local-plan-2013,,
local-plan-document,,3800380,2024-10-02,,,Local Plan (Adopted 2015) Policies Map A (PDF),600001,,local-plan-document,authoritative,city-of-london-corporation-local-plan-2015-2,,document,,policies-map,https://www.cityoflondon.gov.uk/assets/Services-Environment/planning-local-plan-adopted-policies-mapa-adopted-2015.pdf,https://www.cityoflondon.gov.uk/services/planning/planning-policy/local-plan-2015,city-of-london-corporation-local-plan-2015,,
local-plan-document,,3800381,2024-10-02,,,Lambeth Local Plan 2021,600001,,local-plan-document,authoritative,london-borough-of-lambeth-local-plan-2020-1,,document,,local-plan,https://beta.lambeth.gov.uk/sites/default/files/2021-09/Lambeth%20Local%20Plan%202021.pdf,https://www.lambeth.gov.uk/planning-building-control/planning-policy-guidance/lambeth-local-plan-2021,london-borough-of-lambeth-local-plan-2020,,
local-plan-document,,3800382,2024-10-02,,,Adoption Statement,600001,,local-plan-document,authoritative,london-borough-of-lambeth-local-plan-2020-3,,document,,adoption-statement,https://beta.lambeth.gov.uk/sites/default/files/2021-09/Local%20Plan%202021%20Adoption%20Statement.pdf,https://www.lambeth.gov.uk/planning-building-control/planning-policy-guidance/lambeth-local-plan-2021,london-borough-of-lambeth-local-plan-2020,,
local-plan-document,,3800383,2024-10-02,,,Sustainability Appraisal Adoption Statement,600001,,local-plan-document,authoritative,london-borough-of-lambeth-local-plan-2020-4,,document,,adoption-statement;sustainability-appraisal,https://beta.lambeth.gov.uk/sites/default/files/2021-09/Sustainability%20Appraisal%20Adoption%20Statement.pdf,https://www.lambeth.gov.uk/planning-building-control/planning-policy-guidance/lambeth-local-plan-2021,london-borough-of-lambeth-local-plan-2020,,
local-plan-document,,3800384,2024-10-02,,,erratum notice,600001,,local-plan-document,authoritative,london-borough-of-lambeth-local-plan-2020-5,,document,,local-plan,https://beta.lambeth.gov.uk/sites/default/files/2021-10/Erratum%20notice_0.pdf,https://www.lambeth.gov.uk/planning-building-control/planning-policy-guidance/lambeth-local-plan-2021,london-borough-of-lambeth-local-plan-2020,,
local-plan-document,,3800385,2024-10-02,,,The Notice of Adoption,600001,,local-plan-document,authoritative,luton-borough-council-local-plan-2011-1,,document,,adoption-statement,https://www.luton.gov.uk/Environment/Lists/LutonDocuments/PDF/Local%20Plan/adoption/Luton-Local-Plan-2011-31-adoption-statement.pdf,https://m.luton.gov.uk/Page/Show/Environment/Planning/Regional%20and%20local%20planning/Pages/Local%20Plan%202011%20-%202031.aspx#accordion_1,luton-borough-council-local-plan-2011,,
local-plan-document,,3800386,2024-10-02,,,Sustainability Appraisal and Strategic Environmental Assessment for the Luton Local Plan,600001,,local-plan-document,authoritative,luton-borough-council-local-plan-2011-2,,document,,sustainability-appraisal,https://www.luton.gov.uk/Environment/Lists/LutonDocuments/PDF/Local%20Plan/adoption/Luton-Local-Plan-2011-2031-post-adoption-statement.pdf,https://m.luton.gov.uk/Page/Show/Environment/Planning/Regional%20and%20local%20planning/Pages/Local%20Plan%202011%20-%202031.aspx#accordion_1,luton-borough-council-local-plan-2011,,
local-plan-document,,3800387,2024-10-02,,,Luton Local Plan (2011 to 2031),600001,,local-plan-document,authoritative,luton-borough-council-local-plan-2011-3,,document,,local-plan,https://www.luton.gov.uk/Environment/Lists/LutonDocuments/PDF/Local%20Plan/adoption/Luton-Local-Plan-2011-2031-November-2017.pdf,https://m.luton.gov.uk/Page/Show/Environment/Planning/Regional%20and%20local%20planning/Pages/Local%20Plan%202011%20-%202031.aspx#accordion_1,luton-borough-council-local-plan-2011,,
local-plan-document,,3800388,2024-10-02,,,Policies map,600001,,local-plan-document,authoritative,luton-borough-council-local-plan-2011-4,,document,,policies-map,https://www.luton.gov.uk/Environment/Lists/LutonDocuments/PDF/Local%20Plan/adoption/Luton-Local-Plan-2011-2031-policies-map.pdf,https://m.luton.gov.uk/Page/Show/Environment/Planning/Regional%20and%20local%20planning/Pages/Local%20Plan%202011%20-%202031.aspx#accordion_1,luton-borough-council-local-plan-2011,,
local-plan-document,,3800389,2024-10-02,,,Town Centre Inset Map,600001,,local-plan-document,authoritative,luton-borough-council-local-plan-2011-5,,document,,local-plan;policies-map,https://www.luton.gov.uk/Environment/Lists/LutonDocuments/PDF/Local%20Plan/adoption/Luton-Local-Plan-2011-2031-Luton-town-centre-inset-map.pdf,https://m.luton.gov.uk/Page/Show/Environment/Planning/Regional%20and%20local%20planning/Pages/Local%20Plan%202011%20-%202031.aspx#accordion_1,luton-borough-council-local-plan-2011,,
local-plan-document,,3800390,2024-10-02,,,Luton Local Plan (2011- 2031) Adoption Statement,600001,,local-plan-document,authoritative,luton-borough-council-local-plan-2011-6,,document,,adoption-statement,https://www.luton.gov.uk/Environment/Lists/LutonDocuments/PDF/Local%20Plan/adoption/Luton-Local-Plan-2011-31-adoption-statement.pdf,https://m.luton.gov.uk/Page/Show/Environment/Planning/Regional%20and%20local%20planning/Pages/Local%20Plan%202011%20-%202031.aspx#accordion_1,luton-borough-council-local-plan-2011,,
local-plan-document,,3800391,2024-10-02,,,Inspectors report into the examination of the Luton Local Plan dated 1 August 2017,600001,,local-plan-document,authoritative,luton-borough-council-local-plan-2011-7,,document,,inspectors-report,https://www.luton.gov.uk/Environment/Lists/LutonDocuments/PDF/Local%20Plan/adoption/Luton-Local-Plan-2011-2031-final-Inspectors-report.pdf,https://m.luton.gov.uk/Page/Show/Environment/Planning/Regional%20and%20local%20planning/Pages/Local%20Plan%202011%20-%202031.aspx#accordion_1,luton-borough-council-local-plan-2011,,
local-plan-document,,3800392,2024-10-02,,,Inspector's report August 2017 Schedule of Proposed Main Modifications to Luton Local Plan,600001,,local-plan-document,authoritative,luton-borough-council-local-plan-2011-8,,document,,inspectors-report,https://www.luton.gov.uk/Environment/Lists/LutonDocuments/PDF/Local%20Plan/adoption/Luton-Local-Plan-2011-2031-final-Inspectors-schedule-appendix-Main-Modifications.pdf,https://m.luton.gov.uk/Page/Show/Environment/Planning/Regional%20and%20local%20planning/Pages/Local%20Plan%202011%20-%202031.aspx#accordion_1,luton-borough-council-local-plan-2011,,
local-plan-document,,3800393,2024-10-02,,,Sustainability Appraisal Report,600001,,local-plan-document,authoritative,luton-borough-council-local-plan-2011-9,,document,,sustainability-appraisal,https://www.luton.gov.uk/Environment/Lists/LutonDocuments/PDF/Local%20Plan/adoption/Luton-Local-Plan-2011-2031-sustainability-appraisal-report.pdf,https://m.luton.gov.uk/Page/Show/Environment/Planning/Regional%20and%20local%20planning/Pages/Local%20Plan%202011%20-%202031.aspx#accordion_1,luton-borough-council-local-plan-2011,,
local-plan-document,,3800394,2024-10-02,,,Technical note - Sustainability Appraisal Addendum post Main Modifications,600001,,local-plan-document,authoritative,luton-borough-council-local-plan-2011-11,,document,,sustainability-appraisal,https://www.luton.gov.uk/Environment/Lists/LutonDocuments/PDF/Local%20Plan/adoption/Luton-Local-Plan-2011-2031-Sustainability-Appraisal-Addendum-post-Main-Mods.pdf,https://m.luton.gov.uk/Page/Show/Environment/Planning/Regional%20and%20local%20planning/Pages/Local%20Plan%202011%20-%202031.aspx#accordion_1,luton-borough-council-local-plan-2011,,
local-plan-document,,3800395,2024-10-02,,,Luton Local Development Scheme,600001,,local-plan-document,authoritative,luton-borough-council-local-plan-2011-13,,document,,local-development-scheme,https://www.luton.gov.uk/Environment/Lists/LutonDocuments/PDF/Planning/LDS_2017.pdf,https://m.luton.gov.uk/Page/Show/Environment/Planning/Regional%20and%20local%20planning/Pages/Local%20Plan%202011%20-%202031.aspx#accordion_1,luton-borough-council-local-plan-2011,,
local-plan-document,,3800396,2024-10-02,,,Local Plan (Adopted 2015),600001,,local-plan-document,authoritative,city-of-london-corporation-local-plan-2015-1,,document,,local-plan,https://www.cityoflondon.gov.uk/assets/Services-Environment/planning-local-plan-adopted-2015.pdf,https://www.cityoflondon.gov.uk/services/planning/planning-policy/local-plan-2015,city-of-london-corporation-local-plan-2015,,
